GEOID20,total_money_millions_Agency for International Development,total_money_millions_Department of Agriculture,total_money_millions_Department of Commerce,total_money_millions_Department of Defense,total_money_millions_Department of Education,total_money_millions_Department of Energy,total_money_millions_Department of Health and Human Services,total_money_millions_Department of Homeland Security,total_money_millions_Department of Justice,total_money_millions_Department of State,total_money_millions_Department of Transportation,total_money_millions_Department of Veterans Affairs,total_money_millions_Department of the Interior,total_money_millions_Environmental Protection Agency,total_money_millions_National Aeronautics and Space Administration,total_money_millions_National Science Foundation,total_money_millions_Securities and Exchange Commission,total_money_millions_Small Business Administration,unique_companies_Agency for International Development,unique_companies_Department of Agriculture,unique_companies_Department of Commerce,unique_companies_Department of Defense,unique_companies_Department of Education,unique_companies_Department of Energy,unique_companies_Department of Health and Human Services,unique_companies_Department of Homeland Security,unique_companies_Department of Justice,unique_companies_Department of State,unique_companies_Department of Transportation,unique_companies_Department of Veterans Affairs,unique_companies_Department of the Interior,unique_companies_Environmental Protection Agency,unique_companies_National Aeronautics and Space Administration,unique_companies_National Science Foundation,unique_companies_Securities and Exchange Commission,unique_companies_Small Business Administration,unique_awards_Agency for International Development,unique_awards_Department of Agriculture,unique_awards_Department of Commerce,unique_awards_Department of Defense,unique_awards_Department of Education,unique_awards_Department of Energy,unique_awards_Department of Health and Human Services,unique_awards_Department of Homeland Security,unique_awards_Department of Justice,unique_awards_Department of State,unique_awards_Department of Transportation,unique_awards_Department of Veterans Affairs,unique_awards_Department of the Interior,unique_awards_Environmental Protection Agency,unique_awards_National Aeronautics and Space Administration,unique_awards_National Science Foundation,unique_awards_Securities and Exchange Commission,unique_awards_Small Business Administration,contract_actions_Agency for International Development,contract_actions_Department of Agriculture,contract_actions_Department of Commerce,contract_actions_Department of Defense,contract_actions_Department of Education,contract_actions_Department of Energy,contract_actions_Department of Health and Human Services,contract_actions_Department of Homeland Security,contract_actions_Department of Justice,contract_actions_Department of State,contract_actions_Department of Transportation,contract_actions_Department of Veterans Affairs,contract_actions_Department of the Interior,contract_actions_Environmental Protection Agency,contract_actions_National Aeronautics and Space Administration,contract_actions_National Science Foundation,contract_actions_Securities and Exchange Commission,contract_actions_Small Business Administration,money_per_company_millions_Agency for International Development,money_per_company_millions_Department of Agriculture,money_per_company_millions_Department of Commerce,money_per_company_millions_Department of Defense,money_per_company_millions_Department of Education,money_per_company_millions_Department of Energy,money_per_company_millions_Department of Health and Human Services,money_per_company_millions_Department of Homeland Security,money_per_company_millions_Department of Justice,money_per_company_millions_Department of State,money_per_company_millions_Department of Transportation,money_per_company_millions_Department of Veterans Affairs,money_per_company_millions_Department of the Interior,money_per_company_millions_Environmental Protection Agency,money_per_company_millions_National Aeronautics and Space Administration,money_per_company_millions_National Science Foundation,money_per_company_millions_Securities and Exchange Commission,money_per_company_millions_Small Business Administration,contracts_per_company_Agency for International Development,contracts_per_company_Department of Agriculture,contracts_per_company_Department of Commerce,contracts_per_company_Department of Defense,contracts_per_company_Department of Education,contracts_per_company_Department of Energy,contracts_per_company_Department of Health and Human Services,contracts_per_company_Department of Homeland Security,contracts_per_company_Department of Justice,contracts_per_company_Department of State,contracts_per_company_Department of Transportation,contracts_per_company_Department of Veterans Affairs,contracts_per_company_Department of the Interior,contracts_per_company_Environmental Protection Agency,contracts_per_company_National Aeronautics and Space Administration,contracts_per_company_National Science Foundation,contracts_per_company_Securities and Exchange Commission,contracts_per_company_Small Business Administration
0101,-0.04,22.4,2.0,2243.35,0.0,0.0,409.21,351.56,5.76,0.25,12.07,12.56,23.76,0.0,-0.46,0.89,0.0,0.0,1.0,15.0,21.0,122.0,0.0,0.0,12.0,30.0,23.0,4.0,11.0,18.0,23.0,1.0,3.0,1.0,0.0,0.0,2.0,55.0,45.0,5530.0,0.0,0.0,128.0,358.0,64.0,25.0,30.0,75.0,185.0,2.0,23.0,1.0,0.0,0.0,3.0,101.0,62.0,7140.0,0.0,0.0,225.0,542.0,111.0,31.0,63.0,141.0,284.0,3.0,79.0,1.0,0.0,0.0,-0.04,1.49,0.1,18.39,0.0,0.0,34.1,11.72,0.25,0.06,1.1,0.7,1.03,0.0,-0.15,0.89,0.0,0.0,3.0,6.733333333333333,2.9523809523809526,58.52459016393443,0.0,0.0,18.75,18.066666666666666,4.826086956521739,7.75,5.7272727272727275,7.833333333333333,12.347826086956522,3.0,26.333333333333332,1.0,0.0,0.0
0102,0.02,8.34,2.58,613.04,0.34,0.0,3.65,307.81,3.79,999.57,3.49,404.49,6.11,0.0,31.15,0.0,0.0,-0.24,1.0,17.0,6.0,171.0,1.0,0.0,6.0,16.0,18.0,3.0,9.0,38.0,15.0,1.0,5.0,0.0,0.0,1.0,1.0,66.0,7.0,33407.0,1.0,0.0,13.0,76.0,50.0,38.0,21.0,217.0,39.0,1.0,39.0,0.0,0.0,1.0,2.0,142.0,15.0,34352.0,2.0,0.0,24.0,136.0,87.0,224.0,43.0,421.0,73.0,1.0,136.0,0.0,0.0,1.0,0.02,0.49,0.43,3.59,0.34,0.0,0.61,19.24,0.21,333.19,0.39,10.64,0.41,0.0,6.23,0.0,0.0,-0.24,2.0,8.352941176470589,2.5,200.88888888888889,2.0,0.0,4.0,8.5,4.833333333333333,74.66666666666667,4.777777777777778,11.078947368421053,4.866666666666666,1.0,27.2,0.0,0.0,1.0
0103,0.04,9.41,1.33,368.97,0.01,0.0,28.57,20.3,10.54,0.12,0.19,71.05,4.91,0.0,3.95,0.0,0.0,0.0,2.0,22.0,1.0,103.0,1.0,0.0,8.0,12.0,9.0,3.0,2.0,27.0,18.0,0.0,4.0,0.0,0.0,0.0,3.0,166.0,2.0,4655.0,1.0,0.0,20.0,30.0,106.0,5.0,2.0,334.0,43.0,0.0,13.0,0.0,0.0,0.0,4.0,230.0,8.0,5596.0,2.0,0.0,45.0,81.0,133.0,7.0,3.0,678.0,66.0,0.0,24.0,0.0,0.0,0.0,0.02,0.43,1.33,3.58,0.01,0.0,3.57,1.69,1.17,0.04,0.09,2.63,0.27,0.0,0.99,0.0,0.0,0.0,2.0,10.454545454545455,8.0,54.33009708737864,2.0,0.0,5.625,6.75,14.777777777777779,2.3333333333333335,1.5,25.11111111111111,3.6666666666666665,0.0,6.0,0.0,0.0,0.0
0104,0.0,2.12,0.0,95.47,0.0,0.1,0.39,17.49,1.01,0.25,-0.08,16.58,7.04,0.1,12.91,0.0,0.0,0.0,0.0,10.0,0.0,37.0,0.0,1.0,2.0,7.0,6.0,3.0,4.0,11.0,11.0,1.0,10.0,0.0,0.0,0.0,0.0,41.0,0.0,326.0,0.0,1.0,5.0,30.0,87.0,4.0,5.0,37.0,28.0,2.0,91.0,0.0,0.0,0.0,0.0,69.0,0.0,463.0,0.0,1.0,5.0,130.0,122.0,14.0,9.0,56.0,44.0,3.0,146.0,0.0,0.0,0.0,0.0,0.21,0.0,2.58,0.0,0.1,0.2,2.5,0.17,0.08,-0.02,1.51,0.64,0.1,1.29,0.0,0.0,0.0,0.0,6.9,0.0,12.513513513513514,0.0,1.0,2.5,18.571428571428573,20.333333333333332,4.666666666666667,2.25,5.090909090909091,4.0,3.0,14.6,0.0,0.0,0.0
0105,0.0,72.99,14.42,15740.59,-0.01,7.88,95.71,340.0,58.92,10.71,15.38,44.15,23.91,56.27,3395.05,0.0,0.0,0.0,1.0,25.0,15.0,457.0,1.0,8.0,27.0,52.0,63.0,16.0,23.0,36.0,41.0,9.0,93.0,0.0,0.0,0.0,1.0,122.0,60.0,11142.0,1.0,10.0,101.0,218.0,391.0,31.0,39.0,134.0,119.0,83.0,469.0,0.0,0.0,0.0,1.0,214.0,99.0,24191.0,1.0,23.0,225.0,502.0,617.0,80.0,106.0,190.0,190.0,447.0,2489.0,0.0,0.0,0.0,0.0,2.92,0.96,34.44,-0.01,0.98,3.54,6.54,0.94,0.67,0.67,1.23,0.58,6.25,36.51,0.0,0.0,0.0,1.0,8.56,6.6,52.93435448577681,1.0,2.875,8.333333333333334,9.653846153846153,9.793650793650794,5.0,4.608695652173913,5.277777777777778,4.634146341463414,49.666666666666664,26.763440860215052,0.0,0.0,0.0
0106,0.04,1.25,4.33,1483.56,0.0,2.41,-2.23,60.38,1083.58,1033.02,3.37,73.04,3.49,0.04,14.89,0.0,0.03,0.0,2.0,14.0,7.0,79.0,0.0,4.0,19.0,19.0,31.0,15.0,9.0,26.0,12.0,1.0,10.0,0.0,1.0,0.0,2.0,23.0,21.0,6447.0,0.0,12.0,60.0,38.0,2142.0,118.0,25.0,114.0,34.0,1.0,42.0,0.0,1.0,0.0,2.0,32.0,36.0,7102.0,0.0,17.0,96.0,99.0,5898.0,309.0,62.0,251.0,70.0,1.0,98.0,0.0,1.0,0.0,0.02,0.09,0.62,18.78,0.0,0.6,-0.12,3.18,34.95,68.87,0.37,2.81,0.29,0.04,1.49,0.0,0.03,0.0,1.0,2.2857142857142856,5.142857142857143,89.89873417721519,0.0,4.25,5.052631578947368,5.2105263157894735,190.25806451612902,20.6,6.888888888888889,9.653846153846153,5.833333333333333,1.0,9.8,0.0,1.0,0.0
0107,0.96,15.82,4.17,383.07,0.0,1.62,6.72,75.0,24.36,13.66,1.55,119.63,1.53,0.19,9.64,0.0,0.0,0.0,2.0,12.0,4.0,129.0,3.0,3.0,11.0,23.0,41.0,8.0,5.0,52.0,14.0,4.0,8.0,0.0,0.0,1.0,6.0,96.0,12.0,30371.0,3.0,9.0,90.0,46.0,181.0,335.0,8.0,1346.0,16.0,8.0,21.0,0.0,0.0,2.0,9.0,143.0,30.0,31133.0,4.0,17.0,155.0,137.0,374.0,432.0,10.0,1537.0,30.0,10.0,51.0,0.0,0.0,2.0,0.48,1.32,1.04,2.97,0.0,0.54,0.61,3.26,0.59,1.71,0.31,2.3,0.11,0.05,1.2,0.0,0.0,0.0,4.5,11.916666666666666,7.5,241.34108527131784,1.3333333333333333,5.666666666666667,14.090909090909092,5.956521739130435,9.121951219512194,54.0,2.0,29.557692307692307,2.142857142857143,2.5,6.375,0.0,0.0,2.0
0200,87.03,394.14,131.62,9222.25,29.65,158.54,545.41,1091.95,386.05,1551.17,146.63,42.08,545.01,129.5,87.5,6.3,-0.18,10.77,17.0,227.0,167.0,744.0,5.0,25.0,83.0,251.0,63.0,65.0,112.0,46.0,468.0,17.0,19.0,3.0,1.0,6.0,44.0,1263.0,380.0,12420.0,13.0,73.0,601.0,939.0,217.0,1013.0,342.0,140.0,2398.0,53.0,71.0,4.0,1.0,7.0,171.0,2046.0,699.0,23387.0,50.0,310.0,1187.0,2121.0,615.0,3658.0,913.0,239.0,4647.0,171.0,319.0,19.0,1.0,12.0,5.12,1.74,0.79,12.4,5.93,6.34,6.57,4.35,6.13,23.86,1.31,0.91,1.16,7.62,4.61,2.1,-0.18,1.8,10.058823529411764,9.013215859030836,4.18562874251497,31.434139784946236,10.0,12.4,14.301204819277109,8.450199203187251,9.761904761904763,56.276923076923076,8.151785714285714,5.195652173913044,9.929487179487179,10.058823529411764,16.789473684210527,6.333333333333333,1.0,2.0
0401,-0.02,29.14,23.06,1799.49,0.27,13.22,201.88,204.88,88.2,10.79,110.9,119.06,72.0,0.1,8.59,2.6,-0.21,-4.43,2.0,67.0,16.0,173.0,1.0,13.0,61.0,42.0,44.0,13.0,21.0,75.0,57.0,4.0,14.0,3.0,2.0,2.0,3.0,295.0,51.0,6855.0,1.0,22.0,410.0,255.0,431.0,44.0,317.0,793.0,279.0,4.0,18.0,3.0,4.0,2.0,3.0,386.0,79.0,9482.0,2.0,40.0,743.0,437.0,685.0,79.0,499.0,1119.0,459.0,4.0,32.0,8.0,4.0,2.0,-0.01,0.43,1.44,10.4,0.27,1.02,3.31,4.88,2.0,0.83,5.28,1.59,1.26,0.02,0.61,0.87,-0.1,-2.21,1.5,5.7611940298507465,4.9375,54.809248554913296,2.0,3.076923076923077,12.180327868852459,10.404761904761905,15.568181818181818,6.076923076923077,23.761904761904763,14.92,8.052631578947368,1.0,2.2857142857142856,2.6666666666666665,2.0,1.0
0402,0.0,50.64,0.14,42.27,0.0,5.62,37.2,20.66,0.49,0.25,13.44,11.42,41.37,0.0,0.28,0.0,0.0,0.0,1.0,151.0,4.0,40.0,0.0,2.0,55.0,11.0,11.0,4.0,3.0,27.0,150.0,0.0,5.0,0.0,0.0,0.0,1.0,942.0,7.0,458.0,0.0,71.0,244.0,77.0,15.0,31.0,5.0,86.0,554.0,0.0,10.0,0.0,0.0,0.0,2.0,1361.0,7.0,629.0,0.0,120.0,499.0,136.0,35.0,40.0,31.0,129.0,1203.0,0.0,20.0,0.0,0.0,0.0,0.0,0.34,0.04,1.06,0.0,2.81,0.68,1.88,0.04,0.06,4.48,0.42,0.28,0.0,0.06,0.0,0.0,0.0,2.0,9.013245033112582,1.75,15.725,0.0,60.0,9.072727272727272,12.363636363636363,3.1818181818181817,10.0,10.333333333333334,4.777777777777778,8.02,0.0,4.0,0.0,0.0,0.0
0403,0.0,16.41,0.7,2116.44,0.36,0.19,97.57,2.9,3.38,3.7,1.16,17.15,72.08,0.01,6.67,0.0,0.0,0.0,0.0,34.0,3.0,112.0,1.0,6.0,44.0,28.0,36.0,13.0,5.0,50.0,54.0,3.0,6.0,0.0,0.0,0.0,0.0,121.0,8.0,68821.0,1.0,9.0,142.0,120.0,150.0,26.0,9.0,216.0,235.0,4.0,24.0,0.0,0.0,0.0,0.0,211.0,11.0,72714.0,2.0,17.0,276.0,151.0,250.0,49.0,18.0,284.0,533.0,5.0,43.0,0.0,0.0,0.0,0.0,0.48,0.23,18.9,0.36,0.03,2.22,0.1,0.09,0.28,0.23,0.34,1.33,0.0,1.11,0.0,0.0,0.0,0.0,6.205882352941177,3.6666666666666665,649.2321428571429,2.0,2.8333333333333335,6.2727272727272725,5.392857142857143,6.944444444444445,3.769230769230769,3.6,5.68,9.87037037037037,1.6666666666666667,7.166666666666667,0.0,0.0,0.0
0404,0.0,13.42,6.15,5444.73,0.0,16.31,68.05,400.77,7.45,44.68,8.34,74.48,26.36,0.62,42.67,0.38,0.0,0.0,0.0,47.0,17.0,158.0,2.0,15.0,39.0,33.0,21.0,11.0,15.0,47.0,70.0,7.0,17.0,3.0,0.0,0.0,0.0,152.0,37.0,3858.0,3.0,35.0,552.0,118.0,76.0,32.0,27.0,518.0,270.0,14.0,66.0,4.0,0.0,0.0,0.0,243.0,55.0,6112.0,5.0,61.0,713.0,210.0,105.0,41.0,35.0,716.0,408.0,17.0,186.0,4.0,0.0,0.0,0.0,0.29,0.36,34.46,0.0,1.09,1.74,12.14,0.35,4.06,0.56,1.58,0.38,0.09,2.51,0.13,0.0,0.0,0.0,5.170212765957447,3.235294117647059,38.68354430379747,2.5,4.066666666666666,18.28205128205128,6.363636363636363,5.0,3.727272727272727,2.3333333333333335,15.23404255319149,5.828571428571428,2.4285714285714284,10.941176470588236,1.3333333333333333,0.0,0.0
0405,0.0,14.1,0.18,2286.18,9.53,13.23,105.63,21.18,4.52,21.72,0.08,109.62,7.57,0.1,3.81,0.0,0.0,0.0,0.0,25.0,7.0,70.0,1.0,3.0,11.0,14.0,8.0,5.0,2.0,22.0,22.0,1.0,4.0,0.0,0.0,0.0,0.0,126.0,10.0,393.0,5.0,10.0,665.0,115.0,101.0,96.0,3.0,227.0,77.0,1.0,14.0,0.0,0.0,0.0,0.0,227.0,19.0,1111.0,23.0,42.0,1200.0,282.0,256.0,107.0,14.0,418.0,132.0,1.0,50.0,0.0,0.0,0.0,0.0,0.56,0.03,32.66,9.53,4.41,9.6,1.51,0.57,4.34,0.04,4.98,0.34,0.1,0.95,0.0,0.0,0.0,0.0,9.08,2.7142857142857144,15.871428571428572,23.0,14.0,109.0909090909091,20.142857142857142,32.0,21.4,7.0,19.0,6.0,1.0,12.5,0.0,0.0,0.0
0406,0.08,43.01,0.71,450.34,0.0,0.5,7.66,41.48,2.11,4.72,5.08,27.85,29.92,0.03,5.42,0.0,0.0,0.0,1.0,62.0,3.0,115.0,0.0,5.0,17.0,26.0,26.0,14.0,11.0,33.0,57.0,1.0,8.0,0.0,0.0,0.0,1.0,298.0,3.0,2924.0,0.0,9.0,66.0,91.0,114.0,229.0,16.0,206.0,171.0,2.0,13.0,0.0,0.0,0.0,1.0,773.0,4.0,3959.0,0.0,24.0,107.0,150.0,239.0,281.0,33.0,276.0,299.0,2.0,24.0,0.0,0.0,0.0,0.08,0.69,0.24,3.92,0.0,0.1,0.45,1.6,0.08,0.34,0.46,0.84,0.52,0.03,0.68,0.0,0.0,0.0,1.0,12.46774193548387,1.3333333333333333,34.426086956521736,0.0,4.8,6.294117647058823,5.769230769230769,9.192307692307692,20.071428571428573,3.0,8.363636363636363,5.245614035087719,2.0,3.0,0.0,0.0,0.0
0407,0.01,20.34,2.92,16242.65,0.01,0.07,52.92,81.42,5.62,5.18,13.47,59.46,12.86,0.07,45.85,0.0,0.0,1.0,1.0,48.0,6.0,155.0,1.0,5.0,29.0,40.0,29.0,13.0,10.0,38.0,65.0,2.0,19.0,0.0,0.0,1.0,1.0,324.0,12.0,3071.0,1.0,5.0,146.0,122.0,152.0,61.0,18.0,299.0,181.0,2.0,61.0,0.0,0.0,2.0,1.0,483.0,25.0,7483.0,5.0,6.0,313.0,239.0,279.0,88.0,46.0,458.0,288.0,3.0,166.0,0.0,0.0,4.0,0.01,0.42,0.49,104.79,0.01,0.01,1.82,2.04,0.19,0.4,1.35,1.56,0.2,0.04,2.41,0.0,0.0,1.0,1.0,10.0625,4.166666666666667,48.27741935483871,5.0,1.2,10.793103448275861,5.975,9.620689655172415,6.769230769230769,4.6,12.052631578947368,4.430769230769231,1.5,8.736842105263158,0.0,0.0,4.0
0408,0.04,13.74,0.51,580.93,0.0,0.89,27.79,11.99,3.85,1.16,3.73,18712.7,5.0,0.04,12.14,0.58,0.0,0.05,2.0,15.0,4.0,59.0,0.0,5.0,12.0,15.0,15.0,9.0,9.0,25.0,29.0,1.0,5.0,1.0,0.0,1.0,2.0,297.0,14.0,1728.0,0.0,19.0,69.0,46.0,59.0,79.0,29.0,308.0,126.0,2.0,48.0,10.0,0.0,2.0,2.0,379.0,22.0,2258.0,0.0,24.0,132.0,74.0,112.0,102.0,60.0,500.0,180.0,2.0,110.0,10.0,0.0,4.0,0.02,0.92,0.13,9.85,0.0,0.18,2.32,0.8,0.26,0.13,0.41,748.51,0.17,0.04,2.43,0.58,0.0,0.05,1.0,25.266666666666666,5.5,38.271186440677965,0.0,4.8,11.0,4.933333333333334,7.466666666666667,11.333333333333334,6.666666666666667,20.0,6.206896551724138,2.0,22.0,10.0,0.0,4.0
0409,0.0,16.2,0.03,161.06,0.0,0.1,5.79,7.97,3.57,1.83,0.07,10.9,7.96,0.0,0.04,0.0,0.0,0.0,1.0,23.0,3.0,51.0,0.0,2.0,15.0,18.0,12.0,5.0,2.0,14.0,55.0,0.0,1.0,0.0,0.0,0.0,1.0,181.0,2.0,3126.0,0.0,8.0,44.0,46.0,27.0,14.0,3.0,133.0,126.0,0.0,1.0,0.0,0.0,0.0,1.0,263.0,4.0,3358.0,0.0,12.0,84.0,63.0,59.0,28.0,14.0,167.0,218.0,0.0,1.0,0.0,0.0,0.0,0.0,0.7,0.01,3.16,0.0,0.05,0.39,0.44,0.3,0.37,0.04,0.78,0.14,0.0,0.04,0.0,0.0,0.0,1.0,11.434782608695652,1.3333333333333333,65.84313725490196,0.0,6.0,5.6,3.5,4.916666666666667,5.6,7.0,11.928571428571429,3.963636363636364,0.0,1.0,0.0,0.0,0.0
0501,0.0,8.57,0.46,42.68,0.0,0.06,0.19,0.84,3.08,0.03,0.0,37.14,12.16,0.0,0.0,0.0,0.0,0.0,0.0,27.0,1.0,62.0,0.0,3.0,5.0,8.0,12.0,3.0,1.0,22.0,18.0,0.0,0.0,0.0,0.0,0.0,0.0,65.0,6.0,426.0,0.0,4.0,5.0,23.0,67.0,52.0,1.0,112.0,54.0,0.0,0.0,0.0,0.0,0.0,0.0,119.0,12.0,614.0,0.0,8.0,5.0,54.0,143.0,56.0,1.0,154.0,111.0,0.0,0.0,0.0,0.0,0.0,0.0,0.32,0.46,0.69,0.0,0.02,0.04,0.1,0.26,0.01,0.0,1.69,0.68,0.0,0.0,0.0,0.0,0.0,0.0,4.407407407407407,12.0,9.903225806451612,0.0,2.6666666666666665,1.0,6.75,11.916666666666666,18.666666666666668,1.0,7.0,6.166666666666667,0.0,0.0,0.0,0.0,0.0
0502,73.39,4.44,2.34,201.9,0.3,1.64,93.0,6.45,2.42,1.63,1.19,63.31,4.35,0.0,0.01,0.0,0.0,0.0,1.0,41.0,2.0,142.0,1.0,3.0,31.0,8.0,22.0,6.0,2.0,48.0,25.0,0.0,1.0,0.0,0.0,0.0,9.0,149.0,2.0,2359.0,1.0,5.0,77.0,9.0,145.0,30.0,29.0,373.0,42.0,0.0,1.0,0.0,0.0,0.0,34.0,231.0,5.0,3008.0,2.0,7.0,130.0,23.0,259.0,46.0,57.0,545.0,66.0,0.0,3.0,0.0,0.0,0.0,73.39,0.11,1.17,1.42,0.3,0.55,3.0,0.81,0.11,0.27,0.59,1.32,0.17,0.0,0.01,0.0,0.0,0.0,34.0,5.634146341463414,2.5,21.183098591549296,2.0,2.3333333333333335,4.193548387096774,2.875,11.772727272727273,7.666666666666667,28.5,11.354166666666666,2.64,0.0,3.0,0.0,0.0,0.0
0503,0.11,529.23,0.0,95.13,28.77,0.11,22.99,59.43,53.88,5.63,0.39,63.81,-2.42,0.0,0.0,0.0,0.0,1.35,3.0,21.0,0.0,74.0,2.0,2.0,9.0,10.0,13.0,3.0,3.0,41.0,13.0,0.0,2.0,0.0,0.0,1.0,4.0,168.0,0.0,31990.0,6.0,3.0,286.0,22.0,1176.0,12.0,6.0,354.0,25.0,0.0,2.0,0.0,0.0,4.0,6.0,412.0,0.0,32187.0,79.0,9.0,632.0,43.0,2321.0,21.0,11.0,516.0,42.0,0.0,4.0,0.0,0.0,9.0,0.04,25.2,0.0,1.29,14.38,0.06,2.55,5.94,4.14,1.88,0.13,1.56,-0.19,0.0,0.0,0.0,0.0,1.35,2.0,19.61904761904762,0.0,434.9594594594595,39.5,4.5,70.22222222222223,4.3,178.53846153846155,7.0,3.6666666666666665,12.585365853658537,3.230769230769231,0.0,2.0,0.0,0.0,9.0
0504,0.0,19.07,0.66,225.46,0.0,-0.01,0.25,0.35,2.15,0.09,0.55,23.89,2.82,0.0,0.0,0.0,0.0,0.0,0.0,73.0,2.0,116.0,0.0,1.0,5.0,6.0,6.0,2.0,2.0,24.0,23.0,0.0,1.0,0.0,0.0,0.0,0.0,466.0,5.0,2517.0,0.0,1.0,5.0,7.0,102.0,3.0,6.0,67.0,109.0,0.0,1.0,0.0,0.0,0.0,0.0,780.0,8.0,3168.0,0.0,1.0,11.0,13.0,125.0,4.0,26.0,83.0,128.0,0.0,1.0,0.0,0.0,0.0,0.0,0.26,0.33,1.94,0.0,-0.01,0.05,0.06,0.36,0.04,0.27,1.0,0.12,0.0,0.0,0.0,0.0,0.0,0.0,10.684931506849315,4.0,27.310344827586206,0.0,1.0,2.2,2.1666666666666665,20.833333333333332,2.0,13.0,3.4583333333333335,5.565217391304348,0.0,1.0,0.0,0.0,0.0
0601,0.0,371.03,0.0,143.7,0.0,3.48,-0.02,10.46,3.17,0.0,172.44,6.15,43.79,0.0,0.91,0.0,0.0,0.0,0.0,426.0,1.0,65.0,0.0,10.0,7.0,15.0,11.0,0.0,14.0,22.0,109.0,0.0,2.0,0.0,0.0,0.0,0.0,2996.0,1.0,40208.0,0.0,22.0,71.0,29.0,51.0,0.0,72.0,95.0,253.0,0.0,7.0,0.0,0.0,0.0,0.0,4789.0,1.0,40407.0,0.0,42.0,119.0,48.0,91.0,0.0,218.0,126.0,464.0,0.0,16.0,0.0,0.0,0.0,0.0,0.87,0.0,2.21,0.0,0.35,-0.0,0.7,0.29,0.0,12.32,0.28,0.4,0.0,0.46,0.0,0.0,0.0,0.0,11.241784037558686,1.0,621.6461538461539,0.0,4.2,17.0,3.2,8.272727272727273,0.0,15.571428571428571,5.7272727272727275,4.256880733944954,0.0,8.0,0.0,0.0,0.0
0602,0.0,42.26,22.17,629.65,1.05,0.02,46.27,8.52,12.96,6.92,6.89,8.88,17.3,2.5,1.2,0.0,0.1,0.0,0.0,144.0,17.0,78.0,1.0,1.0,22.0,31.0,23.0,10.0,7.0,29.0,81.0,4.0,13.0,0.0,1.0,0.0,0.0,579.0,37.0,926.0,1.0,2.0,140.0,95.0,334.0,58.0,10.0,97.0,163.0,5.0,31.0,0.0,1.0,0.0,0.0,1074.0,50.0,1315.0,3.0,3.0,236.0,186.0,711.0,83.0,18.0,145.0,289.0,31.0,51.0,0.0,1.0,0.0,0.0,0.29,1.3,8.07,1.05,0.02,2.1,0.27,0.56,0.69,0.98,0.31,0.21,0.62,0.09,0.0,0.1,0.0,0.0,7.458333333333333,2.9411764705882355,16.858974358974358,3.0,3.0,10.727272727272727,6.0,30.91304347826087,8.3,2.5714285714285716,5.0,3.567901234567901,7.75,3.923076923076923,0.0,1.0,0.0
0603,41.53,175.34,0.9,2914.08,3.1,1.61,9.76,7.83,2.41,90.42,1.04,24.54,12.54,0.0,0.02,0.0,0.0,0.0,1.0,160.0,5.0,120.0,1.0,6.0,15.0,15.0,15.0,4.0,4.0,27.0,66.0,1.0,4.0,0.0,0.0,0.0,8.0,786.0,15.0,1117.0,1.0,11.0,129.0,49.0,63.0,8.0,9.0,134.0,162.0,2.0,5.0,0.0,0.0,0.0,32.0,1400.0,16.0,1904.0,6.0,14.0,169.0,96.0,103.0,12.0,24.0,177.0,246.0,3.0,8.0,0.0,0.0,0.0,41.53,1.1,0.18,24.28,3.1,0.27,0.65,0.52,0.16,22.6,0.26,0.91,0.19,0.0,0.01,0.0,0.0,0.0,32.0,8.75,3.2,15.866666666666667,6.0,2.3333333333333335,11.266666666666667,6.4,6.866666666666666,3.0,6.0,6.555555555555555,3.727272727272727,3.0,2.0,0.0,0.0,0.0
0604,0.21,18.73,0.18,240.81,0.0,0.67,0.56,19.34,1.08,0.2,2.68,30.33,13.95,10.19,1.09,0.0,0.0,0.25,1.0,37.0,5.0,70.0,0.0,2.0,17.0,13.0,10.0,4.0,10.0,30.0,47.0,3.0,8.0,0.0,0.0,1.0,1.0,148.0,10.0,619.0,0.0,6.0,44.0,67.0,15.0,21.0,22.0,127.0,127.0,22.0,15.0,0.0,0.0,1.0,2.0,262.0,20.0,1019.0,0.0,8.0,72.0,129.0,29.0,32.0,42.0,193.0,205.0,32.0,28.0,0.0,0.0,1.0,0.21,0.51,0.04,3.44,0.0,0.34,0.03,1.49,0.11,0.05,0.27,1.01,0.3,3.4,0.14,0.0,0.0,0.25,2.0,7.081081081081081,4.0,14.557142857142857,0.0,4.0,4.235294117647059,9.923076923076923,2.9,8.0,4.2,6.433333333333334,4.361702127659575,10.666666666666666,3.5,0.0,0.0,1.0
0605,0.0,170.46,0.59,98.42,0.0,0.0,0.88,157.64,1.36,-0.0,3.34,25.48,11.92,-0.2,0.28,0.0,0.0,0.02,0.0,146.0,2.0,69.0,0.0,0.0,5.0,13.0,14.0,5.0,5.0,27.0,67.0,1.0,2.0,0.0,0.0,1.0,0.0,734.0,8.0,1880.0,0.0,0.0,11.0,782.0,74.0,20.0,44.0,145.0,205.0,1.0,3.0,0.0,0.0,1.0,0.0,1390.0,8.0,2988.0,0.0,0.0,13.0,1672.0,96.0,36.0,69.0,187.0,373.0,1.0,80.0,0.0,0.0,1.0,0.0,1.17,0.3,1.43,0.0,0.0,0.18,12.13,0.1,-0.0,0.67,0.94,0.18,-0.2,0.14,0.0,0.0,0.02,0.0,9.520547945205479,4.0,43.30434782608695,0.0,0.0,2.6,128.6153846153846,6.857142857142857,7.2,13.8,6.925925925925926,5.567164179104478,1.0,40.0,0.0,0.0,1.0
0606,0.0,13.31,0.86,5508.93,0.0,1.65,11.28,12.98,6.24,0.43,15.18,42.92,32.68,0.75,0.19,0.04,0.0,0.0,0.0,30.0,5.0,80.0,0.0,6.0,16.0,18.0,18.0,7.0,10.0,41.0,37.0,2.0,3.0,1.0,0.0,0.0,0.0,107.0,10.0,5504.0,0.0,9.0,36.0,47.0,121.0,23.0,27.0,437.0,111.0,8.0,3.0,2.0,0.0,0.0,0.0,172.0,21.0,6465.0,0.0,19.0,51.0,81.0,240.0,35.0,61.0,598.0,187.0,10.0,7.0,2.0,0.0,0.0,0.0,0.44,0.17,68.86,0.0,0.28,0.71,0.72,0.35,0.06,1.52,1.05,0.88,0.37,0.06,0.04,0.0,0.0,0.0,5.733333333333333,4.2,80.8125,0.0,3.1666666666666665,3.1875,4.5,13.333333333333334,5.0,6.1,14.585365853658537,5.054054054054054,5.0,2.3333333333333335,2.0,0.0,0.0
0607,-0.02,46.92,0.35,269.03,0.59,0.77,32.22,1.24,0.52,0.27,57.24,31.31,32.66,3.14,4.32,0.0,0.0,-0.0,2.0,37.0,7.0,86.0,1.0,2.0,14.0,18.0,11.0,10.0,10.0,30.0,56.0,3.0,5.0,0.0,0.0,1.0,2.0,173.0,12.0,421.0,1.0,3.0,146.0,84.0,25.0,54.0,40.0,430.0,133.0,5.0,7.0,0.0,0.0,1.0,2.0,303.0,18.0,747.0,2.0,7.0,255.0,129.0,37.0,85.0,60.0,484.0,252.0,23.0,16.0,0.0,0.0,1.0,-0.01,1.27,0.05,3.13,0.59,0.39,2.3,0.07,0.05,0.03,5.72,1.04,0.58,1.05,0.86,0.0,0.0,-0.0,1.0,8.18918918918919,2.5714285714285716,8.686046511627907,2.0,3.5,18.214285714285715,7.166666666666667,3.3636363636363638,8.5,6.0,16.133333333333333,4.5,7.666666666666667,3.2,0.0,0.0,1.0
0608,0.0,1.61,15.47,200.96,0.0,0.22,6.67,82.09,9.57,0.28,4.17,20.15,16.4,0.51,1.06,0.0,0.0,0.0,0.0,16.0,10.0,67.0,0.0,3.0,12.0,25.0,7.0,11.0,10.0,28.0,32.0,3.0,5.0,0.0,0.0,0.0,0.0,50.0,21.0,815.0,0.0,7.0,212.0,96.0,30.0,66.0,30.0,138.0,73.0,15.0,6.0,0.0,0.0,0.0,0.0,73.0,35.0,1479.0,0.0,14.0,257.0,244.0,55.0,91.0,70.0,188.0,133.0,21.0,12.0,0.0,0.0,0.0,0.0,0.1,1.55,3.0,0.0,0.07,0.56,3.28,1.37,0.03,0.42,0.72,0.51,0.17,0.21,0.0,0.0,0.0,0.0,4.5625,3.5,22.074626865671643,0.0,4.666666666666667,21.416666666666668,9.76,7.857142857142857,8.272727272727273,7.0,6.714285714285714,4.15625,7.0,2.4,0.0,0.0,0.0
0609,0.0,328.13,0.0,497.96,0.0,0.03,7.59,0.09,1.81,0.04,0.02,75.08,1.16,0.0,1.51,0.0,0.2,0.01,0.0,15.0,0.0,29.0,0.0,2.0,4.0,3.0,1.0,2.0,1.0,15.0,13.0,0.0,1.0,0.0,1.0,1.0,0.0,174.0,0.0,21383.0,0.0,2.0,16.0,4.0,92.0,4.0,1.0,146.0,23.0,0.0,8.0,0.0,2.0,1.0,0.0,350.0,0.0,21602.0,0.0,4.0,26.0,5.0,139.0,4.0,1.0,273.0,45.0,0.0,46.0,0.0,7.0,2.0,0.0,21.88,0.0,17.17,0.0,0.01,1.9,0.03,1.81,0.02,0.02,5.01,0.09,0.0,1.51,0.0,0.2,0.01,0.0,23.333333333333332,0.0,744.8965517241379,0.0,2.0,6.5,1.6666666666666667,139.0,2.0,1.0,18.2,3.4615384615384617,0.0,46.0,0.0,7.0,2.0
0610,0.0,145.29,1.67,1657.12,6.59,1.84,108.04,139.63,1.29,0.68,265.35,9.47,55.44,0.85,4.83,12.11,-0.68,0.0,0.0,30.0,12.0,94.0,3.0,7.0,24.0,24.0,20.0,16.0,14.0,47.0,25.0,6.0,8.0,2.0,1.0,0.0,0.0,238.0,24.0,1049.0,7.0,9.0,77.0,75.0,41.0,75.0,392.0,171.0,63.0,13.0,15.0,3.0,9.0,0.0,0.0,463.0,36.0,1730.0,17.0,20.0,119.0,179.0,77.0,96.0,1032.0,243.0,137.0,25.0,24.0,19.0,17.0,0.0,0.0,4.84,0.14,17.63,2.2,0.26,4.5,5.82,0.06,0.04,18.95,0.2,2.22,0.14,0.6,6.06,-0.68,0.0,0.0,15.433333333333334,3.0,18.404255319148938,5.666666666666667,2.857142857142857,4.958333333333333,7.458333333333333,3.85,6.0,73.71428571428571,5.170212765957447,5.48,4.166666666666667,3.0,9.5,17.0,0.0
0611,17.09,8.03,3.07,240.03,28.11,4.8,97.3,14.42,16.34,2.79,2.31,33.65,62.2,1.89,32.37,3.2,3.1,0.15,5.0,24.0,23.0,166.0,1.0,14.0,62.0,31.0,29.0,24.0,18.0,57.0,47.0,9.0,14.0,3.0,4.0,4.0,13.0,62.0,53.0,631.0,7.0,22.0,219.0,61.0,169.0,100.0,56.0,212.0,442.0,10.0,34.0,3.0,5.0,4.0,21.0,116.0,79.0,1009.0,20.0,36.0,350.0,108.0,289.0,155.0,108.0,374.0,848.0,22.0,50.0,3.0,9.0,8.0,3.42,0.33,0.13,1.45,28.11,0.34,1.57,0.47,0.56,0.12,0.13,0.59,1.32,0.21,2.31,1.07,0.77,0.04,4.2,4.833333333333333,3.4347826086956523,6.078313253012048,20.0,2.5714285714285716,5.645161290322581,3.4838709677419355,9.96551724137931,6.458333333333333,6.0,6.56140350877193,18.04255319148936,2.4444444444444446,3.5714285714285716,1.0,2.25,2.0
0612,0.02,7.62,18.35,548.77,0.75,2895.03,191.73,24.72,31.17,0.4,72.76,28.56,41.02,37.89,133.01,0.02,1.16,0.45,2.0,32.0,15.0,125.0,3.0,6.0,39.0,41.0,25.0,10.0,24.0,47.0,40.0,11.0,21.0,1.0,3.0,2.0,2.0,65.0,39.0,2341.0,3.0,7.0,207.0,169.0,189.0,62.0,141.0,199.0,152.0,63.0,42.0,1.0,8.0,3.0,4.0,98.0,98.0,3256.0,3.0,90.0,361.0,317.0,377.0,90.0,289.0,315.0,283.0,155.0,150.0,2.0,12.0,3.0,0.01,0.24,1.22,4.39,0.25,482.51,4.92,0.6,1.25,0.04,3.03,0.61,1.03,3.44,6.33,0.02,0.39,0.22,2.0,3.0625,6.533333333333333,26.048,1.0,15.0,9.256410256410257,7.7317073170731705,15.08,9.0,12.041666666666666,6.702127659574468,7.075,14.090909090909092,7.142857142857143,2.0,4.0,1.5
0613,0.0,160.72,0.0,86.06,0.0,0.04,0.49,0.25,1.96,0.0,0.0,4.16,5.69,0.0,0.17,0.0,0.0,0.0,0.0,26.0,0.0,24.0,1.0,2.0,2.0,7.0,9.0,1.0,0.0,9.0,22.0,0.0,4.0,0.0,0.0,0.0,0.0,134.0,0.0,318.0,4.0,2.0,4.0,10.0,36.0,1.0,0.0,22.0,69.0,0.0,4.0,0.0,0.0,0.0,0.0,276.0,0.0,485.0,5.0,2.0,12.0,12.0,65.0,1.0,0.0,27.0,101.0,0.0,4.0,0.0,0.0,0.0,0.0,6.18,0.0,3.59,0.0,0.02,0.24,0.04,0.22,0.0,0.0,0.46,0.26,0.0,0.04,0.0,0.0,0.0,0.0,10.615384615384615,0.0,20.208333333333332,5.0,1.0,6.0,1.7142857142857142,7.222222222222222,1.0,0.0,3.0,4.590909090909091,0.0,1.0,0.0,0.0,0.0
0614,0.0,5.8,3.31,255.98,0.01,6281.56,86.13,1.52,2.98,0.11,0.16,16.03,4.35,0.24,6.15,0.03,0.0,0.0,1.0,19.0,15.0,112.0,1.0,4.0,29.0,14.0,23.0,6.0,6.0,37.0,29.0,3.0,16.0,1.0,0.0,0.0,1.0,76.0,38.0,10078.0,1.0,8.0,504.0,20.0,94.0,27.0,11.0,244.0,42.0,6.0,25.0,1.0,0.0,0.0,1.0,113.0,55.0,10672.0,1.0,76.0,580.0,34.0,167.0,35.0,16.0,382.0,84.0,14.0,36.0,2.0,0.0,0.0,0.0,0.31,0.22,2.29,0.01,1570.39,2.97,0.11,0.13,0.02,0.03,0.43,0.15,0.08,0.38,0.03,0.0,0.0,1.0,5.947368421052632,3.6666666666666665,95.28571428571429,1.0,19.0,20.0,2.4285714285714284,7.260869565217392,5.833333333333333,2.6666666666666665,10.324324324324325,2.896551724137931,4.666666666666667,2.25,2.0,0.0,0.0
0615,0.81,51.07,14.73,1561.07,0.38,0.71,521.07,27.74,9.73,6.27,17.83,68.59,24.47,5.04,16.11,0.02,-0.13,0.05,4.0,18.0,15.0,104.0,2.0,6.0,71.0,27.0,20.0,17.0,9.0,79.0,25.0,5.0,19.0,1.0,3.0,1.0,6.0,173.0,108.0,1253.0,3.0,10.0,462.0,84.0,133.0,67.0,61.0,813.0,89.0,48.0,60.0,1.0,3.0,4.0,11.0,213.0,131.0,2041.0,6.0,14.0,723.0,165.0,211.0,99.0,78.0,1393.0,173.0,67.0,111.0,1.0,7.0,6.0,0.2,2.84,0.98,15.01,0.19,0.12,7.34,1.03,0.49,0.37,1.98,0.87,0.98,1.01,0.85,0.02,-0.04,0.05,2.75,11.833333333333334,8.733333333333333,19.625,3.0,2.3333333333333335,10.183098591549296,6.111111111111111,10.55,5.823529411764706,8.666666666666666,17.632911392405063,6.92,13.4,5.842105263157895,1.0,2.3333333333333335,6.0
0616,0.25,5.1,297.18,1111.43,9.43,1401.95,146.25,23.93,18.0,48.37,4.25,184.73,3.29,0.18,630.33,4.42,0.49,0.0,2.0,10.0,17.0,171.0,4.0,6.0,53.0,18.0,17.0,30.0,13.0,37.0,36.0,6.0,30.0,1.0,3.0,0.0,10.0,11.0,30.0,3286.0,9.0,16.0,356.0,23.0,48.0,144.0,41.0,756.0,57.0,6.0,109.0,18.0,8.0,0.0,11.0,21.0,36.0,4816.0,14.0,120.0,581.0,34.0,92.0,199.0,98.0,1232.0,96.0,6.0,376.0,30.0,10.0,0.0,0.12,0.51,17.48,6.5,2.36,233.66,2.76,1.33,1.06,1.61,0.33,4.99,0.09,0.03,21.01,4.42,0.16,0.0,5.5,2.1,2.1176470588235294,28.16374269005848,3.5,20.0,10.962264150943396,1.8888888888888888,5.411764705882353,6.633333333333334,7.538461538461538,33.2972972972973,2.6666666666666665,1.0,12.533333333333333,30.0,3.3333333333333335,0.0
0617,1.2,133.12,17.84,4067.39,6.08,8.37,434.59,78.91,49.71,100.19,122.25,240.23,18.05,1.01,28.8,0.86,1.24,4.26,4.0,39.0,43.0,276.0,3.0,9.0,89.0,29.0,30.0,17.0,20.0,74.0,47.0,10.0,66.0,2.0,5.0,2.0,8.0,703.0,168.0,13669.0,9.0,80.0,1509.0,191.0,312.0,2533.0,152.0,1298.0,145.0,28.0,350.0,11.0,8.0,31.0,11.0,874.0,223.0,16670.0,12.0,112.0,2018.0,298.0,447.0,2713.0,390.0,2130.0,235.0,40.0,473.0,14.0,12.0,42.0,0.3,3.41,0.41,14.74,2.03,0.93,4.88,2.72,1.66,5.89,6.11,3.25,0.38,0.1,0.44,0.43,0.25,2.13,2.75,22.41025641025641,5.186046511627907,60.39855072463768,4.0,12.444444444444445,22.674157303370787,10.275862068965518,14.9,159.58823529411765,19.5,28.783783783783782,5.0,4.0,7.166666666666667,7.0,2.4,21.0
0618,0.02,221.38,0.53,794.6,0.0,0.15,11.2,6.61,0.2,0.28,208.77,7.36,1.72,1.4,1.2,0.0,0.1,0.0,1.0,26.0,8.0,48.0,0.0,2.0,7.0,15.0,8.0,6.0,6.0,23.0,20.0,2.0,12.0,0.0,1.0,0.0,2.0,334.0,13.0,722.0,0.0,3.0,11.0,41.0,19.0,15.0,10.0,79.0,40.0,2.0,30.0,0.0,1.0,0.0,2.0,701.0,17.0,1377.0,0.0,5.0,20.0,71.0,33.0,29.0,46.0,107.0,63.0,9.0,40.0,0.0,1.0,0.0,0.02,8.51,0.07,16.55,0.0,0.08,1.6,0.44,0.02,0.05,34.79,0.32,0.09,0.7,0.1,0.0,0.1,0.0,2.0,26.96153846153846,2.125,28.6875,0.0,2.5,2.857142857142857,4.733333333333333,4.125,4.833333333333333,7.666666666666667,4.6521739130434785,3.15,4.5,3.3333333333333335,0.0,1.0,0.0
0619,0.0,8.12,2.73,463.97,1.25,0.0,10.1,18.33,2.54,0.59,1.27,20.99,4.71,1.09,0.59,1.99,0.0,0.44,0.0,22.0,30.0,93.0,1.0,0.0,19.0,8.0,8.0,21.0,4.0,21.0,39.0,2.0,8.0,1.0,0.0,1.0,0.0,87.0,44.0,1918.0,2.0,0.0,35.0,59.0,230.0,123.0,18.0,118.0,87.0,4.0,30.0,1.0,0.0,2.0,0.0,170.0,63.0,2354.0,2.0,0.0,47.0,98.0,441.0,167.0,20.0,173.0,141.0,8.0,37.0,2.0,0.0,4.0,0.0,0.37,0.09,4.99,1.25,0.0,0.53,2.29,0.32,0.03,0.32,1.0,0.12,0.54,0.07,1.99,0.0,0.44,0.0,7.7272727272727275,2.1,25.311827956989248,2.0,0.0,2.473684210526316,12.25,55.125,7.9523809523809526,5.0,8.238095238095237,3.6153846153846154,4.0,4.625,2.0,0.0,4.0
0620,0.0,133.36,0.18,186.96,0.0,0.25,3.47,1.46,5.77,1.95,0.57,35.19,3.04,0.35,-0.78,0.0,0.0,0.0,0.0,69.0,1.0,67.0,0.0,1.0,5.0,6.0,6.0,2.0,7.0,22.0,32.0,2.0,8.0,0.0,0.0,0.0,0.0,378.0,1.0,597.0,0.0,2.0,6.0,13.0,24.0,7.0,20.0,1680.0,54.0,3.0,12.0,0.0,0.0,0.0,0.0,616.0,1.0,1136.0,0.0,2.0,12.0,18.0,64.0,9.0,26.0,1817.0,93.0,3.0,17.0,0.0,0.0,0.0,0.0,1.93,0.18,2.79,0.0,0.25,0.69,0.24,0.96,0.97,0.08,1.6,0.09,0.17,-0.1,0.0,0.0,0.0,0.0,8.927536231884059,1.0,16.955223880597014,0.0,2.0,2.4,3.0,10.666666666666666,4.5,3.7142857142857144,82.5909090909091,2.90625,1.5,2.125,0.0,0.0,0.0
0621,0.0,242.18,0.0,145.07,0.0,0.0,3.48,0.18,0.61,0.1,0.05,45.15,13.79,0.0,0.0,0.0,0.0,0.01,0.0,55.0,0.0,41.0,0.0,0.0,5.0,5.0,8.0,2.0,4.0,34.0,30.0,0.0,0.0,0.0,0.0,2.0,0.0,257.0,0.0,224.0,0.0,0.0,5.0,9.0,51.0,29.0,4.0,112.0,59.0,0.0,0.0,0.0,0.0,3.0,0.0,487.0,0.0,391.0,0.0,0.0,16.0,13.0,96.0,36.0,4.0,166.0,93.0,0.0,0.0,0.0,0.0,4.0,0.0,4.4,0.0,3.54,0.0,0.0,0.7,0.04,0.08,0.05,0.01,1.33,0.46,0.0,0.0,0.0,0.0,0.0,0.0,8.854545454545455,0.0,9.536585365853659,0.0,0.0,3.2,2.6,12.0,18.0,1.0,4.882352941176471,3.1,0.0,0.0,0.0,0.0,2.0
0622,0.0,181.22,0.2,27.93,0.0,0.15,0.03,0.74,0.13,0.66,0.74,19.25,0.63,-0.0,0.04,0.0,0.0,0.0,0.0,27.0,1.0,26.0,0.0,1.0,2.0,4.0,6.0,1.0,1.0,8.0,15.0,1.0,1.0,0.0,0.0,0.0,0.0,133.0,5.0,548.0,0.0,5.0,2.0,26.0,14.0,33.0,3.0,94.0,34.0,1.0,1.0,0.0,0.0,0.0,0.0,229.0,5.0,755.0,0.0,7.0,2.0,38.0,22.0,38.0,4.0,131.0,40.0,1.0,5.0,0.0,0.0,0.0,0.0,6.71,0.2,1.07,0.0,0.15,0.01,0.19,0.02,0.66,0.74,2.41,0.04,-0.0,0.04,0.0,0.0,0.0,0.0,8.481481481481481,5.0,29.03846153846154,0.0,7.0,1.0,9.5,3.6666666666666665,38.0,4.0,16.375,2.6666666666666665,1.0,5.0,0.0,0.0,0.0
0623,-0.07,52.81,22.84,211.44,0.0,2.53,6.03,25.9,18.44,2.21,14.55,35.02,31.13,4.84,6.93,0.0,0.0,0.03,2.0,27.0,1.0,46.0,0.0,1.0,3.0,5.0,18.0,2.0,3.0,20.0,17.0,1.0,4.0,0.0,0.0,1.0,4.0,137.0,32.0,3728.0,0.0,23.0,36.0,51.0,106.0,22.0,52.0,145.0,119.0,1.0,16.0,0.0,0.0,4.0,7.0,239.0,59.0,4037.0,0.0,32.0,55.0,105.0,269.0,37.0,89.0,212.0,217.0,3.0,26.0,0.0,0.0,4.0,-0.03,1.96,22.84,4.6,0.0,2.53,2.01,5.18,1.02,1.11,4.85,1.75,1.83,4.84,1.73,0.0,0.0,0.03,3.5,8.851851851851851,59.0,87.76086956521739,0.0,32.0,18.333333333333332,21.0,14.944444444444445,18.5,29.666666666666668,10.6,12.764705882352942,3.0,6.5,0.0,0.0,4.0
0624,0.0,33.82,5.5,1330.33,0.0,0.02,37.77,16.66,62.41,0.5,3.04,28.88,12.86,-0.5,25.18,0.0,0.0,0.11,1.0,77.0,20.0,222.0,1.0,1.0,26.0,22.0,43.0,9.0,15.0,28.0,53.0,5.0,35.0,0.0,0.0,2.0,1.0,522.0,40.0,8148.0,1.0,1.0,117.0,80.0,432.0,81.0,25.0,245.0,121.0,14.0,123.0,0.0,0.0,3.0,2.0,788.0,62.0,9919.0,1.0,2.0,202.0,141.0,747.0,105.0,39.0,349.0,189.0,33.0,235.0,0.0,0.0,4.0,0.0,0.44,0.27,5.99,0.0,0.02,1.45,0.76,1.45,0.06,0.2,1.03,0.24,-0.1,0.72,0.0,0.0,0.06,2.0,10.233766233766234,3.1,44.68018018018018,1.0,2.0,7.769230769230769,6.409090909090909,17.372093023255815,11.666666666666666,2.6,12.464285714285714,3.5660377358490565,6.6,6.714285714285714,0.0,0.0,2.0
0625,0.0,245.11,0.0,521.52,0.0,0.0,0.42,7.56,12.09,0.0,0.0,13.09,3.77,0.0,0.0,0.0,0.0,0.0,0.0,14.0,0.0,25.0,0.0,0.0,5.0,20.0,3.0,0.0,0.0,8.0,15.0,0.0,0.0,0.0,0.0,0.0,0.0,97.0,0.0,7203.0,0.0,0.0,11.0,41.0,92.0,0.0,0.0,80.0,33.0,0.0,0.0,0.0,0.0,0.0,0.0,288.0,0.0,7322.0,0.0,0.0,20.0,75.0,384.0,0.0,0.0,102.0,67.0,0.0,0.0,0.0,0.0,0.0,0.0,17.51,0.0,20.86,0.0,0.0,0.08,0.38,4.03,0.0,0.0,1.64,0.25,0.0,0.0,0.0,0.0,0.0,0.0,20.571428571428573,0.0,292.88,0.0,0.0,4.0,3.75,128.0,0.0,0.0,12.75,4.466666666666667,0.0,0.0,0.0,0.0,0.0
0626,-0.19,24.38,24.13,1352.93,0.01,1.74,401.94,103.77,37.07,30.65,7.57,71.42,20.47,1.15,29.76,0.68,11.59,-0.0,2.0,29.0,10.0,223.0,1.0,5.0,18.0,25.0,17.0,13.0,10.0,32.0,35.0,3.0,22.0,1.0,1.0,2.0,4.0,120.0,19.0,8249.0,1.0,21.0,135.0,281.0,592.0,93.0,41.0,385.0,147.0,41.0,62.0,4.0,3.0,4.0,4.0,219.0,30.0,12110.0,1.0,34.0,200.0,435.0,995.0,149.0,82.0,998.0,292.0,48.0,115.0,5.0,8.0,4.0,-0.09,0.84,2.41,6.07,0.01,0.35,22.33,4.15,2.18,2.36,0.76,2.23,0.58,0.38,1.35,0.68,11.59,-0.0,2.0,7.551724137931035,3.0,54.30493273542601,1.0,6.8,11.11111111111111,17.4,58.529411764705884,11.461538461538462,8.2,31.1875,8.342857142857143,16.0,5.2272727272727275,5.0,8.0,2.0
0627,0.17,5.45,0.36,2097.81,0.19,0.29,-2.29,2.28,0.95,0.98,0.99,21.88,24.27,0.92,69.55,0.0,0.0,0.0,2.0,22.0,6.0,105.0,1.0,2.0,9.0,20.0,14.0,9.0,6.0,17.0,14.0,3.0,10.0,0.0,0.0,0.0,3.0,103.0,9.0,5298.0,1.0,4.0,42.0,159.0,36.0,34.0,15.0,60.0,37.0,13.0,36.0,0.0,0.0,0.0,6.0,135.0,10.0,7432.0,2.0,6.0,51.0,217.0,54.0,43.0,30.0,79.0,64.0,16.0,77.0,0.0,0.0,0.0,0.08,0.25,0.06,19.98,0.19,0.14,-0.25,0.11,0.07,0.11,0.17,1.29,1.73,0.31,6.95,0.0,0.0,0.0,3.0,6.136363636363637,1.6666666666666667,70.78095238095239,2.0,3.0,5.666666666666667,10.85,3.857142857142857,4.777777777777778,5.0,4.647058823529412,4.571428571428571,5.333333333333333,7.7,0.0,0.0,0.0
0628,198.55,5.86,5.66,1169.73,0.0,15.16,39.03,10.4,3.81,515.7,301.2,5.93,8.29,14.08,5091.03,0.04,0.0,0.0,4.0,11.0,7.0,81.0,0.0,3.0,13.0,15.0,17.0,15.0,10.0,18.0,17.0,2.0,15.0,1.0,0.0,0.0,29.0,56.0,16.0,867.0,0.0,42.0,21.0,71.0,161.0,135.0,92.0,113.0,66.0,32.0,755.0,2.0,0.0,0.0,117.0,89.0,32.0,1748.0,0.0,120.0,42.0,114.0,287.0,593.0,326.0,162.0,93.0,102.0,3503.0,2.0,0.0,0.0,49.64,0.53,0.81,14.44,0.0,5.05,3.0,0.69,0.22,34.38,30.12,0.33,0.49,7.04,339.4,0.04,0.0,0.0,29.25,8.090909090909092,4.571428571428571,21.580246913580247,0.0,40.0,3.230769230769231,7.6,16.88235294117647,39.53333333333333,32.6,9.0,5.470588235294118,51.0,233.53333333333333,2.0,0.0,0.0
0629,-0.05,2.65,0.07,518.7,0.0,0.22,1.75,29.4,0.23,0.92,2.84,28.9,112.77,0.0,3.02,0.0,0.0,0.0,2.0,8.0,3.0,101.0,0.0,1.0,9.0,21.0,10.0,6.0,7.0,20.0,15.0,0.0,5.0,0.0,0.0,0.0,5.0,13.0,4.0,3151.0,0.0,6.0,12.0,70.0,14.0,50.0,10.0,186.0,39.0,0.0,30.0,0.0,0.0,0.0,6.0,21.0,8.0,4334.0,0.0,9.0,18.0,154.0,22.0,64.0,23.0,219.0,132.0,0.0,41.0,0.0,0.0,0.0,-0.03,0.33,0.02,5.14,0.0,0.22,0.19,1.4,0.02,0.15,0.41,1.45,7.52,0.0,0.6,0.0,0.0,0.0,3.0,2.625,2.6666666666666665,42.91089108910891,0.0,9.0,2.0,7.333333333333333,2.2,10.666666666666666,3.2857142857142856,10.95,8.8,0.0,8.2,0.0,0.0,0.0
0630,0.25,15.39,3.66,181.33,0.25,0.0,5.96,1.84,1.64,4.7,0.44,21.93,0.8,0.0,9.43,0.0,-0.14,0.09,1.0,7.0,2.0,75.0,1.0,3.0,19.0,11.0,22.0,14.0,4.0,28.0,11.0,1.0,12.0,0.0,1.0,1.0,1.0,57.0,10.0,1776.0,1.0,3.0,57.0,33.0,154.0,116.0,5.0,250.0,31.0,3.0,21.0,0.0,3.0,1.0,8.0,85.0,17.0,2326.0,1.0,5.0,80.0,54.0,304.0,161.0,11.0,446.0,41.0,6.0,51.0,0.0,4.0,5.0,0.25,2.2,1.83,2.42,0.25,0.0,0.31,0.17,0.07,0.34,0.11,0.78,0.07,0.0,0.79,0.0,-0.14,0.09,8.0,12.142857142857142,8.5,31.013333333333332,1.0,1.6666666666666667,4.2105263157894735,4.909090909090909,13.818181818181818,11.5,2.75,15.928571428571429,3.727272727272727,6.0,4.25,0.0,4.0,5.0
0631,0.49,74.86,3.2,556.58,0.0,0.0,17.89,13.01,11.52,1.07,0.29,3423.06,1.63,0.02,37.85,0.0,0.0,0.0,3.0,18.0,4.0,104.0,0.0,0.0,18.0,22.0,21.0,10.0,3.0,20.0,17.0,2.0,7.0,0.0,0.0,0.0,7.0,128.0,11.0,5532.0,0.0,0.0,43.0,60.0,219.0,34.0,4.0,126.0,59.0,6.0,12.0,0.0,0.0,0.0,11.0,240.0,21.0,7153.0,0.0,0.0,74.0,97.0,313.0,44.0,8.0,273.0,85.0,7.0,53.0,0.0,0.0,0.0,0.16,4.16,0.8,5.35,0.0,0.0,0.99,0.59,0.55,0.11,0.1,171.15,0.1,0.01,5.41,0.0,0.0,0.0,3.6666666666666665,13.333333333333334,5.25,68.77884615384616,0.0,0.0,4.111111111111111,4.409090909090909,14.904761904761905,4.4,2.6666666666666665,13.65,5.0,3.5,7.571428571428571,0.0,0.0,0.0
0632,0.11,4.94,1.69,1651.17,0.0,0.0,12.82,9.4,5.92,2.14,0.47,39.17,10.62,0.19,777.74,0.0,-0.09,0.12,2.0,13.0,10.0,158.0,0.0,0.0,23.0,25.0,26.0,20.0,13.0,42.0,19.0,1.0,20.0,0.0,1.0,1.0,3.0,45.0,12.0,7846.0,0.0,0.0,63.0,75.0,105.0,131.0,16.0,402.0,139.0,1.0,38.0,0.0,1.0,2.0,3.0,73.0,20.0,10272.0,0.0,0.0,99.0,134.0,125.0,157.0,25.0,607.0,211.0,3.0,107.0,0.0,1.0,3.0,0.06,0.38,0.17,10.45,0.0,0.0,0.56,0.38,0.23,0.11,0.04,0.93,0.56,0.19,38.89,0.0,-0.09,0.12,1.5,5.615384615384615,2.0,65.0126582278481,0.0,0.0,4.304347826086956,5.36,4.8076923076923075,7.85,1.9230769230769231,14.452380952380953,11.105263157894736,3.0,5.35,0.0,1.0,3.0
0633,-0.1,3.37,0.7,37.63,0.0,0.0,0.07,-0.13,1.76,0.0,0.0,12.41,0.21,0.0,0.22,0.0,0.0,0.0,1.0,18.0,2.0,37.0,0.0,0.0,3.0,6.0,7.0,2.0,0.0,24.0,10.0,0.0,2.0,0.0,0.0,0.0,1.0,79.0,2.0,1357.0,0.0,0.0,4.0,9.0,25.0,2.0,0.0,98.0,14.0,0.0,3.0,0.0,0.0,0.0,2.0,121.0,3.0,1447.0,0.0,0.0,5.0,14.0,54.0,2.0,0.0,145.0,17.0,0.0,4.0,0.0,0.0,0.0,-0.1,0.19,0.35,1.02,0.0,0.0,0.02,-0.02,0.25,0.0,0.0,0.52,0.02,0.0,0.11,0.0,0.0,0.0,2.0,6.722222222222222,1.5,39.108108108108105,0.0,0.0,1.6666666666666667,2.3333333333333335,7.714285714285714,1.0,0.0,6.041666666666667,1.7,0.0,2.0,0.0,0.0,0.0
0634,55.69,10.37,2.05,1238.75,0.04,-0.02,56.49,76.7,25.26,35.34,23.95,100.56,25.94,177.99,62.42,0.0,0.44,0.0,2.0,12.0,4.0,40.0,2.0,3.0,15.0,15.0,22.0,10.0,6.0,17.0,12.0,3.0,6.0,0.0,2.0,0.0,12.0,39.0,29.0,1349.0,2.0,5.0,42.0,110.0,549.0,36.0,85.0,124.0,97.0,38.0,70.0,0.0,3.0,0.0,20.0,82.0,43.0,2266.0,2.0,6.0,84.0,222.0,1129.0,66.0,143.0,220.0,215.0,144.0,243.0,0.0,7.0,0.0,27.85,0.86,0.51,30.97,0.02,-0.01,3.77,5.11,1.15,3.53,3.99,5.92,2.16,59.33,10.4,0.0,0.22,0.0,10.0,6.833333333333333,10.75,56.65,1.0,2.0,5.6,14.8,51.31818181818182,6.6,23.833333333333332,12.941176470588236,17.916666666666668,48.0,40.5,0.0,3.5,0.0
0635,0.0,88.91,0.95,373.35,0.0,1.66,44.25,1.07,1.14,0.32,0.95,24.66,3.84,4.17,0.64,0.0,0.0,0.0,0.0,26.0,6.0,127.0,0.0,1.0,10.0,19.0,10.0,4.0,6.0,34.0,22.0,3.0,7.0,0.0,0.0,0.0,0.0,219.0,23.0,9092.0,0.0,2.0,167.0,42.0,18.0,100.0,6.0,325.0,61.0,21.0,16.0,0.0,0.0,0.0,0.0,272.0,30.0,12405.0,0.0,5.0,197.0,62.0,22.0,109.0,8.0,448.0,79.0,31.0,33.0,0.0,0.0,0.0,0.0,3.42,0.16,2.94,0.0,1.66,4.42,0.06,0.11,0.08,0.16,0.73,0.17,1.39,0.09,0.0,0.0,0.0,0.0,10.461538461538462,5.0,97.67716535433071,0.0,5.0,19.7,3.263157894736842,2.2,27.25,1.3333333333333333,13.176470588235293,3.590909090909091,10.333333333333334,4.714285714285714,0.0,0.0,0.0
0636,0.19,15.25,69.64,11766.08,1.5,76.03,94.21,171.19,27.17,4.35,5.7,84.56,34.16,0.72,406.5,2.35,3.68,2.11,3.0,19.0,25.0,186.0,3.0,8.0,30.0,28.0,36.0,19.0,16.0,44.0,26.0,6.0,42.0,3.0,3.0,3.0,5.0,101.0,131.0,11188.0,3.0,34.0,199.0,255.0,366.0,123.0,65.0,387.0,94.0,10.0,402.0,16.0,3.0,14.0,10.0,160.0,228.0,15137.0,3.0,60.0,303.0,489.0,691.0,168.0,113.0,595.0,170.0,11.0,1162.0,19.0,9.0,16.0,0.06,0.8,2.79,63.26,0.5,9.5,3.14,6.11,0.75,0.23,0.36,1.92,1.31,0.12,9.68,0.78,1.23,0.7,3.3333333333333335,8.421052631578947,9.12,81.38172043010752,1.0,7.5,10.1,17.464285714285715,19.194444444444443,8.842105263157896,7.0625,13.522727272727273,6.538461538461538,1.8333333333333333,27.666666666666668,6.333333333333333,3.0,5.333333333333333
0637,0.0,2.67,0.22,415.73,0.0,5.12,19.56,5.78,0.23,8.82,8.2,33.14,-0.06,0.0,2.54,0.0,-0.02,0.44,1.0,7.0,6.0,55.0,0.0,3.0,7.0,11.0,12.0,5.0,5.0,22.0,7.0,0.0,5.0,0.0,1.0,1.0,1.0,24.0,8.0,988.0,0.0,3.0,37.0,19.0,36.0,33.0,19.0,164.0,14.0,0.0,17.0,0.0,2.0,1.0,4.0,51.0,10.0,1482.0,0.0,7.0,77.0,28.0,65.0,38.0,37.0,243.0,18.0,0.0,25.0,0.0,2.0,3.0,0.0,0.38,0.04,7.56,0.0,1.71,2.79,0.53,0.02,1.76,1.64,1.51,-0.01,0.0,0.51,0.0,-0.02,0.44,4.0,7.285714285714286,1.6666666666666667,26.945454545454545,0.0,2.3333333333333335,11.0,2.5454545454545454,5.416666666666667,7.6,7.4,11.045454545454545,2.5714285714285716,0.0,5.0,0.0,2.0,3.0
0638,0.0,17.47,0.03,433.15,0.0,0.0,9.79,17.4,7.12,2.87,1.78,-50.87,8.29,1.8,0.14,0.0,0.0,0.0,0.0,9.0,3.0,96.0,0.0,0.0,6.0,14.0,16.0,7.0,2.0,14.0,11.0,3.0,4.0,0.0,0.0,2.0,0.0,52.0,4.0,32619.0,0.0,0.0,64.0,45.0,118.0,43.0,9.0,42.0,36.0,6.0,32.0,0.0,0.0,2.0,0.0,84.0,4.0,33442.0,0.0,0.0,100.0,74.0,188.0,57.0,17.0,71.0,49.0,9.0,67.0,0.0,0.0,2.0,0.0,1.94,0.01,4.51,0.0,0.0,1.63,1.24,0.45,0.41,0.89,-3.63,0.75,0.6,0.03,0.0,0.0,0.0,0.0,9.333333333333334,1.3333333333333333,348.3541666666667,0.0,0.0,16.666666666666668,5.285714285714286,11.75,8.142857142857142,8.5,5.071428571428571,4.454545454545454,3.0,16.75,0.0,0.0,1.0
0639,0.0,35.52,0.1,208.44,0.16,0.02,-0.28,29.22,2.88,0.1,1.61,10.51,213.74,4.22,0.64,0.0,0.0,0.0,0.0,25.0,1.0,69.0,1.0,2.0,8.0,12.0,6.0,3.0,2.0,29.0,12.0,3.0,3.0,0.0,0.0,0.0,0.0,77.0,1.0,2657.0,3.0,2.0,14.0,47.0,37.0,19.0,5.0,154.0,15.0,6.0,3.0,0.0,0.0,0.0,0.0,185.0,1.0,3367.0,5.0,4.0,25.0,112.0,65.0,23.0,22.0,234.0,52.0,9.0,10.0,0.0,0.0,0.0,0.0,1.42,0.1,3.02,0.16,0.01,-0.04,2.44,0.48,0.03,0.8,0.36,17.81,1.41,0.21,0.0,0.0,0.0,0.0,7.4,1.0,48.79710144927536,5.0,2.0,3.125,9.333333333333334,10.833333333333334,7.666666666666667,11.0,8.068965517241379,4.333333333333333,3.0,3.3333333333333335,0.0,0.0,0.0
0640,0.0,20.34,0.86,316.37,0.02,0.12,62.51,4.1,4.08,0.25,7.84,126.04,8.45,0.01,1.14,0.0,0.0,0.12,1.0,26.0,15.0,178.0,3.0,3.0,23.0,24.0,31.0,9.0,5.0,41.0,19.0,1.0,13.0,0.0,0.0,1.0,1.0,102.0,18.0,7953.0,3.0,3.0,73.0,52.0,154.0,24.0,126.0,657.0,76.0,1.0,40.0,0.0,0.0,1.0,2.0,137.0,26.0,8984.0,4.0,4.0,132.0,80.0,227.0,33.0,289.0,953.0,120.0,1.0,57.0,0.0,0.0,3.0,0.0,0.78,0.06,1.78,0.01,0.04,2.72,0.17,0.13,0.03,1.57,3.07,0.44,0.01,0.09,0.0,0.0,0.12,2.0,5.269230769230769,1.7333333333333334,50.47191011235955,1.3333333333333333,1.3333333333333333,5.739130434782608,3.3333333333333335,7.32258064516129,3.6666666666666665,57.8,23.24390243902439,6.315789473684211,1.0,4.384615384615385,0.0,0.0,3.0
0641,0.0,16.4,1.78,90.06,0.0,0.08,0.9,1.11,0.2,1.04,-0.01,34.59,3.59,0.0,0.48,0.03,0.0,0.0,0.0,18.0,7.0,71.0,1.0,2.0,6.0,12.0,7.0,6.0,5.0,17.0,18.0,0.0,6.0,1.0,0.0,0.0,0.0,87.0,13.0,2403.0,2.0,3.0,14.0,22.0,16.0,11.0,5.0,210.0,48.0,0.0,10.0,1.0,0.0,0.0,0.0,184.0,16.0,3062.0,2.0,5.0,22.0,42.0,25.0,13.0,8.0,276.0,76.0,0.0,18.0,1.0,0.0,0.0,0.0,0.91,0.25,1.27,0.0,0.04,0.15,0.09,0.03,0.17,-0.0,2.03,0.2,0.0,0.08,0.03,0.0,0.0,0.0,10.222222222222221,2.2857142857142856,43.12676056338028,2.0,2.5,3.6666666666666665,3.5,3.5714285714285716,2.1666666666666665,1.6,16.235294117647058,4.222222222222222,0.0,3.0,1.0,0.0,0.0
0642,0.0,20.8,0.37,3508.92,0.0,0.0,0.62,5.3,21.45,0.4,1.48,15.46,2.24,0.0,16.67,0.0,0.0,0.0,0.0,15.0,2.0,85.0,0.0,0.0,8.0,17.0,17.0,10.0,6.0,35.0,15.0,0.0,11.0,0.0,0.0,0.0,0.0,91.0,2.0,5867.0,0.0,0.0,18.0,61.0,61.0,21.0,17.0,168.0,39.0,0.0,23.0,0.0,0.0,0.0,0.0,128.0,3.0,7470.0,0.0,0.0,26.0,114.0,129.0,40.0,50.0,235.0,68.0,0.0,59.0,0.0,0.0,0.0,0.0,1.39,0.19,41.28,0.0,0.0,0.08,0.31,1.26,0.04,0.25,0.44,0.15,0.0,1.52,0.0,0.0,0.0,0.0,8.533333333333333,1.5,87.88235294117646,0.0,0.0,3.25,6.705882352941177,7.588235294117647,4.0,8.333333333333334,6.714285714285714,4.533333333333333,0.0,5.363636363636363,0.0,0.0,0.0
0643,-0.0,147.32,0.79,3581.14,0.0,0.03,2.25,81.43,11.64,16.48,9.26,23.19,2.6,0.05,4064.56,0.0,0.03,1.08,2.0,14.0,6.0,110.0,0.0,1.0,16.0,18.0,12.0,14.0,9.0,16.0,15.0,2.0,14.0,0.0,1.0,1.0,3.0,125.0,12.0,4660.0,0.0,2.0,29.0,64.0,109.0,58.0,34.0,141.0,42.0,2.0,57.0,0.0,2.0,2.0,4.0,184.0,16.0,6981.0,0.0,2.0,54.0,125.0,201.0,86.0,51.0,203.0,76.0,3.0,315.0,0.0,2.0,3.0,-0.0,10.52,0.13,32.56,0.0,0.03,0.14,4.52,0.97,1.18,1.03,1.45,0.17,0.02,290.33,0.0,0.03,1.08,2.0,13.142857142857142,2.6666666666666665,63.46363636363636,0.0,2.0,3.375,6.944444444444445,16.75,6.142857142857143,5.666666666666667,12.6875,5.066666666666666,1.5,22.5,0.0,2.0,3.0
0644,0.0,6.57,1.61,277.58,0.0,0.14,110.41,27.7,4.73,0.18,3.37,21.91,-1.24,0.16,6.89,0.0,0.0,0.0,1.0,12.0,9.0,120.0,1.0,1.0,10.0,31.0,10.0,9.0,6.0,30.0,19.0,2.0,10.0,0.0,0.0,0.0,4.0,217.0,22.0,22604.0,1.0,2.0,32.0,114.0,85.0,51.0,27.0,166.0,35.0,3.0,34.0,0.0,0.0,0.0,4.0,286.0,28.0,23373.0,2.0,4.0,49.0,202.0,194.0,63.0,45.0,251.0,58.0,7.0,66.0,0.0,0.0,0.0,0.0,0.55,0.18,2.31,0.0,0.14,11.04,0.89,0.47,0.02,0.56,0.73,-0.07,0.08,0.69,0.0,0.0,0.0,4.0,23.833333333333332,3.111111111111111,194.775,2.0,4.0,4.9,6.516129032258065,19.4,7.0,7.5,8.366666666666667,3.0526315789473686,3.5,6.6,0.0,0.0,0.0
0645,0.03,8.8,4.55,491.66,1.29,0.02,79.33,15.0,7.79,3.88,109.75,177.58,1.53,0.18,2.79,0.0,0.0,0.0,1.0,17.0,12.0,148.0,1.0,2.0,14.0,26.0,15.0,7.0,6.0,36.0,14.0,2.0,9.0,0.0,0.0,0.0,1.0,42.0,22.0,3316.0,2.0,3.0,293.0,85.0,74.0,27.0,19.0,1136.0,35.0,4.0,28.0,0.0,0.0,0.0,1.0,53.0,39.0,4738.0,3.0,3.0,405.0,129.0,106.0,33.0,100.0,1833.0,45.0,8.0,65.0,0.0,0.0,0.0,0.03,0.52,0.38,3.32,1.29,0.01,5.67,0.58,0.52,0.55,18.29,4.93,0.11,0.09,0.31,0.0,0.0,0.0,1.0,3.1176470588235294,3.25,32.013513513513516,3.0,1.5,28.928571428571427,4.961538461538462,7.066666666666666,4.714285714285714,16.666666666666668,50.916666666666664,3.2142857142857144,4.0,7.222222222222222,0.0,0.0,0.0
0646,0.0,18.52,0.16,584.27,0.0,0.13,4.84,34.54,1.79,4.01,27.67,15.61,3.91,0.45,10.46,0.0,0.0,20.18,0.0,20.0,7.0,167.0,0.0,3.0,15.0,22.0,26.0,7.0,10.0,43.0,21.0,4.0,16.0,0.0,0.0,1.0,0.0,116.0,10.0,6802.0,0.0,5.0,43.0,65.0,61.0,13.0,97.0,205.0,55.0,5.0,33.0,0.0,0.0,1.0,0.0,203.0,13.0,8875.0,0.0,6.0,60.0,138.0,102.0,29.0,153.0,315.0,92.0,10.0,96.0,0.0,0.0,4.0,0.0,0.93,0.02,3.5,0.0,0.04,0.32,1.57,0.07,0.57,2.77,0.36,0.19,0.11,0.65,0.0,0.0,20.18,0.0,10.15,1.8571428571428572,53.1437125748503,0.0,2.0,4.0,6.2727272727272725,3.923076923076923,4.142857142857143,15.3,7.325581395348837,4.380952380952381,2.5,6.0,0.0,0.0,4.0
0647,1.48,39.89,5.59,3031.93,2.92,0.21,136.22,240.72,43.91,37.17,43.04,184.54,21.17,0.97,20.32,0.0,0.44,-3.93,2.0,47.0,29.0,306.0,2.0,11.0,61.0,46.0,43.0,30.0,26.0,87.0,42.0,13.0,47.0,0.0,3.0,6.0,4.0,199.0,67.0,18892.0,2.0,14.0,234.0,230.0,527.0,121.0,74.0,2526.0,129.0,20.0,115.0,0.0,5.0,11.0,11.0,421.0,91.0,24938.0,3.0,18.0,389.0,384.0,902.0,168.0,121.0,3223.0,220.0,39.0,217.0,0.0,10.0,24.0,0.74,0.85,0.19,9.91,1.46,0.02,2.23,5.23,1.02,1.24,1.66,2.12,0.5,0.07,0.43,0.0,0.15,-0.66,5.5,8.957446808510639,3.1379310344827585,81.49673202614379,1.5,1.6363636363636365,6.377049180327869,8.347826086956522,20.976744186046513,5.6,4.653846153846154,37.04597701149425,5.238095238095238,3.0,4.617021276595745,0.0,3.3333333333333335,4.0
0648,0.0,107.73,1.67,4968.05,0.0,0.02,3.25,193.49,1.34,1.86,0.71,163.78,6.3,0.0,7.19,0.0,0.0,0.0,1.0,43.0,10.0,184.0,0.0,1.0,28.0,31.0,26.0,15.0,10.0,55.0,23.0,0.0,10.0,0.0,0.0,0.0,1.0,217.0,18.0,2288.0,0.0,1.0,55.0,72.0,64.0,49.0,35.0,371.0,48.0,0.0,23.0,0.0,0.0,0.0,1.0,398.0,26.0,4096.0,0.0,2.0,79.0,151.0,98.0,67.0,54.0,676.0,77.0,0.0,56.0,0.0,0.0,0.0,0.0,2.51,0.17,27.0,0.0,0.02,0.12,6.24,0.05,0.12,0.07,2.98,0.27,0.0,0.72,0.0,0.0,0.0,1.0,9.255813953488373,2.6,22.26086956521739,0.0,2.0,2.8214285714285716,4.870967741935484,3.769230769230769,4.466666666666667,5.4,12.290909090909091,3.347826086956522,0.0,5.6,0.0,0.0,0.0
0649,0.01,18.98,3.99,2944.31,0.0,3.85,35.89,109.98,92.21,0.4,5.63,47.83,16.5,4.04,2.86,0.0,0.0,0.0,1.0,25.0,20.0,213.0,0.0,5.0,37.0,30.0,20.0,12.0,12.0,76.0,27.0,5.0,14.0,0.0,0.0,0.0,1.0,251.0,53.0,8261.0,0.0,7.0,516.0,212.0,227.0,25.0,29.0,556.0,187.0,42.0,38.0,0.0,0.0,0.0,1.0,320.0,67.0,10162.0,0.0,15.0,666.0,429.0,431.0,28.0,62.0,804.0,318.0,50.0,55.0,0.0,0.0,0.0,0.01,0.76,0.2,13.82,0.0,0.77,0.97,3.67,4.61,0.03,0.47,0.63,0.61,0.81,0.2,0.0,0.0,0.0,1.0,12.8,3.35,47.708920187793424,0.0,3.0,18.0,14.3,21.55,2.3333333333333335,5.166666666666667,10.578947368421053,11.777777777777779,10.0,3.9285714285714284,0.0,0.0,0.0
0650,0.41,173.45,56.6,7743.17,1.72,84.46,220.31,203.51,43.34,35.5,2.29,443.92,21.99,30.68,71.39,0.02,3.97,0.38,5.0,37.0,35.0,379.0,2.0,7.0,78.0,61.0,57.0,39.0,13.0,99.0,57.0,10.0,21.0,1.0,2.0,3.0,10.0,509.0,266.0,14601.0,10.0,53.0,1366.0,799.0,319.0,680.0,25.0,1050.0,258.0,45.0,89.0,1.0,22.0,15.0,14.0,700.0,357.0,20059.0,12.0,76.0,1802.0,1090.0,502.0,779.0,34.0,1799.0,444.0,56.0,209.0,1.0,42.0,19.0,0.08,4.69,1.62,20.43,0.86,12.07,2.82,3.34,0.76,0.91,0.18,4.48,0.39,3.07,3.4,0.02,1.98,0.13,2.8,18.91891891891892,10.2,52.92612137203166,6.0,10.857142857142858,23.102564102564102,17.868852459016395,8.807017543859649,19.974358974358974,2.6153846153846154,18.171717171717173,7.7894736842105265,5.6,9.952380952380953,1.0,21.0,6.333333333333333
0651,0.28,31.13,25.97,3335.68,0.22,3.53,147.94,549.06,3.85,15.72,2.24,152.74,5.03,1.29,16.99,0.0,0.0,0.0,2.0,29.0,29.0,408.0,1.0,5.0,83.0,43.0,32.0,22.0,15.0,90.0,41.0,7.0,30.0,0.0,0.0,1.0,4.0,181.0,90.0,5839.0,1.0,5.0,303.0,121.0,295.0,179.0,19.0,711.0,75.0,22.0,90.0,0.0,0.0,1.0,4.0,252.0,135.0,10165.0,3.0,12.0,453.0,252.0,615.0,246.0,38.0,1104.0,113.0,35.0,208.0,0.0,0.0,1.0,0.14,1.07,0.9,8.18,0.22,0.71,1.78,12.77,0.12,0.71,0.15,1.7,0.12,0.18,0.57,0.0,0.0,0.0,2.0,8.689655172413794,4.655172413793103,24.91421568627451,3.0,2.4,5.457831325301205,5.8604651162790695,19.21875,11.181818181818182,2.533333333333333,12.266666666666667,2.7560975609756095,5.0,6.933333333333334,0.0,0.0,1.0
0652,0.07,15.38,0.14,2318.15,0.0,0.0,3.23,3.28,0.53,0.6,0.2,82.96,4.0,0.09,-0.03,0.0,0.0,0.52,1.0,14.0,10.0,193.0,0.0,0.0,11.0,35.0,7.0,9.0,2.0,33.0,8.0,3.0,3.0,0.0,0.0,2.0,2.0,151.0,14.0,37922.0,0.0,0.0,30.0,71.0,21.0,24.0,5.0,200.0,15.0,3.0,4.0,0.0,0.0,2.0,2.0,211.0,15.0,41589.0,0.0,0.0,43.0,102.0,56.0,33.0,6.0,329.0,41.0,3.0,5.0,0.0,0.0,2.0,0.07,1.1,0.01,12.01,0.0,0.0,0.29,0.09,0.08,0.07,0.1,2.51,0.5,0.03,-0.01,0.0,0.0,0.26,2.0,15.071428571428571,1.5,215.48704663212436,0.0,0.0,3.909090909090909,2.914285714285714,8.0,3.6666666666666665,3.0,9.969696969696969,5.125,1.0,1.6666666666666667,0.0,0.0,1.0
0801,0.28,159.32,20.32,675.89,8.04,45.44,185.26,174.63,17.18,1.76,62.48,628.79,234.26,16.23,33.17,5.39,1.55,7.97,4.0,50.0,41.0,163.0,4.0,15.0,45.0,23.0,51.0,19.0,27.0,60.0,106.0,13.0,12.0,2.0,2.0,5.0,6.0,272.0,78.0,29153.0,4.0,32.0,252.0,48.0,162.0,109.0,336.0,219.0,556.0,42.0,40.0,3.0,5.0,15.0,11.0,460.0,144.0,31323.0,9.0,102.0,373.0,164.0,350.0,135.0,588.0,377.0,1119.0,220.0,250.0,8.0,14.0,27.0,0.07,3.19,0.5,4.15,2.01,3.03,4.12,7.59,0.34,0.09,2.31,10.48,2.21,1.25,2.76,2.7,0.77,1.59,2.75,9.2,3.5121951219512195,192.16564417177915,2.25,6.8,8.28888888888889,7.130434782608695,6.862745098039215,7.105263157894737,21.77777777777778,6.283333333333333,10.556603773584905,16.923076923076923,20.833333333333332,4.0,7.0,5.4
0802,0.23,25.35,240.32,707.96,0.0,7.46,59.07,579.91,3.38,5.61,27.51,36.94,71.76,7.53,382.11,0.65,0.17,0.0,6.0,98.0,64.0,207.0,0.0,8.0,45.0,16.0,27.0,16.0,20.0,42.0,140.0,11.0,72.0,1.0,1.0,1.0,9.0,353.0,325.0,5274.0,0.0,32.0,147.0,48.0,72.0,184.0,116.0,564.0,568.0,18.0,223.0,1.0,4.0,1.0,14.0,584.0,664.0,6301.0,0.0,55.0,242.0,107.0,115.0,243.0,248.0,699.0,1064.0,51.0,640.0,1.0,6.0,1.0,0.04,0.26,3.76,3.42,0.0,0.93,1.31,36.24,0.13,0.35,1.38,0.88,0.51,0.68,5.31,0.65,0.17,0.0,2.3333333333333335,5.959183673469388,10.375,30.43961352657005,0.0,6.875,5.377777777777778,6.6875,4.2592592592592595,15.1875,12.4,16.642857142857142,7.6,4.636363636363637,8.88888888888889,1.0,6.0,1.0
0803,0.28,61.56,0.77,127.28,0.0,9.06,0.82,12.24,1.17,49.12,23.0,26.13,119.52,0.05,0.3,0.0,0.0,0.1,1.0,172.0,5.0,51.0,0.0,11.0,18.0,10.0,15.0,4.0,15.0,47.0,167.0,1.0,2.0,0.0,0.0,1.0,1.0,811.0,5.0,3939.0,0.0,68.0,40.0,33.0,28.0,46.0,77.0,201.0,511.0,1.0,4.0,0.0,0.0,1.0,3.0,1262.0,9.0,4192.0,0.0,127.0,64.0,62.0,44.0,66.0,143.0,274.0,873.0,1.0,4.0,0.0,0.0,2.0,0.28,0.36,0.15,2.5,0.0,0.82,0.05,1.22,0.08,12.28,1.53,0.56,0.72,0.05,0.15,0.0,0.0,0.1,3.0,7.337209302325581,1.8,82.19607843137256,0.0,11.545454545454545,3.5555555555555554,6.2,2.933333333333333,16.5,9.533333333333333,5.829787234042553,5.227544910179641,1.0,2.0,0.0,0.0,2.0
0804,-0.17,13.85,40.92,6564.95,0.0,572.47,14.36,40.44,2.61,60.77,59.25,128.84,75.92,126.53,1470.38,0.0,0.0,-0.0,1.0,34.0,23.0,114.0,0.0,9.0,16.0,13.0,25.0,8.0,10.0,39.0,62.0,6.0,12.0,0.0,0.0,1.0,2.0,138.0,40.0,1396.0,0.0,24.0,30.0,63.0,63.0,42.0,58.0,351.0,227.0,100.0,123.0,0.0,0.0,1.0,2.0,226.0,74.0,3024.0,0.0,139.0,46.0,142.0,98.0,62.0,112.0,541.0,420.0,394.0,403.0,0.0,0.0,1.0,-0.17,0.41,1.78,57.59,0.0,63.61,0.9,3.11,0.1,7.6,5.92,3.3,1.22,21.09,122.53,0.0,0.0,-0.0,2.0,6.647058823529412,3.217391304347826,26.526315789473685,0.0,15.444444444444445,2.875,10.923076923076923,3.92,7.75,11.2,13.871794871794872,6.774193548387097,65.66666666666667,33.583333333333336,0.0,0.0,1.0
0805,21.87,43.45,55.1,7856.41,9.05,45.88,16.6,159.51,95.91,191.3,23.92,888.32,337.06,1.1,7.99,1.18,0.0,2.47,6.0,34.0,26.0,322.0,1.0,13.0,18.0,31.0,29.0,15.0,15.0,52.0,49.0,4.0,15.0,2.0,0.0,3.0,8.0,144.0,135.0,7966.0,2.0,73.0,48.0,422.0,289.0,112.0,399.0,507.0,195.0,7.0,90.0,6.0,0.0,13.0,39.0,247.0,274.0,13414.0,3.0,135.0,97.0,610.0,423.0,163.0,678.0,939.0,390.0,10.0,134.0,9.0,0.0,20.0,3.64,1.28,2.12,24.4,9.05,3.53,0.92,5.15,3.31,12.75,1.59,17.08,6.88,0.28,0.53,0.59,0.0,0.82,6.5,7.264705882352941,10.538461538461538,41.6583850931677,3.0,10.384615384615385,5.388888888888889,19.677419354838708,14.586206896551724,10.866666666666667,45.2,18.057692307692307,7.959183673469388,2.5,8.933333333333334,4.5,0.0,6.666666666666667
0806,0.32,23.71,31.48,5216.66,13.84,13.57,42.2,362.38,15.45,7.67,16.51,133.95,157.47,33.49,64.23,0.06,2.91,0.16,2.0,36.0,24.0,185.0,6.0,21.0,40.0,33.0,46.0,12.0,22.0,70.0,78.0,6.0,17.0,1.0,1.0,5.0,5.0,148.0,81.0,3295.0,7.0,131.0,198.0,142.0,293.0,95.0,179.0,602.0,527.0,16.0,48.0,1.0,3.0,9.0,7.0,221.0,124.0,5117.0,13.0,215.0,311.0,248.0,567.0,119.0,322.0,974.0,882.0,31.0,121.0,2.0,4.0,16.0,0.16,0.66,1.31,28.2,2.31,0.65,1.06,10.98,0.34,0.64,0.75,1.91,2.02,5.58,3.78,0.06,2.91,0.03,3.5,6.138888888888889,5.166666666666667,27.65945945945946,2.1666666666666665,10.238095238095237,7.775,7.515151515151516,12.326086956521738,9.916666666666666,14.636363636363637,13.914285714285715,11.307692307692308,5.166666666666667,7.117647058823529,2.0,4.0,3.2
0807,24.88,61.58,44.22,920.05,2.04,2838.37,28.33,38.67,46.76,16.73,11.05,19.0,163.35,21.55,1205.18,0.48,1.2,0.01,2.0,76.0,33.0,146.0,1.0,16.0,31.0,18.0,43.0,12.0,22.0,55.0,119.0,10.0,25.0,3.0,2.0,1.0,186.0,424.0,148.0,2500.0,2.0,119.0,203.0,51.0,194.0,52.0,74.0,296.0,1223.0,217.0,134.0,16.0,2.0,7.0,262.0,761.0,226.0,3883.0,3.0,322.0,265.0,97.0,323.0,62.0,142.0,458.0,1688.0,554.0,359.0,16.0,3.0,7.0,12.44,0.81,1.34,6.3,2.04,177.4,0.91,2.15,1.09,1.39,0.5,0.35,1.37,2.16,48.21,0.16,0.6,0.01,131.0,10.013157894736842,6.848484848484849,26.595890410958905,3.0,20.125,8.548387096774194,5.388888888888889,7.511627906976744,5.166666666666667,6.454545454545454,8.327272727272728,14.184873949579831,55.4,14.36,5.333333333333333,1.5,7.0
0808,0.0,203.27,2.59,259.04,0.01,32.23,0.59,0.4,0.43,0.05,16.44,1.76,6.82,0.05,8.8,0.0,0.0,0.0,0.0,20.0,8.0,59.0,1.0,7.0,7.0,7.0,9.0,3.0,11.0,15.0,37.0,1.0,7.0,0.0,0.0,0.0,0.0,157.0,14.0,3407.0,7.0,53.0,12.0,12.0,17.0,10.0,84.0,42.0,83.0,1.0,24.0,0.0,0.0,0.0,0.0,240.0,23.0,3579.0,8.0,196.0,19.0,18.0,21.0,14.0,208.0,63.0,136.0,1.0,35.0,0.0,0.0,0.0,0.0,10.16,0.32,4.39,0.01,4.6,0.08,0.06,0.05,0.02,1.49,0.12,0.18,0.05,1.26,0.0,0.0,0.0,0.0,12.0,2.875,60.66101694915254,8.0,28.0,2.7142857142857144,2.5714285714285716,2.3333333333333335,4.666666666666667,18.90909090909091,4.2,3.675675675675676,1.0,5.0,0.0,0.0,0.0
0901,0.06,3.46,0.47,13843.4,0.69,0.11,18.41,19.57,17.61,0.87,5.79,56.73,5.23,0.32,31.01,0.02,0.0,0.0,1.0,15.0,6.0,167.0,1.0,3.0,16.0,41.0,21.0,8.0,7.0,44.0,12.0,3.0,20.0,1.0,0.0,0.0,1.0,37.0,9.0,18889.0,1.0,5.0,70.0,183.0,137.0,12.0,65.0,210.0,19.0,3.0,54.0,1.0,0.0,0.0,1.0,54.0,13.0,24363.0,2.0,7.0,100.0,314.0,260.0,16.0,98.0,278.0,42.0,4.0,161.0,1.0,0.0,0.0,0.06,0.23,0.08,82.89,0.69,0.04,1.15,0.48,0.84,0.11,0.83,1.29,0.44,0.11,1.55,0.02,0.0,0.0,1.0,3.6,2.1666666666666665,145.88622754491018,2.0,2.3333333333333335,6.25,7.658536585365853,12.380952380952381,2.0,14.0,6.318181818181818,3.5,1.3333333333333333,8.05,1.0,0.0,0.0
0902,20.6,3.34,22.67,23310.33,0.0,0.03,81.39,25.65,0.68,15.54,0.22,27.0,1.62,0.06,1.84,0.0,0.0,0.0,3.0,9.0,17.0,131.0,1.0,1.0,14.0,46.0,11.0,11.0,9.0,20.0,20.0,1.0,8.0,1.0,0.0,0.0,5.0,64.0,39.0,4728.0,1.0,1.0,71.0,179.0,55.0,36.0,21.0,162.0,43.0,1.0,16.0,1.0,0.0,0.0,17.0,80.0,50.0,8274.0,1.0,1.0,96.0,254.0,86.0,41.0,43.0,250.0,55.0,1.0,25.0,4.0,0.0,0.0,6.87,0.37,1.33,177.94,0.0,0.03,5.81,0.56,0.06,1.41,0.02,1.35,0.08,0.06,0.23,0.0,0.0,0.0,5.666666666666667,8.88888888888889,2.9411764705882355,63.16030534351145,1.0,1.0,6.857142857142857,5.521739130434782,7.818181818181818,3.727272727272727,4.777777777777778,12.5,2.75,1.0,3.125,4.0,0.0,0.0
0903,0.02,2.34,3.76,10801.55,1.01,54.73,72.85,229.15,17.12,0.43,2.34,106.75,13.03,1.67,5.25,1.21,0.15,30.85,1.0,20.0,17.0,134.0,2.0,7.0,33.0,31.0,27.0,10.0,9.0,53.0,22.0,7.0,15.0,2.0,1.0,2.0,1.0,82.0,64.0,52525.0,6.0,84.0,237.0,564.0,81.0,21.0,22.0,475.0,89.0,55.0,54.0,11.0,1.0,9.0,1.0,121.0,84.0,55671.0,6.0,209.0,349.0,914.0,169.0,31.0,43.0,818.0,148.0,102.0,104.0,20.0,2.0,17.0,0.02,0.12,0.22,80.61,0.5,7.82,2.21,7.39,0.63,0.04,0.26,2.01,0.59,0.24,0.35,0.6,0.15,15.43,1.0,6.05,4.9411764705882355,415.45522388059703,3.0,29.857142857142858,10.575757575757576,29.483870967741936,6.2592592592592595,3.1,4.777777777777778,15.433962264150944,6.7272727272727275,14.571428571428571,6.933333333333334,10.0,2.0,8.5
0904,3.94,28.93,19.66,441.89,1.02,12.49,208.71,16.72,12.62,15.67,19.73,83.26,9.08,6.92,7.31,2.75,1.69,1.0,5.0,10.0,15.0,99.0,3.0,3.0,25.0,20.0,36.0,19.0,14.0,34.0,19.0,6.0,6.0,2.0,6.0,3.0,10.0,103.0,97.0,3298.0,5.0,38.0,127.0,159.0,592.0,76.0,68.0,346.0,96.0,22.0,43.0,11.0,8.0,9.0,14.0,176.0,151.0,4464.0,7.0,63.0,278.0,269.0,968.0,120.0,96.0,737.0,230.0,69.0,63.0,14.0,20.0,15.0,0.79,2.89,1.31,4.46,0.34,4.16,8.35,0.84,0.35,0.82,1.41,2.45,0.48,1.15,1.22,1.37,0.28,0.33,2.8,17.6,10.066666666666666,45.09090909090909,2.3333333333333335,21.0,11.12,13.45,26.88888888888889,6.315789473684211,6.857142857142857,21.676470588235293,12.105263157894736,11.5,10.5,7.0,3.3333333333333335,5.0
0905,7.46,1.11,3.8,374.55,0.0,0.18,2.72,20.81,5.1,145.11,0.26,25.57,0.99,0.41,12.51,0.08,0.0,0.0,1.0,10.0,13.0,107.0,0.0,2.0,17.0,32.0,19.0,7.0,7.0,33.0,10.0,6.0,8.0,2.0,0.0,0.0,4.0,34.0,64.0,2670.0,0.0,4.0,71.0,114.0,104.0,946.0,14.0,149.0,19.0,11.0,32.0,3.0,0.0,0.0,4.0,59.0,93.0,4397.0,0.0,5.0,92.0,227.0,183.0,978.0,15.0,242.0,27.0,12.0,118.0,4.0,0.0,0.0,7.46,0.11,0.29,3.5,0.0,0.09,0.16,0.65,0.27,20.73,0.04,0.77,0.1,0.07,1.56,0.04,0.0,0.0,4.0,5.9,7.153846153846154,41.09345794392523,0.0,2.5,5.411764705882353,7.09375,9.631578947368421,139.71428571428572,2.142857142857143,7.333333333333333,2.7,2.0,14.75,2.0,0.0,0.0
1000,35.0,65.56,6.34,232.34,0.61,0.26,68.42,27.29,14.1,137.66,1.68,54.38,33.67,-2.17,7.89,0.05,0.03,0.0,4.0,31.0,20.0,202.0,3.0,4.0,50.0,42.0,33.0,22.0,9.0,66.0,38.0,10.0,19.0,1.0,1.0,0.0,10.0,258.0,59.0,3206.0,4.0,6.0,552.0,118.0,148.0,73.0,31.0,393.0,170.0,112.0,69.0,4.0,1.0,0.0,36.0,329.0,92.0,4351.0,5.0,10.0,702.0,250.0,263.0,115.0,52.0,699.0,308.0,163.0,108.0,4.0,2.0,0.0,8.75,2.11,0.32,1.15,0.2,0.06,1.37,0.65,0.43,6.26,0.19,0.82,0.89,-0.22,0.42,0.05,0.03,0.0,9.0,10.612903225806452,4.6,21.53960396039604,1.6666666666666667,2.5,14.04,5.9523809523809526,7.96969696969697,5.2272727272727275,5.777777777777778,10.590909090909092,8.105263157894736,16.3,5.684210526315789,4.0,2.0,0.0
1198,6610.24,307.96,354.82,4908.73,169.79,89.08,1540.51,615.28,402.67,922.24,735.22,818.49,587.53,25.5,187.88,53.62,37.69,27.55,378.0,157.0,139.0,537.0,58.0,70.0,335.0,222.0,222.0,255.0,197.0,128.0,158.0,60.0,59.0,38.0,31.0,29.0,4107.0,1243.0,697.0,14255.0,114.0,335.0,2274.0,1252.0,7419.0,29727.0,1110.0,933.0,997.0,194.0,276.0,109.0,127.0,99.0,8731.0,1871.0,1229.0,29025.0,249.0,695.0,3946.0,2187.0,13972.0,48032.0,2869.0,1566.0,1825.0,430.0,649.0,181.0,276.0,196.0,17.49,1.96,2.55,9.14,2.93,1.27,4.6,2.77,1.81,3.62,3.73,6.39,3.72,0.43,3.18,1.41,1.22,0.95,23.097883597883598,11.9171974522293,8.841726618705035,54.05027932960894,4.293103448275862,9.928571428571429,11.77910447761194,9.85135135135135,62.93693693693694,188.3607843137255,14.563451776649746,12.234375,11.550632911392405,7.166666666666667,11.0,4.7631578947368425,8.903225806451612,6.758620689655173
1201,0.0,5.6,0.41,3276.12,0.04,1.32,19.89,19.71,7.97,0.0,38.81,770.36,11.71,1.49,255.29,0.0,0.0,0.0,2.0,24.0,11.0,339.0,1.0,3.0,12.0,34.0,19.0,9.0,17.0,48.0,55.0,6.0,18.0,0.0,0.0,0.0,2.0,63.0,14.0,21544.0,1.0,4.0,26.0,82.0,55.0,26.0,54.0,909.0,116.0,11.0,79.0,0.0,0.0,0.0,2.0,97.0,24.0,26429.0,1.0,7.0,33.0,155.0,114.0,43.0,137.0,1360.0,170.0,24.0,330.0,0.0,0.0,0.0,0.0,0.23,0.04,9.66,0.04,0.44,1.66,0.58,0.42,0.0,2.28,16.05,0.21,0.25,14.18,0.0,0.0,0.0,1.0,4.041666666666667,2.1818181818181817,77.96165191740413,1.0,2.3333333333333335,2.75,4.5588235294117645,6.0,4.777777777777778,8.058823529411764,28.333333333333332,3.090909090909091,4.0,18.333333333333332,0.0,0.0,0.0
1202,3.01,22.79,8.13,1766.24,9.04,0.21,13.32,310.1,33.61,2.68,5.14,88.41,20.4,2.92,8.89,0.0,0.0,0.0,7.0,31.0,13.0,156.0,2.0,1.0,15.0,31.0,31.0,9.0,10.0,28.0,28.0,2.0,7.0,0.0,0.0,0.0,9.0,328.0,22.0,1877.0,2.0,1.0,48.0,159.0,317.0,12.0,22.0,121.0,106.0,6.0,17.0,0.0,0.0,0.0,14.0,431.0,32.0,3068.0,8.0,1.0,76.0,373.0,509.0,20.0,36.0,181.0,181.0,18.0,67.0,0.0,0.0,0.0,0.43,0.74,0.63,11.32,4.52,0.21,0.89,10.0,1.08,0.3,0.51,3.16,0.73,1.46,1.27,0.0,0.0,0.0,2.0,13.903225806451612,2.4615384615384617,19.666666666666668,4.0,1.0,5.066666666666666,12.03225806451613,16.419354838709676,2.2222222222222223,3.6,6.464285714285714,6.464285714285714,9.0,9.571428571428571,0.0,0.0,0.0
1203,-0.0,6.0,0.3,154.65,0.0,0.0,-4.69,24.89,4.35,0.1,0.82,22.95,2.16,1.13,6.33,0.75,0.0,0.0,3.0,24.0,8.0,67.0,0.0,0.0,10.0,13.0,20.0,5.0,2.0,64.0,26.0,3.0,8.0,2.0,0.0,0.0,3.0,112.0,33.0,2109.0,0.0,0.0,95.0,22.0,61.0,22.0,3.0,386.0,59.0,5.0,38.0,3.0,0.0,0.0,3.0,155.0,58.0,2389.0,0.0,0.0,143.0,97.0,127.0,30.0,6.0,545.0,92.0,22.0,72.0,3.0,0.0,0.0,-0.0,0.25,0.04,2.31,0.0,0.0,-0.47,1.91,0.22,0.02,0.41,0.36,0.08,0.38,0.79,0.37,0.0,0.0,1.0,6.458333333333333,7.25,35.656716417910445,0.0,0.0,14.3,7.461538461538462,6.35,6.0,3.0,8.515625,3.5384615384615383,7.333333333333333,9.0,1.5,0.0,0.0
1204,0.03,17.06,4.82,978.79,0.0,0.17,195.3,101.21,11.84,0.28,73.62,111.75,12.51,0.1,0.17,-0.02,0.0,0.0,1.0,13.0,9.0,162.0,0.0,5.0,18.0,36.0,15.0,9.0,16.0,30.0,26.0,1.0,3.0,1.0,0.0,0.0,2.0,31.0,22.0,13128.0,0.0,5.0,67.0,265.0,130.0,37.0,60.0,1044.0,56.0,1.0,4.0,1.0,0.0,0.0,3.0,45.0,33.0,14412.0,0.0,7.0,164.0,504.0,244.0,47.0,160.0,1286.0,104.0,1.0,9.0,1.0,0.0,0.0,0.03,1.31,0.54,6.04,0.0,0.03,10.85,2.81,0.79,0.03,4.6,3.72,0.48,0.1,0.06,-0.02,0.0,0.0,3.0,3.4615384615384617,3.6666666666666665,88.96296296296296,0.0,1.4,9.11111111111111,14.0,16.266666666666666,5.222222222222222,10.0,42.86666666666667,4.0,1.0,3.0,1.0,0.0,0.0
1205,0.0,33.84,0.53,2675.75,0.03,1.21,85.55,113.93,6.97,0.43,1010.31,63.49,15.44,0.56,0.78,0.0,0.0,10.9,1.0,22.0,7.0,188.0,1.0,2.0,20.0,40.0,30.0,13.0,14.0,50.0,42.0,5.0,8.0,0.0,0.0,4.0,1.0,99.0,13.0,8496.0,1.0,8.0,64.0,162.0,94.0,37.0,556.0,540.0,82.0,9.0,13.0,0.0,0.0,14.0,1.0,163.0,28.0,10843.0,1.0,13.0,121.0,313.0,173.0,57.0,1610.0,741.0,190.0,21.0,48.0,0.0,0.0,20.0,0.0,1.54,0.08,14.23,0.03,0.61,4.28,2.85,0.23,0.03,72.17,1.27,0.37,0.11,0.1,0.0,0.0,2.72,1.0,7.409090909090909,4.0,57.67553191489362,1.0,6.5,6.05,7.825,5.766666666666667,4.384615384615385,115.0,14.82,4.523809523809524,4.2,6.0,0.0,0.0,5.0
1206,-0.0,3.71,0.31,307.82,0.0,0.03,5.86,8.01,2.9,5.22,1.47,32.14,0.85,0.6,9.66,0.0,0.0,0.0,1.0,16.0,7.0,71.0,0.0,2.0,4.0,15.0,13.0,8.0,4.0,38.0,14.0,3.0,8.0,0.0,0.0,0.0,1.0,37.0,9.0,475.0,0.0,2.0,59.0,51.0,32.0,29.0,16.0,112.0,26.0,10.0,12.0,0.0,0.0,0.0,3.0,61.0,12.0,772.0,0.0,2.0,90.0,89.0,79.0,42.0,23.0,167.0,30.0,15.0,25.0,0.0,0.0,0.0,-0.0,0.23,0.04,4.34,0.0,0.02,1.47,0.53,0.22,0.65,0.37,0.85,0.06,0.2,1.21,0.0,0.0,0.0,3.0,3.8125,1.7142857142857142,10.873239436619718,0.0,1.0,22.5,5.933333333333334,6.076923076923077,5.25,5.75,4.394736842105263,2.142857142857143,5.0,3.125,0.0,0.0,0.0
1207,0.0,3.58,0.99,328.06,0.0,0.0,0.81,57.64,4.88,0.85,27.04,109.53,2.19,0.1,2.24,0.0,0.0,0.0,0.0,12.0,8.0,113.0,1.0,0.0,12.0,23.0,19.0,10.0,6.0,45.0,16.0,1.0,11.0,0.0,0.0,0.0,0.0,29.0,14.0,7238.0,2.0,0.0,19.0,71.0,103.0,21.0,174.0,428.0,44.0,2.0,25.0,0.0,0.0,0.0,0.0,43.0,21.0,7964.0,2.0,0.0,28.0,132.0,149.0,32.0,274.0,691.0,84.0,3.0,58.0,0.0,0.0,0.0,0.0,0.3,0.12,2.9,0.0,0.0,0.07,2.51,0.26,0.09,4.51,2.43,0.14,0.1,0.2,0.0,0.0,0.0,0.0,3.5833333333333335,2.625,70.47787610619469,2.0,0.0,2.3333333333333335,5.739130434782608,7.842105263157895,3.2,45.666666666666664,15.355555555555556,5.25,3.0,5.2727272727272725,0.0,0.0,0.0
1208,0.41,41.37,310.44,11016.08,0.0,0.06,-30.92,277.6,11.98,17.91,498.37,305.11,56.99,1.14,605.69,1.26,0.0,0.0,2.0,22.0,19.0,256.0,0.0,4.0,15.0,52.0,19.0,17.0,14.0,44.0,52.0,4.0,48.0,1.0,0.0,0.0,7.0,102.0,76.0,14830.0,0.0,5.0,33.0,303.0,154.0,40.0,49.0,275.0,300.0,9.0,240.0,1.0,0.0,0.0,16.0,171.0,192.0,31297.0,0.0,7.0,56.0,637.0,266.0,69.0,219.0,405.0,449.0,21.0,1020.0,1.0,0.0,0.0,0.21,1.88,16.34,43.03,0.0,0.01,-2.06,5.34,0.63,1.05,35.6,6.93,1.1,0.28,12.62,1.26,0.0,0.0,8.0,7.7727272727272725,10.105263157894736,122.25390625,0.0,1.75,3.7333333333333334,12.25,14.0,4.0588235294117645,15.642857142857142,9.204545454545455,8.634615384615385,5.25,21.25,1.0,0.0,0.0
1209,3.24,3.34,3.56,878.47,0.0,0.0,16.68,7.54,1.11,0.73,22.15,14.64,2.59,0.0,0.22,4.38,0.0,0.0,2.0,10.0,4.0,82.0,0.0,0.0,8.0,20.0,10.0,10.0,7.0,23.0,5.0,0.0,5.0,2.0,0.0,0.0,4.0,40.0,11.0,35534.0,0.0,0.0,48.0,55.0,40.0,19.0,42.0,163.0,5.0,0.0,6.0,2.0,0.0,0.0,6.0,53.0,32.0,36273.0,0.0,0.0,98.0,140.0,121.0,25.0,120.0,220.0,13.0,0.0,10.0,13.0,0.0,0.0,1.62,0.33,0.89,10.71,0.0,0.0,2.09,0.38,0.11,0.07,3.16,0.64,0.52,0.0,0.04,2.19,0.0,0.0,3.0,5.3,8.0,442.3536585365854,0.0,0.0,12.25,7.0,12.1,2.5,17.142857142857142,9.565217391304348,2.6,0.0,2.0,6.5,0.0,0.0
1210,0.0,5.39,0.27,12023.74,0.0,3.26,94.23,643.11,4.15,3.97,2.38,886.85,17.78,42.37,7.17,0.0,0.0,0.19,0.0,15.0,8.0,223.0,0.0,3.0,28.0,25.0,35.0,13.0,17.0,60.0,29.0,3.0,17.0,0.0,0.0,2.0,0.0,38.0,14.0,12042.0,0.0,5.0,150.0,149.0,103.0,51.0,22.0,839.0,44.0,15.0,40.0,0.0,0.0,6.0,0.0,58.0,21.0,18521.0,0.0,9.0,253.0,291.0,179.0,65.0,39.0,1321.0,79.0,38.0,82.0,0.0,0.0,12.0,0.0,0.36,0.03,53.92,0.0,1.09,3.37,25.72,0.12,0.31,0.14,14.78,0.61,14.12,0.42,0.0,0.0,0.09,0.0,3.8666666666666667,2.625,83.05381165919283,0.0,3.0,9.035714285714286,11.64,5.114285714285714,5.0,2.2941176470588234,22.016666666666666,2.7241379310344827,12.666666666666666,4.823529411764706,0.0,0.0,6.0
1211,-0.05,20.3,1.43,110.26,0.0,0.0,-0.02,10.31,13.68,0.06,0.37,27.46,19.47,0.0,0.28,0.0,0.0,0.0,2.0,10.0,5.0,50.0,0.0,0.0,4.0,13.0,19.0,5.0,5.0,24.0,11.0,1.0,3.0,0.0,0.0,0.0,3.0,94.0,33.0,3777.0,0.0,0.0,5.0,49.0,54.0,24.0,6.0,223.0,126.0,1.0,6.0,0.0,0.0,0.0,3.0,251.0,44.0,4165.0,0.0,0.0,13.0,85.0,133.0,29.0,12.0,363.0,259.0,2.0,10.0,0.0,0.0,0.0,-0.02,2.03,0.29,2.21,0.0,0.0,-0.0,0.79,0.72,0.01,0.07,1.14,1.77,0.0,0.09,0.0,0.0,0.0,1.5,25.1,8.8,83.3,0.0,0.0,3.25,6.538461538461538,7.0,5.8,2.4,15.125,23.545454545454547,2.0,3.3333333333333335,0.0,0.0,0.0
1212,0.0,-0.56,0.02,264.62,1.25,0.23,-0.02,2.67,-0.27,0.98,0.08,16.86,0.75,0.0,0.0,0.02,0.0,7.5,1.0,7.0,1.0,58.0,1.0,2.0,4.0,9.0,6.0,9.0,3.0,37.0,11.0,0.0,0.0,1.0,0.0,1.0,1.0,12.0,2.0,4049.0,2.0,7.0,7.0,43.0,18.0,16.0,3.0,322.0,17.0,0.0,0.0,1.0,0.0,2.0,1.0,15.0,3.0,4746.0,2.0,10.0,10.0,74.0,27.0,28.0,3.0,382.0,32.0,0.0,0.0,1.0,0.0,9.0,0.0,-0.08,0.02,4.56,1.25,0.12,-0.0,0.3,-0.05,0.11,0.03,0.46,0.07,0.0,0.0,0.02,0.0,7.5,1.0,2.142857142857143,3.0,81.82758620689656,2.0,5.0,2.5,8.222222222222221,4.5,3.111111111111111,1.0,10.324324324324325,2.909090909090909,0.0,0.0,1.0,0.0,9.0
1213,-0.04,0.43,0.04,2282.79,0.0,12.32,18.74,48.5,5.88,4.45,10.92,148.4,3.33,0.46,0.34,2.55,0.0,0.0,1.0,8.0,6.0,135.0,0.0,2.0,16.0,40.0,21.0,15.0,15.0,70.0,15.0,1.0,7.0,1.0,0.0,0.0,1.0,11.0,7.0,3172.0,0.0,2.0,85.0,143.0,67.0,103.0,70.0,404.0,21.0,1.0,8.0,7.0,0.0,0.0,1.0,17.0,8.0,4819.0,0.0,3.0,143.0,214.0,113.0,156.0,142.0,621.0,37.0,11.0,15.0,14.0,0.0,0.0,-0.04,0.05,0.01,16.91,0.0,6.16,1.17,1.21,0.28,0.3,0.73,2.12,0.22,0.46,0.05,2.55,0.0,0.0,1.0,2.125,1.3333333333333333,35.696296296296296,0.0,1.5,8.9375,5.35,5.380952380952381,10.4,9.466666666666667,8.871428571428572,2.466666666666667,11.0,2.142857142857143,14.0,0.0,0.0
1214,5.55,9.29,95.58,3790.05,0.97,1.99,170.76,241.19,7.48,165.57,2.13,115.43,306.33,0.41,9.04,1.11,0.01,-0.27,4.0,26.0,25.0,235.0,2.0,4.0,26.0,71.0,44.0,27.0,20.0,97.0,31.0,8.0,13.0,2.0,2.0,3.0,6.0,45.0,134.0,4707.0,3.0,13.0,101.0,258.0,157.0,129.0,42.0,502.0,169.0,14.0,49.0,9.0,3.0,27.0,12.0,80.0,355.0,7372.0,4.0,20.0,145.0,506.0,269.0,186.0,75.0,733.0,294.0,23.0,113.0,10.0,6.0,27.0,1.39,0.36,3.82,16.13,0.49,0.5,6.57,3.4,0.17,6.13,0.11,1.19,9.88,0.05,0.7,0.56,0.0,-0.09,3.0,3.076923076923077,14.2,31.370212765957447,2.0,5.0,5.576923076923077,7.126760563380282,6.113636363636363,6.888888888888889,3.75,7.556701030927835,9.483870967741936,2.875,8.692307692307692,5.0,3.0,9.0
1215,-0.08,17.38,3.19,522.54,0.0,13.91,3.31,21.91,5.71,17.59,12.04,68.51,26.09,0.04,1.4,0.0,0.04,0.03,1.0,12.0,6.0,82.0,1.0,3.0,12.0,21.0,24.0,5.0,8.0,53.0,12.0,1.0,8.0,0.0,1.0,1.0,1.0,196.0,22.0,2644.0,1.0,54.0,31.0,99.0,105.0,106.0,43.0,364.0,306.0,1.0,14.0,0.0,1.0,2.0,1.0,257.0,38.0,3575.0,1.0,65.0,54.0,140.0,190.0,296.0,106.0,545.0,373.0,1.0,26.0,0.0,1.0,2.0,-0.08,1.45,0.53,6.37,0.0,4.64,0.28,1.04,0.24,3.52,1.5,1.29,2.17,0.04,0.18,0.0,0.04,0.03,1.0,21.416666666666668,6.333333333333333,43.59756097560975,1.0,21.666666666666668,4.5,6.666666666666667,7.916666666666667,59.2,13.25,10.283018867924529,31.083333333333332,1.0,3.25,0.0,1.0,2.0
1216,0.0,2.75,3.63,110.86,0.0,0.48,0.47,1.94,25.81,0.97,1.55,34.18,10.88,0.0,0.06,0.0,0.0,0.09,1.0,13.0,7.0,94.0,1.0,3.0,4.0,19.0,13.0,9.0,2.0,47.0,18.0,0.0,2.0,0.0,0.0,2.0,1.0,20.0,15.0,2814.0,1.0,4.0,9.0,64.0,66.0,41.0,3.0,234.0,47.0,0.0,2.0,0.0,0.0,2.0,1.0,32.0,23.0,3716.0,1.0,13.0,13.0,99.0,124.0,43.0,7.0,375.0,71.0,0.0,2.0,0.0,0.0,6.0,0.0,0.21,0.52,1.18,0.0,0.16,0.12,0.1,1.99,0.11,0.77,0.73,0.6,0.0,0.03,0.0,0.0,0.04,1.0,2.4615384615384617,3.2857142857142856,39.53191489361702,1.0,4.333333333333333,3.25,5.2105263157894735,9.538461538461538,4.777777777777778,3.5,7.9787234042553195,3.9444444444444446,0.0,1.0,0.0,0.0,3.0
1217,0.0,1.27,0.87,83.91,-0.01,0.0,18.32,108.17,0.36,0.15,0.24,109.95,12.61,0.05,1.5,0.0,-0.03,0.0,0.0,13.0,5.0,56.0,1.0,0.0,13.0,23.0,11.0,6.0,3.0,44.0,20.0,2.0,6.0,0.0,1.0,0.0,0.0,15.0,9.0,1380.0,1.0,0.0,24.0,50.0,33.0,38.0,6.0,1344.0,45.0,2.0,8.0,0.0,1.0,0.0,0.0,27.0,15.0,1605.0,1.0,0.0,47.0,127.0,43.0,57.0,9.0,1710.0,87.0,4.0,16.0,0.0,1.0,0.0,0.0,0.1,0.17,1.5,-0.01,0.0,1.41,4.7,0.03,0.03,0.08,2.5,0.63,0.03,0.25,0.0,-0.03,0.0,0.0,2.076923076923077,3.0,28.660714285714285,1.0,0.0,3.6153846153846154,5.521739130434782,3.909090909090909,9.5,3.0,38.86363636363637,4.35,2.0,2.6666666666666665,0.0,1.0,0.0
1218,0.0,47.86,0.22,39.09,0.0,0.0,0.0,14.29,0.49,0.15,25.77,2.91,17.06,0.73,0.0,0.0,0.0,0.0,0.0,14.0,3.0,47.0,0.0,0.0,0.0,12.0,9.0,1.0,4.0,21.0,13.0,1.0,0.0,0.0,0.0,0.0,0.0,105.0,10.0,1645.0,0.0,0.0,0.0,64.0,15.0,3.0,48.0,63.0,84.0,2.0,0.0,0.0,0.0,0.0,0.0,178.0,10.0,1934.0,0.0,0.0,0.0,162.0,27.0,3.0,90.0,77.0,158.0,9.0,0.0,0.0,0.0,0.0,0.0,3.42,0.07,0.83,0.0,0.0,0.0,1.19,0.05,0.15,6.44,0.14,1.31,0.73,0.0,0.0,0.0,0.0,0.0,12.714285714285714,3.3333333333333335,41.148936170212764,0.0,0.0,0.0,13.5,3.0,3.0,22.5,3.6666666666666665,12.153846153846153,9.0,0.0,0.0,0.0,0.0
1219,0.32,20.92,0.41,492.68,0.0,0.38,6.16,3.5,3.13,0.23,0.6,119.69,5.34,0.03,0.26,0.0,-0.1,0.0,3.0,9.0,9.0,68.0,1.0,2.0,12.0,25.0,21.0,7.0,5.0,35.0,18.0,1.0,2.0,0.0,1.0,0.0,4.0,46.0,16.0,110546.0,3.0,3.0,41.0,61.0,59.0,15.0,26.0,1220.0,71.0,1.0,3.0,0.0,2.0,0.0,6.0,73.0,22.0,111215.0,4.0,4.0,64.0,116.0,99.0,19.0,40.0,1502.0,86.0,3.0,3.0,0.0,2.0,0.0,0.11,2.32,0.05,7.25,0.0,0.19,0.51,0.14,0.15,0.03,0.12,3.42,0.3,0.03,0.13,0.0,-0.1,0.0,2.0,8.11111111111111,2.4444444444444446,1635.514705882353,4.0,2.0,5.333333333333333,4.64,4.714285714285714,2.7142857142857144,8.0,42.91428571428571,4.777777777777778,3.0,1.5,0.0,2.0,0.0
1220,0.02,5.82,3.66,419.45,0.0,0.5,20.16,72.68,33.77,2.19,4.16,97.21,4.77,4.78,6.91,0.0,0.0,0.0,2.0,14.0,11.0,128.0,0.0,3.0,21.0,51.0,36.0,10.0,8.0,56.0,22.0,6.0,5.0,0.0,0.0,0.0,2.0,108.0,32.0,11371.0,0.0,13.0,241.0,150.0,333.0,169.0,23.0,410.0,80.0,93.0,45.0,0.0,0.0,0.0,2.0,142.0,45.0,14726.0,0.0,19.0,305.0,267.0,585.0,190.0,61.0,710.0,138.0,132.0,72.0,0.0,0.0,0.0,0.01,0.42,0.33,3.28,0.0,0.17,0.96,1.43,0.94,0.22,0.52,1.74,0.22,0.8,1.38,0.0,0.0,0.0,1.0,10.142857142857142,4.090909090909091,115.046875,0.0,6.333333333333333,14.523809523809524,5.235294117647059,16.25,19.0,7.625,12.678571428571429,6.2727272727272725,22.0,14.4,0.0,0.0,0.0
1221,2.38,20.7,0.26,244.38,0.04,-3.89,3.23,160.29,84.88,129.19,8.07,217.87,18.7,0.12,75.46,0.04,0.04,0.1,4.0,17.0,4.0,93.0,1.0,4.0,11.0,28.0,23.0,35.0,6.0,40.0,29.0,4.0,4.0,1.0,2.0,1.0,12.0,72.0,12.0,8037.0,3.0,9.0,35.0,137.0,262.0,59.0,26.0,803.0,101.0,9.0,9.0,2.0,2.0,3.0,16.0,108.0,16.0,8548.0,3.0,14.0,50.0,306.0,568.0,406.0,43.0,1308.0,191.0,12.0,65.0,3.0,3.0,5.0,0.6,1.22,0.07,2.63,0.04,-0.97,0.29,5.72,3.69,3.69,1.35,5.45,0.64,0.03,18.87,0.04,0.02,0.1,4.0,6.352941176470588,4.0,91.91397849462365,3.0,3.5,4.545454545454546,10.928571428571429,24.695652173913043,11.6,7.166666666666667,32.7,6.586206896551724,3.0,16.25,3.0,1.5,5.0
1222,0.39,16.91,0.46,249.97,0.0,1.17,13.71,17.44,4.53,1.05,0.33,23.05,2.34,0.02,0.02,0.0,1.68,0.08,2.0,11.0,6.0,60.0,0.0,3.0,13.0,24.0,18.0,15.0,2.0,38.0,23.0,2.0,2.0,0.0,2.0,2.0,6.0,76.0,11.0,8267.0,0.0,24.0,40.0,40.0,87.0,48.0,3.0,322.0,78.0,2.0,2.0,0.0,4.0,3.0,10.0,111.0,16.0,9644.0,0.0,27.0,61.0,68.0,123.0,58.0,5.0,401.0,86.0,2.0,4.0,0.0,6.0,5.0,0.19,1.54,0.08,4.17,0.0,0.39,1.05,0.73,0.25,0.07,0.17,0.61,0.1,0.01,0.01,0.0,0.84,0.04,5.0,10.090909090909092,2.6666666666666665,160.73333333333332,0.0,9.0,4.6923076923076925,2.8333333333333335,6.833333333333333,3.8666666666666667,2.5,10.552631578947368,3.739130434782609,1.0,2.0,0.0,3.0,2.5
1223,-0.08,4.44,10.26,638.82,0.03,0.36,8.99,943.34,674.66,2.93,14.31,37.77,2.08,0.29,0.24,0.65,0.42,0.0,3.0,17.0,26.0,172.0,1.0,3.0,22.0,69.0,66.0,22.0,18.0,54.0,21.0,3.0,8.0,1.0,1.0,0.0,3.0,520.0,75.0,6771.0,2.0,10.0,74.0,519.0,2333.0,98.0,81.0,355.0,61.0,6.0,9.0,1.0,6.0,0.0,6.0,743.0,112.0,8748.0,3.0,23.0,112.0,1070.0,4855.0,121.0,171.0,727.0,96.0,7.0,15.0,1.0,9.0,0.0,-0.03,0.26,0.39,3.71,0.03,0.12,0.41,13.67,10.22,0.13,0.8,0.7,0.1,0.1,0.03,0.65,0.42,0.0,2.0,43.705882352941174,4.3076923076923075,50.86046511627907,3.0,7.666666666666667,5.090909090909091,15.507246376811594,73.56060606060606,5.5,9.5,13.462962962962964,4.571428571428571,2.3333333333333335,1.875,1.0,9.0,0.0
1224,0.0,38.9,1.58,96.93,0.0,0.34,2.69,26.91,1.06,20.26,1.21,10.09,0.57,0.0,0.16,0.08,0.1,0.0,0.0,14.0,4.0,78.0,0.0,3.0,11.0,22.0,20.0,26.0,3.0,29.0,10.0,0.0,3.0,1.0,1.0,0.0,0.0,81.0,16.0,1681.0,0.0,5.0,33.0,190.0,46.0,84.0,4.0,73.0,15.0,0.0,3.0,2.0,1.0,0.0,0.0,114.0,17.0,2040.0,0.0,8.0,50.0,436.0,74.0,130.0,19.0,134.0,21.0,0.0,4.0,2.0,1.0,0.0,0.0,2.78,0.39,1.24,0.0,0.11,0.24,1.22,0.05,0.78,0.4,0.35,0.06,0.0,0.05,0.08,0.1,0.0,0.0,8.142857142857142,4.25,26.153846153846153,0.0,2.6666666666666665,4.545454545454546,19.818181818181817,3.7,5.0,6.333333333333333,4.620689655172414,2.1,0.0,1.3333333333333333,2.0,1.0,0.0
1225,0.69,8.25,0.71,306.37,0.0,0.34,31.53,38.53,85.89,3.09,7.14,22.45,5.05,0.14,0.24,0.0,-0.08,0.0,5.0,18.0,17.0,125.0,1.0,2.0,13.0,57.0,41.0,25.0,10.0,35.0,28.0,2.0,8.0,0.0,2.0,0.0,10.0,133.0,24.0,4233.0,2.0,14.0,153.0,514.0,2002.0,116.0,31.0,171.0,83.0,2.0,10.0,0.0,2.0,0.0,24.0,257.0,45.0,5457.0,2.0,17.0,234.0,729.0,3825.0,147.0,171.0,312.0,145.0,2.0,13.0,0.0,2.0,0.0,0.14,0.46,0.04,2.45,0.0,0.17,2.43,0.68,2.09,0.12,0.71,0.64,0.18,0.07,0.03,0.0,-0.04,0.0,4.8,14.277777777777779,2.6470588235294117,43.656,2.0,8.5,18.0,12.789473684210526,93.29268292682927,5.88,17.1,8.914285714285715,5.178571428571429,1.0,1.625,0.0,1.0,0.0
1226,1.35,1.0,5.03,531.98,0.0,0.97,11.87,11.01,30.77,16.77,1.82,40.6,3.15,0.0,0.45,4.82,0.0,0.93,2.0,10.0,15.0,142.0,0.0,1.0,12.0,57.0,30.0,22.0,12.0,32.0,24.0,0.0,5.0,1.0,0.0,1.0,2.0,26.0,26.0,38930.0,0.0,2.0,22.0,214.0,191.0,35.0,30.0,440.0,56.0,0.0,12.0,2.0,0.0,4.0,2.0,41.0,34.0,41712.0,0.0,5.0,40.0,380.0,293.0,95.0,56.0,550.0,65.0,0.0,14.0,7.0,0.0,8.0,0.68,0.1,0.34,3.75,0.0,0.97,0.99,0.19,1.03,0.76,0.15,1.27,0.13,0.0,0.09,4.82,0.0,0.93,1.0,4.1,2.2666666666666666,293.7464788732394,0.0,5.0,3.3333333333333335,6.666666666666667,9.766666666666667,4.318181818181818,4.666666666666667,17.1875,2.7083333333333335,0.0,2.8,7.0,0.0,8.0
1227,1.16,12.14,5.09,161.37,0.0,27.05,20.51,47.58,44.45,14.85,2.64,13.51,17.98,0.06,5.84,1.36,3.95,0.04,8.0,12.0,17.0,93.0,0.0,8.0,25.0,44.0,36.0,32.0,7.0,32.0,22.0,1.0,9.0,2.0,5.0,2.0,9.0,143.0,45.0,7681.0,0.0,16.0,78.0,202.0,206.0,297.0,14.0,126.0,129.0,3.0,18.0,3.0,14.0,8.0,19.0,296.0,67.0,9746.0,0.0,52.0,118.0,368.0,455.0,394.0,34.0,185.0,213.0,3.0,48.0,9.0,31.0,11.0,0.15,1.01,0.3,1.74,0.0,3.38,0.82,1.08,1.23,0.46,0.38,0.42,0.82,0.06,0.65,0.68,0.79,0.02,2.375,24.666666666666668,3.9411764705882355,104.79569892473118,0.0,6.5,4.72,8.363636363636363,12.63888888888889,12.3125,4.857142857142857,5.78125,9.681818181818182,3.0,5.333333333333333,4.5,6.2,5.5
1228,0.25,0.28,3.15,212.73,-0.02,0.0,4.55,7.12,1.19,54.55,3.57,4.3,12.31,0.0,6.86,0.0,0.0,0.0,2.0,7.0,16.0,80.0,1.0,0.0,6.0,29.0,11.0,12.0,4.0,24.0,30.0,0.0,5.0,0.0,0.0,0.0,4.0,24.0,50.0,5029.0,1.0,0.0,36.0,226.0,66.0,84.0,36.0,72.0,124.0,0.0,18.0,0.0,0.0,0.0,7.0,38.0,88.0,5990.0,1.0,0.0,41.0,286.0,88.0,136.0,163.0,99.0,211.0,0.0,41.0,0.0,0.0,0.0,0.12,0.04,0.2,2.66,-0.02,0.0,0.76,0.25,0.11,4.55,0.89,0.18,0.41,0.0,1.37,0.0,0.0,0.0,3.5,5.428571428571429,5.5,74.875,1.0,0.0,6.833333333333333,9.862068965517242,8.0,11.333333333333334,40.75,4.125,7.033333333333333,0.0,8.2,0.0,0.0,0.0
1301,0.0,4.58,112.99,1032.02,0.0,0.01,-0.12,41.84,16.84,0.85,0.02,86.15,1.66,0.0,0.37,0.0,0.0,0.0,0.0,10.0,4.0,103.0,0.0,1.0,5.0,64.0,40.0,3.0,2.0,28.0,29.0,1.0,2.0,0.0,0.0,0.0,0.0,25.0,20.0,15925.0,0.0,1.0,14.0,438.0,202.0,5.0,2.0,708.0,53.0,1.0,13.0,0.0,0.0,0.0,0.0,51.0,39.0,17442.0,0.0,1.0,21.0,850.0,326.0,11.0,3.0,911.0,73.0,2.0,17.0,0.0,0.0,0.0,0.0,0.46,28.25,10.02,0.0,0.01,-0.02,0.65,0.42,0.28,0.01,3.08,0.06,0.0,0.18,0.0,0.0,0.0,0.0,5.1,9.75,169.3398058252427,0.0,1.0,4.2,13.28125,8.15,3.6666666666666665,1.5,32.535714285714285,2.5172413793103448,2.0,8.5,0.0,0.0,0.0
1302,0.0,10.09,0.12,726.18,0.0,23.8,0.24,10.0,2.89,1.64,1.41,9.24,1.2,4.71,14.94,0.0,0.0,0.0,0.0,29.0,4.0,147.0,0.0,1.0,1.0,21.0,12.0,4.0,3.0,17.0,13.0,1.0,1.0,0.0,0.0,0.0,0.0,100.0,11.0,3658.0,0.0,26.0,1.0,33.0,73.0,61.0,9.0,69.0,20.0,5.0,2.0,0.0,0.0,0.0,0.0,169.0,14.0,5153.0,0.0,171.0,4.0,55.0,90.0,65.0,39.0,89.0,30.0,24.0,8.0,0.0,0.0,0.0,0.0,0.35,0.03,4.94,0.0,23.8,0.24,0.48,0.24,0.41,0.47,0.54,0.09,4.71,14.94,0.0,0.0,0.0,0.0,5.827586206896552,3.5,35.054421768707485,0.0,171.0,4.0,2.619047619047619,7.5,16.25,13.0,5.235294117647059,2.3076923076923075,24.0,8.0,0.0,0.0,0.0
1303,0.0,2.73,0.22,268.17,0.0,1.08,3.34,30.19,0.46,0.23,10.02,9.54,16.8,0.0,0.01,0.0,0.0,0.0,0.0,17.0,5.0,92.0,0.0,3.0,12.0,17.0,7.0,3.0,8.0,28.0,14.0,0.0,3.0,0.0,0.0,0.0,0.0,45.0,6.0,601.0,0.0,5.0,35.0,95.0,15.0,4.0,12.0,112.0,21.0,0.0,6.0,0.0,0.0,0.0,0.0,68.0,11.0,1105.0,0.0,22.0,49.0,212.0,21.0,5.0,35.0,177.0,40.0,0.0,6.0,0.0,0.0,0.0,0.0,0.16,0.04,2.91,0.0,0.36,0.28,1.78,0.07,0.08,1.25,0.34,1.2,0.0,0.0,0.0,0.0,0.0,0.0,4.0,2.2,12.01086956521739,0.0,7.333333333333333,4.083333333333333,12.470588235294118,3.0,1.6666666666666667,4.375,6.321428571428571,2.857142857142857,0.0,2.0,0.0,0.0,0.0
1304,5.44,143.9,1.97,547.98,-0.01,0.73,216.01,83.41,84.14,35.7,18.69,28.29,16.82,0.46,16.7,0.03,4.09,0.0,4.0,25.0,8.0,139.0,2.0,2.0,66.0,36.0,29.0,21.0,12.0,44.0,29.0,5.0,9.0,1.0,2.0,4.0,16.0,369.0,41.0,5384.0,2.0,4.0,370.0,844.0,927.0,89.0,32.0,211.0,203.0,8.0,42.0,1.0,2.0,4.0,23.0,837.0,94.0,10444.0,2.0,10.0,604.0,1369.0,2044.0,121.0,74.0,383.0,405.0,20.0,133.0,2.0,5.0,4.0,1.36,5.76,0.25,3.94,-0.01,0.36,3.27,2.32,2.9,1.7,1.56,0.64,0.58,0.09,1.86,0.03,2.05,0.0,5.75,33.48,11.75,75.13669064748201,1.0,5.0,9.151515151515152,38.02777777777778,70.48275862068965,5.761904761904762,6.166666666666667,8.704545454545455,13.96551724137931,4.0,14.777777777777779,2.0,2.5,1.0
1305,8.06,68.62,16.66,1936.83,0.36,2.66,264.19,61.97,11.98,27.5,36.41,431.19,10.0,164.36,5.7,7.15,-1.29,-1.36,9.0,43.0,20.0,200.0,6.0,10.0,91.0,44.0,61.0,19.0,24.0,76.0,41.0,16.0,13.0,4.0,6.0,3.0,12.0,108.0,80.0,103242.0,14.0,15.0,574.0,241.0,239.0,128.0,64.0,738.0,136.0,62.0,27.0,5.0,8.0,9.0,30.0,201.0,154.0,105532.0,17.0,35.0,913.0,355.0,400.0,324.0,209.0,1446.0,218.0,171.0,69.0,13.0,14.0,14.0,0.9,1.6,0.83,9.68,0.06,0.27,2.9,1.41,0.2,1.45,1.52,5.67,0.24,10.27,0.44,1.79,-0.21,-0.45,3.3333333333333335,4.674418604651163,7.7,527.66,2.8333333333333335,3.5,10.032967032967033,8.068181818181818,6.557377049180328,17.05263157894737,8.708333333333334,19.026315789473685,5.317073170731708,10.6875,5.3076923076923075,3.25,2.3333333333333335,4.666666666666667
1306,0.43,77.18,0.87,341.94,0.0,0.46,47.42,50.53,14.46,12.38,18.12,83.86,16.69,0.31,1.07,0.0,0.0,0.0,3.0,31.0,10.0,156.0,0.0,7.0,53.0,31.0,42.0,20.0,10.0,55.0,37.0,6.0,11.0,0.0,0.0,0.0,6.0,102.0,20.0,11526.0,0.0,10.0,348.0,99.0,144.0,194.0,50.0,783.0,98.0,12.0,11.0,0.0,0.0,0.0,10.0,182.0,23.0,15969.0,0.0,16.0,577.0,186.0,242.0,225.0,98.0,1490.0,150.0,14.0,17.0,0.0,0.0,0.0,0.14,2.49,0.09,2.19,0.0,0.07,0.89,1.63,0.34,0.62,1.81,1.52,0.45,0.05,0.1,0.0,0.0,0.0,3.3333333333333335,5.870967741935484,2.3,102.36538461538461,0.0,2.2857142857142856,10.88679245283019,6.0,5.761904761904762,11.25,9.8,27.09090909090909,4.054054054054054,2.3333333333333335,1.5454545454545454,0.0,0.0,0.0
1307,0.18,203.37,2.59,907.05,2.03,8.98,50.22,61.84,20.81,1.2,10.74,56.54,23.43,22.9,4.22,1.5,0.81,0.0,2.0,25.0,16.0,169.0,3.0,4.0,49.0,27.0,27.0,10.0,16.0,38.0,37.0,3.0,8.0,2.0,1.0,0.0,2.0,98.0,31.0,4602.0,7.0,7.0,326.0,153.0,497.0,23.0,48.0,442.0,162.0,57.0,20.0,2.0,1.0,0.0,3.0,160.0,42.0,7648.0,8.0,18.0,563.0,256.0,1165.0,30.0,124.0,835.0,289.0,195.0,68.0,4.0,4.0,0.0,0.09,8.13,0.16,5.37,0.68,2.24,1.02,2.29,0.77,0.12,0.67,1.49,0.63,7.63,0.53,0.75,0.81,0.0,1.5,6.4,2.625,45.25443786982248,2.6666666666666665,4.5,11.489795918367347,9.481481481481481,43.148148148148145,3.0,7.75,21.973684210526315,7.8108108108108105,65.0,8.5,2.0,4.0,0.0
1308,0.0,64.42,0.0,403.92,0.0,0.35,0.15,8.64,0.6,0.01,0.28,11.59,1.35,0.09,0.15,0.0,0.0,0.0,0.0,26.0,0.0,108.0,0.0,1.0,1.0,11.0,6.0,2.0,3.0,21.0,12.0,1.0,2.0,0.0,0.0,0.0,0.0,102.0,0.0,12726.0,0.0,1.0,3.0,49.0,15.0,2.0,10.0,86.0,28.0,3.0,6.0,0.0,0.0,0.0,0.0,176.0,0.0,13372.0,0.0,5.0,3.0,76.0,23.0,2.0,16.0,129.0,43.0,4.0,8.0,0.0,0.0,0.0,0.0,2.48,0.0,3.74,0.0,0.35,0.15,0.79,0.1,0.01,0.09,0.55,0.11,0.09,0.07,0.0,0.0,0.0,0.0,6.769230769230769,0.0,123.81481481481481,0.0,5.0,3.0,6.909090909090909,3.8333333333333335,1.0,5.333333333333333,6.142857142857143,3.5833333333333335,4.0,4.0,0.0,0.0,0.0
1309,0.0,74.61,9.94,331.86,0.0,0.57,6.48,3.0,7.82,1.27,0.18,3.69,0.9,0.15,0.74,0.0,0.0,0.0,1.0,33.0,6.0,97.0,0.0,6.0,19.0,19.0,25.0,11.0,5.0,32.0,16.0,1.0,8.0,0.0,0.0,1.0,1.0,88.0,11.0,7504.0,0.0,8.0,66.0,72.0,235.0,37.0,5.0,135.0,31.0,1.0,11.0,0.0,0.0,2.0,1.0,142.0,14.0,9216.0,0.0,12.0,108.0,117.0,481.0,52.0,5.0,196.0,52.0,1.0,14.0,0.0,0.0,2.0,0.0,2.26,1.66,3.42,0.0,0.1,0.34,0.16,0.31,0.12,0.04,0.12,0.06,0.15,0.09,0.0,0.0,0.0,1.0,4.303030303030303,2.3333333333333335,95.01030927835052,0.0,2.0,5.684210526315789,6.157894736842105,19.24,4.7272727272727275,1.0,6.125,3.25,1.0,1.75,0.0,0.0,2.0
1310,0.0,11.11,1.13,148.5,0.0,1.01,38.46,164.47,1.76,8.33,15.78,15.79,14.44,0.14,0.48,0.0,0.0,0.0,0.0,35.0,5.0,62.0,0.0,4.0,13.0,13.0,17.0,3.0,6.0,26.0,11.0,2.0,1.0,0.0,0.0,0.0,0.0,158.0,8.0,2173.0,0.0,16.0,76.0,86.0,59.0,33.0,22.0,89.0,134.0,2.0,9.0,0.0,0.0,0.0,0.0,239.0,9.0,2461.0,0.0,18.0,109.0,182.0,93.0,39.0,40.0,157.0,188.0,7.0,10.0,0.0,0.0,0.0,0.0,0.32,0.23,2.4,0.0,0.25,2.96,12.65,0.1,2.78,2.63,0.61,1.31,0.07,0.48,0.0,0.0,0.0,0.0,6.828571428571428,1.8,39.693548387096776,0.0,4.5,8.384615384615385,14.0,5.470588235294118,13.0,6.666666666666667,6.038461538461538,17.09090909090909,3.5,10.0,0.0,0.0,0.0
1311,-0.05,9.77,0.81,4800.74,0.0,2.02,60.88,113.5,11.36,102.03,20.06,121.04,31.22,-0.25,14.59,0.0,0.14,0.0,2.0,19.0,11.0,174.0,1.0,12.0,32.0,44.0,29.0,14.0,19.0,61.0,35.0,9.0,10.0,0.0,1.0,0.0,2.0,62.0,20.0,2557.0,2.0,19.0,171.0,289.0,159.0,91.0,58.0,571.0,157.0,23.0,24.0,0.0,1.0,0.0,2.0,147.0,27.0,5133.0,4.0,41.0,292.0,420.0,296.0,175.0,226.0,973.0,366.0,84.0,120.0,0.0,2.0,0.0,-0.02,0.51,0.07,27.59,0.0,0.17,1.9,2.58,0.39,7.29,1.06,1.98,0.89,-0.03,1.46,0.0,0.14,0.0,1.0,7.7368421052631575,2.4545454545454546,29.5,4.0,3.4166666666666665,9.125,9.545454545454545,10.206896551724139,12.5,11.894736842105264,15.950819672131148,10.457142857142857,9.333333333333334,12.0,0.0,2.0,0.0
1312,0.0,207.19,0.07,763.37,0.0,0.36,0.87,1.95,0.57,0.13,0.16,33.72,0.96,0.38,0.0,0.0,0.0,79.7,0.0,17.0,3.0,88.0,0.0,1.0,6.0,6.0,18.0,4.0,3.0,51.0,9.0,2.0,0.0,0.0,0.0,1.0,0.0,185.0,4.0,5216.0,0.0,2.0,9.0,19.0,40.0,4.0,4.0,334.0,14.0,2.0,0.0,0.0,0.0,1.0,0.0,407.0,7.0,6157.0,0.0,6.0,10.0,51.0,57.0,6.0,5.0,459.0,19.0,9.0,0.0,0.0,0.0,8.0,0.0,12.19,0.02,8.67,0.0,0.36,0.15,0.32,0.03,0.03,0.05,0.66,0.11,0.19,0.0,0.0,0.0,79.7,0.0,23.941176470588236,2.3333333333333335,69.9659090909091,0.0,6.0,1.6666666666666667,8.5,3.1666666666666665,1.5,1.6666666666666667,9.0,2.111111111111111,4.5,0.0,0.0,0.0,8.0
1313,0.0,0.67,3.65,84.28,0.0,-0.1,17.48,16.03,18.85,0.52,6.6,15.1,4.7,0.0,0.34,0.0,0.0,0.02,1.0,22.0,11.0,87.0,0.0,3.0,10.0,26.0,17.0,6.0,7.0,32.0,24.0,0.0,2.0,0.0,0.0,1.0,1.0,42.0,21.0,792.0,0.0,4.0,35.0,193.0,125.0,32.0,15.0,91.0,53.0,0.0,5.0,0.0,0.0,2.0,1.0,67.0,28.0,1167.0,0.0,6.0,62.0,331.0,167.0,47.0,34.0,173.0,86.0,0.0,7.0,0.0,0.0,3.0,0.0,0.03,0.33,0.97,0.0,-0.03,1.75,0.62,1.11,0.09,0.94,0.47,0.2,0.0,0.17,0.0,0.0,0.02,1.0,3.0454545454545454,2.5454545454545454,13.413793103448276,0.0,2.0,6.2,12.73076923076923,9.823529411764707,7.833333333333333,4.857142857142857,5.40625,3.5833333333333335,0.0,3.5,0.0,0.0,3.0
1314,0.21,0.58,0.1,-9.79,0.0,0.05,62.6,1.26,1.33,0.18,0.12,-0.75,2.12,0.0,0.0,0.0,0.0,0.0,1.0,12.0,1.0,35.0,0.0,1.0,8.0,8.0,8.0,5.0,1.0,17.0,11.0,0.0,0.0,0.0,0.0,0.0,1.0,18.0,2.0,664.0,0.0,1.0,29.0,14.0,50.0,15.0,1.0,36.0,25.0,0.0,0.0,0.0,0.0,0.0,1.0,27.0,5.0,954.0,0.0,3.0,50.0,48.0,66.0,16.0,1.0,49.0,36.0,0.0,0.0,0.0,0.0,0.0,0.21,0.05,0.1,-0.28,0.0,0.05,7.83,0.16,0.17,0.04,0.12,-0.04,0.19,0.0,0.0,0.0,0.0,0.0,1.0,2.25,5.0,27.257142857142856,0.0,3.0,6.25,6.0,8.25,3.2,1.0,2.8823529411764706,3.272727272727273,0.0,0.0,0.0,0.0,0.0
1501,0.0,2.17,27.52,4907.39,0.54,45.01,36.81,95.06,11.02,31.67,65.72,51.4,144.83,0.21,18.83,0.0,0.0,0.0,0.0,11.0,52.0,460.0,3.0,5.0,14.0,92.0,40.0,16.0,26.0,64.0,76.0,2.0,6.0,0.0,0.0,0.0,0.0,19.0,102.0,34575.0,11.0,11.0,115.0,255.0,91.0,77.0,89.0,333.0,230.0,5.0,14.0,0.0,0.0,0.0,0.0,29.0,183.0,39123.0,17.0,57.0,217.0,468.0,217.0,116.0,264.0,482.0,413.0,9.0,30.0,0.0,0.0,0.0,0.0,0.2,0.53,10.67,0.18,9.0,2.63,1.03,0.28,1.98,2.53,0.8,1.91,0.11,3.14,0.0,0.0,0.0,0.0,2.6363636363636362,3.519230769230769,85.05,5.666666666666667,11.4,15.5,5.086956521739131,5.425,7.25,10.153846153846153,7.53125,5.434210526315789,4.5,5.0,0.0,0.0,0.0
1502,-0.13,1.67,9.24,997.17,0.0,0.0,1.71,22.75,1.99,0.25,0.6,17.63,45.95,1.08,0.33,1.27,0.0,0.0,2.0,28.0,32.0,180.0,1.0,0.0,3.0,43.0,7.0,5.0,11.0,28.0,57.0,4.0,2.0,2.0,0.0,0.0,2.0,39.0,46.0,8556.0,1.0,0.0,6.0,70.0,21.0,23.0,13.0,151.0,184.0,4.0,2.0,6.0,0.0,0.0,5.0,52.0,83.0,9918.0,1.0,0.0,9.0,180.0,34.0,34.0,38.0,190.0,331.0,9.0,2.0,9.0,0.0,0.0,-0.06,0.06,0.29,5.54,0.0,0.0,0.57,0.53,0.28,0.05,0.05,0.63,0.81,0.27,0.17,0.63,0.0,0.0,2.5,1.8571428571428572,2.59375,55.1,1.0,0.0,3.0,4.186046511627907,4.857142857142857,6.8,3.4545454545454546,6.785714285714286,5.807017543859649,2.25,1.0,4.5,0.0,0.0
1601,0.0,194.61,0.35,312.18,0.0,0.11,32.95,6.62,6.02,0.28,8.27,18.08,57.19,2.94,0.0,0.1,0.0,0.0,0.0,394.0,4.0,135.0,0.0,4.0,9.0,20.0,16.0,7.0,16.0,44.0,126.0,3.0,2.0,1.0,0.0,0.0,0.0,2769.0,6.0,2441.0,0.0,4.0,21.0,85.0,30.0,10.0,35.0,244.0,467.0,9.0,2.0,1.0,0.0,0.0,0.0,4323.0,8.0,3289.0,0.0,6.0,45.0,208.0,60.0,16.0,92.0,321.0,743.0,29.0,2.0,1.0,0.0,0.0,0.0,0.49,0.09,2.31,0.0,0.03,3.66,0.33,0.38,0.04,0.52,0.41,0.45,0.98,0.0,0.1,0.0,0.0,0.0,10.972081218274111,2.0,24.362962962962964,0.0,1.5,5.0,10.4,3.75,2.2857142857142856,5.75,7.295454545454546,5.896825396825397,9.666666666666666,1.0,1.0,0.0,0.0
1602,0.0,264.89,1.35,732.9,0.31,284.62,13.53,28.54,6.47,1.36,149.53,32.16,160.25,0.09,0.36,0.03,0.0,0.0,0.0,292.0,11.0,157.0,1.0,16.0,13.0,19.0,20.0,12.0,16.0,42.0,265.0,2.0,5.0,1.0,0.0,0.0,0.0,2082.0,31.0,18773.0,1.0,44.0,56.0,45.0,57.0,35.0,60.0,179.0,1090.0,7.0,6.0,2.0,0.0,0.0,0.0,3471.0,37.0,19998.0,3.0,181.0,96.0,88.0,112.0,43.0,182.0,281.0,1826.0,10.0,6.0,2.0,0.0,0.0,0.0,0.91,0.12,4.67,0.31,17.79,1.04,1.5,0.32,0.11,9.35,0.77,0.6,0.04,0.07,0.03,0.0,0.0,0.0,11.886986301369863,3.3636363636363638,127.37579617834395,3.0,11.3125,7.384615384615385,4.631578947368421,5.6,3.5833333333333335,11.375,6.690476190476191,6.890566037735849,5.0,1.2,2.0,0.0,0.0
1701,3.25,0.68,0.4,23.41,0.33,3153.95,200.49,3.59,0.16,0.19,0.07,22.98,6.61,0.13,0.24,0.0,-0.01,0.0,1.0,9.0,4.0,40.0,2.0,2.0,13.0,8.0,12.0,5.0,8.0,25.0,8.0,2.0,1.0,0.0,1.0,0.0,1.0,17.0,6.0,4450.0,2.0,2.0,232.0,30.0,19.0,13.0,8.0,84.0,124.0,3.0,6.0,0.0,2.0,0.0,5.0,21.0,6.0,4899.0,4.0,95.0,439.0,47.0,37.0,18.0,13.0,137.0,151.0,3.0,18.0,0.0,3.0,0.0,3.25,0.08,0.1,0.59,0.16,1576.97,15.42,0.45,0.01,0.04,0.01,0.92,0.83,0.07,0.24,0.0,-0.01,0.0,5.0,2.3333333333333335,1.5,122.475,2.0,47.5,33.76923076923077,5.875,3.0833333333333335,3.6,1.625,5.48,18.875,1.5,18.0,0.0,3.0,0.0
1702,0.03,127.8,0.43,117.63,0.0,0.13,2.91,0.48,15.3,-24.52,1.41,10.96,0.22,0.0,0.17,0.0,0.0,0.0,1.0,10.0,2.0,59.0,0.0,1.0,3.0,9.0,10.0,5.0,3.0,19.0,5.0,0.0,2.0,0.0,0.0,0.0,2.0,146.0,7.0,173490.0,0.0,1.0,11.0,12.0,205.0,8.0,10.0,115.0,7.0,0.0,2.0,0.0,0.0,0.0,2.0,225.0,8.0,173666.0,0.0,1.0,15.0,13.0,290.0,8.0,29.0,197.0,10.0,0.0,2.0,0.0,0.0,0.0,0.03,12.78,0.22,1.99,0.0,0.13,0.97,0.05,1.53,-4.9,0.47,0.58,0.04,0.0,0.08,0.0,0.0,0.0,2.0,22.5,4.0,2943.491525423729,0.0,1.0,5.0,1.4444444444444444,29.0,1.6,9.666666666666666,10.368421052631579,2.0,0.0,1.0,0.0,0.0,0.0
1703,0.0,90.81,4.44,263.69,0.0,0.54,1.76,3.52,10.12,0.93,28.85,37.86,2.72,0.55,0.37,0.0,-0.01,0.14,0.0,14.0,9.0,70.0,0.0,3.0,15.0,12.0,21.0,12.0,10.0,20.0,16.0,3.0,8.0,0.0,1.0,1.0,0.0,82.0,39.0,11825.0,0.0,11.0,43.0,57.0,390.0,69.0,51.0,280.0,34.0,8.0,12.0,0.0,1.0,1.0,0.0,122.0,44.0,12687.0,0.0,14.0,53.0,96.0,718.0,88.0,83.0,452.0,55.0,11.0,46.0,0.0,1.0,1.0,0.0,6.49,0.49,3.77,0.0,0.18,0.12,0.29,0.48,0.08,2.89,1.89,0.17,0.18,0.05,0.0,-0.01,0.14,0.0,8.714285714285714,4.888888888888889,181.24285714285713,0.0,4.666666666666667,3.533333333333333,8.0,34.19047619047619,7.333333333333333,8.3,22.6,3.4375,3.6666666666666665,5.75,0.0,1.0,1.0
1704,0.12,187.02,14.21,54.31,0.61,-0.0,13.93,0.27,0.7,0.22,5.18,14.44,0.09,0.0,0.02,0.0,0.0,0.0,1.0,7.0,4.0,35.0,2.0,1.0,10.0,11.0,4.0,5.0,2.0,21.0,6.0,0.0,1.0,0.0,0.0,0.0,2.0,138.0,9.0,310.0,4.0,1.0,29.0,20.0,31.0,19.0,76.0,117.0,7.0,0.0,1.0,0.0,0.0,0.0,2.0,195.0,30.0,470.0,6.0,1.0,38.0,27.0,52.0,25.0,97.0,179.0,8.0,0.0,1.0,0.0,0.0,0.0,0.12,26.72,3.55,1.55,0.3,-0.0,1.39,0.02,0.17,0.04,2.59,0.69,0.02,0.0,0.02,0.0,0.0,0.0,2.0,27.857142857142858,7.5,13.428571428571429,3.0,1.0,3.8,2.4545454545454546,13.0,5.0,48.5,8.523809523809524,1.3333333333333333,0.0,1.0,0.0,0.0,0.0
1705,0.0,0.33,8.35,2097.04,0.0,0.06,5.14,3.61,1.04,1.2,0.09,58.4,0.37,0.1,0.19,0.0,1.46,0.05,0.0,9.0,4.0,65.0,0.0,3.0,18.0,20.0,19.0,8.0,5.0,51.0,6.0,1.0,5.0,0.0,1.0,1.0,0.0,31.0,12.0,1199.0,0.0,4.0,42.0,74.0,61.0,29.0,5.0,268.0,14.0,1.0,6.0,0.0,3.0,2.0,0.0,46.0,23.0,2334.0,0.0,5.0,69.0,125.0,83.0,41.0,8.0,479.0,26.0,1.0,8.0,0.0,11.0,2.0,0.0,0.04,2.09,32.26,0.0,0.02,0.29,0.18,0.05,0.15,0.02,1.15,0.06,0.1,0.04,0.0,1.46,0.05,0.0,5.111111111111111,5.75,35.90769230769231,0.0,1.6666666666666667,3.8333333333333335,6.25,4.368421052631579,5.125,1.6,9.392156862745098,4.333333333333333,1.0,1.6,0.0,11.0,2.0
1706,0.0,22.46,0.38,535.28,0.02,9.48,13.96,4.32,1.93,49.33,0.17,69.67,3.89,0.79,3.35,0.1,0.05,-0.02,0.0,14.0,5.0,100.0,1.0,3.0,16.0,20.0,15.0,9.0,8.0,57.0,12.0,8.0,7.0,1.0,1.0,1.0,0.0,55.0,17.0,4566.0,1.0,154.0,76.0,56.0,48.0,129.0,10.0,211.0,84.0,23.0,18.0,1.0,2.0,2.0,0.0,74.0,21.0,5996.0,1.0,264.0,197.0,114.0,95.0,158.0,18.0,345.0,117.0,29.0,35.0,1.0,2.0,2.0,0.0,1.6,0.08,5.35,0.02,3.16,0.87,0.22,0.13,5.48,0.02,1.22,0.32,0.1,0.48,0.1,0.05,-0.02,0.0,5.285714285714286,4.2,59.96,1.0,88.0,12.3125,5.7,6.333333333333333,17.555555555555557,2.25,6.052631578947368,9.75,3.625,5.0,1.0,2.0,2.0
1707,12.66,259.15,5.21,5132.31,12.28,2.95,385.1,16.48,26.41,21.21,89.19,666.35,38.39,101.95,11.81,18.98,4.76,0.0,5.0,36.0,18.0,169.0,5.0,14.0,87.0,42.0,64.0,25.0,25.0,91.0,24.0,12.0,18.0,3.0,14.0,0.0,9.0,172.0,32.0,3491.0,11.0,41.0,455.0,194.0,241.0,101.0,99.0,444.0,88.0,261.0,29.0,11.0,27.0,0.0,20.0,256.0,40.0,6407.0,12.0,63.0,750.0,365.0,454.0,145.0,238.0,776.0,179.0,692.0,93.0,34.0,46.0,0.0,2.53,7.2,0.29,30.37,2.46,0.21,4.43,0.39,0.41,0.85,3.57,7.32,1.6,8.5,0.66,6.33,0.34,0.0,4.0,7.111111111111111,2.2222222222222223,37.9112426035503,2.4,4.5,8.620689655172415,8.69047619047619,7.09375,5.8,9.52,8.527472527472527,7.458333333333333,57.666666666666664,5.166666666666667,11.333333333333334,3.2857142857142856,0.0
1708,0.0,26.04,2.58,2923.68,-0.01,0.33,16.27,10.1,16.15,376.12,6.83,721.39,-0.85,0.18,3.12,0.5,0.0,0.0,1.0,23.0,15.0,145.0,1.0,3.0,31.0,33.0,34.0,14.0,8.0,71.0,20.0,5.0,8.0,1.0,0.0,0.0,1.0,267.0,23.0,13338.0,1.0,8.0,350.0,103.0,93.0,49.0,27.0,496.0,64.0,7.0,20.0,1.0,0.0,0.0,2.0,454.0,35.0,15571.0,1.0,14.0,444.0,170.0,162.0,201.0,62.0,786.0,103.0,10.0,26.0,1.0,0.0,0.0,0.0,1.13,0.17,20.16,-0.01,0.11,0.52,0.31,0.47,26.87,0.85,10.16,-0.04,0.04,0.39,0.5,0.0,0.0,2.0,19.73913043478261,2.3333333333333335,107.38620689655173,1.0,4.666666666666667,14.32258064516129,5.151515151515151,4.764705882352941,14.357142857142858,7.75,11.070422535211268,5.15,2.0,3.25,1.0,0.0,0.0
1709,1.62,3.38,27.83,1077.47,0.0,0.42,68.78,2.37,55.5,12.68,0.85,68.7,1.93,0.05,15.67,0.09,0.29,0.27,1.0,9.0,3.0,78.0,1.0,2.0,26.0,13.0,20.0,8.0,6.0,46.0,14.0,1.0,5.0,1.0,1.0,3.0,4.0,36.0,9.0,80903.0,3.0,16.0,214.0,31.0,98.0,171.0,27.0,189.0,49.0,1.0,19.0,1.0,1.0,5.0,9.0,42.0,19.0,82568.0,3.0,20.0,309.0,38.0,171.0,202.0,37.0,390.0,70.0,1.0,84.0,4.0,2.0,8.0,1.62,0.38,9.28,13.81,0.0,0.21,2.65,0.18,2.78,1.58,0.14,1.49,0.14,0.05,3.13,0.09,0.29,0.09,9.0,4.666666666666667,6.333333333333333,1058.5641025641025,3.0,10.0,11.884615384615385,2.923076923076923,8.55,25.25,6.166666666666667,8.478260869565217,5.0,1.0,16.8,4.0,2.0,2.6666666666666665
1710,18.67,81.52,-5.6,1261.2,0.02,6.11,260.75,65.54,40.05,114.8,358.03,1312.73,6.73,0.78,2.65,0.01,1.45,0.0,2.0,25.0,11.0,116.0,3.0,4.0,50.0,30.0,39.0,19.0,13.0,75.0,14.0,5.0,12.0,1.0,1.0,1.0,12.0,272.0,47.0,588977.0,3.0,33.0,1083.0,256.0,1121.0,904.0,887.0,2227.0,141.0,15.0,29.0,1.0,6.0,1.0,37.0,435.0,77.0,590008.0,3.0,48.0,1492.0,400.0,2403.0,1125.0,1027.0,4059.0,190.0,28.0,80.0,1.0,8.0,1.0,9.33,3.26,-0.51,10.87,0.01,1.53,5.22,2.18,1.03,6.04,27.54,17.5,0.48,0.16,0.22,0.01,1.45,0.0,18.5,17.4,7.0,5086.275862068966,1.0,12.0,29.84,13.333333333333334,61.61538461538461,59.21052631578947,79.0,54.12,13.571428571428571,5.6,6.666666666666667,1.0,8.0,1.0
1711,0.0,10.36,0.53,66.62,0.0,798.24,9.31,282.34,3.4,0.25,0.2,713.19,0.59,0.07,0.03,0.0,0.0,0.0,0.0,12.0,4.0,88.0,1.0,4.0,12.0,19.0,17.0,4.0,8.0,39.0,10.0,2.0,1.0,0.0,0.0,0.0,0.0,20.0,6.0,1729.0,1.0,4.0,59.0,47.0,76.0,28.0,9.0,326.0,24.0,2.0,1.0,0.0,0.0,0.0,0.0,29.0,6.0,2168.0,1.0,72.0,94.0,99.0,140.0,39.0,20.0,608.0,30.0,2.0,1.0,0.0,0.0,0.0,0.0,0.86,0.13,0.76,0.0,199.56,0.78,14.86,0.2,0.06,0.02,18.29,0.06,0.04,0.03,0.0,0.0,0.0,0.0,2.4166666666666665,1.5,24.636363636363637,1.0,18.0,7.833333333333333,5.2105263157894735,8.235294117647058,9.75,2.5,15.58974358974359,3.0,1.0,1.0,0.0,0.0,0.0
1712,0.0,8.46,0.03,774.97,0.0,0.0,-0.0,0.26,4.45,0.0,0.35,48.99,20.81,-0.02,0.0,0.0,0.0,0.0,0.0,33.0,1.0,91.0,0.0,0.0,2.0,3.0,21.0,3.0,2.0,24.0,23.0,1.0,1.0,0.0,0.0,0.0,0.0,125.0,4.0,893.0,0.0,0.0,2.0,5.0,128.0,5.0,4.0,68.0,66.0,3.0,1.0,0.0,0.0,0.0,0.0,159.0,8.0,1453.0,0.0,0.0,2.0,6.0,206.0,9.0,9.0,141.0,111.0,3.0,1.0,0.0,0.0,0.0,0.0,0.26,0.03,8.52,0.0,0.0,-0.0,0.09,0.21,0.0,0.18,2.04,0.9,-0.02,0.0,0.0,0.0,0.0,0.0,4.818181818181818,8.0,15.967032967032967,0.0,0.0,1.0,2.0,9.80952380952381,3.0,4.5,5.875,4.826086956521739,3.0,1.0,0.0,0.0,0.0
1713,0.0,7.44,0.89,287.18,0.65,0.72,16.54,26.55,3.84,0.37,13.62,24.04,2.39,0.0,8.72,0.65,-0.06,0.0,0.0,25.0,4.0,123.0,5.0,6.0,15.0,10.0,16.0,2.0,11.0,27.0,25.0,0.0,11.0,1.0,1.0,2.0,0.0,124.0,12.0,1918.0,11.0,18.0,47.0,87.0,123.0,3.0,94.0,86.0,216.0,0.0,23.0,1.0,1.0,3.0,0.0,189.0,26.0,2497.0,15.0,27.0,79.0,136.0,247.0,3.0,211.0,143.0,292.0,0.0,58.0,1.0,1.0,3.0,0.0,0.3,0.22,2.33,0.13,0.12,1.1,2.66,0.24,0.18,1.24,0.89,0.1,0.0,0.79,0.65,-0.06,0.0,0.0,7.56,6.5,20.30081300813008,3.0,4.5,5.266666666666667,13.6,15.4375,1.5,19.181818181818183,5.296296296296297,11.68,0.0,5.2727272727272725,1.0,1.0,1.5
1714,0.0,0.67,0.82,48.06,0.0,0.01,0.36,0.62,0.56,-0.02,0.02,11.33,0.5,0.0,0.07,0.0,0.0,0.0,0.0,13.0,7.0,51.0,0.0,1.0,5.0,9.0,7.0,3.0,2.0,20.0,12.0,0.0,2.0,0.0,0.0,0.0,0.0,34.0,10.0,1033.0,0.0,2.0,13.0,26.0,37.0,7.0,2.0,100.0,19.0,0.0,3.0,0.0,0.0,0.0,0.0,45.0,14.0,1299.0,0.0,2.0,19.0,29.0,53.0,10.0,2.0,131.0,28.0,0.0,3.0,0.0,0.0,0.0,0.0,0.05,0.12,0.94,0.0,0.01,0.07,0.07,0.08,-0.01,0.01,0.57,0.04,0.0,0.04,0.0,0.0,0.0,0.0,3.4615384615384617,2.0,25.470588235294116,0.0,2.0,3.8,3.2222222222222223,7.571428571428571,3.3333333333333335,1.0,6.55,2.3333333333333335,0.0,1.5,0.0,0.0,0.0
1715,0.0,11.27,0.58,46.15,0.0,0.0,0.42,0.19,3.26,0.0,6.62,8.19,0.66,0.09,0.03,0.0,0.0,0.0,0.0,15.0,3.0,79.0,0.0,0.0,5.0,3.0,20.0,0.0,2.0,20.0,11.0,1.0,1.0,0.0,0.0,0.0,0.0,62.0,4.0,869.0,0.0,0.0,8.0,6.0,104.0,0.0,9.0,82.0,23.0,1.0,2.0,0.0,0.0,0.0,0.0,90.0,4.0,1006.0,0.0,0.0,10.0,9.0,233.0,0.0,20.0,137.0,34.0,2.0,2.0,0.0,0.0,0.0,0.0,0.75,0.19,0.58,0.0,0.0,0.08,0.06,0.16,0.0,3.31,0.41,0.06,0.09,0.03,0.0,0.0,0.0,0.0,6.0,1.3333333333333333,12.734177215189874,0.0,0.0,2.0,3.0,11.65,0.0,10.0,6.85,3.090909090909091,2.0,2.0,0.0,0.0,0.0
1716,0.0,0.83,0.18,43.87,0.0,0.0,0.17,0.27,4.51,0.0,0.62,5.57,0.87,0.0,0.29,0.0,0.0,0.0,0.0,9.0,4.0,56.0,0.0,0.0,3.0,3.0,12.0,1.0,1.0,18.0,10.0,1.0,1.0,0.0,0.0,0.0,0.0,110.0,5.0,5875.0,0.0,0.0,8.0,7.0,52.0,1.0,7.0,57.0,16.0,1.0,2.0,0.0,0.0,0.0,0.0,131.0,6.0,6333.0,0.0,0.0,8.0,8.0,116.0,1.0,18.0,105.0,27.0,7.0,3.0,0.0,0.0,0.0,0.0,0.09,0.04,0.78,0.0,0.0,0.06,0.09,0.38,0.0,0.62,0.31,0.09,0.0,0.29,0.0,0.0,0.0,0.0,14.555555555555555,1.5,113.08928571428571,0.0,0.0,2.6666666666666665,2.6666666666666665,9.666666666666666,1.0,18.0,5.833333333333333,2.7,7.0,3.0,0.0,0.0,0.0
1717,0.0,14.66,0.24,1758.57,0.0,1.86,0.38,14.23,5.19,2.5,0.52,13.29,21.93,0.0,0.37,0.0,0.0,0.0,0.0,16.0,5.0,100.0,0.0,4.0,5.0,9.0,29.0,3.0,3.0,31.0,15.0,0.0,1.0,0.0,0.0,0.0,0.0,88.0,7.0,57807.0,0.0,4.0,17.0,61.0,106.0,9.0,15.0,156.0,132.0,0.0,1.0,0.0,0.0,0.0,0.0,150.0,10.0,59539.0,0.0,5.0,23.0,130.0,207.0,17.0,24.0,241.0,186.0,0.0,1.0,0.0,0.0,0.0,0.0,0.92,0.05,17.59,0.0,0.47,0.08,1.58,0.18,0.83,0.17,0.43,1.46,0.0,0.37,0.0,0.0,0.0,0.0,9.375,2.0,595.39,0.0,1.25,4.6,14.444444444444445,7.137931034482759,5.666666666666667,8.0,7.774193548387097,12.4,0.0,1.0,0.0,0.0,0.0
1801,0.0,7.67,0.18,61.94,0.0,0.0,0.22,0.38,2.59,0.11,9.27,4.54,1.29,0.03,0.0,0.0,0.0,0.0,0.0,7.0,2.0,48.0,0.0,0.0,2.0,6.0,9.0,2.0,3.0,21.0,16.0,1.0,0.0,0.0,0.0,0.0,0.0,31.0,8.0,5533.0,0.0,0.0,2.0,11.0,37.0,2.0,11.0,91.0,35.0,3.0,0.0,0.0,0.0,0.0,0.0,60.0,16.0,7609.0,0.0,0.0,3.0,13.0,72.0,2.0,25.0,125.0,57.0,4.0,0.0,0.0,0.0,0.0,0.0,1.1,0.09,1.29,0.0,0.0,0.11,0.06,0.29,0.05,3.09,0.22,0.08,0.03,0.0,0.0,0.0,0.0,0.0,8.571428571428571,8.0,158.52083333333334,0.0,0.0,1.5,2.1666666666666665,8.0,1.0,8.333333333333334,5.9523809523809526,3.5625,4.0,0.0,0.0,0.0,0.0
1802,0.25,2.89,0.0,2579.8,0.0,0.0,1.04,0.45,0.04,0.0,0.08,35.46,2.47,2.48,1.51,0.0,0.0,0.0,1.0,10.0,1.0,72.0,0.0,0.0,6.0,9.0,6.0,1.0,2.0,15.0,11.0,2.0,4.0,0.0,0.0,0.0,1.0,39.0,1.0,11848.0,0.0,0.0,37.0,16.0,9.0,1.0,3.0,292.0,30.0,8.0,9.0,0.0,0.0,0.0,3.0,58.0,1.0,14100.0,0.0,0.0,62.0,21.0,21.0,1.0,8.0,413.0,48.0,15.0,17.0,0.0,0.0,0.0,0.25,0.29,0.0,35.83,0.0,0.0,0.17,0.05,0.01,0.0,0.04,2.36,0.22,1.24,0.38,0.0,0.0,0.0,3.0,5.8,1.0,195.83333333333334,0.0,0.0,10.333333333333334,2.3333333333333335,3.5,1.0,4.0,27.533333333333335,4.363636363636363,7.5,4.25,0.0,0.0,0.0
1803,0.0,7.68,2.04,807.3,0.0,0.2,1.8,0.63,0.75,0.33,0.5,20.38,1.28,0.0,79.79,0.0,0.0,0.0,0.0,12.0,10.0,77.0,1.0,1.0,4.0,9.0,5.0,3.0,3.0,32.0,8.0,0.0,4.0,0.0,0.0,0.0,0.0,41.0,18.0,7002.0,2.0,1.0,7.0,25.0,16.0,4.0,3.0,295.0,17.0,0.0,21.0,0.0,0.0,0.0,0.0,59.0,33.0,8877.0,2.0,6.0,12.0,32.0,28.0,7.0,9.0,479.0,23.0,0.0,66.0,0.0,0.0,0.0,0.0,0.64,0.2,10.48,0.0,0.2,0.45,0.07,0.15,0.11,0.17,0.64,0.16,0.0,19.95,0.0,0.0,0.0,0.0,4.916666666666667,3.3,115.28571428571429,2.0,6.0,3.0,3.5555555555555554,5.6,2.3333333333333335,3.0,14.96875,2.875,0.0,16.5,0.0,0.0,0.0
1804,0.17,1.3,2.28,223.08,0.01,1.07,4.15,2.78,0.9,1.06,18.43,13.36,1.09,0.17,1.6,0.38,0.0,0.0,1.0,12.0,5.0,48.0,2.0,3.0,10.0,9.0,15.0,5.0,4.0,20.0,9.0,3.0,7.0,1.0,0.0,0.0,1.0,44.0,13.0,492.0,9.0,5.0,33.0,18.0,29.0,20.0,125.0,63.0,44.0,4.0,16.0,1.0,0.0,0.0,1.0,59.0,23.0,711.0,11.0,7.0,49.0,27.0,43.0,32.0,178.0,86.0,60.0,6.0,41.0,2.0,0.0,0.0,0.17,0.11,0.46,4.65,0.0,0.36,0.42,0.31,0.06,0.21,4.61,0.67,0.12,0.06,0.23,0.38,0.0,0.0,1.0,4.916666666666667,4.6,14.8125,5.5,2.3333333333333335,4.9,3.0,2.8666666666666667,6.4,44.5,4.3,6.666666666666667,2.0,5.857142857142857,2.0,0.0,0.0
1805,0.0,61.5,1.53,76.74,0.0,2.36,14.75,2.6,152.72,2.64,0.03,47.3,2.72,0.1,0.28,0.0,0.0,0.0,0.0,13.0,3.0,66.0,0.0,1.0,16.0,10.0,16.0,3.0,2.0,42.0,11.0,1.0,4.0,0.0,0.0,0.0,0.0,148.0,3.0,297.0,0.0,1.0,33.0,43.0,1492.0,4.0,3.0,236.0,32.0,1.0,6.0,0.0,0.0,0.0,0.0,330.0,7.0,446.0,0.0,3.0,42.0,71.0,4261.0,11.0,5.0,384.0,41.0,2.0,9.0,0.0,0.0,0.0,0.0,4.73,0.51,1.16,0.0,2.36,0.92,0.26,9.55,0.88,0.02,1.13,0.25,0.1,0.07,0.0,0.0,0.0,0.0,25.384615384615383,2.3333333333333335,6.757575757575758,0.0,3.0,2.625,7.1,266.3125,3.6666666666666665,2.5,9.142857142857142,3.727272727272727,2.0,2.25,0.0,0.0,0.0
1806,0.0,0.12,0.01,728.53,0.0,0.0,0.31,1.03,0.65,0.08,0.09,47.51,1.33,0.06,0.0,0.0,-0.11,0.0,0.0,4.0,8.0,45.0,0.0,0.0,3.0,9.0,10.0,2.0,4.0,23.0,6.0,2.0,0.0,0.0,1.0,0.0,0.0,4.0,13.0,711.0,0.0,0.0,10.0,13.0,21.0,7.0,5.0,349.0,7.0,3.0,0.0,0.0,1.0,0.0,0.0,7.0,19.0,1100.0,0.0,0.0,13.0,23.0,36.0,7.0,7.0,505.0,18.0,4.0,0.0,0.0,1.0,0.0,0.0,0.03,0.0,16.19,0.0,0.0,0.1,0.11,0.06,0.04,0.02,2.07,0.22,0.03,0.0,0.0,-0.11,0.0,0.0,1.75,2.375,24.444444444444443,0.0,0.0,4.333333333333333,2.5555555555555554,3.6,3.5,1.75,21.956521739130434,3.0,2.0,0.0,0.0,1.0,0.0
1807,0.0,2.02,20.47,2710.11,0.44,0.09,511.39,46.37,23.47,0.26,0.67,186.84,1.83,1.05,2.36,0.03,0.0,0.0,0.0,23.0,20.0,169.0,4.0,2.0,31.0,25.0,42.0,7.0,11.0,99.0,16.0,6.0,12.0,1.0,0.0,2.0,0.0,112.0,67.0,14608.0,5.0,12.0,525.0,115.0,546.0,27.0,15.0,1221.0,42.0,10.0,38.0,1.0,0.0,2.0,0.0,150.0,126.0,17588.0,8.0,17.0,943.0,199.0,943.0,33.0,63.0,2050.0,68.0,21.0,72.0,1.0,0.0,3.0,0.0,0.09,1.02,16.04,0.11,0.04,16.5,1.85,0.56,0.04,0.06,1.89,0.11,0.17,0.2,0.03,0.0,0.0,0.0,6.521739130434782,6.3,104.07100591715977,2.0,8.5,30.419354838709676,7.96,22.452380952380953,4.714285714285714,5.7272727272727275,20.707070707070706,4.25,3.5,6.0,1.0,0.0,1.5
1808,0.0,166.46,0.82,727.57,0.0,0.23,-0.82,42.51,7.59,0.1,0.0,21.84,0.26,4.27,12.55,0.0,0.0,0.0,0.0,20.0,3.0,105.0,0.0,4.0,6.0,7.0,24.0,4.0,1.0,18.0,12.0,1.0,2.0,0.0,0.0,0.0,0.0,103.0,7.0,2866.0,0.0,7.0,56.0,31.0,176.0,22.0,1.0,72.0,16.0,1.0,3.0,0.0,0.0,0.0,0.0,193.0,14.0,3432.0,0.0,11.0,60.0,45.0,336.0,25.0,1.0,102.0,25.0,3.0,36.0,0.0,0.0,0.0,0.0,8.32,0.27,6.93,0.0,0.06,-0.14,6.07,0.32,0.02,0.0,1.21,0.02,4.27,6.28,0.0,0.0,0.0,0.0,9.65,4.666666666666667,32.68571428571428,0.0,2.75,10.0,6.428571428571429,14.0,6.25,1.0,5.666666666666667,2.0833333333333335,3.0,18.0,0.0,0.0,0.0
1809,-0.0,61.94,3.91,221.93,1.0,0.12,4.04,20.11,2.48,0.06,-0.01,120.17,2.17,0.0,14.09,0.0,0.0,0.5,1.0,16.0,11.0,77.0,1.0,2.0,8.0,8.0,12.0,3.0,4.0,28.0,11.0,0.0,2.0,0.0,0.0,1.0,2.0,108.0,17.0,867.0,1.0,3.0,44.0,28.0,33.0,15.0,4.0,592.0,34.0,0.0,21.0,0.0,0.0,1.0,2.0,213.0,40.0,1459.0,1.0,3.0,67.0,58.0,49.0,19.0,5.0,1068.0,52.0,0.0,108.0,0.0,0.0,1.0,-0.0,3.87,0.36,2.88,1.0,0.06,0.51,2.51,0.21,0.02,-0.0,4.29,0.2,0.0,7.05,0.0,0.0,0.5,2.0,13.3125,3.6363636363636362,18.948051948051948,1.0,1.5,8.375,7.25,4.083333333333333,6.333333333333333,1.25,38.142857142857146,4.7272727272727275,0.0,54.0,0.0,0.0,1.0
1901,0.0,15.09,0.31,1242.83,18.24,0.11,12.75,1.99,13.42,23.92,9.18,26.95,49.38,0.57,24.1,0.0,0.0,0.0,1.0,27.0,6.0,117.0,2.0,1.0,11.0,12.0,19.0,3.0,5.0,38.0,23.0,2.0,7.0,0.0,0.0,1.0,1.0,65.0,11.0,1556.0,4.0,1.0,91.0,41.0,124.0,121.0,23.0,208.0,124.0,3.0,12.0,0.0,0.0,1.0,1.0,114.0,15.0,2739.0,12.0,1.0,126.0,72.0,202.0,142.0,33.0,349.0,250.0,5.0,28.0,0.0,0.0,1.0,0.0,0.56,0.05,10.62,9.12,0.11,1.16,0.17,0.71,7.97,1.84,0.71,2.15,0.29,3.44,0.0,0.0,0.0,1.0,4.222222222222222,2.5,23.41025641025641,6.0,1.0,11.454545454545455,6.0,10.631578947368421,47.333333333333336,6.6,9.18421052631579,10.869565217391305,2.5,4.0,0.0,0.0,1.0
1902,0.0,33.05,0.12,3612.39,2.37,0.0,-0.03,80.12,0.58,0.21,6.23,17.04,13.26,0.0,0.88,0.0,0.0,0.0,0.0,20.0,3.0,69.0,1.0,1.0,3.0,11.0,6.0,5.0,9.0,31.0,16.0,0.0,6.0,0.0,0.0,0.0,0.0,84.0,3.0,2985.0,1.0,1.0,7.0,96.0,19.0,12.0,26.0,214.0,23.0,0.0,9.0,0.0,0.0,0.0,0.0,131.0,3.0,6510.0,1.0,1.0,11.0,178.0,46.0,25.0,44.0,265.0,36.0,0.0,16.0,0.0,0.0,0.0,0.0,1.65,0.04,52.35,2.37,0.0,-0.01,7.28,0.1,0.04,0.69,0.55,0.83,0.0,0.15,0.0,0.0,0.0,0.0,6.55,1.0,94.34782608695652,1.0,1.0,3.6666666666666665,16.181818181818183,7.666666666666667,5.0,4.888888888888889,8.548387096774194,2.25,0.0,2.6666666666666665,0.0,0.0,0.0
1903,0.0,10.92,1.19,106.74,0.49,0.02,20.91,1.81,7.22,0.13,0.39,41.91,2.99,0.03,0.47,0.0,-0.2,0.0,0.0,35.0,7.0,85.0,1.0,2.0,14.0,10.0,10.0,3.0,4.0,41.0,19.0,1.0,1.0,0.0,2.0,0.0,0.0,208.0,14.0,32249.0,1.0,2.0,72.0,27.0,26.0,95.0,9.0,142.0,31.0,3.0,1.0,0.0,4.0,0.0,0.0,281.0,25.0,32495.0,3.0,2.0,119.0,62.0,80.0,100.0,18.0,260.0,47.0,4.0,2.0,0.0,7.0,0.0,0.0,0.31,0.17,1.26,0.49,0.01,1.49,0.18,0.72,0.04,0.1,1.02,0.16,0.03,0.47,0.0,-0.1,0.0,0.0,8.028571428571428,3.5714285714285716,382.29411764705884,3.0,1.0,8.5,6.2,8.0,33.333333333333336,4.5,6.341463414634147,2.473684210526316,4.0,2.0,0.0,3.5,0.0
1904,0.0,16.35,2.09,134.07,-0.0,0.63,29.18,44.18,4.56,0.36,22.07,17.97,31.84,0.57,2.72,0.49,0.01,2.9,0.0,37.0,2.0,51.0,1.0,4.0,6.0,15.0,9.0,2.0,6.0,38.0,17.0,1.0,4.0,1.0,1.0,1.0,0.0,176.0,15.0,443.0,1.0,19.0,180.0,40.0,44.0,10.0,21.0,160.0,266.0,3.0,33.0,8.0,1.0,5.0,0.0,243.0,23.0,629.0,1.0,28.0,234.0,75.0,79.0,13.0,61.0,218.0,347.0,3.0,61.0,8.0,2.0,7.0,0.0,0.44,1.05,2.63,-0.0,0.16,4.86,2.95,0.51,0.18,3.68,0.47,1.87,0.57,0.68,0.49,0.01,2.9,0.0,6.5675675675675675,11.5,12.333333333333334,1.0,7.0,39.0,5.0,8.777777777777779,6.5,10.166666666666666,5.7368421052631575,20.41176470588235,3.0,15.25,8.0,2.0,7.0
2001,0.0,68.15,0.86,133.26,0.0,0.0,32.9,1.4,2.18,0.78,9.4,7.16,16.09,28.85,5.88,0.65,0.0,0.5,0.0,31.0,9.0,111.0,0.0,2.0,11.0,5.0,5.0,4.0,7.0,8.0,36.0,2.0,6.0,1.0,1.0,1.0,0.0,197.0,18.0,4199.0,0.0,4.0,90.0,15.0,33.0,6.0,35.0,25.0,99.0,8.0,11.0,1.0,1.0,1.0,0.0,312.0,27.0,4524.0,0.0,4.0,175.0,34.0,77.0,8.0,66.0,71.0,178.0,26.0,34.0,1.0,1.0,2.0,0.0,2.2,0.1,1.2,0.0,0.0,2.99,0.28,0.44,0.19,1.34,0.89,0.45,14.43,0.98,0.65,0.0,0.5,0.0,10.064516129032258,3.0,40.75675675675676,0.0,2.0,15.909090909090908,6.8,15.4,2.0,9.428571428571429,8.875,4.944444444444445,13.0,5.666666666666667,1.0,1.0,2.0
2002,1.58,50.89,0.98,278.05,0.29,0.0,3.35,5.25,22.89,0.33,-0.5,1682.98,8.3,3.97,3.37,0.0,0.0,0.0,1.0,21.0,6.0,151.0,1.0,0.0,10.0,12.0,17.0,3.0,5.0,29.0,31.0,3.0,2.0,0.0,0.0,0.0,1.0,212.0,26.0,8706.0,1.0,0.0,35.0,31.0,44.0,5.0,9.0,181.0,52.0,5.0,2.0,0.0,0.0,0.0,3.0,344.0,36.0,9574.0,3.0,0.0,44.0,64.0,133.0,7.0,31.0,533.0,100.0,11.0,133.0,0.0,0.0,0.0,1.58,2.42,0.16,1.84,0.29,0.0,0.33,0.44,1.35,0.11,-0.1,58.03,0.27,1.32,1.69,0.0,0.0,0.0,3.0,16.38095238095238,6.0,63.40397350993378,3.0,0.0,4.4,5.333333333333333,7.823529411764706,2.3333333333333335,6.2,18.379310344827587,3.225806451612903,3.6666666666666665,66.5,0.0,0.0,0.0
2003,14.7,63.24,11.6,529.58,4.9,1966.47,36.58,3.15,10.5,1.02,172.4,73.7,7.84,39.01,4.21,0.02,0.0,6.47,2.0,36.0,5.0,155.0,4.0,4.0,28.0,22.0,38.0,10.0,15.0,69.0,26.0,7.0,3.0,1.0,0.0,2.0,4.0,203.0,66.0,2896.0,19.0,4.0,237.0,40.0,239.0,24.0,83.0,836.0,47.0,21.0,3.0,1.0,0.0,6.0,14.0,381.0,129.0,3810.0,31.0,80.0,455.0,64.0,459.0,40.0,245.0,1524.0,90.0,91.0,36.0,1.0,0.0,15.0,7.35,1.76,2.32,3.42,1.23,491.62,1.31,0.14,0.28,0.1,11.49,1.07,0.3,5.57,1.4,0.02,0.0,3.23,7.0,10.583333333333334,25.8,24.580645161290324,7.75,20.0,16.25,2.909090909090909,12.078947368421053,4.0,16.333333333333332,22.08695652173913,3.4615384615384617,13.0,12.0,1.0,0.0,7.5
2004,0.0,48.28,3.9,1525.1,0.01,0.02,3.07,385.77,10.7,0.24,142.93,44.53,13.84,0.03,4.93,0.0,0.0,0.0,0.0,11.0,8.0,150.0,1.0,1.0,6.0,20.0,18.0,8.0,6.0,44.0,20.0,2.0,8.0,0.0,0.0,0.0,0.0,77.0,20.0,13851.0,7.0,1.0,18.0,153.0,76.0,12.0,39.0,184.0,59.0,2.0,28.0,0.0,0.0,0.0,0.0,131.0,34.0,17384.0,8.0,2.0,36.0,382.0,143.0,19.0,77.0,271.0,88.0,2.0,66.0,0.0,0.0,0.0,0.0,4.39,0.49,10.17,0.01,0.02,0.51,19.29,0.59,0.03,23.82,1.01,0.69,0.01,0.62,0.0,0.0,0.0,0.0,11.909090909090908,4.25,115.89333333333333,8.0,2.0,6.0,19.1,7.944444444444445,2.375,12.833333333333334,6.159090909090909,4.4,1.0,8.25,0.0,0.0,0.0
2101,-0.01,1.75,0.01,279.77,0.43,78.66,1.95,1.17,0.66,0.01,2.36,75.54,1.7,0.0,0.0,0.0,0.0,0.0,1.0,14.0,3.0,85.0,1.0,3.0,4.0,11.0,9.0,3.0,1.0,14.0,9.0,0.0,0.0,0.0,0.0,0.0,1.0,45.0,3.0,1275.0,1.0,6.0,23.0,19.0,13.0,4.0,1.0,54.0,25.0,0.0,0.0,0.0,0.0,0.0,1.0,64.0,5.0,1842.0,3.0,42.0,36.0,33.0,17.0,6.0,2.0,133.0,34.0,0.0,0.0,0.0,0.0,0.0,-0.01,0.12,0.0,3.29,0.43,26.22,0.49,0.11,0.07,0.0,2.36,5.4,0.19,0.0,0.0,0.0,0.0,0.0,1.0,4.571428571428571,1.6666666666666667,21.67058823529412,3.0,14.0,9.0,3.0,1.8888888888888888,2.0,2.0,9.5,3.7777777777777777,0.0,0.0,0.0,0.0,0.0
2102,0.0,3.93,0.05,214.36,0.0,0.0,-0.0,0.11,0.37,0.22,0.24,12.81,1.06,0.01,0.0,0.0,0.0,0.0,0.0,9.0,1.0,67.0,1.0,0.0,1.0,8.0,10.0,2.0,2.0,16.0,11.0,1.0,1.0,0.0,0.0,0.0,0.0,34.0,2.0,1075.0,2.0,0.0,1.0,13.0,21.0,8.0,3.0,89.0,21.0,1.0,1.0,0.0,0.0,0.0,0.0,45.0,2.0,1627.0,2.0,0.0,1.0,19.0,37.0,12.0,6.0,164.0,35.0,3.0,3.0,0.0,0.0,0.0,0.0,0.44,0.05,3.2,0.0,0.0,-0.0,0.01,0.04,0.11,0.12,0.8,0.1,0.01,0.0,0.0,0.0,0.0,0.0,5.0,2.0,24.28358208955224,2.0,0.0,1.0,2.375,3.7,6.0,3.0,10.25,3.1818181818181817,3.0,3.0,0.0,0.0,0.0
2103,2.83,25.86,1.8,16747.02,0.0,4.82,29.0,2.88,175.36,2.82,1.64,461.79,13.07,2.8,1.98,4.17,1.27,0.09,1.0,14.0,23.0,129.0,0.0,7.0,17.0,7.0,24.0,8.0,7.0,78.0,20.0,5.0,6.0,1.0,2.0,1.0,3.0,101.0,47.0,53244.0,0.0,41.0,87.0,253.0,638.0,70.0,24.0,1549.0,61.0,15.0,28.0,1.0,6.0,5.0,9.0,209.0,70.0,55823.0,0.0,98.0,130.0,587.0,1917.0,82.0,36.0,2846.0,111.0,27.0,77.0,3.0,14.0,5.0,2.83,1.85,0.08,129.82,0.0,0.69,1.71,0.41,7.31,0.35,0.23,5.92,0.65,0.56,0.33,4.17,0.63,0.09,9.0,14.928571428571429,3.0434782608695654,432.73643410852713,0.0,14.0,7.647058823529412,83.85714285714286,79.875,10.25,5.142857142857143,36.48717948717949,5.55,5.4,12.833333333333334,3.0,7.0,5.0
2104,0.0,2.98,1.29,81.53,0.0,0.05,0.02,3.04,2.3,0.48,0.44,10.9,1.15,0.0,0.11,0.0,0.0,0.0,0.0,9.0,3.0,43.0,0.0,1.0,3.0,9.0,11.0,1.0,1.0,22.0,7.0,0.0,4.0,0.0,0.0,0.0,0.0,25.0,5.0,348.0,0.0,2.0,3.0,22.0,44.0,1.0,2.0,104.0,14.0,0.0,4.0,0.0,0.0,0.0,0.0,47.0,5.0,524.0,0.0,2.0,3.0,34.0,56.0,2.0,3.0,140.0,19.0,0.0,6.0,0.0,0.0,0.0,0.0,0.33,0.43,1.9,0.0,0.05,0.01,0.34,0.21,0.48,0.44,0.5,0.16,0.0,0.03,0.0,0.0,0.0,0.0,5.222222222222222,1.6666666666666667,12.186046511627907,0.0,2.0,1.0,3.7777777777777777,5.090909090909091,2.0,3.0,6.363636363636363,2.7142857142857144,0.0,1.5,0.0,0.0,0.0
2105,0.0,8.39,0.15,460.67,-1.11,1.73,3.0,31.02,15.69,0.45,50.68,11.4,0.65,0.0,0.01,0.0,0.0,0.0,0.0,25.0,6.0,63.0,1.0,2.0,1.0,17.0,31.0,4.0,1.0,13.0,8.0,0.0,1.0,0.0,0.0,0.0,0.0,161.0,8.0,1723.0,1.0,15.0,28.0,27.0,172.0,10.0,2.0,64.0,13.0,0.0,2.0,0.0,0.0,0.0,0.0,260.0,9.0,2242.0,1.0,22.0,47.0,111.0,446.0,14.0,5.0,106.0,16.0,0.0,6.0,0.0,0.0,0.0,0.0,0.34,0.03,7.31,-1.11,0.86,3.0,1.82,0.51,0.11,50.68,0.88,0.08,0.0,0.01,0.0,0.0,0.0,0.0,10.4,1.5,35.58730158730159,1.0,11.0,47.0,6.529411764705882,14.387096774193548,3.5,5.0,8.153846153846153,2.0,0.0,6.0,0.0,0.0,0.0
2106,0.5,20.93,1.17,2823.1,0.0,0.55,17.56,4.81,83.86,19.0,11.17,44.25,8.6,73.36,11.72,0.0,0.25,0.0,2.0,24.0,8.0,105.0,0.0,4.0,21.0,21.0,46.0,13.0,11.0,38.0,14.0,1.0,4.0,0.0,1.0,1.0,2.0,204.0,18.0,3334.0,0.0,4.0,101.0,96.0,1277.0,106.0,51.0,229.0,148.0,22.0,25.0,0.0,16.0,1.0,6.0,306.0,29.0,5643.0,0.0,5.0,133.0,176.0,1884.0,129.0,113.0,309.0,223.0,63.0,56.0,0.0,19.0,1.0,0.25,0.87,0.15,26.89,0.0,0.14,0.84,0.23,1.82,1.46,1.02,1.16,0.61,73.36,2.93,0.0,0.25,0.0,3.0,12.75,3.625,53.74285714285714,0.0,1.25,6.333333333333333,8.380952380952381,40.95652173913044,9.923076923076923,10.272727272727273,8.131578947368421,15.928571428571429,63.0,14.0,0.0,19.0,1.0
2201,0.0,31.54,309.74,1686.93,0.01,280.37,22.81,246.94,9.44,2.27,16.0,92.89,17.78,0.08,0.48,0.0,0.0,0.0,0.0,31.0,19.0,151.0,1.0,4.0,9.0,74.0,28.0,4.0,7.0,32.0,39.0,1.0,4.0,0.0,0.0,0.0,0.0,201.0,42.0,7622.0,2.0,50.0,78.0,248.0,103.0,4.0,40.0,215.0,88.0,1.0,4.0,0.0,0.0,0.0,0.0,310.0,70.0,9546.0,3.0,127.0,130.0,571.0,209.0,7.0,88.0,394.0,143.0,1.0,4.0,0.0,0.0,0.0,0.0,1.02,16.3,11.17,0.01,70.09,2.53,3.34,0.34,0.57,2.29,2.9,0.46,0.08,0.12,0.0,0.0,0.0,0.0,10.0,3.6842105263157894,63.21854304635762,3.0,31.75,14.444444444444445,7.716216216216216,7.464285714285714,1.75,12.571428571428571,12.3125,3.6666666666666665,1.0,1.0,0.0,0.0,0.0
2202,8.47,39.21,1.85,1720.88,0.24,0.35,8.38,35.32,16.51,22.31,105.48,11.77,31.23,10.65,61.09,0.0,0.0,0.0,2.0,35.0,11.0,166.0,2.0,3.0,13.0,57.0,27.0,13.0,15.0,40.0,31.0,6.0,6.0,0.0,0.0,0.0,9.0,156.0,25.0,1398.0,3.0,3.0,38.0,190.0,85.0,38.0,185.0,93.0,102.0,24.0,32.0,0.0,0.0,0.0,18.0,229.0,51.0,2384.0,5.0,4.0,73.0,447.0,158.0,72.0,516.0,184.0,156.0,40.0,237.0,0.0,0.0,0.0,4.24,1.12,0.17,10.37,0.12,0.12,0.64,0.62,0.61,1.72,7.03,0.29,1.01,1.77,10.18,0.0,0.0,0.0,9.0,6.542857142857143,4.636363636363637,14.36144578313253,2.5,1.3333333333333333,5.615384615384615,7.842105263157895,5.851851851851852,5.538461538461538,34.4,4.6,5.032258064516129,6.666666666666667,39.5,0.0,0.0,0.0
2203,0.0,197.66,1.26,468.97,0.0,0.03,155.99,15.49,6.3,0.16,13.7,44.08,65.52,0.1,0.0,0.0,0.0,0.0,0.0,18.0,13.0,85.0,0.0,2.0,4.0,44.0,19.0,4.0,6.0,17.0,47.0,2.0,0.0,0.0,0.0,0.0,0.0,142.0,28.0,7391.0,0.0,2.0,15.0,154.0,76.0,7.0,142.0,105.0,108.0,2.0,0.0,0.0,0.0,0.0,0.0,263.0,46.0,7748.0,0.0,5.0,38.0,262.0,163.0,9.0,250.0,163.0,160.0,4.0,0.0,0.0,0.0,0.0,0.0,10.98,0.1,5.52,0.0,0.02,39.0,0.35,0.33,0.04,2.28,2.59,1.39,0.05,0.0,0.0,0.0,0.0,0.0,14.61111111111111,3.5384615384615383,91.15294117647059,0.0,2.5,9.5,5.954545454545454,8.578947368421053,2.25,41.666666666666664,9.588235294117647,3.404255319148936,2.0,0.0,0.0,0.0,0.0
2204,0.0,5.69,0.51,148.93,0.0,0.0,13.8,4.14,2.18,0.02,0.49,25.47,0.69,0.03,0.0,0.0,0.0,0.0,0.0,31.0,7.0,107.0,0.0,0.0,4.0,5.0,18.0,1.0,4.0,38.0,11.0,2.0,0.0,0.0,0.0,0.0,0.0,102.0,18.0,726.0,0.0,0.0,5.0,18.0,62.0,1.0,7.0,184.0,16.0,2.0,0.0,0.0,0.0,0.0,0.0,150.0,27.0,1072.0,0.0,0.0,13.0,57.0,85.0,1.0,8.0,242.0,22.0,4.0,0.0,0.0,0.0,0.0,0.0,0.18,0.07,1.39,0.0,0.0,3.45,0.83,0.12,0.02,0.12,0.67,0.06,0.01,0.0,0.0,0.0,0.0,0.0,4.838709677419355,3.857142857142857,10.018691588785046,0.0,0.0,3.25,11.4,4.722222222222222,1.0,2.0,6.368421052631579,2.0,2.0,0.0,0.0,0.0,0.0
2205,0.0,11.25,0.0,200.21,-5.45,0.0,1.47,1.05,24.45,0.02,0.0,13.55,11.15,0.0,0.0,0.0,0.0,0.0,0.0,29.0,1.0,68.0,1.0,0.0,4.0,15.0,25.0,1.0,2.0,26.0,30.0,0.0,0.0,0.0,0.0,0.0,0.0,92.0,1.0,33205.0,1.0,0.0,5.0,23.0,187.0,5.0,2.0,112.0,64.0,0.0,0.0,0.0,0.0,0.0,0.0,148.0,2.0,33461.0,1.0,0.0,10.0,45.0,347.0,7.0,3.0,171.0,109.0,0.0,0.0,0.0,0.0,0.0,0.0,0.39,0.0,2.94,-5.45,0.0,0.37,0.07,0.98,0.02,0.0,0.52,0.37,0.0,0.0,0.0,0.0,0.0,0.0,5.103448275862069,2.0,492.0735294117647,1.0,0.0,2.5,3.0,13.88,7.0,1.5,6.576923076923077,3.6333333333333333,0.0,0.0,0.0,0.0,0.0
2206,0.0,18.95,0.56,1323.53,0.01,2.05,9.24,106.43,3.89,0.03,5.37,25.94,33.61,11.57,3.96,0.0,0.0,0.0,1.0,32.0,8.0,99.0,2.0,2.0,15.0,46.0,27.0,4.0,10.0,25.0,35.0,6.0,8.0,0.0,0.0,0.0,1.0,134.0,26.0,4150.0,3.0,6.0,20.0,181.0,68.0,7.0,32.0,144.0,101.0,22.0,15.0,0.0,0.0,0.0,1.0,259.0,57.0,5321.0,4.0,18.0,40.0,318.0,120.0,11.0,125.0,338.0,218.0,82.0,57.0,0.0,0.0,0.0,0.0,0.59,0.07,13.37,0.01,1.02,0.62,2.31,0.14,0.01,0.54,1.04,0.96,1.93,0.5,0.0,0.0,0.0,1.0,8.09375,7.125,53.74747474747475,2.0,9.0,2.6666666666666665,6.913043478260869,4.444444444444445,2.75,12.5,13.52,6.228571428571429,13.666666666666666,7.125,0.0,0.0,0.0
2301,5.18,16.71,5.32,5418.02,0.0,0.0,3.14,7.21,9.33,1.22,1.28,37.68,11.45,7.25,9.1,0.0,0.0,0.0,1.0,17.0,19.0,102.0,1.0,0.0,14.0,22.0,25.0,8.0,10.0,39.0,25.0,6.0,3.0,0.0,0.0,0.0,1.0,58.0,49.0,18986.0,4.0,0.0,85.0,79.0,95.0,37.0,15.0,154.0,34.0,9.0,13.0,0.0,0.0,0.0,7.0,103.0,70.0,20267.0,4.0,0.0,94.0,143.0,185.0,64.0,62.0,250.0,79.0,28.0,34.0,0.0,0.0,0.0,5.18,0.98,0.28,53.12,0.0,0.0,0.22,0.33,0.37,0.15,0.13,0.97,0.46,1.21,3.03,0.0,0.0,0.0,7.0,6.0588235294117645,3.6842105263157894,198.69607843137254,4.0,0.0,6.714285714285714,6.5,7.4,8.0,6.2,6.410256410256411,3.16,4.666666666666667,11.333333333333334,0.0,0.0,0.0
2302,-0.03,10.74,1.81,371.86,-0.02,0.0,31.63,3.6,4.1,0.0,2.99,36.93,179.72,0.06,0.48,0.0,0.0,0.0,1.0,21.0,15.0,71.0,1.0,0.0,4.0,29.0,11.0,3.0,6.0,29.0,32.0,1.0,2.0,0.0,0.0,0.0,1.0,39.0,29.0,2906.0,1.0,0.0,97.0,61.0,27.0,3.0,10.0,241.0,94.0,3.0,5.0,0.0,0.0,0.0,3.0,71.0,50.0,3191.0,1.0,0.0,121.0,89.0,47.0,4.0,28.0,362.0,158.0,3.0,8.0,0.0,0.0,0.0,-0.03,0.51,0.12,5.24,-0.02,0.0,7.91,0.12,0.37,0.0,0.5,1.27,5.62,0.06,0.24,0.0,0.0,0.0,3.0,3.380952380952381,3.3333333333333335,44.943661971830984,1.0,0.0,30.25,3.0689655172413794,4.2727272727272725,1.3333333333333333,4.666666666666667,12.482758620689655,4.9375,3.0,4.0,0.0,0.0,0.0
2401,0.0,26.12,9.21,1218.14,0.0,24.21,177.28,304.66,43.32,73.24,9.58,16.78,29.72,0.21,41.14,0.0,0.55,0.01,3.0,25.0,26.0,199.0,1.0,2.0,33.0,43.0,24.0,17.0,9.0,48.0,44.0,3.0,17.0,0.0,2.0,2.0,4.0,104.0,47.0,5383.0,1.0,6.0,275.0,714.0,250.0,69.0,28.0,227.0,106.0,4.0,25.0,0.0,4.0,2.0,4.0,173.0,67.0,7962.0,1.0,13.0,383.0,1188.0,413.0,128.0,59.0,352.0,170.0,5.0,66.0,0.0,12.0,2.0,0.0,1.04,0.35,6.12,0.0,12.11,5.37,7.09,1.81,4.31,1.06,0.35,0.68,0.07,2.42,0.0,0.28,0.0,1.3333333333333333,6.92,2.576923076923077,40.01005025125628,1.0,6.5,11.606060606060606,27.627906976744185,17.208333333333332,7.529411764705882,6.555555555555555,7.333333333333333,3.8636363636363638,1.6666666666666667,3.8823529411764706,0.0,6.0,1.0
2402,62.21,6.09,5.91,2683.88,7.07,4.24,480.1,183.15,37.28,2.74,22.0,32.18,8.99,267.38,2.87,0.05,0.91,0.0,7.0,29.0,17.0,192.0,5.0,10.0,100.0,61.0,49.0,27.0,23.0,51.0,39.0,8.0,15.0,1.0,3.0,0.0,139.0,88.0,33.0,10712.0,9.0,29.0,324.0,210.0,206.0,219.0,75.0,411.0,149.0,193.0,29.0,2.0,3.0,0.0,341.0,116.0,58.0,13793.0,16.0,48.0,668.0,456.0,427.0,286.0,165.0,680.0,266.0,714.0,69.0,2.0,6.0,0.0,8.89,0.21,0.35,13.98,1.41,0.42,4.8,3.0,0.76,0.1,0.96,0.63,0.23,33.42,0.19,0.05,0.3,0.0,48.714285714285715,4.0,3.411764705882353,71.83854166666667,3.2,4.8,6.68,7.475409836065574,8.714285714285714,10.592592592592593,7.173913043478261,13.333333333333334,6.82051282051282,89.25,4.6,2.0,2.0,0.0
2403,19.38,89.32,95.33,10429.7,23.46,30.73,1190.44,690.19,208.29,143.65,274.04,218.55,122.69,7.56,1918.42,2.65,51.07,30.14,32.0,94.0,84.0,558.0,15.0,37.0,217.0,152.0,120.0,94.0,79.0,130.0,110.0,16.0,59.0,9.0,9.0,12.0,65.0,424.0,479.0,9013.0,26.0,102.0,1207.0,1134.0,819.0,945.0,321.0,836.0,569.0,41.0,456.0,21.0,19.0,20.0,138.0,600.0,683.0,18760.0,46.0,238.0,2106.0,2100.0,1615.0,1364.0,949.0,1531.0,918.0,99.0,1516.0,33.0,61.0,41.0,0.61,0.95,1.13,18.69,1.56,0.83,5.49,4.54,1.74,1.53,3.47,1.68,1.12,0.47,32.52,0.29,5.67,2.51,4.3125,6.382978723404255,8.130952380952381,33.62007168458781,3.066666666666667,6.4324324324324325,9.705069124423963,13.81578947368421,13.458333333333334,14.51063829787234,12.012658227848101,11.776923076923078,8.345454545454546,6.1875,25.694915254237287,3.6666666666666665,6.777777777777778,3.4166666666666665
2404,47.15,85.42,676.22,2589.82,8.1,48.09,433.1,497.61,212.53,278.23,236.92,85.97,163.37,8.45,1861.78,17.27,19.55,-7.05,44.0,80.0,92.0,399.0,16.0,33.0,183.0,107.0,89.0,87.0,92.0,61.0,88.0,18.0,58.0,11.0,6.0,16.0,70.0,206.0,596.0,68828.0,29.0,219.0,1165.0,575.0,520.0,593.0,431.0,244.0,334.0,99.0,333.0,41.0,16.0,68.0,149.0,354.0,1191.0,74081.0,49.0,447.0,2181.0,1040.0,1092.0,1045.0,1437.0,378.0,766.0,256.0,1276.0,78.0,31.0,97.0,1.07,1.07,7.35,6.49,0.51,1.46,2.37,4.65,2.39,3.2,2.58,1.41,1.86,0.47,32.1,1.57,3.26,-0.44,3.3863636363636362,4.425,12.945652173913043,185.66666666666666,3.0625,13.545454545454545,11.918032786885245,9.719626168224298,12.269662921348315,12.011494252873563,15.619565217391305,6.19672131147541,8.704545454545455,14.222222222222221,22.0,7.090909090909091,5.166666666666667,6.0625
2405,-0.19,62.32,21.93,6007.1,3.35,4.41,99.92,71.97,54.53,140.94,15.92,141.08,97.13,3.89,27.2,9.33,1.11,2.76,29.0,57.0,49.0,416.0,6.0,14.0,79.0,71.0,66.0,51.0,35.0,43.0,56.0,10.0,22.0,4.0,1.0,2.0,38.0,168.0,106.0,5348.0,8.0,31.0,219.0,250.0,203.0,178.0,85.0,241.0,183.0,15.0,54.0,13.0,4.0,12.0,62.0,323.0,170.0,15019.0,19.0,61.0,420.0,502.0,471.0,408.0,295.0,442.0,366.0,56.0,172.0,46.0,9.0,24.0,-0.01,1.09,0.45,14.44,0.56,0.32,1.26,1.01,0.83,2.76,0.45,3.28,1.73,0.39,1.24,2.33,1.11,1.38,2.1379310344827585,5.666666666666667,3.4693877551020407,36.10336538461539,3.1666666666666665,4.357142857142857,5.3164556962025316,7.070422535211268,7.136363636363637,8.0,8.428571428571429,10.279069767441861,6.535714285714286,5.6,7.818181818181818,11.5,9.0,12.0
2406,8.86,137.03,160.68,4096.93,5.56,8380.84,3303.33,572.19,70.26,61.53,931.07,127.02,138.69,8.85,156.78,543.87,-0.46,6.26,21.0,50.0,64.0,312.0,6.0,18.0,198.0,86.0,76.0,68.0,42.0,82.0,64.0,19.0,24.0,2.0,4.0,9.0,27.0,159.0,986.0,6431.0,7.0,48.0,1685.0,392.0,243.0,360.0,83.0,594.0,248.0,61.0,65.0,2.0,6.0,21.0,53.0,268.0,1214.0,10936.0,11.0,465.0,3051.0,938.0,462.0,526.0,483.0,908.0,449.0,148.0,288.0,28.0,9.0,46.0,0.42,2.74,2.51,13.13,0.93,465.6,16.68,6.65,0.92,0.9,22.17,1.55,2.17,0.47,6.53,271.94,-0.12,0.7,2.5238095238095237,5.36,18.96875,35.05128205128205,1.8333333333333333,25.833333333333332,15.409090909090908,10.906976744186046,6.078947368421052,7.735294117647059,11.5,11.073170731707316,7.015625,7.7894736842105265,12.0,14.0,2.25,5.111111111111111
2407,94.05,10.98,27.37,2018.47,6.2,1.5,987.07,230.45,45.5,80.83,53.35,125.75,26.42,3.28,474.38,1.26,0.77,5.99,18.0,38.0,44.0,235.0,7.0,9.0,137.0,65.0,34.0,34.0,38.0,69.0,32.0,5.0,19.0,1.0,2.0,5.0,73.0,197.0,85.0,3485.0,8.0,13.0,977.0,900.0,308.0,289.0,90.0,346.0,115.0,7.0,37.0,1.0,6.0,46.0,142.0,278.0,166.0,6004.0,25.0,19.0,1846.0,1461.0,522.0,530.0,197.0,582.0,200.0,22.0,163.0,4.0,10.0,66.0,5.23,0.29,0.62,8.59,0.89,0.17,7.2,3.55,1.34,2.38,1.4,1.82,0.83,0.66,24.97,1.26,0.39,1.2,7.888888888888889,7.315789473684211,3.772727272727273,25.548936170212766,3.5714285714285716,2.111111111111111,13.474452554744525,22.476923076923075,15.352941176470589,15.588235294117647,5.184210526315789,8.434782608695652,6.25,4.4,8.578947368421053,4.0,5.0,13.2
2408,2040.81,509.71,345.86,8696.78,365.42,411.35,4180.76,1344.69,1249.24,327.39,273.79,13201.44,299.82,55.63,200.06,23.04,106.28,14.06,125.0,145.0,147.0,518.0,44.0,54.0,524.0,181.0,141.0,185.0,115.0,125.0,145.0,37.0,44.0,20.0,22.0,24.0,490.0,676.0,796.0,18671.0,165.0,207.0,6660.0,1932.0,1025.0,2407.0,356.0,1018.0,595.0,199.0,257.0,50.0,157.0,52.0,1253.0,1201.0,1705.0,30411.0,504.0,500.0,10972.0,3519.0,2385.0,3195.0,893.0,1688.0,1193.0,633.0,520.0,109.0,320.0,128.0,16.33,3.52,2.35,16.79,8.3,7.62,7.98,7.43,8.86,1.77,2.38,105.61,2.07,1.5,4.55,1.15,4.83,0.59,10.024,8.282758620689656,11.598639455782314,58.70849420849421,11.454545454545455,9.25925925925926,20.938931297709924,19.441988950276244,16.914893617021278,17.27027027027027,7.765217391304348,13.504,8.227586206896552,17.10810810810811,11.818181818181818,5.45,14.545454545454545,5.333333333333333
2501,0.75,36.49,2.52,931.46,0.0,0.06,0.05,3.14,18.58,0.07,4.39,103.57,111.87,0.1,0.07,0.0,0.0,0.0,2.0,8.0,8.0,123.0,0.0,2.0,2.0,18.0,13.0,4.0,6.0,33.0,24.0,1.0,3.0,0.0,0.0,0.0,12.0,45.0,11.0,3577.0,0.0,3.0,3.0,55.0,283.0,5.0,8.0,320.0,55.0,3.0,6.0,0.0,0.0,0.0,23.0,98.0,16.0,4750.0,0.0,3.0,4.0,96.0,612.0,6.0,17.0,577.0,158.0,4.0,11.0,0.0,0.0,0.0,0.38,4.56,0.31,7.57,0.0,0.03,0.02,0.17,1.43,0.02,0.73,3.14,4.66,0.1,0.02,0.0,0.0,0.0,11.5,12.25,2.0,38.61788617886179,0.0,1.5,2.0,5.333333333333333,47.07692307692308,1.5,2.8333333333333335,17.484848484848484,6.583333333333333,4.0,3.6666666666666665,0.0,0.0,0.0
2502,0.22,1.78,0.97,516.83,0.0,5.06,239.71,16.36,130.44,0.63,5.24,25.93,10.86,20.75,2.61,0.0,1.56,0.0,3.0,16.0,11.0,138.0,1.0,5.0,33.0,29.0,23.0,11.0,15.0,50.0,39.0,9.0,11.0,0.0,1.0,1.0,3.0,42.0,29.0,2870.0,1.0,14.0,226.0,87.0,224.0,54.0,116.0,163.0,82.0,18.0,24.0,0.0,1.0,1.0,5.0,70.0,39.0,3842.0,1.0,30.0,362.0,157.0,546.0,69.0,143.0,237.0,122.0,35.0,38.0,0.0,2.0,1.0,0.07,0.11,0.09,3.75,0.0,1.01,7.26,0.56,5.67,0.06,0.35,0.52,0.28,2.31,0.24,0.0,1.56,0.0,1.6666666666666667,4.375,3.5454545454545454,27.840579710144926,1.0,6.0,10.969696969696969,5.413793103448276,23.73913043478261,6.2727272727272725,9.533333333333333,4.74,3.128205128205128,3.888888888888889,3.4545454545454546,0.0,2.0,1.0
2503,18.24,12.94,15.15,4277.88,0.25,2.33,125.71,106.78,3.33,0.4,313.36,141.3,13.33,98.21,12.3,0.0,0.16,0.0,4.0,30.0,29.0,255.0,1.0,3.0,61.0,49.0,20.0,15.0,35.0,69.0,36.0,16.0,37.0,0.0,1.0,0.0,10.0,108.0,70.0,23030.0,1.0,24.0,525.0,314.0,108.0,75.0,210.0,1427.0,107.0,183.0,114.0,0.0,1.0,0.0,22.0,148.0,105.0,26785.0,1.0,31.0,670.0,541.0,178.0,86.0,738.0,2293.0,171.0,511.0,184.0,0.0,2.0,0.0,4.56,0.43,0.52,16.78,0.25,0.78,2.06,2.18,0.17,0.03,8.95,2.05,0.37,6.14,0.33,0.0,0.16,0.0,5.5,4.933333333333334,3.6206896551724137,105.03921568627452,1.0,10.333333333333334,10.98360655737705,11.040816326530612,8.9,5.733333333333333,21.085714285714285,33.231884057971016,4.75,31.9375,4.972972972972973,0.0,2.0,0.0
2504,0.0,5.21,1.67,633.52,0.0,2.24,108.74,12.85,6.02,0.61,1.38,30.93,6.82,2.99,2.6,0.0,1.85,0.0,0.0,10.0,15.0,144.0,0.0,6.0,45.0,25.0,22.0,16.0,10.0,46.0,17.0,4.0,12.0,0.0,3.0,0.0,0.0,95.0,22.0,2736.0,0.0,11.0,442.0,81.0,137.0,213.0,22.0,285.0,34.0,58.0,28.0,0.0,5.0,0.0,0.0,120.0,33.0,3776.0,0.0,14.0,578.0,118.0,345.0,274.0,37.0,486.0,77.0,99.0,47.0,0.0,9.0,0.0,0.0,0.52,0.11,4.4,0.0,0.37,2.42,0.51,0.27,0.04,0.14,0.67,0.4,0.75,0.22,0.0,0.62,0.0,0.0,12.0,2.2,26.22222222222222,0.0,2.3333333333333335,12.844444444444445,4.72,15.681818181818182,17.125,3.7,10.565217391304348,4.529411764705882,24.75,3.9166666666666665,0.0,3.0,0.0
2505,389.28,7.01,27.53,5162.17,14.16,26.49,342.17,97.83,20.36,24.32,72.91,653.27,101.68,200.27,181.16,0.22,0.01,0.03,8.0,27.0,31.0,240.0,6.0,13.0,121.0,52.0,39.0,33.0,47.0,91.0,53.0,21.0,33.0,4.0,3.0,3.0,49.0,76.0,110.0,5425.0,17.0,23.0,522.0,223.0,282.0,185.0,269.0,507.0,222.0,547.0,333.0,8.0,3.0,5.0,175.0,105.0,171.0,9678.0,32.0,68.0,789.0,417.0,447.0,270.0,459.0,891.0,447.0,2162.0,421.0,8.0,4.0,12.0,48.66,0.26,0.89,21.51,2.36,2.04,2.83,1.88,0.52,0.74,1.55,7.18,1.92,9.54,5.49,0.06,0.0,0.01,21.875,3.888888888888889,5.516129032258065,40.325,5.333333333333333,5.230769230769231,6.520661157024794,8.01923076923077,11.461538461538462,8.181818181818182,9.76595744680851,9.791208791208792,8.433962264150944,102.95238095238095,12.757575757575758,2.0,1.3333333333333333,4.0
2506,0.22,4.56,8.62,14664.76,75.79,2.77,308.38,230.49,15.15,10.09,123.04,173.1,11.68,6.62,18.89,0.0,0.03,0.0,4.0,26.0,38.0,243.0,3.0,6.0,83.0,53.0,32.0,16.0,30.0,82.0,38.0,13.0,38.0,0.0,1.0,1.0,4.0,103.0,72.0,9638.0,7.0,18.0,523.0,462.0,425.0,89.0,275.0,1284.0,107.0,41.0,125.0,0.0,1.0,1.0,5.0,141.0,105.0,15696.0,42.0,31.0,742.0,711.0,578.0,130.0,781.0,1899.0,170.0,95.0,186.0,0.0,1.0,1.0,0.06,0.18,0.23,60.35,25.26,0.46,3.72,4.35,0.47,0.63,4.1,2.11,0.31,0.51,0.5,0.0,0.03,0.0,1.25,5.423076923076923,2.763157894736842,64.5925925925926,14.0,5.166666666666667,8.939759036144578,13.415094339622641,18.0625,8.125,26.033333333333335,23.158536585365855,4.473684210526316,7.3076923076923075,4.894736842105263,0.0,1.0,1.0
2507,-0.01,2.32,11.83,2020.41,0.26,103.57,996.15,34.41,29.18,40.19,4.56,106.41,20.96,0.5,85.31,2.33,11.2,0.0,3.0,14.0,15.0,147.0,3.0,7.0,79.0,34.0,37.0,19.0,18.0,79.0,36.0,9.0,18.0,2.0,3.0,1.0,3.0,27.0,41.0,3326.0,5.0,9.0,444.0,129.0,198.0,61.0,80.0,678.0,74.0,16.0,44.0,2.0,34.0,1.0,6.0,41.0,68.0,4263.0,6.0,78.0,755.0,269.0,397.0,116.0,109.0,1093.0,127.0,23.0,120.0,3.0,61.0,1.0,-0.0,0.17,0.79,13.74,0.09,14.8,12.61,1.01,0.79,2.12,0.25,1.35,0.58,0.06,4.74,1.16,3.73,0.0,2.0,2.9285714285714284,4.533333333333333,29.0,2.0,11.142857142857142,9.556962025316455,7.911764705882353,10.72972972972973,6.105263157894737,6.055555555555555,13.835443037974683,3.5277777777777777,2.5555555555555554,6.666666666666667,1.5,20.333333333333332,1.0
2508,98.57,83.6,28.76,1636.0,4.09,6.44,206.68,56.28,58.27,59.92,8.73,71.54,10.69,9.62,6.76,0.25,12.2,0.0,8.0,25.0,26.0,197.0,4.0,10.0,71.0,32.0,38.0,18.0,26.0,95.0,40.0,13.0,24.0,2.0,8.0,0.0,34.0,60.0,107.0,133348.0,5.0,22.0,345.0,180.0,579.0,106.0,74.0,463.0,143.0,31.0,61.0,2.0,40.0,0.0,91.0,97.0,165.0,138650.0,7.0,85.0,521.0,384.0,1129.0,177.0,125.0,794.0,198.0,51.0,89.0,2.0,69.0,0.0,12.32,3.34,1.11,8.3,1.02,0.64,2.91,1.76,1.53,3.33,0.34,0.75,0.27,0.74,0.28,0.13,1.53,0.0,11.375,3.88,6.346153846153846,703.8071065989848,1.75,8.5,7.338028169014085,12.0,29.710526315789473,9.833333333333334,4.8076923076923075,8.357894736842105,4.95,3.923076923076923,3.7083333333333335,1.0,8.625,0.0
2509,-0.16,19.96,46.8,2125.06,0.01,0.47,0.9,8.48,2.27,-1.09,12.24,76.64,20.24,8.1,0.7,0.0,0.0,0.0,1.0,15.0,57.0,102.0,1.0,4.0,11.0,28.0,13.0,12.0,8.0,48.0,41.0,7.0,9.0,0.0,0.0,0.0,1.0,63.0,194.0,35986.0,6.0,5.0,24.0,104.0,32.0,54.0,32.0,339.0,154.0,70.0,12.0,0.0,0.0,0.0,1.0,90.0,360.0,38740.0,6.0,8.0,34.0,181.0,56.0,87.0,64.0,571.0,278.0,147.0,17.0,0.0,0.0,0.0,-0.16,1.33,0.82,20.83,0.01,0.12,0.08,0.3,0.17,-0.09,1.53,1.6,0.49,1.16,0.08,0.0,0.0,0.0,1.0,6.0,6.315789473684211,379.80392156862746,6.0,2.0,3.090909090909091,6.464285714285714,4.3076923076923075,7.25,8.0,11.895833333333334,6.780487804878049,21.0,1.8888888888888888,0.0,0.0,0.0
2601,0.0,252.78,6.19,259.95,0.0,0.0,25.61,12.76,11.76,0.02,5.73,55.31,32.25,19.08,0.22,0.0,0.0,0.0,0.0,94.0,11.0,88.0,0.0,0.0,11.0,29.0,13.0,2.0,9.0,44.0,60.0,2.0,5.0,0.0,0.0,0.0,0.0,538.0,33.0,1482.0,0.0,0.0,41.0,182.0,134.0,2.0,23.0,201.0,101.0,57.0,8.0,0.0,0.0,0.0,0.0,1113.0,52.0,2022.0,0.0,0.0,82.0,283.0,173.0,2.0,52.0,314.0,171.0,161.0,75.0,0.0,0.0,0.0,0.0,2.69,0.56,2.95,0.0,0.0,2.33,0.44,0.9,0.01,0.64,1.26,0.54,9.54,0.04,0.0,0.0,0.0,0.0,11.840425531914894,4.7272727272727275,22.977272727272727,0.0,0.0,7.454545454545454,9.758620689655173,13.307692307692308,1.0,5.777777777777778,7.136363636363637,2.85,80.5,15.0,0.0,0.0,0.0
2602,0.28,57.08,0.0,226.93,0.0,0.0,-0.01,5.85,2.26,0.0,0.18,21.21,0.94,0.0,1.1,0.0,0.0,0.0,1.0,24.0,0.0,35.0,0.0,0.0,3.0,8.0,2.0,1.0,3.0,13.0,13.0,0.0,2.0,0.0,0.0,0.0,3.0,104.0,0.0,1457.0,0.0,0.0,4.0,13.0,12.0,5.0,3.0,85.0,21.0,0.0,3.0,0.0,0.0,0.0,4.0,210.0,0.0,1843.0,0.0,0.0,4.0,35.0,20.0,6.0,5.0,134.0,45.0,0.0,5.0,0.0,0.0,0.0,0.28,2.38,0.0,6.48,0.0,0.0,-0.0,0.73,1.13,0.0,0.06,1.63,0.07,0.0,0.55,0.0,0.0,0.0,4.0,8.75,0.0,52.65714285714286,0.0,0.0,1.3333333333333333,4.375,10.0,6.0,1.6666666666666667,10.307692307692308,3.4615384615384617,0.0,2.5,0.0,0.0,0.0
2603,0.08,25.4,1.69,770.91,0.0,96.12,3.39,21.27,24.06,0.99,1.25,103.06,1.71,1.18,1.29,0.0,0.09,0.0,2.0,18.0,8.0,95.0,0.0,4.0,10.0,17.0,27.0,11.0,11.0,34.0,9.0,5.0,4.0,0.0,1.0,0.0,3.0,178.0,17.0,12429.0,0.0,5.0,60.0,220.0,133.0,64.0,14.0,966.0,35.0,11.0,7.0,0.0,7.0,0.0,3.0,285.0,20.0,13676.0,0.0,78.0,77.0,330.0,241.0,78.0,39.0,1315.0,45.0,17.0,10.0,0.0,10.0,0.0,0.04,1.41,0.21,8.11,0.0,24.03,0.34,1.25,0.89,0.09,0.11,3.03,0.19,0.24,0.32,0.0,0.09,0.0,1.5,15.833333333333334,2.5,143.9578947368421,0.0,19.5,7.7,19.41176470588235,8.925925925925926,7.090909090909091,3.5454545454545454,38.6764705882353,5.0,3.4,2.5,0.0,10.0,0.0
2604,0.31,40.0,0.63,158.73,0.0,0.17,10.18,0.51,14.18,5.99,3.38,72.07,24.71,0.92,0.21,0.11,0.02,0.0,3.0,17.0,6.0,70.0,1.0,5.0,21.0,15.0,18.0,9.0,7.0,44.0,24.0,4.0,8.0,1.0,1.0,0.0,4.0,110.0,10.0,3760.0,1.0,15.0,96.0,150.0,157.0,54.0,15.0,747.0,100.0,31.0,11.0,5.0,4.0,0.0,4.0,205.0,17.0,4247.0,1.0,18.0,142.0,187.0,234.0,63.0,125.0,1137.0,192.0,41.0,14.0,5.0,6.0,0.0,0.1,2.35,0.11,2.27,0.0,0.03,0.48,0.03,0.79,0.67,0.48,1.64,1.03,0.23,0.03,0.11,0.02,0.0,1.3333333333333333,12.058823529411764,2.8333333333333335,60.67142857142857,1.0,3.6,6.761904761904762,12.466666666666667,13.0,7.0,17.857142857142858,25.84090909090909,8.0,10.25,1.75,5.0,6.0,0.0
2605,0.0,0.47,4.77,125.24,0.0,0.0,6.37,27.47,0.54,0.0,0.03,11.17,3.52,0.05,0.55,0.0,0.0,0.0,0.0,3.0,5.0,37.0,0.0,0.0,7.0,5.0,7.0,0.0,1.0,14.0,6.0,1.0,4.0,0.0,0.0,0.0,0.0,11.0,6.0,4447.0,0.0,0.0,11.0,55.0,45.0,0.0,2.0,73.0,9.0,1.0,6.0,0.0,0.0,0.0,0.0,13.0,18.0,5884.0,0.0,0.0,17.0,121.0,74.0,0.0,2.0,102.0,24.0,2.0,7.0,0.0,0.0,0.0,0.0,0.16,0.95,3.38,0.0,0.0,0.91,5.49,0.08,0.0,0.03,0.8,0.59,0.05,0.14,0.0,0.0,0.0,0.0,4.333333333333333,3.6,159.02702702702703,0.0,0.0,2.4285714285714284,24.2,10.571428571428571,0.0,2.0,7.285714285714286,4.0,2.0,1.75,0.0,0.0,0.0
2606,0.01,0.96,14.69,1018.68,0.96,2.92,67.29,46.49,4.74,0.78,29.45,27.27,20.78,8.34,39.2,2.13,0.02,0.0,3.0,14.0,24.0,155.0,4.0,5.0,43.0,25.0,30.0,7.0,18.0,48.0,41.0,13.0,24.0,3.0,1.0,0.0,3.0,37.0,52.0,80210.0,23.0,11.0,357.0,201.0,148.0,37.0,109.0,233.0,228.0,28.0,70.0,4.0,2.0,0.0,3.0,44.0,75.0,81363.0,26.0,18.0,479.0,324.0,212.0,51.0,175.0,363.0,380.0,66.0,190.0,9.0,3.0,0.0,0.0,0.07,0.61,6.57,0.24,0.58,1.56,1.86,0.16,0.11,1.64,0.57,0.51,0.64,1.63,0.71,0.02,0.0,1.0,3.142857142857143,3.125,524.9225806451612,6.5,3.6,11.13953488372093,12.96,7.066666666666666,7.285714285714286,9.722222222222221,7.5625,9.268292682926829,5.076923076923077,7.916666666666667,3.0,3.0,0.0
2607,0.08,87.32,0.18,693.49,0.45,0.0,11.4,0.99,-0.69,323.28,0.34,5.21,0.73,0.48,0.89,0.15,0.0,0.0,2.0,13.0,4.0,73.0,3.0,1.0,16.0,14.0,15.0,7.0,3.0,28.0,21.0,2.0,4.0,1.0,0.0,0.0,2.0,178.0,7.0,1516.0,9.0,1.0,52.0,36.0,30.0,12.0,5.0,81.0,39.0,10.0,12.0,1.0,0.0,0.0,3.0,221.0,8.0,2041.0,12.0,1.0,78.0,50.0,58.0,38.0,9.0,123.0,67.0,15.0,17.0,1.0,0.0,0.0,0.04,6.72,0.04,9.5,0.15,0.0,0.71,0.07,-0.05,46.18,0.11,0.19,0.03,0.24,0.22,0.15,0.0,0.0,1.5,17.0,2.0,27.958904109589042,4.0,1.0,4.875,3.5714285714285716,3.8666666666666667,5.428571428571429,3.0,4.392857142857143,3.1904761904761907,7.5,4.25,1.0,0.0,0.0
2608,0.0,0.24,0.1,50.23,0.0,2.13,2.63,0.84,0.87,0.08,3.78,24.15,1.53,0.01,0.02,0.0,0.06,0.0,0.0,4.0,2.0,52.0,0.0,1.0,6.0,6.0,7.0,3.0,7.0,33.0,10.0,1.0,1.0,0.0,1.0,0.0,0.0,12.0,4.0,4278.0,0.0,16.0,49.0,10.0,33.0,7.0,11.0,600.0,30.0,1.0,1.0,0.0,1.0,0.0,0.0,16.0,5.0,4527.0,0.0,24.0,67.0,13.0,51.0,7.0,26.0,742.0,41.0,1.0,1.0,0.0,1.0,0.0,0.0,0.06,0.05,0.97,0.0,2.13,0.44,0.14,0.12,0.03,0.54,0.73,0.15,0.01,0.02,0.0,0.06,0.0,0.0,4.0,2.5,87.0576923076923,0.0,24.0,11.166666666666666,2.1666666666666665,7.285714285714286,2.3333333333333335,3.7142857142857144,22.484848484848484,4.1,1.0,1.0,0.0,1.0,0.0
2609,-0.1,0.47,0.03,47.61,0.0,15.76,0.04,0.13,4.06,0.0,0.02,11.51,0.08,0.37,0.21,0.0,0.0,0.0,1.0,2.0,2.0,52.0,0.0,1.0,2.0,9.0,7.0,1.0,2.0,12.0,4.0,3.0,1.0,0.0,0.0,1.0,1.0,10.0,2.0,2213.0,0.0,2.0,2.0,10.0,16.0,1.0,2.0,38.0,5.0,6.0,1.0,0.0,0.0,1.0,2.0,16.0,2.0,2988.0,0.0,5.0,2.0,16.0,37.0,1.0,2.0,51.0,5.0,8.0,4.0,0.0,0.0,1.0,-0.1,0.24,0.02,0.92,0.0,15.76,0.02,0.01,0.58,0.0,0.01,0.96,0.02,0.12,0.21,0.0,0.0,0.0,2.0,8.0,1.0,57.46153846153846,0.0,5.0,1.0,1.7777777777777777,5.285714285714286,1.0,1.0,4.25,1.25,2.6666666666666665,4.0,0.0,0.0,1.0
2610,0.0,7.74,2.75,7800.15,0.0,1.67,0.95,4.07,0.22,0.26,4.27,15.01,12.66,0.0,0.53,0.0,0.0,0.0,0.0,12.0,8.0,128.0,0.0,1.0,4.0,14.0,11.0,7.0,6.0,23.0,10.0,1.0,8.0,0.0,0.0,0.0,0.0,34.0,12.0,8554.0,0.0,2.0,12.0,42.0,17.0,34.0,10.0,121.0,53.0,1.0,16.0,0.0,0.0,0.0,0.0,70.0,19.0,12373.0,0.0,3.0,26.0,84.0,46.0,47.0,25.0,193.0,118.0,1.0,17.0,0.0,0.0,0.0,0.0,0.65,0.34,60.94,0.0,1.67,0.24,0.29,0.02,0.04,0.71,0.65,1.27,0.0,0.07,0.0,0.0,0.0,0.0,5.833333333333333,2.375,96.6640625,0.0,3.0,6.5,6.0,4.181818181818182,6.714285714285714,4.166666666666667,8.391304347826088,11.8,1.0,2.125,0.0,0.0,0.0
2611,0.09,17.86,1.0,552.24,0.49,2.02,389.72,19.73,20.16,0.93,8.31,75.41,24.73,13.4,7.63,-0.24,-0.01,0.0,2.0,18.0,11.0,149.0,1.0,3.0,22.0,22.0,24.0,14.0,15.0,48.0,19.0,7.0,17.0,1.0,1.0,0.0,3.0,44.0,21.0,12056.0,1.0,4.0,818.0,47.0,551.0,70.0,51.0,168.0,108.0,31.0,66.0,1.0,2.0,0.0,3.0,80.0,32.0,14486.0,2.0,6.0,1385.0,79.0,1052.0,93.0,76.0,299.0,217.0,95.0,100.0,1.0,2.0,0.0,0.04,0.99,0.09,3.71,0.49,0.67,17.71,0.9,0.84,0.07,0.55,1.57,1.3,1.91,0.45,-0.24,-0.01,0.0,1.5,4.444444444444445,2.909090909090909,97.22147651006712,2.0,2.0,62.95454545454545,3.590909090909091,43.833333333333336,6.642857142857143,5.066666666666666,6.229166666666667,11.421052631578947,13.571428571428571,5.882352941176471,1.0,2.0,0.0
2612,19.5,0.27,1.33,159.27,0.0,0.9,11.16,7.88,1.48,0.41,5.39,228.98,5.76,2.25,9.03,0.0,-0.04,0.0,2.0,6.0,5.0,75.0,0.0,2.0,9.0,10.0,14.0,9.0,7.0,25.0,9.0,6.0,5.0,0.0,1.0,0.0,5.0,8.0,5.0,2952.0,0.0,7.0,47.0,49.0,64.0,22.0,30.0,1024.0,31.0,10.0,9.0,0.0,1.0,0.0,5.0,11.0,9.0,3525.0,0.0,11.0,63.0,73.0,113.0,28.0,52.0,1532.0,52.0,15.0,16.0,0.0,1.0,0.0,9.75,0.05,0.27,2.12,0.0,0.45,1.24,0.79,0.11,0.05,0.77,9.16,0.64,0.37,1.81,0.0,-0.04,0.0,2.5,1.8333333333333333,1.8,47.0,0.0,5.5,7.0,7.3,8.071428571428571,3.111111111111111,7.428571428571429,61.28,5.777777777777778,2.5,3.2,0.0,1.0,0.0
2613,0.59,0.73,0.38,315.41,0.0,0.02,29.35,19.87,9.66,79.36,4.39,35.53,0.43,0.43,0.02,0.0,0.06,0.0,1.0,7.0,6.0,65.0,0.0,1.0,6.0,19.0,17.0,6.0,4.0,23.0,7.0,4.0,2.0,0.0,1.0,0.0,10.0,18.0,8.0,781.0,0.0,1.0,19.0,49.0,80.0,17.0,14.0,64.0,31.0,7.0,2.0,0.0,1.0,0.0,15.0,26.0,11.0,1243.0,0.0,1.0,37.0,97.0,176.0,25.0,42.0,96.0,52.0,14.0,2.0,0.0,2.0,0.0,0.59,0.1,0.06,4.85,0.0,0.02,4.89,1.05,0.57,13.23,1.1,1.54,0.06,0.11,0.01,0.0,0.06,0.0,15.0,3.7142857142857144,1.8333333333333333,19.123076923076923,0.0,1.0,6.166666666666667,5.105263157894737,10.352941176470589,4.166666666666667,10.5,4.173913043478261,7.428571428571429,3.5,1.0,0.0,2.0,0.0
2701,-0.06,354.34,-0.01,140.55,0.0,0.0,14.16,0.23,41.74,0.01,0.14,22.44,0.58,0.0,0.15,0.0,0.0,0.0,1.0,13.0,1.0,54.0,0.0,0.0,10.0,4.0,25.0,2.0,6.0,35.0,14.0,0.0,2.0,0.0,0.0,0.0,2.0,190.0,1.0,563.0,0.0,0.0,80.0,6.0,325.0,54.0,11.0,137.0,52.0,0.0,2.0,0.0,0.0,0.0,2.0,362.0,1.0,732.0,0.0,0.0,112.0,7.0,829.0,58.0,18.0,233.0,88.0,0.0,3.0,0.0,0.0,0.0,-0.06,27.26,-0.01,2.6,0.0,0.0,1.42,0.06,1.67,0.0,0.02,0.64,0.04,0.0,0.07,0.0,0.0,0.0,2.0,27.846153846153847,1.0,13.555555555555555,0.0,0.0,11.2,1.75,33.16,29.0,3.0,6.6571428571428575,6.285714285714286,0.0,1.5,0.0,0.0,0.0
2702,0.19,241.99,2.76,242.43,0.13,3.58,10.05,15.92,74.97,6.76,2.23,192.68,23.56,1.03,0.79,0.16,5.48,0.01,1.0,19.0,3.0,77.0,2.0,2.0,21.0,16.0,14.0,9.0,11.0,38.0,44.0,3.0,4.0,1.0,1.0,1.0,2.0,158.0,16.0,19043.0,3.0,26.0,71.0,55.0,456.0,64.0,28.0,247.0,119.0,10.0,14.0,2.0,6.0,3.0,7.0,283.0,27.0,19607.0,6.0,49.0,97.0,92.0,697.0,93.0,63.0,448.0,227.0,26.0,22.0,3.0,8.0,6.0,0.19,12.74,0.92,3.15,0.07,1.79,0.48,0.99,5.35,0.75,0.2,5.07,0.54,0.34,0.2,0.16,5.48,0.01,7.0,14.894736842105264,9.0,254.63636363636363,3.0,24.5,4.619047619047619,5.75,49.785714285714285,10.333333333333334,5.7272727272727275,11.789473684210526,5.159090909090909,8.666666666666666,5.5,3.0,8.0,6.0
2703,0.0,119.51,1.83,1640.21,0.8,4.12,290.96,1.94,16.14,-9.81,3.63,628.94,5.59,3.16,8.4,0.0,0.15,0.0,0.0,30.0,16.0,180.0,4.0,8.0,55.0,29.0,41.0,18.0,12.0,101.0,39.0,11.0,16.0,0.0,2.0,0.0,0.0,135.0,38.0,3803.0,6.0,16.0,245.0,89.0,133.0,120.0,35.0,1399.0,90.0,19.0,116.0,0.0,2.0,0.0,0.0,178.0,59.0,4853.0,10.0,31.0,390.0,120.0,224.0,169.0,78.0,2020.0,149.0,36.0,140.0,0.0,6.0,0.0,0.0,3.98,0.11,9.11,0.2,0.51,5.29,0.07,0.39,-0.54,0.3,6.23,0.14,0.29,0.53,0.0,0.08,0.0,0.0,5.933333333333334,3.6875,26.961111111111112,2.5,3.875,7.090909090909091,4.137931034482759,5.463414634146342,9.38888888888889,6.5,20.0,3.8205128205128207,3.272727272727273,8.75,0.0,3.0,0.0
2704,6.96,16.62,0.89,253.38,0.42,5.78,18.36,1.57,10.82,4.79,0.54,49.42,5.09,0.72,1.73,0.05,0.18,0.0,3.0,29.0,9.0,73.0,2.0,6.0,36.0,10.0,17.0,12.0,8.0,53.0,32.0,6.0,7.0,1.0,1.0,0.0,4.0,133.0,14.0,5766.0,7.0,8.0,252.0,44.0,219.0,37.0,11.0,549.0,112.0,18.0,15.0,1.0,2.0,0.0,9.0,183.0,16.0,6250.0,10.0,14.0,331.0,74.0,303.0,59.0,22.0,832.0,186.0,24.0,18.0,1.0,3.0,0.0,2.32,0.57,0.1,3.47,0.21,0.96,0.51,0.16,0.64,0.4,0.07,0.93,0.16,0.12,0.25,0.05,0.18,0.0,3.0,6.310344827586207,1.7777777777777777,85.61643835616438,5.0,2.3333333333333335,9.194444444444445,7.4,17.823529411764707,4.916666666666667,2.75,15.69811320754717,5.8125,4.0,2.5714285714285716,1.0,3.0,0.0
2705,0.25,5.57,0.15,1501.04,0.76,12.41,105.47,63.3,8.9,78.54,11.14,135.64,2.34,0.24,1.36,0.21,0.83,0.0,2.0,35.0,8.0,115.0,5.0,8.0,44.0,20.0,29.0,15.0,13.0,71.0,32.0,5.0,8.0,1.0,2.0,1.0,2.0,79.0,12.0,4796.0,13.0,39.0,284.0,82.0,86.0,69.0,34.0,1745.0,58.0,20.0,10.0,1.0,5.0,1.0,3.0,163.0,16.0,5865.0,24.0,79.0,460.0,178.0,160.0,213.0,74.0,2143.0,87.0,41.0,18.0,2.0,19.0,1.0,0.13,0.16,0.02,13.05,0.15,1.55,2.4,3.16,0.31,5.24,0.86,1.91,0.07,0.05,0.17,0.21,0.41,0.0,1.5,4.6571428571428575,2.0,51.0,4.8,9.875,10.454545454545455,8.9,5.517241379310345,14.2,5.6923076923076925,30.183098591549296,2.71875,8.2,2.25,2.0,9.5,1.0
2706,0.0,243.45,0.16,101.38,0.09,0.42,20.13,76.73,27.78,0.28,0.2,131.81,83.09,0.32,0.17,0.0,0.0,0.09,0.0,14.0,5.0,52.0,1.0,2.0,7.0,9.0,14.0,6.0,4.0,42.0,19.0,3.0,5.0,0.0,0.0,1.0,0.0,171.0,7.0,299.0,8.0,3.0,75.0,238.0,534.0,11.0,6.0,181.0,224.0,15.0,8.0,0.0,0.0,1.0,0.0,326.0,8.0,472.0,11.0,3.0,99.0,321.0,750.0,16.0,13.0,253.0,289.0,19.0,16.0,0.0,0.0,4.0,0.0,17.39,0.03,1.95,0.09,0.21,2.88,8.53,1.98,0.05,0.05,3.14,4.37,0.11,0.03,0.0,0.0,0.09,0.0,23.285714285714285,1.6,9.076923076923077,11.0,1.5,14.142857142857142,35.666666666666664,53.57142857142857,2.6666666666666665,3.25,6.023809523809524,15.210526315789474,6.333333333333333,3.2,0.0,0.0,4.0
2707,-0.22,167.99,0.0,71.38,0.0,0.11,0.46,0.12,0.52,0.0,7.95,26.52,29.36,0.02,0.04,0.0,0.0,0.0,1.0,36.0,1.0,30.0,0.0,1.0,12.0,4.0,10.0,1.0,3.0,40.0,43.0,1.0,2.0,0.0,0.0,0.0,1.0,166.0,1.0,26736.0,0.0,4.0,24.0,7.0,52.0,1.0,9.0,175.0,118.0,2.0,2.0,0.0,0.0,0.0,1.0,280.0,1.0,27009.0,0.0,4.0,59.0,11.0,84.0,1.0,18.0,306.0,209.0,2.0,2.0,0.0,0.0,0.0,-0.22,4.67,0.0,2.38,0.0,0.11,0.04,0.03,0.05,0.0,2.65,0.66,0.68,0.02,0.02,0.0,0.0,0.0,1.0,7.777777777777778,1.0,900.3,0.0,4.0,4.916666666666667,2.75,8.4,1.0,6.0,7.65,4.8604651162790695,2.0,1.0,0.0,0.0,0.0
2708,0.0,25.77,0.09,39.24,0.0,0.23,14.46,0.63,2.34,0.27,13.22,25.42,6.59,0.05,1.23,0.0,0.0,0.0,0.0,123.0,2.0,71.0,0.0,2.0,22.0,11.0,20.0,4.0,6.0,31.0,43.0,2.0,2.0,0.0,0.0,0.0,0.0,338.0,7.0,1457.0,0.0,2.0,75.0,23.0,90.0,25.0,13.0,118.0,95.0,6.0,2.0,0.0,0.0,0.0,0.0,567.0,7.0,1838.0,0.0,2.0,161.0,30.0,203.0,33.0,28.0,198.0,132.0,9.0,7.0,0.0,0.0,0.0,0.0,0.21,0.05,0.55,0.0,0.12,0.66,0.06,0.12,0.07,2.2,0.82,0.15,0.02,0.61,0.0,0.0,0.0,0.0,4.609756097560975,3.5,25.887323943661972,0.0,1.0,7.318181818181818,2.727272727272727,10.15,8.25,4.666666666666667,6.387096774193548,3.0697674418604652,4.5,3.5,0.0,0.0,0.0
2801,0.0,2.22,0.04,276.34,0.0,0.0,4.76,1.3,2.36,8.08,0.19,35.14,4.87,0.0,0.14,0.0,0.0,0.0,0.0,23.0,1.0,88.0,1.0,0.0,5.0,10.0,12.0,4.0,1.0,15.0,13.0,0.0,2.0,0.0,0.0,0.0,0.0,62.0,3.0,298.0,3.0,0.0,14.0,17.0,119.0,13.0,1.0,101.0,46.0,0.0,2.0,0.0,0.0,0.0,0.0,95.0,3.0,566.0,3.0,0.0,20.0,42.0,203.0,23.0,1.0,143.0,67.0,0.0,4.0,0.0,0.0,0.0,0.0,0.1,0.04,3.14,0.0,0.0,0.95,0.13,0.2,2.02,0.19,2.34,0.37,0.0,0.07,0.0,0.0,0.0,0.0,4.130434782608695,3.0,6.431818181818182,3.0,0.0,4.0,4.2,16.916666666666668,5.75,1.0,9.533333333333333,5.153846153846154,0.0,2.0,0.0,0.0,0.0
2802,0.0,110.82,0.97,453.9,0.26,0.0,6.38,16.8,10.28,0.04,6.86,7.93,4.93,0.0,1.72,0.0,0.0,0.0,0.0,46.0,3.0,99.0,2.0,0.0,4.0,16.0,12.0,2.0,4.0,16.0,39.0,0.0,4.0,0.0,0.0,0.0,0.0,261.0,9.0,8336.0,2.0,0.0,14.0,52.0,30.0,13.0,15.0,39.0,83.0,0.0,16.0,0.0,0.0,0.0,0.0,415.0,17.0,8804.0,4.0,0.0,22.0,143.0,79.0,15.0,24.0,67.0,115.0,0.0,36.0,0.0,0.0,0.0,0.0,2.41,0.32,4.58,0.13,0.0,1.59,1.05,0.86,0.02,1.72,0.5,0.13,0.0,0.43,0.0,0.0,0.0,0.0,9.021739130434783,5.666666666666667,88.92929292929293,2.0,0.0,5.5,8.9375,6.583333333333333,7.5,6.0,4.1875,2.948717948717949,0.0,9.0,0.0,0.0,0.0
2803,0.0,78.79,7.44,2592.69,0.0,0.0,20.03,7.14,71.17,0.02,5.36,48.98,4.83,0.1,43.33,0.0,0.0,0.0,0.0,47.0,6.0,104.0,0.0,0.0,8.0,8.0,15.0,1.0,2.0,33.0,29.0,1.0,11.0,0.0,0.0,0.0,0.0,184.0,12.0,3273.0,0.0,0.0,60.0,37.0,60.0,5.0,5.0,127.0,53.0,1.0,17.0,0.0,0.0,0.0,0.0,1179.0,24.0,4618.0,0.0,0.0,107.0,52.0,129.0,5.0,16.0,244.0,88.0,3.0,60.0,0.0,0.0,0.0,0.0,1.68,1.24,24.93,0.0,0.0,2.5,0.89,4.74,0.02,2.68,1.48,0.17,0.1,3.94,0.0,0.0,0.0,0.0,25.085106382978722,4.0,44.40384615384615,0.0,0.0,13.375,6.5,8.6,5.0,8.0,7.393939393939394,3.0344827586206895,3.0,5.454545454545454,0.0,0.0,0.0
2804,0.0,4.38,12.02,10373.51,0.0,0.4,1.72,-1.21,0.83,0.24,1.12,68.24,24.14,5.76,14.27,0.0,0.0,0.5,0.0,30.0,22.0,135.0,0.0,2.0,5.0,16.0,14.0,1.0,4.0,39.0,41.0,2.0,11.0,0.0,0.0,2.0,0.0,75.0,40.0,14136.0,0.0,5.0,23.0,27.0,54.0,4.0,8.0,749.0,73.0,7.0,26.0,0.0,0.0,2.0,0.0,108.0,68.0,16689.0,0.0,9.0,32.0,88.0,118.0,4.0,26.0,1266.0,99.0,17.0,96.0,0.0,0.0,4.0,0.0,0.15,0.55,76.84,0.0,0.2,0.34,-0.08,0.06,0.24,0.28,1.75,0.59,2.88,1.3,0.0,0.0,0.25,0.0,3.6,3.090909090909091,123.62222222222222,0.0,4.5,6.4,5.5,8.428571428571429,4.0,6.5,32.46153846153846,2.4146341463414633,8.5,8.727272727272727,0.0,0.0,2.0
2901,0.01,337.36,1.77,22302.99,0.0,0.12,72.64,3.95,29.43,0.37,2.56,117.84,111.64,-4.42,12.44,0.0,-0.0,0.07,1.0,35.0,11.0,190.0,0.0,3.0,39.0,31.0,42.0,14.0,13.0,70.0,35.0,2.0,6.0,0.0,1.0,2.0,1.0,679.0,18.0,11422.0,0.0,3.0,232.0,165.0,242.0,36.0,20.0,363.0,73.0,8.0,44.0,0.0,1.0,3.0,1.0,1022.0,24.0,19953.0,0.0,4.0,320.0,218.0,491.0,44.0,49.0,638.0,155.0,13.0,98.0,0.0,1.0,3.0,0.01,9.64,0.16,117.38,0.0,0.04,1.86,0.13,0.7,0.03,0.2,1.68,3.19,-2.21,2.07,0.0,-0.0,0.03,1.0,29.2,2.1818181818181817,105.01578947368421,0.0,1.3333333333333333,8.205128205128204,7.032258064516129,11.69047619047619,3.142857142857143,3.769230769230769,9.114285714285714,4.428571428571429,6.5,16.333333333333332,0.0,1.0,1.5
2902,0.06,49.73,7.81,1410.11,544.03,5.16,11.3,-7.07,161.64,8.74,14.96,84.67,2.54,181.7,0.37,0.17,0.0,0.65,3.0,25.0,16.0,134.0,2.0,5.0,31.0,25.0,39.0,9.0,10.0,66.0,30.0,8.0,8.0,2.0,0.0,4.0,4.0,187.0,39.0,15583.0,11.0,13.0,209.0,86.0,519.0,29.0,28.0,504.0,80.0,650.0,12.0,4.0,0.0,9.0,4.0,277.0,60.0,18265.0,176.0,28.0,264.0,162.0,883.0,34.0,66.0,744.0,122.0,1427.0,43.0,6.0,0.0,14.0,0.02,1.99,0.49,10.52,272.02,1.03,0.36,-0.28,4.14,0.97,1.5,1.28,0.08,22.71,0.05,0.09,0.0,0.16,1.3333333333333333,11.08,3.75,136.30597014925374,88.0,5.6,8.516129032258064,6.48,22.641025641025642,3.7777777777777777,6.6,11.272727272727273,4.066666666666666,178.375,5.375,3.0,0.0,3.5
2903,0.06,3.06,0.18,305.04,0.28,-0.01,21.64,2.47,0.12,1.84,15.53,60.07,0.88,0.0,0.02,0.0,0.0,0.0,2.0,19.0,5.0,85.0,1.0,1.0,17.0,10.0,4.0,3.0,5.0,30.0,19.0,0.0,2.0,0.0,0.0,0.0,2.0,73.0,8.0,6111.0,1.0,1.0,110.0,49.0,9.0,20.0,16.0,169.0,30.0,0.0,3.0,0.0,0.0,0.0,2.0,105.0,11.0,6736.0,3.0,1.0,169.0,58.0,14.0,29.0,51.0,311.0,45.0,0.0,4.0,0.0,0.0,0.0,0.03,0.16,0.04,3.59,0.28,-0.01,1.27,0.25,0.03,0.61,3.11,2.0,0.05,0.0,0.01,0.0,0.0,0.0,1.0,5.526315789473684,2.2,79.24705882352941,3.0,1.0,9.941176470588236,5.8,3.5,9.666666666666666,10.2,10.366666666666667,2.3684210526315788,0.0,2.0,0.0,0.0,0.0
2904,0.0,1.24,0.54,302.28,0.0,0.0,0.7,0.02,0.58,0.04,1.72,93.93,1.4,-2.78,1.73,0.0,0.0,0.0,0.0,13.0,4.0,149.0,0.0,0.0,4.0,1.0,7.0,3.0,3.0,28.0,12.0,3.0,1.0,0.0,0.0,0.0,0.0,27.0,7.0,1496.0,0.0,0.0,6.0,1.0,16.0,5.0,18.0,95.0,22.0,6.0,7.0,0.0,0.0,0.0,0.0,38.0,12.0,2255.0,0.0,0.0,9.0,1.0,25.0,6.0,28.0,177.0,29.0,7.0,10.0,0.0,0.0,0.0,0.0,0.1,0.13,2.03,0.0,0.0,0.18,0.02,0.08,0.01,0.57,3.35,0.12,-0.93,1.73,0.0,0.0,0.0,0.0,2.923076923076923,3.0,15.134228187919463,0.0,0.0,2.25,1.0,3.5714285714285716,2.0,9.333333333333334,6.321428571428571,2.4166666666666665,2.3333333333333335,10.0,0.0,0.0,0.0
2905,0.07,51.8,1.55,2936.78,0.25,3830.12,98.67,26.55,20.71,4.67,69.22,105.34,22.0,16.58,0.1,0.44,0.0,-0.3,1.0,27.0,12.0,151.0,1.0,4.0,19.0,17.0,26.0,8.0,19.0,53.0,28.0,7.0,3.0,1.0,0.0,2.0,8.0,59.0,18.0,1907.0,1.0,35.0,116.0,55.0,68.0,43.0,69.0,299.0,85.0,221.0,4.0,4.0,0.0,2.0,9.0,142.0,27.0,3625.0,1.0,125.0,240.0,122.0,152.0,87.0,157.0,455.0,140.0,428.0,18.0,5.0,0.0,2.0,0.07,1.92,0.13,19.45,0.25,957.53,5.19,1.56,0.8,0.58,3.64,1.99,0.79,2.37,0.03,0.44,0.0,-0.15,9.0,5.2592592592592595,2.25,24.00662251655629,1.0,31.25,12.631578947368421,7.176470588235294,5.846153846153846,10.875,8.263157894736842,8.584905660377359,5.0,61.142857142857146,6.0,5.0,0.0,1.0
2906,0.0,2.94,1.5,124.43,0.0,0.3,2.1,0.29,0.13,0.0,6.55,36.8,4.3,5.36,0.0,0.0,0.0,0.0,0.0,21.0,5.0,74.0,0.0,1.0,4.0,3.0,6.0,1.0,1.0,26.0,22.0,2.0,0.0,0.0,0.0,0.0,0.0,54.0,8.0,1759.0,0.0,1.0,34.0,6.0,14.0,1.0,251.0,93.0,44.0,6.0,0.0,0.0,0.0,0.0,0.0,82.0,10.0,2288.0,0.0,1.0,47.0,9.0,17.0,1.0,269.0,210.0,69.0,18.0,0.0,0.0,0.0,0.0,0.0,0.14,0.3,1.68,0.0,0.3,0.52,0.1,0.02,0.0,6.55,1.42,0.2,2.68,0.0,0.0,0.0,0.0,0.0,3.9047619047619047,2.0,30.91891891891892,0.0,1.0,11.75,3.0,2.8333333333333335,1.0,269.0,8.076923076923077,3.1363636363636362,9.0,0.0,0.0,0.0,0.0
2907,0.0,7.99,0.4,221.05,0.0,0.32,18.39,0.16,41.74,0.1,0.07,11.79,0.45,0.53,0.27,0.0,0.0,0.0,0.0,16.0,4.0,97.0,0.0,3.0,5.0,7.0,21.0,3.0,1.0,29.0,14.0,1.0,2.0,0.0,0.0,0.0,0.0,70.0,8.0,18484.0,0.0,3.0,69.0,10.0,252.0,4.0,2.0,116.0,22.0,5.0,2.0,0.0,0.0,0.0,0.0,101.0,15.0,18988.0,0.0,6.0,141.0,15.0,744.0,7.0,2.0,156.0,40.0,87.0,2.0,0.0,0.0,0.0,0.0,0.5,0.1,2.28,0.0,0.11,3.68,0.02,1.99,0.03,0.07,0.41,0.03,0.53,0.13,0.0,0.0,0.0,0.0,6.3125,3.75,195.75257731958763,0.0,2.0,28.2,2.142857142857143,35.42857142857143,2.3333333333333335,2.0,5.379310344827586,2.857142857142857,87.0,1.0,0.0,0.0,0.0
2908,19.95,41.79,0.0,301.44,0.0,0.12,2.9,15.53,4.53,10.02,0.26,30.48,1.69,0.0,0.15,0.0,0.0,0.0,1.0,49.0,1.0,98.0,0.0,1.0,7.0,7.0,13.0,1.0,3.0,28.0,33.0,0.0,2.0,0.0,0.0,0.0,2.0,196.0,1.0,7463.0,0.0,5.0,14.0,37.0,107.0,2.0,3.0,123.0,56.0,0.0,11.0,0.0,0.0,0.0,4.0,299.0,2.0,8149.0,0.0,8.0,17.0,75.0,173.0,7.0,7.0,262.0,87.0,0.0,16.0,0.0,0.0,0.0,19.95,0.85,0.0,3.08,0.0,0.12,0.41,2.22,0.35,10.02,0.09,1.09,0.05,0.0,0.07,0.0,0.0,0.0,4.0,6.1020408163265305,2.0,83.15306122448979,0.0,8.0,2.4285714285714284,10.714285714285714,13.307692307692308,7.0,2.3333333333333335,9.357142857142858,2.6363636363636362,0.0,8.0,0.0,0.0,0.0
3001,0.14,457.82,5.33,368.99,0.1,28.94,46.14,415.01,7.84,0.12,58.19,15.96,228.46,2.55,20.48,0.0,0.0,1.58,1.0,586.0,18.0,125.0,1.0,7.0,61.0,28.0,19.0,5.0,17.0,41.0,181.0,8.0,15.0,0.0,0.0,2.0,1.0,4025.0,38.0,3982.0,1.0,22.0,247.0,109.0,147.0,6.0,138.0,237.0,727.0,12.0,33.0,0.0,0.0,3.0,2.0,6568.0,46.0,5251.0,1.0,71.0,383.0,213.0,213.0,11.0,306.0,294.0,1173.0,29.0,82.0,0.0,0.0,6.0,0.14,0.78,0.3,2.95,0.1,4.13,0.76,14.82,0.41,0.02,3.42,0.39,1.26,0.32,1.37,0.0,0.0,0.79,2.0,11.208191126279864,2.5555555555555554,42.008,1.0,10.142857142857142,6.278688524590164,7.607142857142857,11.210526315789474,2.2,18.0,7.170731707317073,6.480662983425415,3.625,5.466666666666667,0.0,0.0,3.0
3002,0.1,126.75,0.47,114.79,0.27,0.08,20.13,1.45,5.46,1.92,60.61,25.25,63.73,1.25,0.0,0.0,0.0,0.0,2.0,203.0,7.0,135.0,1.0,9.0,72.0,16.0,15.0,4.0,16.0,64.0,213.0,1.0,0.0,0.0,0.0,0.0,2.0,1129.0,10.0,6584.0,1.0,9.0,181.0,32.0,50.0,17.0,70.0,401.0,487.0,16.0,0.0,0.0,0.0,0.0,2.0,1769.0,10.0,7572.0,3.0,14.0,268.0,51.0,119.0,27.0,207.0,548.0,929.0,29.0,0.0,0.0,0.0,0.0,0.05,0.62,0.07,0.85,0.27,0.01,0.28,0.09,0.36,0.48,3.79,0.39,0.3,1.25,0.0,0.0,0.0,0.0,1.0,8.714285714285714,1.4285714285714286,56.08888888888889,3.0,1.5555555555555556,3.7222222222222223,3.1875,7.933333333333334,6.75,12.9375,8.5625,4.36150234741784,29.0,0.0,0.0,0.0,0.0
3101,16.39,14.33,7.94,321.64,815.19,7.22,2.38,22.81,19.02,8.3,52.46,333.95,6.47,0.19,39.12,0.07,0.0,0.0,1.0,26.0,8.0,92.0,5.0,6.0,18.0,12.0,10.0,8.0,7.0,35.0,21.0,4.0,4.0,1.0,0.0,1.0,14.0,176.0,31.0,4120.0,22.0,39.0,98.0,36.0,59.0,68.0,101.0,169.0,76.0,9.0,31.0,1.0,0.0,1.0,36.0,214.0,47.0,4737.0,234.0,65.0,138.0,83.0,92.0,103.0,133.0,318.0,118.0,10.0,87.0,1.0,0.0,1.0,16.39,0.55,0.99,3.5,163.04,1.2,0.13,1.9,1.9,1.04,7.49,9.54,0.31,0.05,9.78,0.07,0.0,0.0,36.0,8.23076923076923,5.875,51.48913043478261,46.8,10.833333333333334,7.666666666666667,6.916666666666667,9.2,12.875,19.0,9.085714285714285,5.619047619047619,2.5,21.75,1.0,0.0,1.0
3102,0.0,43.17,4.29,1002.55,0.21,0.11,40.78,17.53,5.54,173.68,0.85,81.9,9.73,-0.0,0.09,0.0,0.0,0.07,0.0,24.0,9.0,98.0,1.0,3.0,24.0,10.0,18.0,4.0,5.0,58.0,28.0,1.0,3.0,0.0,0.0,1.0,0.0,80.0,14.0,6851.0,1.0,5.0,177.0,36.0,172.0,52.0,15.0,304.0,136.0,1.0,5.0,0.0,0.0,1.0,0.0,129.0,34.0,7247.0,3.0,6.0,288.0,62.0,209.0,520.0,21.0,497.0,188.0,1.0,7.0,0.0,0.0,2.0,0.0,1.8,0.48,10.23,0.21,0.04,1.7,1.75,0.31,43.42,0.17,1.41,0.35,-0.0,0.03,0.0,0.0,0.07,0.0,5.375,3.7777777777777777,73.94897959183673,3.0,2.0,12.0,6.2,11.61111111111111,130.0,4.2,8.568965517241379,6.714285714285714,1.0,2.3333333333333335,0.0,0.0,2.0
3103,0.0,50.57,2.49,217.2,0.0,0.18,9.86,36.36,22.53,263.93,0.37,15.18,36.72,0.05,10.77,0.0,0.79,0.0,0.0,70.0,7.0,62.0,0.0,7.0,18.0,12.0,6.0,9.0,4.0,35.0,48.0,1.0,5.0,0.0,1.0,0.0,0.0,332.0,63.0,15691.0,0.0,8.0,79.0,26.0,325.0,142.0,16.0,112.0,218.0,1.0,12.0,0.0,1.0,0.0,0.0,487.0,93.0,16624.0,0.0,21.0,129.0,57.0,607.0,646.0,45.0,159.0,339.0,3.0,35.0,0.0,1.0,0.0,0.0,0.72,0.36,3.5,0.0,0.03,0.55,3.03,3.75,29.33,0.09,0.43,0.77,0.05,2.15,0.0,0.79,0.0,0.0,6.957142857142857,13.285714285714286,268.1290322580645,0.0,3.0,7.166666666666667,4.75,101.16666666666667,71.77777777777777,11.25,4.542857142857143,7.0625,3.0,7.0,0.0,1.0,0.0
3201,0.0,22.2,0.08,155.17,0.0,0.0,2.09,19.97,3.24,1.27,0.49,18.53,65.9,0.13,27.97,0.0,0.0,0.0,0.0,14.0,4.0,71.0,1.0,0.0,10.0,10.0,13.0,5.0,7.0,29.0,41.0,1.0,7.0,0.0,0.0,1.0,0.0,39.0,5.0,419.0,1.0,0.0,38.0,28.0,42.0,56.0,12.0,100.0,238.0,2.0,24.0,0.0,0.0,1.0,0.0,75.0,11.0,749.0,1.0,0.0,55.0,55.0,68.0,72.0,22.0,168.0,334.0,3.0,79.0,0.0,0.0,1.0,0.0,1.59,0.02,2.19,0.0,0.0,0.21,2.0,0.25,0.25,0.07,0.64,1.61,0.13,4.0,0.0,0.0,0.0,0.0,5.357142857142857,2.75,10.549295774647888,1.0,0.0,5.5,5.5,5.230769230769231,14.4,3.142857142857143,5.793103448275862,8.146341463414634,3.0,11.285714285714286,0.0,0.0,1.0
3202,0.07,66.62,7.75,1400.73,0.39,10.28,17.4,2.31,6.46,0.44,47.03,100.66,53.64,0.28,107.41,0.0,0.0,0.0,2.0,105.0,6.0,100.0,1.0,5.0,23.0,13.0,32.0,8.0,14.0,65.0,113.0,3.0,11.0,0.0,0.0,0.0,2.0,536.0,26.0,4821.0,1.0,7.0,117.0,34.0,286.0,43.0,43.0,510.0,351.0,4.0,19.0,0.0,0.0,0.0,5.0,876.0,40.0,6079.0,3.0,42.0,209.0,52.0,486.0,57.0,97.0,850.0,571.0,4.0,43.0,0.0,0.0,0.0,0.03,0.63,1.29,14.01,0.39,2.06,0.76,0.18,0.2,0.05,3.36,1.55,0.47,0.09,9.76,0.0,0.0,0.0,2.5,8.342857142857143,6.666666666666667,60.79,3.0,8.4,9.08695652173913,4.0,15.1875,7.125,6.928571428571429,13.076923076923077,5.053097345132743,1.3333333333333333,3.909090909090909,0.0,0.0,0.0
3203,11.42,3.71,0.07,1283.62,0.0,28.78,-6.44,31.79,1.65,1.73,18.38,16.81,21.46,0.23,122.38,0.0,0.0,0.0,1.0,13.0,4.0,111.0,1.0,8.0,9.0,18.0,18.0,9.0,8.0,39.0,38.0,2.0,8.0,0.0,0.0,0.0,3.0,51.0,4.0,1664.0,1.0,19.0,18.0,66.0,83.0,69.0,10.0,133.0,145.0,3.0,39.0,0.0,0.0,0.0,19.0,81.0,5.0,2454.0,1.0,132.0,44.0,117.0,136.0,143.0,26.0,208.0,234.0,5.0,204.0,0.0,0.0,0.0,11.42,0.29,0.02,11.56,0.0,3.6,-0.72,1.77,0.09,0.19,2.3,0.43,0.56,0.11,15.3,0.0,0.0,0.0,19.0,6.230769230769231,1.25,22.10810810810811,1.0,16.5,4.888888888888889,6.5,7.555555555555555,15.88888888888889,3.25,5.333333333333333,6.157894736842105,2.5,25.5,0.0,0.0,0.0
3204,0.01,2.7,0.13,290.35,0.0,0.88,11.33,20.36,3.15,1.17,21.51,7.09,14.48,1.72,-1.0,0.0,0.0,3.89,1.0,19.0,5.0,82.0,0.0,7.0,8.0,6.0,15.0,7.0,6.0,26.0,38.0,1.0,1.0,0.0,0.0,1.0,1.0,62.0,7.0,3754.0,0.0,9.0,54.0,11.0,54.0,71.0,22.0,142.0,114.0,1.0,1.0,0.0,0.0,1.0,3.0,104.0,12.0,4499.0,0.0,34.0,86.0,20.0,115.0,85.0,50.0,170.0,207.0,10.0,1.0,0.0,0.0,2.0,0.01,0.14,0.03,3.54,0.0,0.13,1.42,3.39,0.21,0.17,3.59,0.27,0.38,1.72,-1.0,0.0,0.0,3.89,3.0,5.473684210526316,2.4,54.86585365853659,0.0,4.857142857142857,10.75,3.3333333333333335,7.666666666666667,12.142857142857142,8.333333333333334,6.538461538461538,5.447368421052632,10.0,1.0,0.0,0.0,2.0
3301,0.04,17.44,6.63,1700.59,2.49,0.86,18.74,65.95,22.91,9.62,76.44,70.21,3.77,0.33,62.87,0.01,3.1,0.0,1.0,24.0,18.0,158.0,1.0,5.0,17.0,30.0,35.0,16.0,18.0,51.0,20.0,5.0,20.0,1.0,3.0,0.0,1.0,71.0,58.0,5230.0,3.0,6.0,35.0,194.0,124.0,69.0,175.0,850.0,71.0,10.0,53.0,2.0,6.0,0.0,2.0,120.0,80.0,7201.0,5.0,13.0,61.0,335.0,225.0,99.0,289.0,1119.0,110.0,17.0,128.0,2.0,7.0,0.0,0.04,0.73,0.37,10.76,2.49,0.17,1.1,2.2,0.65,0.6,4.25,1.38,0.19,0.07,3.14,0.01,1.03,0.0,2.0,5.0,4.444444444444445,45.575949367088604,5.0,2.6,3.588235294117647,11.166666666666666,6.428571428571429,6.1875,16.055555555555557,21.941176470588236,5.5,3.4,6.4,2.0,2.3333333333333335,0.0
3302,-0.05,17.32,15.85,3067.7,0.8,8.0,63.55,67.21,20.35,7.62,57.5,147.18,35.32,28.25,21.98,0.34,0.5,0.47,3.0,24.0,15.0,185.0,3.0,7.0,30.0,22.0,23.0,16.0,15.0,60.0,25.0,9.0,30.0,1.0,3.0,3.0,3.0,72.0,108.0,3112.0,6.0,51.0,204.0,110.0,161.0,193.0,291.0,339.0,83.0,66.0,171.0,11.0,10.0,3.0,4.0,107.0,141.0,5265.0,12.0,78.0,332.0,193.0,263.0,223.0,355.0,557.0,124.0,157.0,307.0,11.0,12.0,4.0,-0.02,0.72,1.06,16.58,0.27,1.14,2.12,3.05,0.88,0.48,3.83,2.45,1.41,3.14,0.73,0.34,0.17,0.16,1.3333333333333333,4.458333333333333,9.4,28.45945945945946,4.0,11.142857142857142,11.066666666666666,8.772727272727273,11.434782608695652,13.9375,23.666666666666668,9.283333333333333,4.96,17.444444444444443,10.233333333333333,11.0,4.0,1.3333333333333333
3401,-0.06,38.63,0.23,1673.83,0.01,0.68,-0.58,26.42,23.93,1.24,52.84,60.68,4.4,0.16,0.5,0.0,-0.04,0.0,2.0,16.0,4.0,120.0,1.0,2.0,14.0,26.0,27.0,7.0,25.0,34.0,13.0,2.0,5.0,0.0,1.0,0.0,2.0,80.0,5.0,6931.0,2.0,3.0,56.0,79.0,366.0,16.0,96.0,236.0,32.0,2.0,9.0,0.0,1.0,0.0,2.0,158.0,6.0,9699.0,2.0,5.0,81.0,154.0,587.0,22.0,325.0,368.0,39.0,4.0,12.0,0.0,1.0,0.0,-0.03,2.41,0.06,13.95,0.01,0.34,-0.04,1.02,0.89,0.18,2.11,1.78,0.34,0.08,0.1,0.0,-0.04,0.0,1.0,9.875,1.5,80.825,2.0,2.5,5.785714285714286,5.923076923076923,21.74074074074074,3.142857142857143,13.0,10.823529411764707,3.0,2.0,2.4,0.0,1.0,0.0
3402,-0.0,5.47,1.77,193.21,0.0,0.0,3.08,22.54,1.31,0.13,184.57,13.18,28.34,0.0,0.0,0.0,0.0,0.0,1.0,5.0,17.0,75.0,0.0,0.0,8.0,24.0,12.0,4.0,46.0,18.0,13.0,0.0,0.0,0.0,0.0,0.0,1.0,61.0,23.0,127343.0,0.0,0.0,62.0,84.0,27.0,16.0,244.0,56.0,29.0,0.0,0.0,0.0,0.0,0.0,1.0,84.0,55.0,127783.0,0.0,0.0,76.0,172.0,63.0,20.0,1010.0,81.0,46.0,0.0,0.0,0.0,0.0,0.0,-0.0,1.09,0.1,2.58,0.0,0.0,0.39,0.94,0.11,0.03,4.01,0.73,2.18,0.0,0.0,0.0,0.0,0.0,1.0,16.8,3.235294117647059,1703.7733333333333,0.0,0.0,9.5,7.166666666666667,5.25,5.0,21.956521739130434,4.5,3.5384615384615383,0.0,0.0,0.0,0.0,0.0
3403,0.0,2.12,1.61,5692.24,139.67,2.06,33.53,57.83,7.74,0.04,18.0,18.56,45.17,6.59,-0.76,0.01,0.0,6.92,1.0,15.0,17.0,188.0,3.0,6.0,29.0,27.0,39.0,16.0,22.0,39.0,28.0,7.0,10.0,1.0,0.0,3.0,1.0,63.0,26.0,7080.0,13.0,7.0,110.0,165.0,182.0,34.0,100.0,131.0,85.0,15.0,13.0,1.0,0.0,16.0,1.0,76.0,41.0,10653.0,48.0,11.0,166.0,244.0,298.0,39.0,195.0,262.0,175.0,52.0,21.0,1.0,0.0,36.0,0.0,0.14,0.09,30.28,46.56,0.34,1.16,2.14,0.2,0.0,0.82,0.48,1.61,0.94,-0.08,0.01,0.0,2.31,1.0,5.066666666666666,2.411764705882353,56.66489361702128,16.0,1.8333333333333333,5.724137931034483,9.037037037037036,7.641025641025641,2.4375,8.863636363636363,6.717948717948718,6.25,7.428571428571429,2.1,1.0,0.0,12.0
3404,1.01,25.51,17.23,765.19,0.0,0.06,49.97,13.24,0.47,62.09,3.35,1457.16,3.21,-0.02,0.03,3.41,0.0,0.0,2.0,10.0,6.0,114.0,0.0,2.0,13.0,27.0,8.0,11.0,8.0,35.0,16.0,2.0,2.0,1.0,0.0,0.0,2.0,49.0,9.0,3238.0,0.0,2.0,522.0,98.0,23.0,35.0,17.0,232.0,25.0,2.0,2.0,7.0,0.0,0.0,4.0,74.0,15.0,4874.0,0.0,2.0,724.0,184.0,33.0,69.0,45.0,410.0,35.0,2.0,2.0,12.0,0.0,0.0,0.51,2.55,2.87,6.71,0.0,0.03,3.84,0.49,0.06,5.64,0.42,41.63,0.2,-0.01,0.02,3.41,0.0,0.0,2.0,7.4,2.5,42.75438596491228,0.0,1.0,55.69230769230769,6.814814814814815,4.125,6.2727272727272725,5.625,11.714285714285714,2.1875,1.0,1.0,12.0,0.0,0.0
3405,0.09,0.56,1.91,628.65,0.0,0.0,22.09,4.94,17.13,20.5,15.73,40.49,2.9,0.04,0.61,0.0,-0.01,0.0,2.0,10.0,9.0,105.0,1.0,1.0,18.0,20.0,16.0,20.0,10.0,28.0,11.0,1.0,10.0,0.0,2.0,0.0,2.0,19.0,15.0,11774.0,3.0,1.0,59.0,78.0,52.0,105.0,26.0,466.0,55.0,1.0,21.0,0.0,2.0,0.0,2.0,26.0,19.0,12694.0,3.0,1.0,71.0,118.0,72.0,136.0,62.0,623.0,68.0,1.0,34.0,0.0,2.0,0.0,0.04,0.06,0.21,5.99,0.0,0.0,1.23,0.25,1.07,1.03,1.57,1.45,0.26,0.04,0.06,0.0,-0.01,0.0,1.0,2.6,2.111111111111111,120.8952380952381,3.0,1.0,3.9444444444444446,5.9,4.5,6.8,6.2,22.25,6.181818181818182,1.0,3.4,0.0,1.0,0.0
3406,1.91,3.46,21.82,506.93,0.0,0.15,27.11,47.92,40.81,0.71,8.75,180.71,16.17,2.57,3.07,0.0,0.0,0.0,3.0,15.0,16.0,113.0,0.0,2.0,24.0,33.0,23.0,12.0,7.0,39.0,20.0,4.0,9.0,1.0,0.0,0.0,3.0,52.0,25.0,14455.0,0.0,8.0,194.0,109.0,225.0,36.0,27.0,282.0,81.0,5.0,13.0,1.0,0.0,0.0,6.0,79.0,40.0,15598.0,0.0,12.0,267.0,204.0,456.0,57.0,43.0,496.0,141.0,10.0,35.0,1.0,0.0,0.0,0.64,0.23,1.36,4.49,0.0,0.07,1.13,1.45,1.77,0.06,1.25,4.63,0.81,0.64,0.34,0.0,0.0,0.0,2.0,5.266666666666667,2.5,138.0353982300885,0.0,6.0,11.125,6.181818181818182,19.82608695652174,4.75,6.142857142857143,12.717948717948717,7.05,2.5,3.888888888888889,1.0,0.0,0.0
3407,-0.14,53.05,23.26,800.69,0.01,2.16,5048.32,55.46,31.63,1.81,20.2,114.19,34.33,13.28,41.5,0.0,18.65,2.89,1.0,15.0,16.0,148.0,1.0,3.0,44.0,27.0,28.0,9.0,12.0,71.0,23.0,8.0,12.0,1.0,6.0,1.0,2.0,40.0,251.0,7865.0,4.0,18.0,397.0,469.0,1475.0,23.0,38.0,597.0,388.0,56.0,70.0,1.0,8.0,1.0,3.0,75.0,569.0,11050.0,8.0,44.0,641.0,663.0,3310.0,36.0,112.0,1421.0,729.0,96.0,348.0,2.0,19.0,9.0,-0.14,3.54,1.45,5.41,0.01,0.72,114.73,2.05,1.13,0.2,1.68,1.61,1.49,1.66,3.46,0.0,3.11,2.89,3.0,5.0,35.5625,74.66216216216216,8.0,14.666666666666666,14.568181818181818,24.555555555555557,118.21428571428571,4.0,9.333333333333334,20.014084507042252,31.695652173913043,12.0,29.0,2.0,3.1666666666666665,9.0
3408,0.99,4.08,3.41,264.8,0.0,0.0,13.64,39.39,3.58,0.31,1.72,2.82,-0.09,0.0,1.5,0.0,0.03,0.0,2.0,5.0,5.0,42.0,0.0,1.0,8.0,13.0,10.0,9.0,2.0,14.0,6.0,0.0,4.0,0.0,1.0,0.0,4.0,29.0,12.0,631.0,0.0,1.0,22.0,37.0,41.0,54.0,2.0,31.0,9.0,0.0,8.0,0.0,1.0,0.0,8.0,32.0,21.0,885.0,0.0,1.0,38.0,91.0,86.0,67.0,3.0,130.0,17.0,0.0,12.0,0.0,2.0,0.0,0.49,0.82,0.68,6.3,0.0,0.0,1.71,3.03,0.36,0.03,0.86,0.2,-0.01,0.0,0.38,0.0,0.03,0.0,4.0,6.4,4.2,21.071428571428573,0.0,1.0,4.75,7.0,8.6,7.444444444444445,1.5,9.285714285714286,2.8333333333333335,0.0,3.0,0.0,2.0,0.0
3409,0.07,20.49,0.52,520.92,0.5,-0.29,47.45,2.07,21.86,0.25,0.46,174.24,0.79,0.06,1.09,0.0,0.0,0.0,2.0,13.0,8.0,99.0,1.0,1.0,17.0,25.0,19.0,11.0,6.0,26.0,17.0,4.0,9.0,0.0,0.0,0.0,3.0,117.0,19.0,5073.0,2.0,1.0,179.0,90.0,749.0,57.0,15.0,707.0,33.0,6.0,18.0,0.0,0.0,0.0,6.0,189.0,24.0,6314.0,3.0,1.0,264.0,136.0,1832.0,64.0,22.0,1234.0,42.0,8.0,27.0,0.0,0.0,0.0,0.04,1.58,0.07,5.26,0.5,-0.29,2.79,0.08,1.15,0.02,0.08,6.7,0.05,0.02,0.12,0.0,0.0,0.0,3.0,14.538461538461538,3.0,63.77777777777778,3.0,1.0,15.529411764705882,5.44,96.42105263157895,5.818181818181818,3.6666666666666665,47.46153846153846,2.4705882352941178,2.0,3.0,0.0,0.0,0.0
3410,-0.06,4.24,1.21,475.49,1.0,-0.01,46.38,0.7,9.53,0.28,1.8,51.5,5.01,0.0,1.4,0.08,0.02,0.0,1.0,7.0,3.0,56.0,1.0,1.0,10.0,11.0,16.0,1.0,6.0,29.0,9.0,0.0,3.0,1.0,1.0,1.0,1.0,23.0,4.0,173791.0,1.0,1.0,43.0,20.0,637.0,26.0,8.0,157.0,15.0,0.0,7.0,1.0,1.0,1.0,3.0,42.0,12.0,173998.0,1.0,1.0,93.0,35.0,1543.0,27.0,13.0,297.0,35.0,0.0,9.0,1.0,1.0,1.0,-0.06,0.61,0.4,8.49,1.0,-0.01,4.64,0.06,0.6,0.28,0.3,1.78,0.56,0.0,0.47,0.08,0.02,0.0,3.0,6.0,4.0,3107.1071428571427,1.0,1.0,9.3,3.1818181818181817,96.4375,27.0,2.1666666666666665,10.241379310344827,3.888888888888889,0.0,3.0,1.0,1.0,1.0
3411,0.0,4.66,0.43,3079.88,0.28,0.46,194.1,53.45,25.97,15.12,3.26,54.42,39.27,0.35,2.49,0.0,0.0,0.04,0.0,21.0,16.0,207.0,3.0,3.0,43.0,36.0,45.0,22.0,18.0,96.0,21.0,7.0,16.0,0.0,0.0,2.0,0.0,133.0,23.0,691502.0,3.0,4.0,151.0,234.0,690.0,200.0,49.0,731.0,63.0,13.0,30.0,0.0,0.0,2.0,0.0,184.0,26.0,712704.0,5.0,10.0,231.0,409.0,1298.0,243.0,96.0,1422.0,99.0,19.0,113.0,0.0,0.0,2.0,0.0,0.22,0.03,14.88,0.09,0.15,4.51,1.48,0.58,0.69,0.18,0.57,1.87,0.05,0.16,0.0,0.0,0.02,0.0,8.761904761904763,1.625,3443.014492753623,1.6666666666666667,3.3333333333333335,5.372093023255814,11.36111111111111,28.844444444444445,11.045454545454545,5.333333333333333,14.8125,4.714285714285714,2.7142857142857144,7.0625,0.0,0.0,1.0
3412,0.16,98.71,40.87,231.48,43.23,332.69,722.73,5.61,6.9,1.19,1.15,239.15,8.89,0.05,32.16,15.47,3.95,0.0,3.0,19.0,12.0,124.0,4.0,2.0,53.0,19.0,25.0,13.0,14.0,59.0,22.0,3.0,11.0,3.0,3.0,1.0,5.0,114.0,54.0,1628.0,34.0,2.0,363.0,54.0,92.0,41.0,29.0,378.0,54.0,3.0,23.0,11.0,8.0,1.0,6.0,222.0,100.0,2228.0,64.0,59.0,630.0,75.0,156.0,48.0,42.0,924.0,114.0,7.0,97.0,23.0,14.0,1.0,0.05,5.2,3.41,1.87,10.81,166.34,13.64,0.3,0.28,0.09,0.08,4.05,0.4,0.02,2.92,5.16,1.32,0.0,2.0,11.68421052631579,8.333333333333334,17.967741935483872,16.0,29.5,11.88679245283019,3.9473684210526314,6.24,3.6923076923076925,3.0,15.661016949152541,5.181818181818182,2.3333333333333335,8.818181818181818,7.666666666666667,4.666666666666667,1.0
3501,0.29,138.08,12.98,1689.69,0.08,10215.76,83.5,211.19,27.27,9.77,97.43,15.69,287.09,0.46,115.31,0.79,10.74,6.55,1.0,85.0,16.0,209.0,1.0,18.0,135.0,44.0,42.0,15.0,26.0,63.0,167.0,6.0,29.0,3.0,1.0,3.0,2.0,449.0,49.0,2297.0,2.0,102.0,706.0,170.0,644.0,77.0,165.0,365.0,684.0,7.0,141.0,10.0,3.0,6.0,3.0,764.0,92.0,4836.0,2.0,453.0,1121.0,352.0,1256.0,108.0,421.0,509.0,1380.0,9.0,503.0,11.0,15.0,7.0,0.29,1.62,0.81,8.08,0.08,567.54,0.62,4.8,0.65,0.65,3.75,0.25,1.72,0.08,3.98,0.26,10.74,2.18,3.0,8.988235294117647,5.75,23.138755980861244,2.0,25.166666666666668,8.303703703703704,8.0,29.904761904761905,7.2,16.192307692307693,8.079365079365079,8.263473053892216,1.5,17.344827586206897,3.6666666666666665,15.0,2.3333333333333335
3502,0.0,28.65,0.87,583.92,0.0,6.72,7.55,14.52,1.15,0.12,12.78,8.1,47.98,0.0,2.56,0.0,0.0,0.0,0.0,118.0,3.0,97.0,0.0,3.0,27.0,26.0,13.0,4.0,3.0,16.0,97.0,0.0,4.0,0.0,0.0,0.0,0.0,647.0,3.0,3826.0,0.0,6.0,55.0,104.0,55.0,24.0,3.0,91.0,364.0,0.0,14.0,0.0,0.0,0.0,0.0,968.0,5.0,5604.0,0.0,9.0,107.0,215.0,69.0,37.0,4.0,136.0,690.0,0.0,32.0,0.0,0.0,0.0,0.0,0.24,0.29,6.02,0.0,2.24,0.28,0.56,0.09,0.03,4.26,0.51,0.49,0.0,0.64,0.0,0.0,0.0,0.0,8.203389830508474,1.6666666666666667,57.77319587628866,0.0,3.0,3.962962962962963,8.26923076923077,5.3076923076923075,9.25,1.3333333333333333,8.5,7.11340206185567,0.0,8.0,0.0,0.0,0.0
3503,-0.01,15.94,0.17,145.35,0.35,82.1,71.79,27.28,2.8,2.59,1.63,45.96,26.21,0.07,2.28,0.08,0.1,0.82,2.0,82.0,4.0,72.0,2.0,13.0,102.0,27.0,12.0,8.0,3.0,20.0,127.0,3.0,7.0,1.0,1.0,1.0,3.0,391.0,6.0,646.0,2.0,52.0,527.0,112.0,19.0,96.0,8.0,121.0,374.0,3.0,17.0,1.0,2.0,2.0,3.0,714.0,7.0,1081.0,4.0,248.0,916.0,242.0,40.0,145.0,18.0,173.0,742.0,5.0,41.0,1.0,2.0,5.0,-0.0,0.19,0.04,2.02,0.17,6.32,0.7,1.01,0.23,0.32,0.54,2.3,0.21,0.02,0.33,0.08,0.1,0.82,1.5,8.707317073170731,1.75,15.01388888888889,2.0,19.076923076923077,8.980392156862745,8.962962962962964,3.3333333333333335,18.125,6.0,8.65,5.84251968503937,1.6666666666666667,5.857142857142857,1.0,2.0,5.0
3601,0.0,3.67,0.91,806.1,0.0,1630.28,55.06,43.67,4.65,0.31,48.53,13.31,2.74,0.14,1.41,0.09,0.39,0.17,0.0,18.0,9.0,134.0,0.0,3.0,25.0,30.0,27.0,15.0,13.0,41.0,21.0,3.0,14.0,1.0,1.0,1.0,0.0,110.0,17.0,75578.0,0.0,5.0,290.0,140.0,151.0,56.0,101.0,190.0,34.0,4.0,28.0,4.0,2.0,2.0,0.0,161.0,25.0,80976.0,0.0,68.0,355.0,296.0,227.0,65.0,155.0,322.0,58.0,8.0,50.0,4.0,6.0,4.0,0.0,0.2,0.1,6.02,0.0,543.43,2.2,1.46,0.17,0.02,3.73,0.32,0.13,0.05,0.1,0.09,0.39,0.17,0.0,8.944444444444445,2.7777777777777777,604.2985074626865,0.0,22.666666666666668,14.2,9.866666666666667,8.407407407407407,4.333333333333333,11.923076923076923,7.853658536585366,2.761904761904762,2.6666666666666665,3.5714285714285716,4.0,6.0,4.0
3602,0.0,3.71,9.46,568.17,0.05,0.0,77.15,41.23,3.1,0.66,9.53,44.24,9.14,0.14,0.65,0.0,0.0,0.0,0.0,19.0,12.0,240.0,1.0,0.0,26.0,47.0,14.0,9.0,33.0,59.0,20.0,6.0,12.0,0.0,0.0,0.0,0.0,76.0,20.0,26406.0,2.0,0.0,155.0,273.0,145.0,36.0,74.0,995.0,56.0,11.0,16.0,0.0,0.0,0.0,0.0,104.0,30.0,33965.0,5.0,0.0,181.0,465.0,229.0,48.0,152.0,1281.0,94.0,15.0,22.0,0.0,0.0,0.0,0.0,0.2,0.79,2.37,0.05,0.0,2.97,0.88,0.22,0.07,0.29,0.75,0.46,0.02,0.05,0.0,0.0,0.0,0.0,5.473684210526316,2.5,141.52083333333334,5.0,0.0,6.961538461538462,9.893617021276595,16.357142857142858,5.333333333333333,4.606060606060606,21.71186440677966,4.7,2.5,1.8333333333333333,0.0,0.0,0.0
3603,19.71,1.3,4.33,1196.54,0.0,0.02,21.61,34.35,7.73,1.42,18.77,16.92,2.2,0.03,0.32,0.12,1.08,0.0,5.0,11.0,6.0,101.0,1.0,1.0,21.0,25.0,35.0,20.0,38.0,44.0,13.0,2.0,6.0,1.0,4.0,1.0,11.0,19.0,18.0,27143.0,1.0,1.0,72.0,194.0,236.0,148.0,100.0,217.0,20.0,2.0,8.0,2.0,6.0,2.0,20.0,32.0,32.0,30637.0,1.0,1.0,112.0,259.0,451.0,163.0,188.0,424.0,33.0,2.0,16.0,3.0,9.0,2.0,3.94,0.12,0.72,11.85,0.0,0.02,1.03,1.37,0.22,0.07,0.49,0.38,0.17,0.02,0.05,0.12,0.27,0.0,4.0,2.909090909090909,5.333333333333333,303.33663366336634,1.0,1.0,5.333333333333333,10.36,12.885714285714286,8.15,4.947368421052632,9.636363636363637,2.5384615384615383,1.0,2.6666666666666665,3.0,2.25,2.0
3604,0.0,2.88,-0.04,597.21,0.0,-0.25,1.86,13.02,2.27,0.2,11.81,18.62,0.55,0.02,0.03,0.01,0.0,0.45,1.0,9.0,3.0,62.0,0.0,3.0,8.0,22.0,10.0,7.0,16.0,21.0,6.0,1.0,2.0,1.0,0.0,2.0,1.0,20.0,3.0,2695.0,0.0,3.0,30.0,62.0,117.0,11.0,32.0,78.0,13.0,2.0,2.0,1.0,0.0,3.0,1.0,45.0,5.0,3812.0,0.0,3.0,49.0,127.0,164.0,14.0,82.0,145.0,19.0,4.0,2.0,1.0,0.0,5.0,0.0,0.32,-0.01,9.63,0.0,-0.08,0.23,0.59,0.23,0.03,0.74,0.89,0.09,0.02,0.02,0.01,0.0,0.22,1.0,5.0,1.6666666666666667,61.483870967741936,0.0,1.0,6.125,5.7727272727272725,16.4,2.0,5.125,6.904761904761905,3.1666666666666665,4.0,1.0,1.0,0.0,2.5
3605,0.0,0.31,0.07,18.82,0.0,0.0,3.92,0.04,0.14,0.1,3.05,1.71,0.16,0.0,0.3,0.0,0.0,0.0,0.0,2.0,1.0,20.0,0.0,0.0,1.0,5.0,5.0,4.0,5.0,3.0,3.0,0.0,2.0,0.0,0.0,0.0,0.0,4.0,2.0,175.0,0.0,0.0,1.0,9.0,6.0,23.0,19.0,11.0,4.0,0.0,8.0,0.0,0.0,0.0,0.0,7.0,3.0,231.0,0.0,0.0,6.0,14.0,12.0,28.0,38.0,20.0,10.0,0.0,11.0,0.0,0.0,0.0,0.0,0.15,0.07,0.94,0.0,0.0,3.92,0.01,0.03,0.02,0.61,0.57,0.05,0.0,0.15,0.0,0.0,0.0,0.0,3.5,3.0,11.55,0.0,0.0,6.0,2.8,2.4,7.0,7.6,6.666666666666667,3.3333333333333335,0.0,5.5,0.0,0.0,0.0
3606,0.0,0.11,3.13,3.88,0.01,0.0,0.09,0.28,1.78,0.47,0.12,0.79,0.01,0.0,0.06,0.0,0.0,0.0,0.0,2.0,1.0,18.0,1.0,0.0,2.0,4.0,5.0,11.0,4.0,6.0,1.0,0.0,1.0,0.0,0.0,0.0,0.0,4.0,2.0,149.0,1.0,0.0,3.0,10.0,50.0,158.0,4.0,16.0,1.0,0.0,1.0,0.0,0.0,0.0,0.0,5.0,5.0,200.0,1.0,0.0,3.0,12.0,66.0,197.0,4.0,32.0,2.0,0.0,1.0,0.0,0.0,0.0,0.0,0.05,3.13,0.22,0.01,0.0,0.04,0.07,0.36,0.04,0.03,0.13,0.01,0.0,0.06,0.0,0.0,0.0,0.0,2.5,5.0,11.11111111111111,1.0,0.0,1.5,3.0,13.2,17.90909090909091,1.0,5.333333333333333,2.0,0.0,1.0,0.0,0.0,0.0
3607,0.19,1.07,20.68,125.21,0.0,0.02,35.71,24.64,3.25,0.67,0.5,2.04,0.56,0.04,10.44,0.0,0.0,0.0,3.0,6.0,5.0,60.0,0.0,1.0,11.0,22.0,23.0,21.0,6.0,10.0,14.0,4.0,6.0,0.0,0.0,0.0,3.0,34.0,10.0,8546.0,0.0,1.0,19.0,96.0,123.0,93.0,12.0,23.0,23.0,6.0,15.0,0.0,0.0,0.0,4.0,43.0,10.0,9295.0,0.0,1.0,38.0,216.0,170.0,117.0,24.0,35.0,41.0,7.0,41.0,0.0,0.0,0.0,0.06,0.18,4.14,2.09,0.0,0.02,3.25,1.12,0.14,0.03,0.08,0.2,0.04,0.01,1.74,0.0,0.0,0.0,1.3333333333333333,7.166666666666667,2.0,154.91666666666666,0.0,1.0,3.4545454545454546,9.818181818181818,7.391304347826087,5.571428571428571,4.0,3.5,2.9285714285714284,1.75,6.833333333333333,0.0,0.0,0.0
3608,0.23,1.2,0.33,63.43,0.0,0.01,0.11,5.25,1.26,0.94,0.03,1.65,0.26,0.02,0.17,0.0,0.0,0.0,1.0,5.0,1.0,22.0,0.0,1.0,2.0,3.0,5.0,3.0,1.0,8.0,2.0,1.0,1.0,0.0,0.0,0.0,5.0,30.0,10.0,30658.0,0.0,1.0,11.0,65.0,44.0,93.0,1.0,32.0,10.0,1.0,1.0,0.0,0.0,0.0,9.0,36.0,11.0,31827.0,0.0,2.0,16.0,78.0,53.0,98.0,1.0,44.0,13.0,1.0,2.0,0.0,0.0,0.0,0.23,0.24,0.33,2.88,0.0,0.01,0.06,1.75,0.25,0.31,0.03,0.21,0.13,0.02,0.17,0.0,0.0,0.0,9.0,7.2,11.0,1446.6818181818182,0.0,2.0,8.0,26.0,10.6,32.666666666666664,1.0,5.5,6.5,1.0,2.0,0.0,0.0,0.0
3609,0.03,1.04,0.14,15.69,0.01,0.02,1.09,0.23,7.29,1.1,0.12,4.99,0.24,0.18,0.25,0.0,0.0,0.0,1.0,5.0,3.0,30.0,2.0,1.0,7.0,4.0,11.0,8.0,1.0,11.0,5.0,4.0,1.0,0.0,0.0,0.0,3.0,19.0,7.0,319.0,2.0,4.0,15.0,10.0,272.0,88.0,2.0,43.0,8.0,5.0,1.0,0.0,0.0,0.0,3.0,24.0,8.0,397.0,2.0,6.0,22.0,11.0,490.0,108.0,5.0,69.0,11.0,6.0,1.0,0.0,0.0,0.0,0.03,0.21,0.05,0.52,0.01,0.02,0.16,0.06,0.66,0.14,0.12,0.45,0.05,0.04,0.25,0.0,0.0,0.0,3.0,4.8,2.6666666666666665,13.233333333333333,1.0,6.0,3.142857142857143,2.75,44.54545454545455,13.5,5.0,6.2727272727272725,2.2,1.5,1.0,0.0,0.0,0.0
3610,0.49,11.21,17.76,408.27,1.12,12.62,1630.64,12.14,32.11,117.97,1.47,37.16,281.32,3.08,18.97,0.57,11.87,-1.32,8.0,24.0,23.0,103.0,3.0,15.0,43.0,32.0,56.0,62.0,12.0,32.0,26.0,10.0,10.0,2.0,25.0,4.0,9.0,95.0,85.0,2037.0,11.0,26.0,223.0,72.0,264.0,227.0,18.0,121.0,65.0,24.0,26.0,2.0,46.0,6.0,13.0,137.0,122.0,2716.0,15.0,68.0,373.0,121.0,459.0,404.0,34.0,328.0,113.0,46.0,39.0,2.0,76.0,7.0,0.06,0.47,0.77,3.96,0.37,0.84,37.92,0.38,0.57,1.9,0.12,1.16,10.82,0.31,1.9,0.28,0.47,-0.33,1.625,5.708333333333333,5.304347826086956,26.368932038834952,5.0,4.533333333333333,8.674418604651162,3.78125,8.196428571428571,6.516129032258065,2.8333333333333335,10.25,4.346153846153846,4.6,3.9,1.0,3.04,1.75
3611,-0.0,0.11,0.04,13.48,0.0,0.0,0.55,1.92,0.16,0.05,0.14,12.19,0.7,0.0,0.06,0.03,0.0,0.0,2.0,3.0,2.0,20.0,0.0,0.0,4.0,13.0,7.0,5.0,5.0,5.0,5.0,0.0,1.0,1.0,0.0,0.0,2.0,3.0,4.0,84.0,0.0,0.0,7.0,31.0,40.0,7.0,10.0,35.0,16.0,0.0,4.0,1.0,0.0,0.0,2.0,6.0,5.0,114.0,0.0,0.0,8.0,57.0,59.0,12.0,11.0,96.0,22.0,0.0,5.0,1.0,0.0,0.0,-0.0,0.04,0.02,0.67,0.0,0.0,0.14,0.15,0.02,0.01,0.03,2.44,0.14,0.0,0.06,0.03,0.0,0.0,1.0,2.0,2.5,5.7,0.0,0.0,2.0,4.384615384615385,8.428571428571429,2.4,2.2,19.2,4.4,0.0,5.0,1.0,0.0,0.0
3612,13.39,25.69,9.35,1368.22,23.75,36.5,2288.7,41.12,87.46,43.46,47.27,167.68,24.22,6.76,2.46,0.12,18.9,0.06,19.0,38.0,38.0,224.0,6.0,22.0,96.0,68.0,106.0,108.0,49.0,86.0,51.0,17.0,19.0,2.0,29.0,2.0,48.0,112.0,90.0,3648.0,34.0,189.0,408.0,171.0,1434.0,510.0,179.0,416.0,153.0,46.0,42.0,3.0,48.0,5.0,74.0,163.0,149.0,4561.0,61.0,409.0,665.0,302.0,2569.0,753.0,320.0,689.0,232.0,99.0,56.0,3.0,73.0,8.0,0.7,0.68,0.25,6.11,3.96,1.66,23.84,0.6,0.83,0.4,0.96,1.95,0.47,0.4,0.13,0.06,0.65,0.03,3.8947368421052633,4.2894736842105265,3.9210526315789473,20.361607142857142,10.166666666666666,18.59090909090909,6.927083333333333,4.4411764705882355,24.235849056603772,6.972222222222222,6.530612244897959,8.011627906976743,4.549019607843137,5.823529411764706,2.9473684210526314,1.5,2.5172413793103448,4.0
3613,0.0,8.39,4.65,652.95,1.71,13.7,198.15,4.23,58.03,0.13,8.5,2.52,0.07,0.3,16.02,0.03,0.0,0.0,0.0,3.0,3.0,19.0,1.0,4.0,12.0,1.0,5.0,12.0,4.0,8.0,3.0,1.0,5.0,1.0,0.0,0.0,0.0,4.0,20.0,89.0,2.0,9.0,122.0,4.0,54.0,30.0,17.0,39.0,4.0,2.0,8.0,2.0,0.0,0.0,0.0,13.0,47.0,287.0,9.0,44.0,205.0,6.0,181.0,34.0,23.0,68.0,7.0,5.0,24.0,2.0,0.0,0.0,0.0,2.8,1.55,34.37,1.71,3.43,16.51,4.23,11.61,0.01,2.12,0.32,0.02,0.3,3.2,0.03,0.0,0.0,0.0,4.333333333333333,15.666666666666666,15.105263157894736,9.0,11.0,17.083333333333332,6.0,36.2,2.8333333333333335,5.75,8.5,2.3333333333333335,5.0,4.8,2.0,0.0,0.0
3614,0.0,0.07,0.01,306.33,0.0,0.0,3.33,0.22,1.84,0.22,2.55,21.7,-0.05,0.0,1.02,0.0,0.0,0.0,0.0,3.0,1.0,26.0,0.0,0.0,3.0,8.0,8.0,9.0,6.0,12.0,2.0,0.0,1.0,0.0,0.0,0.0,0.0,5.0,1.0,410.0,0.0,0.0,21.0,18.0,27.0,17.0,40.0,25.0,2.0,0.0,12.0,0.0,0.0,0.0,0.0,5.0,1.0,548.0,0.0,0.0,34.0,21.0,47.0,22.0,66.0,48.0,2.0,0.0,25.0,0.0,0.0,0.0,0.0,0.02,0.01,11.78,0.0,0.0,1.11,0.03,0.23,0.02,0.43,1.81,-0.02,0.0,1.02,0.0,0.0,0.0,0.0,1.6666666666666667,1.0,21.076923076923077,0.0,0.0,11.333333333333334,2.625,5.875,2.4444444444444446,11.0,4.0,1.0,0.0,25.0,0.0,0.0,0.0
3615,-0.0,0.07,0.0,21.69,0.0,0.0,-0.03,11.9,3.4,0.42,0.13,2.28,0.19,0.05,0.0,0.0,0.0,0.0,2.0,3.0,0.0,19.0,0.0,0.0,2.0,6.0,8.0,6.0,1.0,9.0,6.0,1.0,0.0,0.0,0.0,0.0,2.0,5.0,0.0,650.0,0.0,0.0,9.0,20.0,36.0,26.0,2.0,27.0,6.0,1.0,0.0,0.0,0.0,0.0,2.0,7.0,0.0,848.0,0.0,0.0,9.0,31.0,40.0,41.0,5.0,43.0,8.0,1.0,0.0,0.0,0.0,0.0,-0.0,0.02,0.0,1.14,0.0,0.0,-0.02,1.98,0.42,0.07,0.13,0.25,0.03,0.05,0.0,0.0,0.0,0.0,1.0,2.3333333333333335,0.0,44.63157894736842,0.0,0.0,4.5,5.166666666666667,5.0,6.833333333333333,5.0,4.777777777777778,1.3333333333333333,1.0,0.0,0.0,0.0,0.0
3616,0.13,34.21,1.66,573.19,0.0,0.36,349.59,2.42,2.76,-63.91,5.22,112.44,0.19,0.06,0.64,0.0,0.0,0.0,3.0,7.0,4.0,56.0,1.0,4.0,15.0,8.0,18.0,13.0,5.0,28.0,4.0,2.0,6.0,0.0,0.0,0.0,3.0,20.0,14.0,14899.0,1.0,7.0,384.0,38.0,155.0,69.0,11.0,456.0,6.0,3.0,13.0,0.0,0.0,0.0,5.0,27.0,18.0,15605.0,2.0,13.0,504.0,58.0,191.0,136.0,42.0,785.0,8.0,6.0,17.0,0.0,0.0,0.0,0.04,4.89,0.42,10.24,0.0,0.09,23.31,0.3,0.15,-4.92,1.04,4.02,0.05,0.03,0.11,0.0,0.0,0.0,1.6666666666666667,3.857142857142857,4.5,278.6607142857143,2.0,3.25,33.6,7.25,10.61111111111111,10.461538461538462,8.4,28.035714285714285,2.0,3.0,2.8333333333333335,0.0,0.0,0.0
3617,3.39,0.67,1.82,311.31,1.67,0.0,37.99,41.95,27.65,2.23,2.19,116.94,18.0,0.01,0.53,0.0,-0.09,0.0,2.0,6.0,7.0,86.0,1.0,1.0,20.0,17.0,20.0,23.0,9.0,45.0,17.0,1.0,8.0,0.0,1.0,0.0,2.0,13.0,13.0,20078.0,2.0,3.0,92.0,36.0,151.0,118.0,20.0,580.0,26.0,1.0,11.0,0.0,1.0,0.0,3.0,17.0,14.0,21679.0,4.0,4.0,121.0,49.0,219.0,147.0,30.0,961.0,55.0,1.0,16.0,0.0,1.0,0.0,1.69,0.11,0.26,3.62,1.67,0.0,1.9,2.47,1.38,0.1,0.24,2.6,1.06,0.01,0.07,0.0,-0.09,0.0,1.5,2.8333333333333335,2.0,252.08139534883722,4.0,4.0,6.05,2.8823529411764706,10.95,6.391304347826087,3.3333333333333335,21.355555555555554,3.235294117647059,1.0,2.0,0.0,1.0,0.0
3618,0.19,10.96,0.32,93.96,-2.16,-0.01,5.51,0.13,1.05,0.28,0.07,139.51,0.76,0.03,0.35,0.0,0.0,0.03,2.0,8.0,4.0,79.0,1.0,2.0,11.0,4.0,14.0,5.0,3.0,28.0,11.0,2.0,3.0,0.0,0.0,1.0,2.0,797.0,4.0,674.0,1.0,2.0,50.0,7.0,42.0,8.0,4.0,707.0,21.0,2.0,6.0,0.0,0.0,1.0,3.0,1083.0,7.0,974.0,1.0,2.0,87.0,8.0,58.0,8.0,6.0,979.0,34.0,2.0,8.0,0.0,0.0,2.0,0.1,1.37,0.08,1.19,-2.16,-0.01,0.5,0.03,0.08,0.06,0.02,4.98,0.07,0.02,0.12,0.0,0.0,0.03,1.5,135.375,1.75,12.329113924050633,1.0,1.0,7.909090909090909,2.0,4.142857142857143,1.6,2.0,34.964285714285715,3.090909090909091,1.0,2.6666666666666665,0.0,0.0,2.0
3619,0.1,8.92,3.82,3404.72,0.01,0.02,1.84,2.29,1.55,0.87,0.63,48.04,1.58,0.98,1.76,0.0,0.0,0.0,1.0,13.0,8.0,82.0,1.0,2.0,14.0,12.0,10.0,6.0,6.0,26.0,15.0,2.0,9.0,0.0,0.0,0.0,3.0,72.0,30.0,4253.0,1.0,2.0,33.0,30.0,20.0,9.0,17.0,110.0,25.0,7.0,16.0,0.0,0.0,0.0,3.0,94.0,47.0,6971.0,1.0,2.0,45.0,42.0,37.0,16.0,36.0,169.0,34.0,13.0,24.0,0.0,0.0,0.0,0.1,0.69,0.48,41.52,0.01,0.01,0.13,0.19,0.15,0.14,0.1,1.85,0.11,0.49,0.2,0.0,0.0,0.0,3.0,7.230769230769231,5.875,85.01219512195122,1.0,1.0,3.2142857142857144,3.5,3.7,2.6666666666666665,6.0,6.5,2.2666666666666666,6.5,2.6666666666666665,0.0,0.0,0.0
3620,-0.44,0.55,0.74,260.5,0.0,0.13,106.25,7.2,0.85,30.19,20.71,14.03,4.94,0.1,4.09,0.0,0.0,0.0,1.0,3.0,6.0,138.0,0.0,5.0,23.0,15.0,16.0,15.0,11.0,43.0,20.0,2.0,12.0,0.0,0.0,0.0,1.0,24.0,18.0,3592.0,0.0,7.0,108.0,27.0,35.0,185.0,40.0,213.0,56.0,2.0,19.0,0.0,0.0,0.0,1.0,42.0,28.0,4566.0,0.0,11.0,171.0,53.0,102.0,385.0,115.0,291.0,87.0,2.0,47.0,0.0,0.0,0.0,-0.44,0.18,0.12,1.89,0.0,0.03,4.62,0.48,0.05,2.01,1.88,0.33,0.25,0.05,0.34,0.0,0.0,0.0,1.0,14.0,4.666666666666667,33.08695652173913,0.0,2.2,7.434782608695652,3.533333333333333,6.375,25.666666666666668,10.454545454545455,6.767441860465116,4.35,1.0,3.9166666666666665,0.0,0.0,0.0
3621,-0.05,1.4,0.11,67.48,0.0,0.0,13.35,1.41,3.23,0.34,5.01,8.68,1.92,0.0,0.17,0.0,0.03,0.0,1.0,10.0,4.0,80.0,0.0,1.0,18.0,15.0,11.0,5.0,27.0,24.0,16.0,1.0,2.0,0.0,1.0,0.0,1.0,15.0,7.0,690.0,0.0,2.0,52.0,30.0,37.0,14.0,44.0,87.0,27.0,1.0,3.0,0.0,1.0,0.0,1.0,19.0,9.0,971.0,0.0,2.0,73.0,41.0,66.0,23.0,119.0,125.0,47.0,1.0,16.0,0.0,1.0,0.0,-0.05,0.14,0.03,0.84,0.0,0.0,0.74,0.09,0.29,0.07,0.19,0.36,0.12,0.0,0.09,0.0,0.03,0.0,1.0,1.9,2.25,12.1375,0.0,2.0,4.055555555555555,2.7333333333333334,6.0,4.6,4.407407407407407,5.208333333333333,2.9375,1.0,8.0,0.0,1.0,0.0
3622,-0.13,8.73,1.69,5214.08,0.0,5.88,56.41,2716.11,13.82,108.9,21.43,132.15,4.39,21.45,21.76,0.0,0.0,0.0,1.0,15.0,16.0,170.0,1.0,4.0,13.0,25.0,21.0,10.0,26.0,73.0,18.0,3.0,17.0,0.0,0.0,0.0,2.0,63.0,26.0,15815.0,1.0,14.0,69.0,144.0,144.0,274.0,130.0,501.0,32.0,37.0,49.0,0.0,0.0,0.0,2.0,91.0,46.0,21050.0,2.0,30.0,103.0,442.0,246.0,335.0,268.0,789.0,49.0,147.0,92.0,0.0,0.0,0.0,-0.13,0.58,0.11,30.67,0.0,1.47,4.34,108.64,0.66,10.89,0.82,1.81,0.24,7.15,1.28,0.0,0.0,0.0,2.0,6.066666666666666,2.875,123.82352941176471,2.0,7.5,7.923076923076923,17.68,11.714285714285714,33.5,10.307692307692308,10.808219178082192,2.7222222222222223,49.0,5.411764705882353,0.0,0.0,0.0
3623,0.0,16.12,6.78,321.75,0.01,0.0,0.73,12.96,89.28,99.15,4.41,11.1,113.54,0.0,2.66,0.0,0.0,1.68,0.0,20.0,9.0,85.0,1.0,0.0,10.0,14.0,10.0,7.0,5.0,40.0,11.0,1.0,5.0,0.0,0.0,1.0,0.0,79.0,18.0,2094.0,7.0,0.0,14.0,35.0,60.0,134.0,40.0,243.0,78.0,1.0,19.0,0.0,0.0,1.0,0.0,113.0,26.0,3665.0,7.0,0.0,20.0,56.0,100.0,148.0,63.0,347.0,162.0,1.0,46.0,0.0,0.0,1.0,0.0,0.81,0.75,3.79,0.01,0.0,0.07,0.93,8.93,14.16,0.88,0.28,10.32,0.0,0.53,0.0,0.0,1.68,0.0,5.65,2.888888888888889,43.11764705882353,7.0,0.0,2.0,4.0,10.0,21.142857142857142,12.6,8.675,14.727272727272727,1.0,9.2,0.0,0.0,1.0
3624,0.0,23.43,0.83,286.55,-34.43,0.01,0.64,8.81,0.61,0.0,4.95,5.31,2.28,0.06,2.36,0.0,0.0,0.0,1.0,20.0,5.0,104.0,1.0,1.0,10.0,11.0,6.0,0.0,9.0,32.0,23.0,1.0,6.0,0.0,0.0,0.0,1.0,99.0,11.0,4874.0,1.0,2.0,25.0,30.0,15.0,0.0,13.0,123.0,38.0,1.0,13.0,0.0,0.0,0.0,1.0,173.0,14.0,5681.0,1.0,2.0,29.0,57.0,22.0,0.0,21.0,204.0,68.0,2.0,24.0,0.0,0.0,0.0,0.0,1.17,0.17,2.76,-34.43,0.01,0.06,0.8,0.1,0.0,0.55,0.17,0.1,0.06,0.39,0.0,0.0,0.0,1.0,8.65,2.8,54.625,1.0,2.0,2.9,5.181818181818182,3.6666666666666665,0.0,2.3333333333333335,6.375,2.9565217391304346,2.0,4.0,0.0,0.0,0.0
3625,0.0,78.21,7.16,4096.18,0.0,4.47,6.81,2.62,5.4,0.58,27.63,51.77,0.62,3.15,91.01,1.12,0.02,0.01,0.0,10.0,20.0,135.0,0.0,4.0,26.0,16.0,20.0,6.0,10.0,44.0,14.0,4.0,17.0,1.0,1.0,2.0,0.0,134.0,43.0,10434.0,0.0,5.0,74.0,45.0,49.0,23.0,156.0,270.0,29.0,5.0,29.0,5.0,1.0,4.0,0.0,359.0,62.0,11910.0,0.0,9.0,112.0,74.0,109.0,26.0,263.0,426.0,52.0,21.0,92.0,5.0,2.0,7.0,0.0,7.82,0.36,30.34,0.0,1.12,0.26,0.16,0.27,0.1,2.76,1.18,0.04,0.79,5.35,1.12,0.02,0.0,0.0,35.9,3.1,88.22222222222223,0.0,2.25,4.3076923076923075,4.625,5.45,4.333333333333333,26.3,9.681818181818182,3.7142857142857144,5.25,5.411764705882353,5.0,2.0,3.5
3626,-0.01,0.67,0.4,1093.86,1.75,0.08,17.08,9.98,2.71,11.51,13.23,47.43,1.39,10.17,4.99,0.0,0.06,0.0,1.0,10.0,9.0,134.0,2.0,3.0,21.0,27.0,23.0,14.0,10.0,84.0,17.0,3.0,19.0,0.0,1.0,0.0,1.0,20.0,10.0,28228.0,4.0,3.0,151.0,95.0,64.0,36.0,59.0,832.0,146.0,7.0,42.0,0.0,1.0,0.0,3.0,29.0,16.0,29280.0,4.0,4.0,196.0,146.0,137.0,53.0,92.0,1021.0,174.0,15.0,75.0,0.0,1.0,0.0,-0.01,0.07,0.04,8.16,0.88,0.03,0.81,0.37,0.12,0.82,1.32,0.56,0.08,3.39,0.26,0.0,0.06,0.0,3.0,2.9,1.7777777777777777,218.50746268656715,2.0,1.3333333333333333,9.333333333333334,5.407407407407407,5.956521739130435,3.7857142857142856,9.2,12.154761904761905,10.235294117647058,5.0,3.9473684210526314,0.0,1.0,0.0
3701,0.0,24.79,0.06,259.65,36.89,0.0,1.62,48.78,0.94,0.12,0.05,26.07,0.38,14.54,0.04,0.0,0.0,0.0,0.0,11.0,4.0,52.0,1.0,0.0,9.0,23.0,14.0,6.0,2.0,24.0,10.0,2.0,1.0,0.0,0.0,0.0,0.0,30.0,4.0,80659.0,10.0,0.0,19.0,81.0,52.0,22.0,2.0,149.0,14.0,3.0,1.0,0.0,0.0,0.0,0.0,71.0,5.0,81698.0,27.0,0.0,34.0,192.0,88.0,24.0,3.0,243.0,19.0,9.0,3.0,0.0,0.0,0.0,0.0,2.25,0.02,4.99,36.89,0.0,0.18,2.12,0.07,0.02,0.02,1.09,0.04,7.27,0.04,0.0,0.0,0.0,0.0,6.454545454545454,1.25,1571.1153846153845,27.0,0.0,3.7777777777777777,8.347826086956522,6.285714285714286,4.0,1.5,10.125,1.9,4.5,3.0,0.0,0.0,0.0
3702,0.58,9.15,12.74,457.73,0.34,0.9,70.91,45.94,23.24,1.52,117.37,84.49,14.07,14.74,1.99,0.65,-0.04,0.01,2.0,25.0,18.0,183.0,3.0,3.0,72.0,33.0,57.0,11.0,16.0,77.0,29.0,15.0,12.0,1.0,2.0,3.0,3.0,157.0,49.0,11043.0,5.0,7.0,341.0,226.0,202.0,35.0,388.0,653.0,153.0,30.0,15.0,1.0,2.0,3.0,5.0,215.0,91.0,12072.0,7.0,13.0,484.0,462.0,435.0,49.0,610.0,1087.0,227.0,75.0,38.0,1.0,2.0,3.0,0.29,0.37,0.71,2.5,0.11,0.3,0.98,1.39,0.41,0.14,7.34,1.1,0.49,0.98,0.17,0.65,-0.02,0.0,2.5,8.6,5.055555555555555,65.9672131147541,2.3333333333333335,4.333333333333333,6.722222222222222,14.0,7.631578947368421,4.454545454545454,38.125,14.116883116883116,7.827586206896552,5.0,3.1666666666666665,1.0,1.0,1.0
3703,0.12,13.96,13.87,793.11,0.0,1.54,0.09,2.72,3.04,12.0,2.26,9.74,3.3,0.7,0.03,0.0,0.0,0.0,1.0,22.0,13.0,142.0,0.0,1.0,2.0,31.0,7.0,5.0,3.0,13.0,22.0,2.0,3.0,0.0,0.0,0.0,1.0,120.0,18.0,16164.0,0.0,1.0,3.0,97.0,49.0,28.0,3.0,92.0,28.0,7.0,5.0,0.0,0.0,0.0,3.0,178.0,32.0,17466.0,0.0,1.0,4.0,180.0,66.0,60.0,7.0,132.0,36.0,18.0,6.0,0.0,0.0,0.0,0.12,0.63,1.07,5.59,0.0,1.54,0.05,0.09,0.43,2.4,0.75,0.75,0.15,0.35,0.01,0.0,0.0,0.0,3.0,8.090909090909092,2.4615384615384617,123.0,0.0,1.0,2.0,5.806451612903226,9.428571428571429,12.0,2.3333333333333335,10.153846153846153,1.6363636363636365,9.0,2.0,0.0,0.0,0.0
3704,437.57,5.11,6.69,692.78,75.63,0.12,3167.67,24.17,48.83,1.22,1.89,134.46,44.01,85.72,9.7,24.53,0.31,0.0,11.0,24.0,9.0,94.0,6.0,2.0,90.0,21.0,37.0,6.0,9.0,72.0,16.0,20.0,6.0,2.0,2.0,0.0,89.0,113.0,36.0,2438.0,30.0,2.0,1132.0,85.0,257.0,27.0,29.0,774.0,38.0,210.0,25.0,19.0,5.0,0.0,249.0,172.0,67.0,3169.0,61.0,3.0,2042.0,140.0,408.0,42.0,73.0,1399.0,85.0,729.0,146.0,45.0,8.0,0.0,39.78,0.21,0.74,7.37,12.61,0.06,35.2,1.15,1.32,0.2,0.21,1.87,2.75,4.29,1.62,12.27,0.16,0.0,22.636363636363637,7.166666666666667,7.444444444444445,33.712765957446805,10.166666666666666,1.5,22.68888888888889,6.666666666666667,11.027027027027026,7.0,8.11111111111111,19.430555555555557,5.3125,36.45,24.333333333333332,22.5,4.0,0.0
3705,0.08,7.54,0.02,164.94,0.01,2.39,1.96,0.55,24.18,0.75,2.72,72.41,0.67,0.52,0.05,0.0,1.01,0.0,1.0,15.0,3.0,49.0,1.0,1.0,10.0,11.0,7.0,4.0,4.0,16.0,8.0,2.0,3.0,0.0,1.0,0.0,2.0,84.0,5.0,397.0,1.0,4.0,13.0,19.0,137.0,25.0,16.0,45.0,23.0,4.0,5.0,0.0,1.0,0.0,2.0,121.0,8.0,637.0,1.0,18.0,21.0,31.0,157.0,29.0,60.0,92.0,29.0,4.0,6.0,0.0,3.0,0.0,0.08,0.5,0.01,3.37,0.01,2.39,0.2,0.05,3.45,0.19,0.68,4.53,0.08,0.26,0.02,0.0,1.01,0.0,2.0,8.066666666666666,2.6666666666666665,13.0,1.0,18.0,2.1,2.8181818181818183,22.428571428571427,7.25,15.0,5.75,3.625,2.0,2.0,0.0,3.0,0.0
3706,0.0,1.01,0.48,327.44,1.78,0.0,2.32,8.05,5.72,0.56,0.98,23.66,0.47,0.09,0.34,0.29,0.0,0.0,0.0,16.0,7.0,84.0,2.0,0.0,16.0,20.0,25.0,13.0,7.0,31.0,11.0,2.0,5.0,1.0,0.0,1.0,0.0,37.0,15.0,68612.0,4.0,0.0,68.0,64.0,103.0,140.0,12.0,139.0,20.0,2.0,7.0,1.0,0.0,2.0,0.0,55.0,26.0,69102.0,5.0,0.0,94.0,111.0,147.0,159.0,28.0,209.0,25.0,2.0,11.0,1.0,0.0,2.0,0.0,0.06,0.07,3.9,0.89,0.0,0.14,0.4,0.23,0.04,0.14,0.76,0.04,0.04,0.07,0.29,0.0,0.0,0.0,3.4375,3.7142857142857144,822.6428571428571,2.5,0.0,5.875,5.55,5.88,12.23076923076923,4.0,6.741935483870968,2.272727272727273,1.0,2.2,1.0,0.0,2.0
3707,0.01,2.4,11.67,419.68,0.0,5.3,343.83,17.8,38.16,11.46,6.09,53.62,7.93,0.27,33.83,0.0,0.0,0.0,2.0,17.0,12.0,161.0,1.0,4.0,25.0,32.0,19.0,16.0,8.0,49.0,15.0,3.0,6.0,0.0,0.0,0.0,4.0,68.0,46.0,6551.0,1.0,27.0,148.0,147.0,336.0,84.0,11.0,1115.0,50.0,13.0,11.0,0.0,0.0,0.0,4.0,92.0,76.0,7674.0,1.0,35.0,285.0,228.0,405.0,142.0,32.0,1359.0,85.0,31.0,79.0,0.0,0.0,0.0,0.01,0.14,0.97,2.61,0.0,1.32,13.75,0.56,2.01,0.72,0.76,1.09,0.53,0.09,5.64,0.0,0.0,0.0,2.0,5.411764705882353,6.333333333333333,47.66459627329193,1.0,8.75,11.4,7.125,21.31578947368421,8.875,4.0,27.73469387755102,5.666666666666667,10.333333333333334,13.166666666666666,0.0,0.0,0.0
3708,0.0,1.98,0.17,124.6,0.0,0.0,3.55,1.75,6.31,0.88,0.15,20.49,1.66,0.73,0.01,0.1,0.11,0.0,0.0,11.0,4.0,56.0,0.0,1.0,5.0,12.0,11.0,6.0,1.0,20.0,14.0,2.0,3.0,1.0,3.0,0.0,0.0,46.0,7.0,1001.0,0.0,1.0,23.0,29.0,84.0,37.0,4.0,194.0,20.0,11.0,4.0,1.0,3.0,0.0,0.0,63.0,10.0,1258.0,0.0,1.0,29.0,49.0,110.0,51.0,9.0,248.0,26.0,15.0,13.0,1.0,6.0,0.0,0.0,0.18,0.04,2.23,0.0,0.0,0.71,0.15,0.57,0.15,0.15,1.02,0.12,0.37,0.0,0.1,0.04,0.0,0.0,5.7272727272727275,2.5,22.464285714285715,0.0,1.0,5.8,4.083333333333333,10.0,8.5,9.0,12.4,1.8571428571428572,7.5,4.333333333333333,1.0,2.0,0.0
3709,0.26,5.89,1.68,295.89,0.0,0.11,2.72,44.19,18.27,0.97,-0.01,15.06,1.71,-0.02,2.17,0.0,0.0,0.0,2.0,16.0,11.0,122.0,0.0,1.0,9.0,14.0,24.0,13.0,2.0,26.0,12.0,2.0,6.0,0.0,0.0,0.0,2.0,61.0,18.0,2731.0,0.0,1.0,19.0,267.0,115.0,37.0,4.0,154.0,75.0,3.0,17.0,0.0,0.0,0.0,4.0,92.0,44.0,3572.0,0.0,2.0,30.0,433.0,193.0,52.0,4.0,247.0,87.0,4.0,43.0,0.0,0.0,0.0,0.13,0.37,0.15,2.43,0.0,0.11,0.3,3.16,0.76,0.07,-0.01,0.58,0.14,-0.01,0.36,0.0,0.0,0.0,2.0,5.75,4.0,29.278688524590162,0.0,2.0,3.3333333333333335,30.928571428571427,8.041666666666666,4.0,2.0,9.5,7.25,2.0,7.166666666666667,0.0,0.0,0.0
3710,0.0,2.08,0.07,189.69,0.0,0.0,51.15,12.94,3.43,4.92,0.14,18.69,4.74,0.0,0.71,0.0,0.0,0.0,0.0,13.0,2.0,70.0,0.0,0.0,3.0,11.0,11.0,26.0,1.0,25.0,4.0,0.0,4.0,0.0,0.0,1.0,0.0,45.0,2.0,754.0,0.0,0.0,9.0,37.0,46.0,414.0,3.0,127.0,7.0,0.0,5.0,0.0,0.0,1.0,0.0,77.0,3.0,1192.0,0.0,0.0,15.0,67.0,74.0,476.0,4.0,208.0,9.0,0.0,8.0,0.0,0.0,1.0,0.0,0.16,0.04,2.71,0.0,0.0,17.05,1.18,0.31,0.19,0.14,0.75,1.18,0.0,0.18,0.0,0.0,0.0,0.0,5.923076923076923,1.5,17.02857142857143,0.0,0.0,5.0,6.090909090909091,6.7272727272727275,18.307692307692307,4.0,8.32,2.25,0.0,2.0,0.0,0.0,1.0
3711,0.0,185.36,39.92,199.37,0.0,31.09,1.33,6.57,0.71,4.49,39.51,166.28,8.63,0.02,1.03,0.19,0.19,0.0,0.0,86.0,8.0,66.0,0.0,2.0,14.0,20.0,14.0,7.0,6.0,52.0,19.0,1.0,2.0,1.0,1.0,0.0,0.0,448.0,126.0,1032.0,0.0,5.0,68.0,103.0,40.0,26.0,28.0,1006.0,38.0,1.0,4.0,2.0,2.0,0.0,0.0,771.0,185.0,1567.0,0.0,25.0,100.0,151.0,79.0,35.0,73.0,1498.0,51.0,1.0,5.0,2.0,4.0,0.0,0.0,2.16,4.99,3.02,0.0,15.55,0.1,0.33,0.05,0.64,6.59,3.2,0.45,0.02,0.52,0.19,0.19,0.0,0.0,8.965116279069768,23.125,23.742424242424242,0.0,12.5,7.142857142857143,7.55,5.642857142857143,5.0,12.166666666666666,28.807692307692307,2.6842105263157894,1.0,2.5,2.0,4.0,0.0
3712,0.0,1.82,0.21,202.86,1.0,6.13,1.47,3.37,1.84,0.22,0.55,15.21,30.61,0.62,2.36,0.0,0.0,0.6,0.0,14.0,6.0,64.0,1.0,2.0,9.0,19.0,16.0,7.0,3.0,33.0,12.0,1.0,7.0,0.0,0.0,2.0,0.0,38.0,11.0,4023.0,1.0,6.0,35.0,52.0,46.0,13.0,4.0,161.0,40.0,14.0,16.0,0.0,0.0,4.0,0.0,53.0,14.0,4312.0,1.0,8.0,53.0,92.0,83.0,17.0,6.0,229.0,66.0,15.0,21.0,0.0,0.0,14.0,0.0,0.13,0.04,3.17,1.0,3.06,0.16,0.18,0.11,0.03,0.18,0.46,2.55,0.62,0.34,0.0,0.0,0.3,0.0,3.7857142857142856,2.3333333333333335,67.375,1.0,4.0,5.888888888888889,4.842105263157895,5.1875,2.4285714285714284,2.0,6.9393939393939394,5.5,15.0,3.0,0.0,0.0,7.0
3713,0.28,12.85,5.5,255.47,0.0,2.35,462.52,13.3,3.26,2.67,3.35,64.81,1.22,3.93,0.48,2.2,0.09,0.28,2.0,25.0,11.0,143.0,0.0,4.0,16.0,21.0,22.0,7.0,7.0,36.0,14.0,8.0,6.0,1.0,1.0,1.0,2.0,61.0,12.0,5077.0,0.0,13.0,74.0,135.0,149.0,44.0,12.0,502.0,22.0,11.0,7.0,2.0,2.0,2.0,3.0,87.0,28.0,5845.0,0.0,22.0,135.0,197.0,205.0,66.0,28.0,847.0,34.0,30.0,9.0,9.0,3.0,7.0,0.14,0.51,0.5,1.79,0.0,0.59,28.91,0.63,0.15,0.38,0.48,1.8,0.09,0.49,0.08,2.2,0.09,0.28,1.5,3.48,2.5454545454545454,40.87412587412587,0.0,5.5,8.4375,9.380952380952381,9.318181818181818,9.428571428571429,4.0,23.52777777777778,2.4285714285714284,3.75,1.5,9.0,3.0,7.0
3714,116.12,22.62,0.81,425.57,1.0,1.04,120.34,2.69,10.71,17.77,0.38,65.89,13.06,1.07,0.69,0.91,0.0,0.0,1.0,32.0,5.0,122.0,3.0,4.0,25.0,23.0,24.0,7.0,7.0,51.0,20.0,4.0,11.0,1.0,0.0,0.0,49.0,150.0,15.0,1512.0,3.0,6.0,241.0,46.0,216.0,29.0,11.0,685.0,48.0,29.0,17.0,1.0,0.0,0.0,51.0,242.0,25.0,2112.0,5.0,9.0,375.0,70.0,314.0,39.0,13.0,1047.0,76.0,51.0,22.0,4.0,0.0,0.0,116.12,0.71,0.16,3.49,0.33,0.26,4.81,0.12,0.45,2.54,0.05,1.29,0.65,0.27,0.06,0.91,0.0,0.0,51.0,7.5625,5.0,17.311475409836067,1.6666666666666667,2.25,15.0,3.0434782608695654,13.083333333333334,5.571428571428571,1.8571428571428572,20.529411764705884,3.8,12.75,2.0,4.0,0.0,0.0
3800,0.4,110.46,2.9,302.21,0.38,5.27,465.17,26.74,13.65,97.36,0.86,137.11,36.78,0.55,2.12,0.0,0.0,0.0,1.0,64.0,9.0,186.0,1.0,24.0,55.0,12.0,11.0,6.0,3.0,61.0,143.0,3.0,3.0,0.0,0.0,0.0,1.0,341.0,18.0,8621.0,1.0,36.0,463.0,26.0,42.0,84.0,8.0,222.0,398.0,3.0,4.0,0.0,0.0,0.0,4.0,489.0,31.0,9447.0,3.0,70.0,801.0,52.0,127.0,410.0,15.0,397.0,660.0,8.0,18.0,0.0,0.0,0.0,0.4,1.73,0.32,1.62,0.38,0.22,8.46,2.23,1.24,16.23,0.29,2.25,0.26,0.18,0.71,0.0,0.0,0.0,4.0,7.640625,3.4444444444444446,50.79032258064516,3.0,2.9166666666666665,14.563636363636364,4.333333333333333,11.545454545454545,68.33333333333333,5.0,6.508196721311475,4.615384615384615,2.6666666666666665,6.0,0.0,0.0,0.0
3901,0.12,38.64,73.78,3196.79,0.65,1.57,37.37,180.99,56.64,22.11,1.22,99.66,2.49,18.13,123.58,0.12,0.02,0.0,1.0,16.0,8.0,150.0,3.0,4.0,34.0,26.0,33.0,9.0,13.0,74.0,20.0,8.0,13.0,1.0,1.0,0.0,1.0,568.0,208.0,7654.0,5.0,7.0,152.0,436.0,173.0,848.0,36.0,318.0,47.0,106.0,104.0,1.0,2.0,0.0,2.0,691.0,259.0,9767.0,9.0,15.0,225.0,571.0,274.0,915.0,53.0,575.0,68.0,249.0,265.0,2.0,2.0,0.0,0.12,2.41,9.22,21.31,0.22,0.39,1.1,6.96,1.72,2.46,0.09,1.35,0.12,2.27,9.51,0.12,0.02,0.0,2.0,43.1875,32.375,65.11333333333333,3.0,3.75,6.617647058823529,21.96153846153846,8.303030303030303,101.66666666666667,4.076923076923077,7.77027027027027,3.4,31.125,20.384615384615383,2.0,2.0,0.0
3902,0.0,4.5,0.0,567.52,0.0,1068.11,0.25,0.14,0.63,0.0,0.18,13.43,0.75,0.0,4.96,0.0,0.0,0.0,0.0,13.0,0.0,61.0,0.0,7.0,4.0,3.0,6.0,0.0,2.0,29.0,4.0,0.0,4.0,0.0,0.0,0.0,0.0,51.0,0.0,1090.0,0.0,9.0,7.0,3.0,29.0,0.0,4.0,119.0,9.0,0.0,21.0,0.0,0.0,0.0,0.0,124.0,0.0,1400.0,0.0,105.0,9.0,7.0,50.0,0.0,5.0,184.0,13.0,0.0,56.0,0.0,0.0,0.0,0.0,0.35,0.0,9.3,0.0,152.59,0.06,0.05,0.1,0.0,0.09,0.46,0.19,0.0,1.24,0.0,0.0,0.0,0.0,9.538461538461538,0.0,22.950819672131146,0.0,15.0,2.25,2.3333333333333335,8.333333333333334,0.0,2.5,6.344827586206897,3.25,0.0,14.0,0.0,0.0,0.0
3903,0.0,30.04,50.67,1671.51,-0.65,10863.83,173.33,55.62,10.72,17.4,100.76,67.0,24.62,15.68,5.78,105.86,0.04,0.0,0.0,18.0,15.0,150.0,3.0,10.0,24.0,21.0,21.0,9.0,14.0,46.0,32.0,5.0,11.0,1.0,1.0,2.0,0.0,167.0,22.0,4691.0,7.0,13.0,234.0,103.0,111.0,91.0,160.0,484.0,55.0,46.0,28.0,2.0,1.0,3.0,0.0,239.0,53.0,6568.0,10.0,186.0,489.0,179.0,269.0,178.0,245.0,700.0,117.0,158.0,61.0,18.0,2.0,3.0,0.0,1.67,3.38,11.14,-0.22,1086.38,7.22,2.65,0.51,1.93,7.2,1.46,0.77,3.14,0.53,105.86,0.04,0.0,0.0,13.277777777777779,3.533333333333333,43.78666666666667,3.3333333333333335,18.6,20.375,8.523809523809524,12.80952380952381,19.77777777777778,17.5,15.217391304347826,3.65625,31.6,5.545454545454546,18.0,2.0,1.5
3904,0.0,0.95,1.37,123.6,0.02,0.13,121.25,1.61,13.5,0.16,66.2,15.65,5.59,0.17,0.2,0.0,0.0,0.0,0.0,14.0,4.0,81.0,1.0,3.0,12.0,9.0,11.0,5.0,6.0,32.0,11.0,1.0,5.0,0.0,0.0,0.0,0.0,28.0,17.0,3235.0,2.0,3.0,41.0,21.0,74.0,9.0,179.0,230.0,17.0,2.0,8.0,0.0,0.0,0.0,0.0,39.0,24.0,3848.0,4.0,3.0,73.0,26.0,117.0,9.0,250.0,410.0,36.0,3.0,10.0,0.0,0.0,0.0,0.0,0.07,0.34,1.53,0.02,0.04,10.1,0.18,1.23,0.03,11.03,0.49,0.51,0.17,0.04,0.0,0.0,0.0,0.0,2.7857142857142856,6.0,47.50617283950617,4.0,1.0,6.083333333333333,2.888888888888889,10.636363636363637,1.8,41.666666666666664,12.8125,3.272727272727273,3.0,2.0,0.0,0.0,0.0
3905,0.0,5.79,0.12,755.29,0.0,0.0,0.16,5.97,0.01,0.06,0.98,527.83,0.76,0.07,0.27,0.0,0.0,0.0,0.0,7.0,1.0,51.0,0.0,0.0,3.0,9.0,3.0,2.0,6.0,21.0,4.0,1.0,6.0,0.0,0.0,0.0,0.0,13.0,1.0,1407.0,0.0,0.0,14.0,30.0,3.0,5.0,10.0,397.0,5.0,3.0,10.0,0.0,0.0,0.0,0.0,22.0,1.0,2066.0,0.0,0.0,15.0,77.0,5.0,5.0,33.0,534.0,8.0,5.0,15.0,0.0,0.0,0.0,0.0,0.83,0.12,14.81,0.0,0.0,0.05,0.66,0.0,0.03,0.16,25.13,0.19,0.07,0.04,0.0,0.0,0.0,0.0,3.142857142857143,1.0,40.509803921568626,0.0,0.0,5.0,8.555555555555555,1.6666666666666667,2.5,5.5,25.428571428571427,2.0,5.0,2.5,0.0,0.0,0.0
3906,0.0,0.81,0.0,119.67,0.0,13.09,0.39,0.58,5.86,1.28,0.11,3.86,1.71,0.03,0.28,0.0,0.0,0.0,1.0,4.0,0.0,70.0,1.0,1.0,2.0,9.0,11.0,1.0,2.0,13.0,9.0,1.0,3.0,0.0,0.0,0.0,1.0,14.0,0.0,1805.0,2.0,11.0,4.0,10.0,51.0,2.0,3.0,25.0,15.0,2.0,3.0,0.0,0.0,0.0,1.0,33.0,0.0,2139.0,3.0,65.0,4.0,13.0,104.0,2.0,4.0,33.0,18.0,2.0,4.0,0.0,0.0,0.0,0.0,0.2,0.0,1.71,0.0,13.09,0.19,0.06,0.53,1.28,0.05,0.3,0.19,0.03,0.09,0.0,0.0,0.0,1.0,8.25,0.0,30.557142857142857,3.0,65.0,2.0,1.4444444444444444,9.454545454545455,2.0,2.0,2.5384615384615383,2.0,2.0,1.3333333333333333,0.0,0.0,0.0
3907,0.0,5.7,3.93,314.55,0.05,0.09,714.92,7.69,5.11,0.08,1.44,65.85,2.13,0.88,159.35,0.0,0.0,0.0,0.0,14.0,14.0,137.0,1.0,3.0,15.0,20.0,23.0,6.0,9.0,57.0,16.0,3.0,30.0,0.0,1.0,0.0,0.0,44.0,38.0,3716.0,1.0,5.0,59.0,48.0,60.0,37.0,16.0,503.0,21.0,27.0,117.0,0.0,1.0,0.0,0.0,58.0,59.0,4804.0,5.0,7.0,118.0,76.0,145.0,41.0,26.0,668.0,29.0,43.0,581.0,0.0,1.0,0.0,0.0,0.41,0.28,2.3,0.05,0.03,47.66,0.38,0.22,0.01,0.16,1.16,0.13,0.29,5.31,0.0,0.0,0.0,0.0,4.142857142857143,4.214285714285714,35.065693430656935,5.0,2.3333333333333335,7.866666666666666,3.8,6.304347826086956,6.833333333333333,2.888888888888889,11.719298245614034,1.8125,14.333333333333334,19.366666666666667,0.0,1.0,0.0
3908,-0.02,107.99,0.13,1120.2,0.0,0.01,122.03,1.93,2.66,0.23,0.48,36.18,14.46,181.4,4.14,0.0,0.0,0.03,2.0,7.0,6.0,84.0,0.0,4.0,13.0,11.0,17.0,4.0,4.0,39.0,12.0,9.0,15.0,0.0,0.0,1.0,4.0,116.0,18.0,2765.0,0.0,13.0,40.0,46.0,156.0,10.0,9.0,265.0,30.0,222.0,47.0,0.0,0.0,1.0,4.0,193.0,25.0,3412.0,0.0,18.0,74.0,74.0,306.0,14.0,11.0,441.0,84.0,493.0,85.0,0.0,0.0,2.0,-0.01,15.43,0.02,13.34,0.0,0.0,9.39,0.18,0.16,0.06,0.12,0.93,1.2,20.16,0.28,0.0,0.0,0.03,2.0,27.571428571428573,4.166666666666667,40.61904761904762,0.0,4.5,5.6923076923076925,6.7272727272727275,18.0,3.5,2.75,11.307692307692308,7.0,54.77777777777778,5.666666666666667,0.0,0.0,2.0
3909,0.0,45.62,0.23,94.33,-17.18,0.4,2.0,7.28,1.59,0.31,1.14,17.06,4.07,0.0,174.26,0.0,0.0,0.0,0.0,7.0,4.0,69.0,2.0,2.0,7.0,14.0,14.0,3.0,7.0,28.0,25.0,0.0,9.0,0.0,0.0,0.0,0.0,28.0,5.0,362.0,3.0,5.0,20.0,52.0,57.0,11.0,25.0,109.0,46.0,0.0,37.0,0.0,0.0,0.0,0.0,49.0,8.0,558.0,4.0,7.0,25.0,89.0,123.0,21.0,36.0,151.0,71.0,0.0,162.0,0.0,0.0,0.0,0.0,6.52,0.06,1.37,-8.59,0.2,0.29,0.52,0.11,0.1,0.16,0.61,0.16,0.0,19.36,0.0,0.0,0.0,0.0,7.0,2.0,8.08695652173913,2.0,3.5,3.5714285714285716,6.357142857142857,8.785714285714286,7.0,5.142857142857143,5.392857142857143,2.84,0.0,18.0,0.0,0.0,0.0
3910,0.08,17.62,21.37,4606.34,0.01,0.68,74.24,30.93,39.11,11.05,11.99,90.15,139.69,17.39,27.33,0.04,13.8,4.88,1.0,14.0,17.0,345.0,1.0,3.0,24.0,30.0,12.0,6.0,9.0,64.0,22.0,10.0,29.0,1.0,2.0,2.0,1.0,184.0,75.0,58775.0,8.0,29.0,188.0,163.0,111.0,29.0,46.0,426.0,581.0,50.0,76.0,1.0,14.0,7.0,1.0,247.0,119.0,66464.0,8.0,39.0,280.0,281.0,177.0,51.0,100.0,670.0,1163.0,159.0,144.0,2.0,25.0,17.0,0.08,1.26,1.26,13.35,0.01,0.23,3.09,1.03,3.26,1.84,1.33,1.41,6.35,1.74,0.94,0.04,6.9,2.44,1.0,17.642857142857142,7.0,192.64927536231883,8.0,13.0,11.666666666666666,9.366666666666667,14.75,8.5,11.11111111111111,10.46875,52.86363636363637,15.9,4.9655172413793105,2.0,12.5,8.5
3911,0.01,74.76,1.39,275.69,1.26,0.01,17.76,72.7,3.02,1.39,3.38,141.36,8.41,0.0,21.35,0.0,0.45,0.0,2.0,14.0,9.0,114.0,2.0,1.0,25.0,19.0,28.0,8.0,6.0,61.0,16.0,0.0,26.0,0.0,2.0,0.0,2.0,122.0,25.0,2435.0,3.0,2.0,79.0,410.0,133.0,38.0,10.0,326.0,108.0,0.0,84.0,0.0,5.0,0.0,3.0,218.0,42.0,3186.0,4.0,4.0,95.0,866.0,257.0,53.0,26.0,634.0,181.0,0.0,254.0,0.0,5.0,0.0,0.01,5.34,0.15,2.42,0.63,0.01,0.71,3.83,0.11,0.17,0.56,2.32,0.53,0.0,0.82,0.0,0.22,0.0,1.5,15.571428571428571,4.666666666666667,27.94736842105263,2.0,4.0,3.8,45.578947368421055,9.178571428571429,6.625,4.333333333333333,10.39344262295082,11.3125,0.0,9.76923076923077,0.0,2.5,0.0
3912,0.0,1.38,0.15,848.39,0.01,0.0,2.37,2.56,2.53,18.08,0.03,20.99,0.25,0.0,4.69,0.0,0.0,0.0,1.0,16.0,1.0,48.0,1.0,0.0,6.0,5.0,5.0,3.0,3.0,24.0,4.0,0.0,7.0,0.0,0.0,0.0,1.0,66.0,2.0,494.0,8.0,0.0,11.0,9.0,65.0,6.0,4.0,63.0,7.0,0.0,12.0,0.0,0.0,0.0,1.0,107.0,2.0,849.0,10.0,0.0,19.0,12.0,89.0,21.0,4.0,123.0,9.0,0.0,35.0,0.0,0.0,0.0,0.0,0.09,0.15,17.67,0.01,0.0,0.39,0.51,0.51,6.03,0.01,0.87,0.06,0.0,0.67,0.0,0.0,0.0,1.0,6.6875,2.0,17.6875,10.0,0.0,3.1666666666666665,2.4,17.8,7.0,1.3333333333333333,5.125,2.25,0.0,5.0,0.0,0.0,0.0
3913,2.1,0.44,0.95,197.21,0.0,0.02,3.03,18.61,17.4,1.88,1.86,47.04,10.16,0.09,15.29,0.0,0.02,0.25,2.0,6.0,5.0,100.0,0.0,2.0,13.0,11.0,23.0,3.0,7.0,47.0,21.0,2.0,9.0,0.0,1.0,1.0,11.0,11.0,7.0,3182.0,0.0,2.0,19.0,227.0,202.0,93.0,15.0,516.0,36.0,2.0,12.0,0.0,3.0,1.0,14.0,12.0,10.0,4477.0,0.0,2.0,30.0,330.0,349.0,109.0,23.0,734.0,75.0,2.0,60.0,0.0,4.0,1.0,1.05,0.07,0.19,1.97,0.0,0.01,0.23,1.69,0.76,0.63,0.27,1.0,0.48,0.05,1.7,0.0,0.02,0.25,7.0,2.0,2.0,44.77,0.0,1.0,2.3076923076923075,30.0,15.173913043478262,36.333333333333336,3.2857142857142856,15.617021276595745,3.5714285714285716,1.0,6.666666666666667,0.0,4.0,1.0
3914,0.03,52.95,0.21,237.99,0.01,3.03,3.83,8.23,1.79,0.31,19.94,78.86,4.51,0.37,25.72,0.0,-0.13,0.0,1.0,12.0,4.0,123.0,2.0,3.0,6.0,16.0,11.0,5.0,6.0,32.0,13.0,1.0,12.0,0.0,1.0,0.0,1.0,175.0,9.0,7788.0,2.0,15.0,108.0,72.0,42.0,33.0,25.0,583.0,25.0,10.0,49.0,0.0,3.0,0.0,3.0,326.0,13.0,8552.0,3.0,23.0,150.0,128.0,66.0,35.0,67.0,1027.0,54.0,18.0,151.0,0.0,5.0,0.0,0.03,4.41,0.05,1.93,0.01,1.01,0.64,0.51,0.16,0.06,3.32,2.46,0.35,0.37,2.14,0.0,-0.13,0.0,3.0,27.166666666666668,3.25,69.52845528455285,1.5,7.666666666666667,25.0,8.0,6.0,7.0,11.166666666666666,32.09375,4.153846153846154,18.0,12.583333333333334,0.0,5.0,0.0
3915,0.32,1.84,0.69,744.35,0.43,0.25,39.83,6.23,11.16,52.01,6.51,105.56,0.57,0.38,3.01,0.0,-0.43,0.0,2.0,11.0,3.0,118.0,2.0,2.0,20.0,19.0,21.0,11.0,10.0,38.0,15.0,3.0,19.0,0.0,1.0,0.0,2.0,27.0,19.0,22549.0,5.0,4.0,126.0,68.0,75.0,53.0,21.0,457.0,32.0,7.0,33.0,0.0,1.0,0.0,4.0,38.0,29.0,23723.0,7.0,6.0,176.0,113.0,163.0,85.0,34.0,775.0,51.0,18.0,70.0,0.0,1.0,0.0,0.16,0.17,0.23,6.31,0.22,0.13,1.99,0.33,0.53,4.73,0.65,2.78,0.04,0.13,0.16,0.0,-0.43,0.0,2.0,3.4545454545454546,9.666666666666666,201.04237288135593,3.5,3.0,8.8,5.947368421052632,7.761904761904762,7.7272727272727275,3.4,20.394736842105264,3.4,6.0,3.6842105263157894,0.0,1.0,0.0
4001,0.38,10.51,16.84,3005.58,0.0,33.9,122.9,116.0,23.0,212.87,31.57,59.5,32.77,28.93,8.05,0.0,0.0,2.58,2.0,17.0,12.0,180.0,0.0,14.0,66.0,39.0,28.0,14.0,27.0,50.0,42.0,6.0,12.0,0.0,0.0,2.0,2.0,55.0,25.0,9321.0,0.0,30.0,499.0,160.0,235.0,303.0,147.0,336.0,278.0,19.0,18.0,0.0,0.0,3.0,3.0,90.0,50.0,12866.0,0.0,101.0,822.0,382.0,644.0,913.0,293.0,462.0,766.0,76.0,64.0,0.0,0.0,7.0,0.19,0.62,1.4,16.7,0.0,2.42,1.86,2.97,0.82,15.2,1.17,1.19,0.78,4.82,0.67,0.0,0.0,1.29,1.5,5.294117647058823,4.166666666666667,71.47777777777777,0.0,7.214285714285714,12.454545454545455,9.794871794871796,23.0,65.21428571428571,10.851851851851851,9.24,18.238095238095237,12.666666666666666,5.333333333333333,0.0,0.0,3.5
4002,0.15,10.41,1.15,262.26,0.0,11.78,33.1,32.39,1.37,32.98,15.54,5.48,35.54,0.0,0.0,0.0,0.0,0.0,1.0,17.0,2.0,133.0,0.0,7.0,36.0,4.0,4.0,3.0,7.0,17.0,55.0,0.0,0.0,0.0,0.0,0.0,1.0,58.0,8.0,3787.0,0.0,13.0,538.0,21.0,9.0,103.0,63.0,31.0,231.0,0.0,0.0,0.0,0.0,0.0,2.0,97.0,11.0,4930.0,0.0,53.0,717.0,28.0,18.0,350.0,102.0,47.0,388.0,0.0,0.0,0.0,0.0,0.0,0.15,0.61,0.57,1.97,0.0,1.68,0.92,8.1,0.34,10.99,2.22,0.32,0.65,0.0,0.0,0.0,0.0,0.0,2.0,5.705882352941177,5.5,37.067669172932334,0.0,7.571428571428571,19.916666666666668,7.0,4.5,116.66666666666667,14.571428571428571,2.764705882352941,7.054545454545455,0.0,0.0,0.0,0.0,0.0
4003,0.0,2.93,3.72,741.92,0.0,17.54,76.39,9.21,29.79,143.5,47.85,46.86,23.69,0.05,1.38,0.65,0.0,0.32,0.0,23.0,6.0,154.0,0.0,3.0,59.0,12.0,29.0,5.0,41.0,24.0,60.0,1.0,4.0,1.0,0.0,1.0,0.0,54.0,14.0,9684.0,0.0,15.0,513.0,29.0,109.0,204.0,264.0,135.0,248.0,1.0,6.0,1.0,0.0,4.0,0.0,86.0,30.0,10825.0,0.0,62.0,723.0,46.0,222.0,987.0,574.0,297.0,413.0,4.0,12.0,2.0,0.0,8.0,0.0,0.13,0.62,4.82,0.0,5.85,1.29,0.77,1.03,28.7,1.17,1.95,0.39,0.05,0.35,0.65,0.0,0.32,0.0,3.739130434782609,5.0,70.29220779220779,0.0,20.666666666666668,12.254237288135593,3.8333333333333335,7.655172413793103,197.4,14.0,12.375,6.883333333333334,4.0,3.0,2.0,0.0,8.0
4004,10.16,102.47,4.64,4245.82,0.03,19.33,212.24,19.84,12.21,2.36,60.2,12.14,48.39,2.51,0.34,0.0,0.0,0.0,3.0,9.0,8.0,172.0,2.0,8.0,51.0,16.0,10.0,2.0,31.0,25.0,57.0,4.0,3.0,0.0,0.0,0.0,3.0,44.0,11.0,2479.0,2.0,17.0,383.0,86.0,19.0,20.0,279.0,112.0,249.0,6.0,8.0,0.0,0.0,0.0,13.0,100.0,15.0,5297.0,3.0,73.0,621.0,114.0,43.0,67.0,610.0,154.0,524.0,17.0,11.0,0.0,0.0,0.0,3.39,11.39,0.58,24.69,0.01,2.42,4.16,1.24,1.22,1.18,1.94,0.49,0.85,0.63,0.11,0.0,0.0,0.0,4.333333333333333,11.11111111111111,1.875,30.796511627906977,1.5,9.125,12.176470588235293,7.125,4.3,33.5,19.677419354838708,6.16,9.192982456140351,4.25,3.6666666666666665,0.0,0.0,0.0
4005,0.0,13.28,3.09,847.87,9.48,0.04,96.2,54.01,14.37,1.53,229.53,53.52,12.56,0.19,185.35,0.0,-0.0,0.58,0.0,25.0,13.0,159.0,3.0,3.0,60.0,15.0,31.0,4.0,44.0,48.0,52.0,2.0,5.0,0.0,1.0,1.0,0.0,168.0,45.0,8322.0,4.0,4.0,864.0,116.0,115.0,44.0,199.0,459.0,141.0,5.0,12.0,0.0,1.0,1.0,0.0,357.0,90.0,9801.0,28.0,8.0,1458.0,255.0,256.0,59.0,523.0,701.0,282.0,11.0,73.0,0.0,2.0,3.0,0.0,0.53,0.24,5.33,3.16,0.01,1.6,3.6,0.46,0.38,5.22,1.11,0.24,0.1,37.07,0.0,-0.0,0.58,0.0,14.28,6.923076923076923,61.64150943396226,9.333333333333334,2.6666666666666665,24.3,17.0,8.258064516129032,14.75,11.886363636363637,14.604166666666666,5.423076923076923,5.5,14.6,0.0,2.0,3.0
4101,18.83,256.09,40.21,389.81,0.64,2.08,90.76,8.48,12.93,29.31,30.66,47.6,84.8,0.31,12.25,1.7,0.02,0.38,2.0,66.0,24.0,104.0,1.0,8.0,33.0,27.0,20.0,12.0,12.0,42.0,82.0,7.0,16.0,1.0,2.0,3.0,3.0,375.0,79.0,1506.0,4.0,27.0,372.0,123.0,187.0,78.0,105.0,237.0,386.0,9.0,50.0,5.0,2.0,9.0,5.0,900.0,109.0,2067.0,7.0,39.0,480.0,206.0,239.0,115.0,260.0,462.0,676.0,15.0,79.0,6.0,2.0,11.0,9.41,3.88,1.68,3.75,0.64,0.26,2.75,0.31,0.65,2.44,2.56,1.13,1.03,0.04,0.77,1.7,0.01,0.13,2.5,13.636363636363637,4.541666666666667,19.875,7.0,4.875,14.545454545454545,7.62962962962963,11.95,9.583333333333334,21.666666666666668,11.0,8.24390243902439,2.142857142857143,4.9375,6.0,1.0,3.6666666666666665
4102,3.58,683.9,0.14,75.28,-2.32,0.08,1.35,10.63,0.32,79.93,3.27,8.85,109.84,0.08,0.47,0.0,0.0,0.0,1.0,740.0,4.0,71.0,1.0,3.0,9.0,13.0,7.0,5.0,10.0,43.0,211.0,1.0,5.0,0.0,0.0,0.0,1.0,8316.0,6.0,1339.0,1.0,5.0,27.0,33.0,12.0,43.0,13.0,151.0,953.0,3.0,9.0,0.0,0.0,0.0,3.0,12213.0,6.0,1578.0,1.0,7.0,35.0,59.0,18.0,196.0,63.0,213.0,1514.0,4.0,11.0,0.0,0.0,0.0,3.58,0.92,0.04,1.06,-2.32,0.03,0.15,0.82,0.05,15.99,0.33,0.21,0.52,0.08,0.09,0.0,0.0,0.0,3.0,16.504054054054055,1.5,22.225352112676056,1.0,2.3333333333333335,3.888888888888889,4.538461538461538,2.5714285714285716,39.2,6.3,4.953488372093023,7.1753554502369665,4.0,2.2,0.0,0.0,0.0
4103,0.19,61.22,15.31,1016.66,0.02,0.11,0.28,3.75,5.39,0.02,5.99,138.21,13.44,0.13,0.13,0.0,0.0,0.0,1.0,83.0,14.0,79.0,2.0,3.0,7.0,14.0,9.0,1.0,13.0,36.0,47.0,2.0,3.0,0.0,0.0,0.0,2.0,438.0,34.0,3464.0,3.0,3.0,14.0,84.0,26.0,6.0,37.0,124.0,206.0,2.0,4.0,0.0,0.0,0.0,3.0,781.0,68.0,4005.0,5.0,5.0,22.0,157.0,55.0,9.0,87.0,228.0,384.0,3.0,5.0,0.0,0.0,0.0,0.19,0.74,1.09,12.87,0.01,0.04,0.04,0.27,0.6,0.02,0.46,3.84,0.29,0.07,0.04,0.0,0.0,0.0,3.0,9.409638554216867,4.857142857142857,50.69620253164557,2.5,1.6666666666666667,3.142857142857143,11.214285714285714,6.111111111111111,9.0,6.6923076923076925,6.333333333333333,8.170212765957446,1.5,1.6666666666666667,0.0,0.0,0.0
4104,0.01,232.61,8.13,140.37,0.0,0.22,1.68,3.33,2.1,0.15,16.42,10.7,47.0,0.63,6.34,0.0,0.0,0.21,1.0,268.0,22.0,66.0,1.0,4.0,12.0,35.0,9.0,4.0,11.0,55.0,111.0,7.0,5.0,0.0,0.0,1.0,1.0,2154.0,43.0,527.0,1.0,4.0,21.0,95.0,32.0,11.0,25.0,148.0,360.0,18.0,11.0,0.0,0.0,3.0,1.0,3402.0,71.0,827.0,1.0,10.0,27.0,142.0,35.0,13.0,66.0,259.0,616.0,22.0,34.0,0.0,0.0,5.0,0.01,0.87,0.37,2.13,0.0,0.06,0.14,0.1,0.23,0.04,1.49,0.19,0.42,0.09,1.27,0.0,0.0,0.21,1.0,12.694029850746269,3.227272727272727,12.530303030303031,1.0,2.5,2.25,4.057142857142857,3.888888888888889,3.25,6.0,4.709090909090909,5.54954954954955,3.142857142857143,6.8,0.0,0.0,5.0
4105,0.0,194.47,0.2,507.45,0.62,130.18,24.49,34.56,1.44,0.41,7.34,0.92,47.34,0.69,0.27,0.0,-0.06,0.0,0.0,176.0,10.0,80.0,1.0,8.0,16.0,17.0,19.0,7.0,10.0,18.0,63.0,3.0,6.0,0.0,1.0,2.0,0.0,1647.0,11.0,559.0,2.0,61.0,119.0,118.0,45.0,59.0,12.0,50.0,154.0,3.0,6.0,0.0,1.0,2.0,0.0,2373.0,13.0,784.0,2.0,264.0,241.0,203.0,84.0,78.0,15.0,67.0,294.0,7.0,7.0,0.0,1.0,4.0,0.0,1.1,0.02,6.34,0.62,16.27,1.53,2.03,0.08,0.06,0.73,0.05,0.75,0.23,0.04,0.0,-0.06,0.0,0.0,13.482954545454545,1.3,9.8,2.0,33.0,15.0625,11.941176470588236,4.421052631578948,11.142857142857142,1.5,3.7222222222222223,4.666666666666667,2.3333333333333335,1.1666666666666667,0.0,1.0,2.0
4106,-0.0,358.14,0.55,398.14,0.47,1.21,4.19,12.81,43.7,0.4,22.67,11.13,18.75,1.35,3.52,0.08,-0.04,0.0,1.0,131.0,12.0,101.0,3.0,2.0,14.0,22.0,26.0,4.0,10.0,36.0,70.0,4.0,8.0,1.0,1.0,0.0,1.0,2348.0,24.0,19846.0,3.0,10.0,56.0,80.0,83.0,4.0,17.0,182.0,201.0,9.0,27.0,1.0,2.0,0.0,1.0,2901.0,28.0,20702.0,6.0,19.0,85.0,119.0,123.0,6.0,59.0,245.0,351.0,26.0,42.0,1.0,2.0,0.0,-0.0,2.73,0.05,3.94,0.16,0.6,0.3,0.58,1.68,0.1,2.27,0.31,0.27,0.34,0.44,0.08,-0.04,0.0,1.0,22.14503816793893,2.3333333333333335,204.97029702970298,2.0,9.5,6.071428571428571,5.409090909090909,4.730769230769231,1.5,5.9,6.805555555555555,5.014285714285714,6.5,5.25,1.0,2.0,0.0
4201,0.15,1.31,1.57,1585.89,0.0,1.08,19.11,62.36,4.53,18.47,2.15,34.66,8.99,7.27,6.43,0.0,0.31,-0.07,3.0,23.0,20.0,232.0,0.0,6.0,35.0,31.0,29.0,12.0,15.0,46.0,23.0,7.0,20.0,0.0,1.0,3.0,5.0,54.0,32.0,48427.0,0.0,14.0,90.0,182.0,129.0,351.0,32.0,545.0,46.0,9.0,34.0,0.0,3.0,7.0,6.0,89.0,42.0,55224.0,0.0,35.0,133.0,289.0,215.0,380.0,61.0,994.0,69.0,24.0,52.0,0.0,6.0,11.0,0.05,0.06,0.08,6.84,0.0,0.18,0.55,2.01,0.16,1.54,0.14,0.75,0.39,1.04,0.32,0.0,0.31,-0.02,2.0,3.869565217391304,2.1,238.0344827586207,0.0,5.833333333333333,3.8,9.32258064516129,7.413793103448276,31.666666666666668,4.066666666666666,21.608695652173914,3.0,3.4285714285714284,2.6,0.0,6.0,3.6666666666666665
4202,0.0,13.58,3.36,139.72,10.95,0.82,175.58,0.79,6.51,30.12,10.56,24.37,1.17,0.45,5.11,0.0,-0.09,0.0,0.0,9.0,2.0,67.0,2.0,2.0,14.0,14.0,17.0,11.0,7.0,20.0,11.0,3.0,3.0,0.0,1.0,0.0,0.0,23.0,23.0,3006.0,10.0,2.0,57.0,29.0,128.0,77.0,34.0,193.0,21.0,6.0,4.0,0.0,1.0,0.0,0.0,35.0,34.0,3567.0,26.0,9.0,126.0,48.0,242.0,93.0,81.0,284.0,41.0,15.0,16.0,0.0,1.0,0.0,0.0,1.51,1.68,2.09,5.48,0.41,12.54,0.06,0.38,2.74,1.51,1.22,0.11,0.15,1.7,0.0,-0.09,0.0,0.0,3.888888888888889,17.0,53.23880597014925,13.0,4.5,9.0,3.4285714285714284,14.235294117647058,8.454545454545455,11.571428571428571,14.2,3.727272727272727,5.0,5.333333333333333,0.0,1.0,0.0
4203,0.4,31.99,9.96,414.51,2.98,2.2,56.31,18.73,3.24,0.2,30.74,54.13,10.09,8.71,1.34,0.02,0.39,0.06,2.0,10.0,8.0,74.0,4.0,7.0,36.0,13.0,28.0,6.0,18.0,28.0,16.0,12.0,3.0,1.0,2.0,1.0,2.0,37.0,12.0,1401.0,9.0,12.0,159.0,41.0,194.0,31.0,107.0,260.0,28.0,22.0,5.0,2.0,4.0,1.0,7.0,65.0,17.0,2892.0,10.0,23.0,258.0,76.0,360.0,34.0,238.0,460.0,58.0,67.0,15.0,2.0,8.0,1.0,0.2,3.2,1.24,5.6,0.74,0.31,1.56,1.44,0.12,0.03,1.71,1.93,0.63,0.73,0.45,0.02,0.19,0.06,3.5,6.5,2.125,39.08108108108108,2.5,3.2857142857142856,7.166666666666667,5.846153846153846,12.857142857142858,5.666666666666667,13.222222222222221,16.428571428571427,3.625,5.583333333333333,5.0,2.0,4.0,1.0
4204,7.17,23.98,409.87,10175.94,0.26,0.39,55.86,74.96,37.28,8.2,1244.1,80.45,56.09,42.58,2.44,0.0,0.0,0.15,4.0,25.0,21.0,208.0,3.0,5.0,54.0,40.0,44.0,12.0,28.0,76.0,26.0,10.0,12.0,0.0,0.0,4.0,12.0,164.0,161.0,516791.0,8.0,8.0,286.0,207.0,343.0,231.0,511.0,631.0,163.0,117.0,36.0,0.0,0.0,5.0,12.0,284.0,275.0,519775.0,9.0,15.0,408.0,391.0,703.0,308.0,1467.0,915.0,317.0,394.0,52.0,0.0,0.0,8.0,1.79,0.96,19.52,48.92,0.09,0.08,1.03,1.87,0.85,0.68,44.43,1.06,2.16,4.26,0.2,0.0,0.0,0.04,3.0,11.36,13.095238095238095,2498.918269230769,3.0,3.0,7.555555555555555,9.775,15.977272727272727,25.666666666666668,52.392857142857146,12.039473684210526,12.192307692307692,39.4,4.333333333333333,0.0,0.0,2.0
4205,0.0,8.77,0.94,3526.19,0.23,4.52,16.17,46.35,4.38,2.16,2.73,50.25,3.91,7.7,2.59,0.0,-0.29,0.0,0.0,10.0,12.0,153.0,2.0,2.0,38.0,22.0,33.0,15.0,9.0,50.0,18.0,4.0,3.0,0.0,2.0,0.0,0.0,72.0,17.0,25373.0,2.0,2.0,315.0,61.0,150.0,131.0,13.0,184.0,69.0,17.0,17.0,0.0,5.0,0.0,0.0,107.0,39.0,28012.0,2.0,9.0,360.0,137.0,332.0,159.0,23.0,345.0,137.0,51.0,19.0,0.0,6.0,0.0,0.0,0.88,0.08,23.05,0.11,2.26,0.43,2.11,0.13,0.14,0.3,1.01,0.22,1.92,0.86,0.0,-0.14,0.0,0.0,10.7,3.25,183.08496732026143,1.0,4.5,9.473684210526315,6.2272727272727275,10.06060606060606,10.6,2.5555555555555554,6.9,7.611111111111111,12.75,6.333333333333333,0.0,3.0,0.0
4206,-0.02,2.97,2.05,4826.94,0.0,3.52,207.92,25.31,6.2,6.29,0.17,524.93,35.38,63.09,9.56,0.0,-0.0,0.0,1.0,15.0,20.0,155.0,0.0,7.0,54.0,32.0,31.0,12.0,7.0,70.0,33.0,11.0,10.0,0.0,1.0,0.0,1.0,68.0,51.0,508564.0,0.0,53.0,307.0,153.0,198.0,47.0,16.0,1379.0,93.0,216.0,36.0,0.0,1.0,0.0,1.0,100.0,85.0,511188.0,0.0,107.0,434.0,260.0,408.0,77.0,29.0,2474.0,178.0,635.0,86.0,0.0,1.0,0.0,-0.02,0.2,0.1,31.14,0.0,0.5,3.85,0.79,0.2,0.52,0.02,7.5,1.07,5.74,0.96,0.0,-0.0,0.0,1.0,6.666666666666667,4.25,3297.9870967741936,0.0,15.285714285714286,8.037037037037036,8.125,13.161290322580646,6.416666666666667,4.142857142857143,35.34285714285714,5.393939393939394,57.72727272727273,8.6,0.0,1.0,0.0
4207,0.0,16.83,1.79,338.74,0.0,18.16,42.17,2.87,2.06,0.35,0.65,236.8,0.31,0.01,288.79,0.0,0.0,0.0,0.0,13.0,16.0,95.0,0.0,1.0,14.0,14.0,19.0,5.0,3.0,33.0,12.0,2.0,11.0,0.0,0.0,0.0,0.0,42.0,22.0,1612.0,0.0,4.0,82.0,25.0,64.0,10.0,8.0,889.0,14.0,2.0,52.0,0.0,0.0,0.0,0.0,77.0,26.0,2445.0,0.0,11.0,137.0,35.0,178.0,14.0,17.0,1610.0,20.0,2.0,260.0,0.0,0.0,0.0,0.0,1.29,0.11,3.57,0.0,18.16,3.01,0.21,0.11,0.07,0.22,7.18,0.03,0.01,26.25,0.0,0.0,0.0,0.0,5.923076923076923,1.625,25.736842105263158,0.0,11.0,9.785714285714286,2.5,9.368421052631579,2.8,5.666666666666667,48.78787878787879,1.6666666666666667,1.0,23.636363636363637,0.0,0.0,0.0
4208,0.0,5.1,0.0,1831.44,0.0,0.25,2443.98,1.97,3.68,1.94,0.17,53.69,3.35,0.0,0.03,0.0,0.0,0.0,0.0,7.0,0.0,93.0,0.0,1.0,6.0,4.0,18.0,6.0,2.0,38.0,15.0,0.0,3.0,0.0,0.0,0.0,0.0,46.0,0.0,45526.0,0.0,1.0,117.0,19.0,164.0,24.0,2.0,1692.0,22.0,0.0,3.0,0.0,0.0,0.0,0.0,61.0,0.0,46327.0,0.0,6.0,206.0,26.0,244.0,26.0,10.0,1862.0,30.0,0.0,5.0,0.0,0.0,0.0,0.0,0.73,0.0,19.69,0.0,0.25,407.33,0.49,0.2,0.32,0.08,1.41,0.22,0.0,0.01,0.0,0.0,0.0,0.0,8.714285714285714,0.0,498.13978494623655,0.0,6.0,34.333333333333336,6.5,13.555555555555555,4.333333333333333,5.0,49.0,2.0,0.0,1.6666666666666667,0.0,0.0,0.0
4209,0.0,15.54,4.16,86.59,0.0,0.0,3.46,5.78,10.3,0.03,0.63,17.71,0.07,0.0,0.0,0.0,0.0,0.0,0.0,3.0,4.0,46.0,0.0,0.0,6.0,5.0,26.0,2.0,4.0,40.0,3.0,0.0,0.0,0.0,0.0,0.0,0.0,26.0,8.0,2751.0,0.0,0.0,36.0,27.0,130.0,2.0,10.0,123.0,4.0,0.0,0.0,0.0,0.0,0.0,0.0,62.0,14.0,2902.0,0.0,0.0,45.0,38.0,275.0,5.0,15.0,174.0,6.0,0.0,0.0,0.0,0.0,0.0,0.0,5.18,1.04,1.88,0.0,0.0,0.58,1.16,0.4,0.01,0.16,0.44,0.02,0.0,0.0,0.0,0.0,0.0,0.0,20.666666666666668,3.5,63.08695652173913,0.0,0.0,7.5,7.6,10.576923076923077,2.5,3.75,4.35,2.0,0.0,0.0,0.0,0.0,0.0
4210,2.91,2.75,6.48,6055.0,-12.46,0.08,524.66,5.81,14.91,0.02,121.82,48.8,19.87,-0.31,0.08,0.0,0.0,0.0,1.0,17.0,6.0,206.0,4.0,1.0,26.0,27.0,26.0,5.0,11.0,39.0,19.0,2.0,2.0,0.0,0.0,0.0,2.0,62.0,15.0,19879.0,6.0,1.0,77.0,83.0,366.0,5.0,26.0,168.0,62.0,3.0,2.0,0.0,0.0,0.0,7.0,91.0,31.0,22414.0,14.0,4.0,218.0,120.0,727.0,6.0,56.0,263.0,127.0,4.0,2.0,0.0,0.0,0.0,2.91,0.16,1.08,29.39,-3.12,0.08,20.18,0.22,0.57,0.0,11.07,1.25,1.05,-0.15,0.04,0.0,0.0,0.0,7.0,5.352941176470588,5.166666666666667,108.80582524271844,3.5,4.0,8.384615384615385,4.444444444444445,27.96153846153846,1.2,5.090909090909091,6.743589743589744,6.684210526315789,2.0,1.0,0.0,0.0,0.0
4211,0.0,13.64,44.69,169.47,-0.03,0.0,46.75,0.52,4.85,7.17,12.87,27.09,0.32,0.03,15.12,0.0,0.0,0.0,0.0,18.0,6.0,97.0,3.0,2.0,5.0,9.0,17.0,9.0,6.0,31.0,9.0,1.0,4.0,0.0,0.0,0.0,0.0,74.0,21.0,1116.0,3.0,2.0,33.0,24.0,113.0,76.0,11.0,109.0,11.0,1.0,26.0,0.0,0.0,0.0,0.0,134.0,33.0,1674.0,4.0,2.0,49.0,33.0,204.0,121.0,30.0,192.0,13.0,1.0,59.0,0.0,0.0,0.0,0.0,0.76,7.45,1.75,-0.01,0.0,9.35,0.06,0.29,0.8,2.15,0.87,0.04,0.03,3.78,0.0,0.0,0.0,0.0,7.444444444444445,5.5,17.257731958762886,1.3333333333333333,1.0,9.8,3.6666666666666665,12.0,13.444444444444445,5.0,6.193548387096774,1.4444444444444444,1.0,14.75,0.0,0.0,0.0
4212,0.01,-8.27,2.97,6082.51,0.02,23.34,32.58,7.89,19.64,1.69,5.72,149.3,1.18,0.12,78.99,0.0,-0.1,0.0,1.0,14.0,10.0,141.0,2.0,11.0,30.0,27.0,28.0,9.0,14.0,61.0,21.0,3.0,18.0,0.0,1.0,0.0,1.0,27.0,27.0,2680.0,2.0,36.0,117.0,91.0,115.0,24.0,45.0,1305.0,35.0,3.0,86.0,0.0,1.0,0.0,2.0,40.0,45.0,3893.0,2.0,87.0,166.0,142.0,271.0,31.0,111.0,1856.0,53.0,5.0,217.0,0.0,1.0,0.0,0.01,-0.59,0.3,43.14,0.01,2.12,1.09,0.29,0.7,0.19,0.41,2.45,0.06,0.04,4.39,0.0,-0.1,0.0,2.0,2.857142857142857,4.5,27.609929078014183,1.0,7.909090909090909,5.533333333333333,5.2592592592592595,9.678571428571429,3.4444444444444446,7.928571428571429,30.42622950819672,2.5238095238095237,1.6666666666666667,12.055555555555555,0.0,1.0,0.0
4213,0.0,4.49,2.97,874.88,0.0,0.01,6.72,14.85,6.34,2.48,3.94,87.58,3.28,0.01,0.88,0.0,0.0,0.0,0.0,12.0,9.0,108.0,0.0,1.0,9.0,15.0,25.0,10.0,3.0,38.0,23.0,2.0,4.0,0.0,0.0,0.0,0.0,27.0,18.0,8170.0,0.0,1.0,38.0,36.0,102.0,74.0,9.0,213.0,110.0,2.0,10.0,0.0,0.0,0.0,0.0,47.0,25.0,9968.0,0.0,2.0,48.0,54.0,209.0,101.0,17.0,329.0,137.0,4.0,57.0,0.0,0.0,0.0,0.0,0.37,0.33,8.1,0.0,0.01,0.75,0.99,0.25,0.25,1.31,2.3,0.14,0.01,0.22,0.0,0.0,0.0,0.0,3.9166666666666665,2.7777777777777777,92.29629629629629,0.0,2.0,5.333333333333333,3.6,8.36,10.1,5.666666666666667,8.657894736842104,5.956521739130435,2.0,14.25,0.0,0.0,0.0
4214,0.0,1.81,10.5,220.11,0.06,5.06,9.06,1.22,5.43,0.56,0.57,26.68,0.49,0.46,13.42,0.0,0.0,0.02,0.0,13.0,8.0,90.0,2.0,6.0,21.0,24.0,33.0,7.0,5.0,33.0,12.0,2.0,4.0,0.0,0.0,1.0,0.0,35.0,29.0,1555.0,4.0,10.0,65.0,34.0,165.0,9.0,10.0,415.0,14.0,3.0,110.0,0.0,0.0,1.0,0.0,70.0,44.0,2097.0,4.0,25.0,123.0,63.0,386.0,11.0,12.0,700.0,25.0,3.0,124.0,0.0,0.0,2.0,0.0,0.14,1.31,2.45,0.03,0.84,0.43,0.05,0.16,0.08,0.11,0.81,0.04,0.23,3.35,0.0,0.0,0.02,0.0,5.384615384615385,5.5,23.3,2.0,4.166666666666667,5.857142857142857,2.625,11.696969696969697,1.5714285714285714,2.4,21.21212121212121,2.0833333333333335,1.5,31.0,0.0,0.0,2.0
4215,0.32,14.26,0.21,755.16,0.25,0.0,1.33,3.67,7.54,0.95,2.0,2.41,4.31,0.11,6.62,0.0,0.0,0.0,1.0,35.0,6.0,84.0,1.0,1.0,11.0,2.0,33.0,5.0,6.0,26.0,23.0,2.0,10.0,1.0,0.0,0.0,1.0,167.0,12.0,3444.0,1.0,1.0,25.0,15.0,94.0,72.0,10.0,52.0,51.0,3.0,26.0,1.0,0.0,0.0,3.0,282.0,17.0,4355.0,1.0,1.0,34.0,18.0,184.0,86.0,13.0,69.0,84.0,4.0,42.0,2.0,0.0,0.0,0.32,0.41,0.03,8.99,0.25,0.0,0.12,1.83,0.23,0.19,0.33,0.09,0.19,0.05,0.66,0.0,0.0,0.0,3.0,8.057142857142857,2.8333333333333335,51.845238095238095,1.0,1.0,3.090909090909091,9.0,5.575757575757576,17.2,2.1666666666666665,2.6538461538461537,3.652173913043478,2.0,4.2,2.0,0.0,0.0
4216,0.56,6.94,3.52,437.04,0.0,25.81,24.66,26.07,3.83,74.93,4.64,121.92,3.28,0.05,1.15,0.0,0.0,0.0,1.0,15.0,4.0,112.0,0.0,6.0,16.0,12.0,12.0,4.0,9.0,55.0,13.0,2.0,7.0,0.0,0.0,0.0,2.0,39.0,14.0,2502.0,0.0,27.0,50.0,56.0,87.0,52.0,33.0,213.0,43.0,5.0,22.0,0.0,0.0,0.0,12.0,64.0,21.0,4228.0,0.0,83.0,84.0,84.0,122.0,258.0,60.0,306.0,71.0,7.0,46.0,0.0,0.0,0.0,0.56,0.46,0.88,3.9,0.0,4.3,1.54,2.17,0.32,18.73,0.52,2.22,0.25,0.03,0.16,0.0,0.0,0.0,12.0,4.266666666666667,5.25,37.75,0.0,13.833333333333334,5.25,7.0,10.166666666666666,64.5,6.666666666666667,5.5636363636363635,5.461538461538462,3.5,6.571428571428571,0.0,0.0,0.0
4217,0.0,28.72,0.96,439.05,40.45,6.45,24.14,230.77,14.7,0.15,7.06,847.26,10.1,1.38,29.77,0.0,0.0,0.0,1.0,14.0,5.0,176.0,2.0,11.0,33.0,13.0,30.0,9.0,11.0,73.0,21.0,7.0,14.0,0.0,0.0,0.0,1.0,207.0,18.0,56830.0,7.0,26.0,735.0,135.0,103.0,39.0,59.0,1880.0,81.0,29.0,59.0,0.0,0.0,0.0,2.0,238.0,26.0,58204.0,62.0,60.0,804.0,259.0,169.0,52.0,99.0,2449.0,115.0,37.0,113.0,0.0,0.0,0.0,0.0,2.05,0.19,2.49,20.22,0.59,0.73,17.75,0.49,0.02,0.64,11.61,0.48,0.2,2.13,0.0,0.0,0.0,2.0,17.0,5.2,330.70454545454544,31.0,5.454545454545454,24.363636363636363,19.923076923076923,5.633333333333334,5.777777777777778,9.0,33.54794520547945,5.476190476190476,5.285714285714286,8.071428571428571,0.0,0.0,0.0
4401,0.0,9.04,1.81,638.13,2.87,0.59,73.47,26.86,11.97,-0.06,0.68,14.16,2.95,0.35,0.46,0.03,0.0,0.0,0.0,4.0,12.0,114.0,2.0,2.0,14.0,20.0,13.0,3.0,2.0,25.0,12.0,4.0,5.0,1.0,0.0,0.0,0.0,38.0,20.0,1350.0,2.0,3.0,51.0,99.0,125.0,4.0,7.0,161.0,36.0,6.0,5.0,2.0,0.0,0.0,0.0,88.0,42.0,3024.0,4.0,6.0,99.0,226.0,146.0,5.0,21.0,248.0,80.0,8.0,13.0,2.0,0.0,0.0,0.0,2.26,0.15,5.6,1.43,0.3,5.25,1.34,0.92,-0.02,0.34,0.57,0.25,0.09,0.09,0.03,0.0,0.0,0.0,22.0,3.5,26.526315789473685,2.0,3.0,7.071428571428571,11.3,11.23076923076923,1.6666666666666667,10.5,9.92,6.666666666666667,2.0,2.6,2.0,0.0,0.0
4402,114.23,0.73,3.62,252.75,0.38,0.0,3.58,14.06,0.35,0.37,0.09,13.09,2.35,0.06,1.06,0.0,0.0,0.0,1.0,5.0,27.0,109.0,1.0,0.0,19.0,13.0,13.0,5.0,4.0,26.0,13.0,2.0,9.0,0.0,0.0,0.0,48.0,10.0,57.0,1769.0,1.0,0.0,66.0,44.0,23.0,14.0,4.0,261.0,18.0,3.0,16.0,0.0,0.0,0.0,48.0,18.0,120.0,2388.0,2.0,0.0,88.0,126.0,39.0,15.0,6.0,331.0,29.0,5.0,20.0,0.0,0.0,0.0,114.23,0.15,0.13,2.32,0.38,0.0,0.19,1.08,0.03,0.07,0.02,0.5,0.18,0.03,0.12,0.0,0.0,0.0,48.0,3.6,4.444444444444445,21.908256880733944,2.0,0.0,4.631578947368421,9.692307692307692,3.0,3.0,1.5,12.73076923076923,2.230769230769231,2.5,2.2222222222222223,0.0,0.0,0.0
4501,0.16,13.91,0.47,603.85,0.01,7.18,4363.5,50.01,2.99,30.42,0.0,99.64,4.11,10.07,0.01,0.0,0.0,0.0,1.0,24.0,9.0,141.0,1.0,4.0,16.0,27.0,19.0,12.0,1.0,46.0,29.0,6.0,2.0,0.0,0.0,0.0,2.0,41.0,10.0,3299.0,1.0,5.0,93.0,91.0,61.0,46.0,1.0,254.0,54.0,9.0,2.0,0.0,0.0,0.0,4.0,75.0,15.0,4801.0,1.0,17.0,153.0,189.0,124.0,62.0,1.0,484.0,82.0,30.0,4.0,0.0,0.0,0.0,0.16,0.58,0.05,4.28,0.01,1.8,272.72,1.85,0.16,2.54,0.0,2.17,0.14,1.68,0.01,0.0,0.0,0.0,4.0,3.125,1.6666666666666667,34.04964539007092,1.0,4.25,9.5625,7.0,6.526315789473684,5.166666666666667,1.0,10.521739130434783,2.8275862068965516,5.0,2.0,0.0,0.0,0.0
4502,0.0,2.43,0.29,384.21,0.01,7078.2,-16.21,5.03,4.91,0.73,31.92,81.18,0.3,0.0,0.54,0.0,0.0,0.0,1.0,21.0,5.0,89.0,1.0,10.0,5.0,12.0,29.0,6.0,12.0,36.0,16.0,0.0,3.0,0.0,0.0,0.0,2.0,61.0,11.0,149311.0,2.0,19.0,40.0,57.0,79.0,17.0,49.0,631.0,18.0,0.0,11.0,0.0,0.0,0.0,2.0,102.0,14.0,149855.0,2.0,230.0,40.0,99.0,173.0,31.0,119.0,873.0,22.0,0.0,13.0,0.0,0.0,0.0,0.0,0.12,0.06,4.32,0.01,707.82,-3.24,0.42,0.17,0.12,2.66,2.25,0.02,0.0,0.18,0.0,0.0,0.0,2.0,4.857142857142857,2.8,1683.7640449438202,2.0,23.0,8.0,8.25,5.9655172413793105,5.166666666666667,9.916666666666666,24.25,1.375,0.0,4.333333333333333,0.0,0.0,0.0
4503,0.0,37.64,0.0,110.37,0.0,0.0,0.07,0.43,1.89,0.95,0.01,14.89,0.05,0.1,0.4,0.0,0.0,0.0,0.0,19.0,1.0,53.0,0.0,0.0,2.0,6.0,12.0,2.0,1.0,13.0,3.0,1.0,2.0,0.0,0.0,0.0,0.0,144.0,2.0,635.0,0.0,0.0,2.0,10.0,34.0,32.0,1.0,120.0,3.0,1.0,6.0,0.0,0.0,0.0,0.0,195.0,3.0,787.0,0.0,0.0,2.0,20.0,70.0,43.0,2.0,203.0,3.0,1.0,12.0,0.0,0.0,0.0,0.0,1.98,0.0,2.08,0.0,0.0,0.03,0.07,0.16,0.48,0.01,1.15,0.02,0.1,0.2,0.0,0.0,0.0,0.0,10.263157894736842,3.0,14.849056603773585,0.0,0.0,1.0,3.3333333333333335,5.833333333333333,21.5,2.0,15.615384615384615,1.0,1.0,6.0,0.0,0.0,0.0
4504,0.0,6.35,1.38,3752.69,0.03,3779.67,0.61,352.29,17.14,0.31,1.47,45.26,5.14,0.3,4.81,0.06,0.0,0.0,1.0,21.0,9.0,105.0,3.0,6.0,8.0,27.0,20.0,9.0,10.0,31.0,10.0,2.0,5.0,1.0,0.0,0.0,2.0,86.0,24.0,12829.0,7.0,8.0,28.0,176.0,103.0,16.0,18.0,293.0,16.0,3.0,7.0,1.0,0.0,0.0,4.0,109.0,31.0,13620.0,7.0,55.0,41.0,311.0,168.0,21.0,38.0,472.0,49.0,3.0,11.0,3.0,0.0,0.0,0.0,0.3,0.15,35.74,0.01,629.95,0.08,13.05,0.86,0.03,0.15,1.46,0.51,0.15,0.96,0.06,0.0,0.0,4.0,5.190476190476191,3.4444444444444446,129.71428571428572,2.3333333333333335,9.166666666666666,5.125,11.518518518518519,8.4,2.3333333333333335,3.8,15.225806451612904,4.9,1.5,2.2,3.0,0.0,0.0
4505,0.0,1.31,0.22,99.82,0.0,29.55,0.31,9.55,4.07,0.07,0.24,16.47,0.53,0.04,0.1,0.63,0.1,0.0,0.0,12.0,2.0,70.0,0.0,3.0,6.0,9.0,13.0,4.0,4.0,17.0,9.0,3.0,1.0,1.0,1.0,0.0,0.0,28.0,5.0,877.0,0.0,27.0,11.0,52.0,200.0,50.0,5.0,138.0,11.0,3.0,6.0,1.0,4.0,0.0,0.0,47.0,9.0,1121.0,0.0,279.0,16.0,65.0,366.0,55.0,8.0,204.0,17.0,3.0,6.0,1.0,4.0,0.0,0.0,0.11,0.11,1.43,0.0,9.85,0.05,1.06,0.31,0.02,0.06,0.97,0.06,0.01,0.1,0.63,0.1,0.0,0.0,3.9166666666666665,4.5,16.014285714285716,0.0,93.0,2.6666666666666665,7.222222222222222,28.153846153846153,13.75,2.0,12.0,1.8888888888888888,1.0,6.0,1.0,4.0,0.0
4506,0.0,5.67,32.75,1547.88,0.27,31.0,609.36,15.32,21.14,11.25,4.55,102.78,13.35,0.06,0.2,0.0,0.0,0.0,0.0,25.0,25.0,200.0,4.0,2.0,20.0,54.0,28.0,6.0,9.0,60.0,22.0,2.0,5.0,0.0,0.0,0.0,0.0,75.0,80.0,4673.0,4.0,6.0,83.0,207.0,146.0,21.0,24.0,356.0,51.0,2.0,5.0,0.0,0.0,0.0,0.0,121.0,143.0,7008.0,6.0,15.0,242.0,285.0,369.0,51.0,47.0,596.0,99.0,4.0,9.0,0.0,0.0,0.0,0.0,0.23,1.31,7.74,0.07,15.5,30.47,0.28,0.75,1.87,0.51,1.71,0.61,0.03,0.04,0.0,0.0,0.0,0.0,4.84,5.72,35.04,1.5,7.5,12.1,5.277777777777778,13.178571428571429,8.5,5.222222222222222,9.933333333333334,4.5,2.0,1.8,0.0,0.0,0.0
4507,0.25,110.33,0.34,448.98,0.0,0.0,0.59,59.2,4.36,0.32,0.25,14.59,1.03,0.0,0.09,0.0,0.0,0.0,1.0,10.0,7.0,43.0,1.0,0.0,5.0,12.0,15.0,3.0,4.0,17.0,9.0,0.0,2.0,0.0,0.0,0.0,1.0,68.0,9.0,3764.0,1.0,0.0,6.0,34.0,44.0,25.0,4.0,55.0,15.0,0.0,3.0,0.0,0.0,0.0,2.0,196.0,13.0,4059.0,1.0,0.0,9.0,80.0,103.0,38.0,4.0,80.0,20.0,0.0,6.0,0.0,0.0,0.0,0.25,11.03,0.05,10.44,0.0,0.0,0.12,4.93,0.29,0.11,0.06,0.86,0.11,0.0,0.05,0.0,0.0,0.0,2.0,19.6,1.8571428571428572,94.3953488372093,1.0,0.0,1.8,6.666666666666667,6.866666666666666,12.666666666666666,1.0,4.705882352941177,2.2222222222222223,0.0,3.0,0.0,0.0,0.0
4600,0.06,113.83,15.74,660.13,0.32,14.13,210.94,32.34,21.28,2.83,6.3,64.89,105.44,0.86,4.01,0.24,0.0,0.5,3.0,115.0,15.0,181.0,2.0,41.0,127.0,28.0,39.0,6.0,8.0,115.0,200.0,3.0,9.0,1.0,0.0,2.0,4.0,639.0,138.0,4343.0,6.0,160.0,1388.0,166.0,222.0,27.0,27.0,428.0,896.0,18.0,47.0,3.0,0.0,18.0,7.0,970.0,173.0,5645.0,9.0,262.0,2112.0,253.0,423.0,37.0,35.0,677.0,1372.0,21.0,91.0,5.0,0.0,24.0,0.02,0.99,1.05,3.65,0.16,0.34,1.66,1.15,0.55,0.47,0.79,0.56,0.53,0.29,0.45,0.24,0.0,0.25,2.3333333333333335,8.434782608695652,11.533333333333333,31.1878453038674,4.5,6.390243902439025,16.62992125984252,9.035714285714286,10.846153846153847,6.166666666666667,4.375,5.886956521739131,6.86,7.0,10.11111111111111,5.0,0.0,12.0
4701,-0.02,5.66,1.38,527.76,0.0,139.18,0.45,0.11,0.01,0.13,0.36,34.73,0.85,0.02,0.85,0.1,0.0,0.0,1.0,14.0,2.0,25.0,0.0,3.0,3.0,3.0,9.0,3.0,3.0,43.0,8.0,1.0,3.0,1.0,0.0,0.0,1.0,42.0,11.0,284.0,0.0,10.0,6.0,4.0,14.0,5.0,6.0,232.0,16.0,1.0,15.0,1.0,0.0,0.0,1.0,88.0,19.0,538.0,0.0,20.0,7.0,5.0,43.0,6.0,10.0,298.0,22.0,1.0,16.0,1.0,0.0,0.0,-0.02,0.4,0.69,21.11,0.0,46.39,0.15,0.04,0.0,0.04,0.12,0.81,0.11,0.02,0.28,0.1,0.0,0.0,1.0,6.285714285714286,9.5,21.52,0.0,6.666666666666667,2.3333333333333335,1.6666666666666667,4.777777777777778,2.0,3.3333333333333335,6.930232558139535,2.75,1.0,5.333333333333333,1.0,0.0,0.0
4702,-0.0,16.44,0.48,444.83,362.44,92.61,32.12,62.51,57.98,32.02,4.92,24.42,2.53,0.98,4.92,0.0,1.21,2.07,1.0,20.0,12.0,119.0,2.0,30.0,12.0,18.0,21.0,3.0,7.0,27.0,29.0,4.0,11.0,0.0,1.0,1.0,1.0,92.0,15.0,3027.0,11.0,95.0,119.0,112.0,115.0,22.0,21.0,218.0,44.0,19.0,24.0,0.0,1.0,3.0,1.0,133.0,18.0,4019.0,163.0,288.0,182.0,187.0,314.0,57.0,44.0,369.0,70.0,34.0,37.0,0.0,3.0,10.0,-0.0,0.82,0.04,3.74,181.22,3.09,2.68,3.47,2.76,10.67,0.7,0.9,0.09,0.24,0.45,0.0,1.21,2.07,1.0,6.65,1.5,33.773109243697476,81.5,9.6,15.166666666666666,10.38888888888889,14.952380952380953,19.0,6.285714285714286,13.666666666666666,2.413793103448276,8.5,3.3636363636363638,0.0,3.0,10.0
4703,0.0,4.85,6.2,660.35,0.0,1597.76,84.47,59.42,833.71,0.32,5.95,16.32,2.62,33.52,71.3,0.0,0.0,-0.05,0.0,24.0,9.0,101.0,0.0,36.0,15.0,18.0,24.0,5.0,3.0,35.0,15.0,5.0,14.0,0.0,0.0,1.0,0.0,66.0,43.0,3139.0,0.0,208.0,45.0,91.0,466.0,14.0,8.0,206.0,25.0,26.0,31.0,0.0,0.0,1.0,0.0,123.0,51.0,4401.0,0.0,997.0,82.0,162.0,1995.0,20.0,18.0,269.0,42.0,211.0,158.0,0.0,0.0,1.0,0.0,0.2,0.69,6.54,0.0,44.38,5.63,3.3,34.74,0.06,1.98,0.47,0.17,6.7,5.09,0.0,0.0,-0.05,0.0,5.125,5.666666666666667,43.57425742574257,0.0,27.694444444444443,5.466666666666667,9.0,83.125,4.0,6.0,7.685714285714286,2.8,42.2,11.285714285714286,0.0,0.0,1.0
4704,0.0,0.5,2.59,1739.32,0.0,1035.41,11.36,1.78,1.52,0.14,0.55,41.77,2.48,24.71,2043.38,0.0,0.0,0.0,0.0,9.0,4.0,69.0,0.0,3.0,5.0,4.0,4.0,2.0,2.0,24.0,11.0,2.0,5.0,0.0,0.0,0.0,0.0,20.0,4.0,1348.0,0.0,5.0,15.0,7.0,13.0,2.0,6.0,443.0,27.0,138.0,44.0,0.0,0.0,0.0,0.0,39.0,9.0,2627.0,0.0,140.0,33.0,22.0,26.0,2.0,11.0,959.0,37.0,410.0,629.0,0.0,0.0,0.0,0.0,0.06,0.65,25.21,0.0,345.14,2.27,0.44,0.38,0.07,0.28,1.74,0.23,12.36,408.68,0.0,0.0,0.0,0.0,4.333333333333333,2.25,38.072463768115945,0.0,46.666666666666664,6.6,5.5,6.5,1.0,5.5,39.958333333333336,3.3636363636363638,205.0,125.8,0.0,0.0,0.0
4705,0.0,1.42,0.28,302.8,0.0,0.03,0.34,359.11,654.02,0.05,0.0,127.35,3.51,0.01,1.02,0.0,0.01,0.69,0.0,7.0,3.0,73.0,1.0,2.0,9.0,13.0,21.0,4.0,1.0,35.0,13.0,1.0,2.0,0.0,2.0,1.0,0.0,30.0,4.0,2962.0,1.0,3.0,22.0,94.0,413.0,11.0,1.0,3671.0,29.0,1.0,3.0,0.0,4.0,1.0,0.0,45.0,10.0,3478.0,2.0,5.0,34.0,264.0,1091.0,16.0,1.0,3960.0,43.0,1.0,4.0,0.0,4.0,1.0,0.0,0.2,0.09,4.15,0.0,0.02,0.04,27.62,31.14,0.01,0.0,3.64,0.27,0.01,0.51,0.0,0.01,0.69,0.0,6.428571428571429,3.3333333333333335,47.64383561643836,2.0,2.5,3.7777777777777777,20.307692307692307,51.95238095238095,4.0,1.0,113.14285714285714,3.3076923076923075,1.0,2.0,0.0,2.0,1.0
4706,0.0,16.85,-0.03,67.35,0.0,0.83,200.29,235.24,70.19,0.0,14.66,42.58,23.71,1.05,0.21,0.12,0.0,0.0,0.0,11.0,1.0,70.0,0.0,3.0,10.0,10.0,14.0,2.0,2.0,23.0,12.0,2.0,3.0,2.0,0.0,0.0,0.0,36.0,1.0,316.0,0.0,5.0,29.0,188.0,383.0,2.0,18.0,185.0,52.0,4.0,5.0,2.0,0.0,0.0,0.0,62.0,1.0,493.0,0.0,10.0,85.0,337.0,990.0,2.0,36.0,271.0,94.0,22.0,8.0,4.0,0.0,0.0,0.0,1.53,-0.03,0.96,0.0,0.28,20.03,23.52,5.01,0.0,7.33,1.85,1.98,0.53,0.07,0.06,0.0,0.0,0.0,5.636363636363637,1.0,7.042857142857143,0.0,3.3333333333333335,8.5,33.7,70.71428571428571,1.0,18.0,11.782608695652174,7.833333333333333,11.0,2.6666666666666665,2.0,0.0,0.0
4707,0.0,42.93,0.02,1097.35,0.38,0.81,141.31,19.7,5.46,13.4,1.3,174.94,1.19,0.04,0.59,0.0,0.0,0.0,0.0,20.0,2.0,118.0,3.0,3.0,25.0,18.0,25.0,5.0,6.0,54.0,24.0,1.0,4.0,0.0,0.0,0.0,0.0,112.0,2.0,5662.0,4.0,3.0,209.0,76.0,131.0,144.0,12.0,356.0,29.0,1.0,10.0,0.0,0.0,0.0,0.0,211.0,2.0,6989.0,6.0,13.0,351.0,160.0,206.0,310.0,25.0,530.0,39.0,1.0,18.0,0.0,0.0,0.0,0.0,2.15,0.01,9.3,0.13,0.27,5.65,1.09,0.22,2.68,0.22,3.24,0.05,0.04,0.15,0.0,0.0,0.0,0.0,10.55,1.0,59.228813559322035,2.0,4.333333333333333,14.04,8.88888888888889,8.24,62.0,4.166666666666667,9.814814814814815,1.625,1.0,4.5,0.0,0.0,0.0
4708,0.0,4.32,0.21,399.89,0.0,0.33,-0.38,0.1,0.5,0.01,0.18,69.52,2.73,0.0,0.02,0.51,0.0,0.0,1.0,12.0,2.0,55.0,0.0,3.0,6.0,3.0,11.0,3.0,2.0,40.0,14.0,0.0,1.0,1.0,0.0,0.0,1.0,25.0,2.0,320.0,0.0,3.0,41.0,6.0,44.0,3.0,4.0,887.0,21.0,0.0,1.0,2.0,0.0,0.0,1.0,54.0,2.0,664.0,0.0,5.0,70.0,8.0,80.0,3.0,5.0,1048.0,30.0,0.0,1.0,2.0,0.0,0.0,0.0,0.36,0.1,7.27,0.0,0.11,-0.06,0.03,0.05,0.0,0.09,1.74,0.2,0.0,0.02,0.51,0.0,0.0,1.0,4.5,1.0,12.072727272727272,0.0,1.6666666666666667,11.666666666666666,2.6666666666666665,7.2727272727272725,1.0,2.5,26.2,2.142857142857143,0.0,1.0,2.0,0.0,0.0
4709,0.0,67.66,0.72,1983.58,0.0,0.5,-1155.54,10.33,33.49,24.04,0.77,279.73,1.26,0.22,1.06,0.51,0.14,0.5,0.0,16.0,2.0,80.0,0.0,5.0,17.0,15.0,32.0,12.0,6.0,55.0,8.0,3.0,5.0,2.0,2.0,1.0,0.0,115.0,11.0,26177.0,0.0,17.0,155.0,62.0,1363.0,65.0,44.0,621.0,66.0,7.0,20.0,4.0,7.0,1.0,0.0,214.0,18.0,28087.0,0.0,34.0,221.0,151.0,3304.0,140.0,82.0,881.0,106.0,18.0,65.0,10.0,9.0,3.0,0.0,4.23,0.36,24.79,0.0,0.1,-67.97,0.69,1.05,2.0,0.13,5.09,0.16,0.07,0.21,0.26,0.07,0.5,0.0,13.375,9.0,351.0875,0.0,6.8,13.0,10.066666666666666,103.25,11.666666666666666,13.666666666666666,16.01818181818182,13.25,6.0,13.0,5.0,4.5,3.0
4801,0.0,2.48,0.02,186.43,0.01,0.49,-1.11,13.01,13.52,0.01,5.21,6.65,1.47,0.0,0.0,0.0,0.0,0.0,0.0,11.0,1.0,66.0,2.0,2.0,7.0,3.0,22.0,2.0,2.0,24.0,13.0,0.0,0.0,0.0,0.0,0.0,0.0,17.0,1.0,6745.0,3.0,3.0,9.0,38.0,56.0,2.0,3.0,98.0,26.0,0.0,0.0,0.0,0.0,0.0,0.0,25.0,2.0,7004.0,3.0,5.0,14.0,63.0,136.0,2.0,12.0,115.0,37.0,0.0,0.0,0.0,0.0,0.0,0.0,0.23,0.02,2.82,0.0,0.25,-0.16,4.34,0.61,0.0,2.6,0.28,0.11,0.0,0.0,0.0,0.0,0.0,0.0,2.272727272727273,2.0,106.12121212121212,1.5,2.5,2.0,21.0,6.181818181818182,1.0,6.0,4.791666666666667,2.8461538461538463,0.0,0.0,0.0,0.0,0.0
4802,-0.0,9.62,1.9,432.86,0.0,2.67,6.32,1.17,1.3,1.35,1.13,4.26,2.84,1.03,2.27,0.0,0.0,0.0,3.0,13.0,8.0,47.0,0.0,5.0,8.0,11.0,14.0,6.0,4.0,12.0,9.0,3.0,8.0,0.0,0.0,0.0,4.0,55.0,14.0,516.0,0.0,9.0,16.0,16.0,50.0,24.0,5.0,34.0,23.0,10.0,15.0,0.0,0.0,0.0,4.0,72.0,18.0,721.0,0.0,15.0,28.0,30.0,84.0,40.0,14.0,51.0,46.0,20.0,27.0,0.0,0.0,0.0,-0.0,0.74,0.24,9.21,0.0,0.53,0.79,0.11,0.09,0.23,0.28,0.35,0.32,0.34,0.28,0.0,0.0,0.0,1.3333333333333333,5.538461538461538,2.25,15.340425531914894,0.0,3.0,3.5,2.727272727272727,6.0,6.666666666666667,3.5,4.25,5.111111111111111,6.666666666666667,3.375,0.0,0.0,0.0
4803,0.0,1.17,0.0,4827.2,0.0,0.0,44.69,4.26,3.03,0.2,0.03,23.34,3.92,1.59,0.47,0.0,0.01,0.0,0.0,9.0,1.0,72.0,0.0,2.0,6.0,16.0,10.0,5.0,4.0,21.0,14.0,2.0,4.0,0.0,1.0,0.0,0.0,26.0,1.0,1677.0,0.0,2.0,127.0,52.0,43.0,6.0,4.0,401.0,24.0,9.0,6.0,0.0,1.0,0.0,0.0,44.0,1.0,3423.0,0.0,5.0,275.0,88.0,61.0,10.0,5.0,477.0,39.0,49.0,11.0,0.0,3.0,0.0,0.0,0.13,0.0,67.04,0.0,0.0,7.45,0.27,0.3,0.04,0.01,1.11,0.28,0.8,0.12,0.0,0.01,0.0,0.0,4.888888888888889,1.0,47.541666666666664,0.0,2.5,45.833333333333336,5.5,6.1,2.0,1.25,22.714285714285715,2.7857142857142856,24.5,2.75,0.0,3.0,0.0
4804,0.0,6.96,0.84,586.15,0.1,1.09,80.32,2.2,8.79,0.53,2.76,49.82,4.94,5.98,3.63,0.0,-0.02,0.11,0.0,16.0,5.0,103.0,1.0,1.0,19.0,15.0,13.0,7.0,7.0,38.0,28.0,4.0,7.0,0.0,1.0,1.0,0.0,78.0,16.0,1393.0,1.0,1.0,184.0,41.0,34.0,22.0,13.0,152.0,64.0,6.0,35.0,0.0,1.0,1.0,0.0,102.0,22.0,1922.0,2.0,3.0,404.0,55.0,59.0,34.0,26.0,223.0,93.0,17.0,53.0,0.0,1.0,4.0,0.0,0.44,0.17,5.69,0.1,1.09,4.23,0.15,0.68,0.08,0.39,1.31,0.18,1.5,0.52,0.0,-0.02,0.11,0.0,6.375,4.4,18.660194174757283,2.0,3.0,21.263157894736842,3.6666666666666665,4.538461538461538,4.857142857142857,3.7142857142857144,5.868421052631579,3.3214285714285716,4.25,7.571428571428571,0.0,1.0,4.0
4805,0.0,0.35,24.04,308.28,0.0,0.0,0.0,0.84,0.47,0.26,0.0,2.86,1.65,0.0,0.0,0.0,0.0,0.0,0.0,5.0,2.0,33.0,0.0,0.0,0.0,5.0,6.0,3.0,0.0,17.0,3.0,0.0,0.0,0.0,0.0,0.0,0.0,15.0,21.0,362.0,0.0,0.0,0.0,5.0,14.0,7.0,0.0,69.0,3.0,0.0,0.0,0.0,0.0,0.0,0.0,34.0,66.0,471.0,0.0,0.0,0.0,12.0,19.0,7.0,0.0,88.0,5.0,0.0,0.0,0.0,0.0,0.0,0.0,0.07,12.02,9.34,0.0,0.0,0.0,0.17,0.08,0.09,0.0,0.17,0.55,0.0,0.0,0.0,0.0,0.0,0.0,6.8,33.0,14.272727272727273,0.0,0.0,0.0,2.4,3.1666666666666665,2.3333333333333335,0.0,5.176470588235294,1.6666666666666667,0.0,0.0,0.0,0.0,0.0
4806,0.01,0.35,0.63,639.05,0.0,0.0,411.1,50.38,502.7,3.62,-0.01,18378.5,4.13,0.0,0.35,0.0,0.0,0.0,1.0,7.0,3.0,87.0,0.0,0.0,9.0,18.0,32.0,8.0,4.0,37.0,13.0,0.0,4.0,0.0,0.0,0.0,1.0,28.0,8.0,4247.0,0.0,0.0,486.0,32.0,5392.0,15.0,6.0,239.0,37.0,0.0,4.0,0.0,0.0,0.0,2.0,35.0,9.0,5084.0,0.0,0.0,716.0,94.0,10766.0,17.0,10.0,330.0,59.0,0.0,10.0,0.0,0.0,0.0,0.01,0.05,0.21,7.35,0.0,0.0,45.68,2.8,15.71,0.45,-0.0,496.72,0.32,0.0,0.09,0.0,0.0,0.0,2.0,5.0,3.0,58.4367816091954,0.0,0.0,79.55555555555556,5.222222222222222,336.4375,2.125,2.5,8.91891891891892,4.538461538461538,0.0,2.5,0.0,0.0,0.0
4807,0.9,8.57,4.06,1138.83,3.11,3.41,2.23,27.07,2.1,7.03,6.93,2145.16,88.67,0.04,1.92,0.0,3.62,0.09,3.0,14.0,8.0,109.0,3.0,11.0,18.0,21.0,29.0,16.0,17.0,27.0,36.0,3.0,13.0,0.0,1.0,3.0,6.0,70.0,28.0,4967.0,10.0,20.0,57.0,103.0,42.0,244.0,40.0,472.0,347.0,3.0,23.0,0.0,2.0,6.0,6.0,90.0,45.0,6673.0,25.0,30.0,80.0,167.0,66.0,284.0,70.0,751.0,621.0,3.0,72.0,0.0,3.0,12.0,0.3,0.61,0.51,10.45,1.04,0.31,0.12,1.29,0.07,0.44,0.41,79.45,2.46,0.01,0.15,0.0,3.62,0.03,2.0,6.428571428571429,5.625,61.22018348623853,8.333333333333334,2.727272727272727,4.444444444444445,7.9523809523809526,2.2758620689655173,17.75,4.117647058823529,27.814814814814813,17.25,1.0,5.538461538461538,0.0,3.0,4.0
4808,-0.04,3.7,0.69,369.63,0.05,3.01,2.0,237.84,3.32,1.81,180.55,4.35,3.68,2.65,0.77,0.0,0.0,0.0,1.0,20.0,9.0,76.0,1.0,4.0,7.0,20.0,16.0,13.0,7.0,12.0,19.0,3.0,6.0,0.0,0.0,0.0,1.0,82.0,15.0,1643.0,1.0,25.0,17.0,38.0,28.0,64.0,233.0,37.0,44.0,6.0,25.0,0.0,0.0,0.0,1.0,126.0,18.0,1940.0,3.0,40.0,21.0,70.0,42.0,77.0,553.0,51.0,62.0,11.0,30.0,0.0,0.0,0.0,-0.04,0.19,0.08,4.86,0.05,0.75,0.29,11.89,0.21,0.14,25.79,0.36,0.19,0.88,0.13,0.0,0.0,0.0,1.0,6.3,2.0,25.526315789473685,3.0,10.0,3.0,3.5,2.625,5.923076923076923,79.0,4.25,3.263157894736842,3.6666666666666665,5.0,0.0,0.0,0.0
4809,0.0,17.74,1.72,347.63,0.02,0.09,63.28,7.84,21.63,0.77,1.15,47.11,2.1,0.22,0.14,0.0,0.0,0.0,0.0,18.0,10.0,97.0,1.0,4.0,16.0,21.0,17.0,10.0,8.0,52.0,14.0,2.0,5.0,0.0,0.0,0.0,0.0,382.0,18.0,12728.0,1.0,6.0,100.0,41.0,120.0,15.0,12.0,264.0,31.0,3.0,8.0,0.0,0.0,0.0,0.0,719.0,23.0,13496.0,2.0,9.0,163.0,63.0,281.0,20.0,28.0,446.0,44.0,5.0,9.0,0.0,0.0,0.0,0.0,0.99,0.17,3.58,0.02,0.02,3.96,0.37,1.27,0.08,0.14,0.91,0.15,0.11,0.03,0.0,0.0,0.0,0.0,39.94444444444444,2.3,139.1340206185567,2.0,2.25,10.1875,3.0,16.529411764705884,2.0,3.5,8.576923076923077,3.142857142857143,2.5,1.8,0.0,0.0,0.0
4810,-0.0,3.76,3.93,1122.01,2.42,0.27,14.01,13.35,4.81,0.32,6.94,52.14,9.28,0.37,7.28,0.07,0.0,0.0,2.0,26.0,12.0,126.0,3.0,2.0,24.0,24.0,23.0,9.0,15.0,34.0,26.0,3.0,14.0,2.0,0.0,0.0,2.0,55.0,61.0,10964.0,7.0,5.0,79.0,58.0,79.0,45.0,57.0,404.0,62.0,8.0,38.0,3.0,0.0,0.0,2.0,92.0,129.0,12030.0,12.0,7.0,153.0,103.0,146.0,68.0,110.0,633.0,79.0,9.0,65.0,3.0,0.0,0.0,-0.0,0.14,0.33,8.9,0.81,0.14,0.58,0.56,0.21,0.04,0.46,1.53,0.36,0.12,0.52,0.04,0.0,0.0,1.0,3.5384615384615383,10.75,95.47619047619048,4.0,3.5,6.375,4.291666666666667,6.3478260869565215,7.555555555555555,7.333333333333333,18.61764705882353,3.0384615384615383,3.0,4.642857142857143,1.5,0.0,0.0
4811,0.0,0.21,0.98,370.62,0.0,0.01,-0.02,609.64,0.83,0.0,0.0,10.93,1.49,2.44,0.0,0.0,0.0,0.0,0.0,7.0,1.0,71.0,0.0,1.0,2.0,8.0,8.0,1.0,1.0,16.0,9.0,1.0,0.0,0.0,0.0,0.0,0.0,10.0,1.0,4215.0,0.0,2.0,2.0,32.0,38.0,1.0,1.0,54.0,14.0,1.0,0.0,0.0,0.0,0.0,0.0,15.0,6.0,6289.0,0.0,4.0,2.0,66.0,93.0,1.0,1.0,81.0,17.0,13.0,0.0,0.0,0.0,0.0,0.0,0.03,0.98,5.22,0.0,0.01,-0.01,76.21,0.1,0.0,0.0,0.68,0.17,2.44,0.0,0.0,0.0,0.0,0.0,2.142857142857143,6.0,88.5774647887324,0.0,4.0,1.0,8.25,11.625,1.0,1.0,5.0625,1.8888888888888888,13.0,0.0,0.0,0.0,0.0
4812,0.0,1.0,0.23,47481.7,0.0,-0.0,1.46,18.05,75.78,0.02,79.74,52.32,24.03,2.26,313.79,0.0,-0.02,0.0,0.0,13.0,3.0,176.0,0.0,1.0,8.0,23.0,31.0,7.0,14.0,29.0,18.0,4.0,5.0,0.0,1.0,0.0,0.0,20.0,7.0,20023.0,0.0,1.0,30.0,175.0,434.0,10.0,75.0,717.0,104.0,4.0,37.0,0.0,1.0,0.0,0.0,27.0,11.0,26797.0,0.0,1.0,37.0,249.0,908.0,11.0,242.0,832.0,149.0,7.0,411.0,0.0,1.0,0.0,0.0,0.08,0.08,269.78,0.0,-0.0,0.18,0.78,2.44,0.0,5.7,1.8,1.34,0.56,62.76,0.0,-0.02,0.0,0.0,2.076923076923077,3.6666666666666665,152.2556818181818,0.0,1.0,4.625,10.826086956521738,29.29032258064516,1.5714285714285714,17.285714285714285,28.689655172413794,8.277777777777779,1.75,82.2,0.0,1.0,0.0
4813,0.0,149.84,0.16,3697.59,0.0,3.26,1.36,0.66,5.93,4.96,1.09,25.56,6.74,0.1,0.08,0.0,0.0,0.0,1.0,20.0,3.0,62.0,0.0,2.0,5.0,5.0,8.0,4.0,3.0,30.0,21.0,1.0,1.0,0.0,0.0,0.0,1.0,104.0,5.0,5143.0,0.0,2.0,9.0,12.0,121.0,5.0,4.0,96.0,35.0,1.0,2.0,0.0,0.0,0.0,1.0,152.0,9.0,7712.0,0.0,9.0,19.0,25.0,209.0,10.0,13.0,156.0,66.0,1.0,6.0,0.0,0.0,0.0,0.0,7.49,0.05,59.64,0.0,1.63,0.27,0.13,0.74,1.24,0.36,0.85,0.32,0.1,0.08,0.0,0.0,0.0,1.0,7.6,3.0,124.38709677419355,0.0,4.5,3.8,5.0,26.125,2.5,4.333333333333333,5.2,3.142857142857143,1.0,6.0,0.0,0.0,0.0
4814,0.0,0.69,0.88,244.61,0.0,1.67,9.0,439.0,29.4,6.02,3.06,4.7,-0.53,3.43,15.92,0.0,0.0,0.0,0.0,10.0,13.0,55.0,0.0,4.0,8.0,17.0,17.0,3.0,12.0,11.0,16.0,4.0,6.0,0.0,0.0,0.0,0.0,15.0,23.0,744.0,0.0,5.0,40.0,62.0,166.0,35.0,25.0,57.0,40.0,7.0,10.0,0.0,0.0,0.0,0.0,25.0,38.0,939.0,0.0,9.0,70.0,118.0,463.0,112.0,44.0,97.0,66.0,14.0,31.0,0.0,0.0,0.0,0.0,0.07,0.07,4.45,0.0,0.42,1.12,25.82,1.73,2.01,0.25,0.43,-0.03,0.86,2.65,0.0,0.0,0.0,0.0,2.5,2.923076923076923,17.072727272727274,0.0,2.25,8.75,6.9411764705882355,27.235294117647058,37.333333333333336,3.6666666666666665,8.818181818181818,4.125,3.5,5.166666666666667,0.0,0.0,0.0
4815,0.0,12.1,0.05,32.33,0.0,0.0,-0.09,4.47,1.42,0.35,0.5,5.18,0.68,0.0,0.03,0.0,0.0,0.0,0.0,12.0,3.0,35.0,0.0,0.0,2.0,17.0,22.0,5.0,1.0,11.0,8.0,0.0,2.0,0.0,0.0,0.0,0.0,36.0,6.0,1255.0,0.0,0.0,3.0,51.0,53.0,6.0,4.0,45.0,13.0,0.0,2.0,0.0,0.0,0.0,0.0,64.0,7.0,1326.0,0.0,0.0,4.0,84.0,117.0,7.0,6.0,55.0,21.0,0.0,4.0,0.0,0.0,0.0,0.0,1.01,0.02,0.92,0.0,0.0,-0.04,0.26,0.06,0.07,0.5,0.47,0.09,0.0,0.01,0.0,0.0,0.0,0.0,5.333333333333333,2.3333333333333335,37.885714285714286,0.0,0.0,2.0,4.9411764705882355,5.318181818181818,1.4,6.0,5.0,2.625,0.0,2.0,0.0,0.0,0.0
4816,0.0,117.54,0.05,559.97,0.0,0.0,4.96,51.2,8.18,1.93,4.09,12.28,17.07,0.02,3.36,0.0,0.0,0.0,0.0,10.0,3.0,126.0,0.0,0.0,10.0,48.0,49.0,27.0,7.0,38.0,25.0,1.0,5.0,0.0,0.0,0.0,0.0,1703.0,3.0,26878.0,0.0,0.0,18.0,99.0,190.0,50.0,16.0,132.0,103.0,1.0,10.0,0.0,0.0,0.0,0.0,2770.0,5.0,27766.0,0.0,0.0,37.0,202.0,348.0,81.0,34.0,200.0,177.0,1.0,27.0,0.0,0.0,0.0,0.0,11.75,0.02,4.44,0.0,0.0,0.5,1.07,0.17,0.07,0.58,0.32,0.68,0.02,0.67,0.0,0.0,0.0,0.0,277.0,1.6666666666666667,220.36507936507937,0.0,0.0,3.7,4.208333333333333,7.1020408163265305,3.0,4.857142857142857,5.2631578947368425,7.08,1.0,5.4,0.0,0.0,0.0
4817,0.0,5.96,12.83,985.16,0.07,4.2,4.13,21.38,16.64,0.37,9.12,23.68,1.75,-0.0,0.47,-0.25,0.0,0.09,0.0,27.0,2.0,60.0,3.0,3.0,4.0,9.0,13.0,7.0,5.0,35.0,13.0,1.0,3.0,1.0,0.0,1.0,0.0,103.0,9.0,1456.0,4.0,15.0,6.0,59.0,90.0,12.0,102.0,117.0,26.0,1.0,7.0,1.0,0.0,2.0,0.0,163.0,18.0,2105.0,4.0,32.0,8.0,86.0,213.0,15.0,176.0,188.0,48.0,1.0,20.0,1.0,0.0,3.0,0.0,0.22,6.42,16.42,0.02,1.4,1.03,2.38,1.28,0.05,1.82,0.68,0.13,-0.0,0.16,-0.25,0.0,0.09,0.0,6.037037037037037,9.0,35.083333333333336,1.3333333333333333,10.666666666666666,2.0,9.555555555555555,16.384615384615383,2.142857142857143,35.2,5.371428571428571,3.6923076923076925,1.0,6.666666666666667,1.0,0.0,3.0
4818,0.74,2.15,0.37,2820.11,0.01,1.99,94.54,5.14,5.87,21.22,1.25,23.42,16.37,0.37,11.83,0.0,0.0,-0.07,3.0,16.0,8.0,115.0,1.0,7.0,15.0,29.0,37.0,12.0,8.0,33.0,26.0,1.0,14.0,0.0,0.0,1.0,4.0,68.0,11.0,4497.0,1.0,7.0,31.0,47.0,126.0,142.0,16.0,79.0,49.0,1.0,27.0,0.0,0.0,2.0,6.0,100.0,13.0,6370.0,1.0,22.0,44.0,85.0,285.0,196.0,22.0,123.0,84.0,4.0,115.0,0.0,0.0,2.0,0.25,0.13,0.05,24.52,0.01,0.28,6.3,0.18,0.16,1.77,0.16,0.71,0.63,0.37,0.84,0.0,0.0,-0.07,2.0,6.25,1.625,55.391304347826086,1.0,3.142857142857143,2.933333333333333,2.9310344827586206,7.702702702702703,16.333333333333332,2.75,3.727272727272727,3.230769230769231,4.0,8.214285714285714,0.0,0.0,2.0
4819,0.0,5.03,0.01,22.89,0.0,0.0,-0.04,0.21,1.83,0.0,0.82,2.85,5.16,0.34,0.0,0.0,0.0,0.0,0.0,24.0,5.0,55.0,0.0,0.0,4.0,5.0,12.0,0.0,3.0,17.0,6.0,2.0,0.0,0.0,0.0,0.0,0.0,78.0,5.0,5114.0,0.0,0.0,10.0,7.0,68.0,0.0,17.0,72.0,18.0,6.0,0.0,0.0,0.0,0.0,0.0,119.0,6.0,5376.0,0.0,0.0,12.0,7.0,114.0,0.0,21.0,103.0,60.0,9.0,0.0,0.0,0.0,0.0,0.0,0.21,0.0,0.42,0.0,0.0,-0.01,0.04,0.15,0.0,0.27,0.17,0.86,0.17,0.0,0.0,0.0,0.0,0.0,4.958333333333333,1.2,97.74545454545455,0.0,0.0,3.0,1.4,9.5,0.0,7.0,6.0588235294117645,10.0,4.5,0.0,0.0,0.0,0.0
4820,0.0,0.22,9.45,3572.96,0.0,31.57,299.5,135.04,4.51,1.0,1.38,162.69,441.39,17.54,152.71,5.44,68.07,0.24,0.0,6.0,10.0,161.0,0.0,4.0,24.0,23.0,19.0,13.0,6.0,44.0,12.0,6.0,4.0,3.0,3.0,3.0,0.0,10.0,19.0,5078.0,0.0,9.0,140.0,210.0,89.0,124.0,19.0,354.0,45.0,34.0,41.0,20.0,63.0,7.0,0.0,16.0,40.0,7989.0,0.0,56.0,237.0,447.0,205.0,165.0,29.0,611.0,81.0,106.0,172.0,31.0,165.0,11.0,0.0,0.04,0.95,22.19,0.0,7.89,12.48,5.87,0.24,0.08,0.23,3.7,36.78,2.92,38.18,1.81,22.69,0.08,0.0,2.6666666666666665,4.0,49.62111801242236,0.0,14.0,9.875,19.434782608695652,10.789473684210526,12.692307692307692,4.833333333333333,13.886363636363637,6.75,17.666666666666668,43.0,10.333333333333334,55.0,3.6666666666666665
4821,5.24,19.33,0.51,2458.15,0.33,9.09,61.38,223.51,28.23,22.07,23.48,204.45,7.92,5.87,5.24,0.0,0.0,0.0,4.0,40.0,3.0,307.0,3.0,3.0,34.0,39.0,37.0,23.0,18.0,87.0,29.0,6.0,11.0,0.0,1.0,3.0,4.0,104.0,4.0,6383.0,3.0,23.0,178.0,194.0,204.0,63.0,40.0,912.0,67.0,20.0,18.0,0.0,1.0,3.0,6.0,184.0,4.0,10130.0,3.0,132.0,320.0,333.0,524.0,91.0,95.0,1573.0,112.0,78.0,68.0,0.0,1.0,3.0,1.31,0.48,0.17,8.01,0.11,3.03,1.81,5.73,0.76,0.96,1.3,2.35,0.27,0.98,0.48,0.0,0.0,0.0,1.5,4.6,1.3333333333333333,32.99674267100977,1.0,44.0,9.411764705882353,8.538461538461538,14.162162162162161,3.9565217391304346,5.277777777777778,18.080459770114942,3.8620689655172415,13.0,6.181818181818182,0.0,1.0,1.0
4822,0.53,1.9,0.26,191.89,0.0,3.83,3.75,2.2,4.58,0.12,3.83,8.11,5.54,0.01,0.32,0.0,0.0,0.0,1.0,11.0,7.0,64.0,0.0,5.0,6.0,22.0,14.0,6.0,10.0,22.0,24.0,1.0,7.0,0.0,0.0,0.0,2.0,28.0,9.0,910.0,0.0,14.0,29.0,47.0,125.0,12.0,15.0,69.0,61.0,3.0,8.0,0.0,0.0,0.0,5.0,41.0,12.0,1429.0,0.0,25.0,47.0,82.0,273.0,13.0,41.0,101.0,96.0,6.0,15.0,0.0,0.0,0.0,0.53,0.17,0.04,3.0,0.0,0.77,0.63,0.1,0.33,0.02,0.38,0.37,0.23,0.01,0.05,0.0,0.0,0.0,5.0,3.727272727272727,1.7142857142857142,22.328125,0.0,5.0,7.833333333333333,3.727272727272727,19.5,2.1666666666666665,4.1,4.590909090909091,4.0,6.0,2.142857142857143,0.0,0.0,0.0
4823,0.37,7.16,0.13,675.41,0.0,-0.0,4.32,50.58,0.52,2.97,0.71,5.85,0.69,0.0,13.35,0.0,0.0,0.0,5.0,11.0,4.0,123.0,0.0,2.0,12.0,30.0,16.0,11.0,4.0,27.0,14.0,0.0,4.0,0.0,0.0,0.0,9.0,47.0,4.0,1272.0,0.0,2.0,71.0,74.0,32.0,75.0,8.0,90.0,28.0,0.0,9.0,0.0,0.0,0.0,11.0,60.0,7.0,2228.0,0.0,2.0,85.0,223.0,79.0,108.0,10.0,136.0,35.0,0.0,53.0,0.0,0.0,0.0,0.07,0.65,0.03,5.49,0.0,-0.0,0.36,1.69,0.03,0.27,0.18,0.22,0.05,0.0,3.34,0.0,0.0,0.0,2.2,5.454545454545454,1.75,18.11382113821138,0.0,1.0,7.083333333333333,7.433333333333334,4.9375,9.818181818181818,2.5,5.037037037037037,2.5,0.0,13.25,0.0,0.0,0.0
4824,0.59,34.39,1.0,572.31,0.0,-0.05,7.49,8.76,31.22,42.58,8.58,397.04,137.65,0.07,3.4,0.01,0.0,0.0,5.0,19.0,10.0,151.0,0.0,3.0,32.0,27.0,40.0,20.0,16.0,58.0,22.0,3.0,17.0,1.0,0.0,2.0,12.0,57.0,11.0,5240.0,0.0,5.0,71.0,75.0,273.0,95.0,56.0,693.0,35.0,3.0,30.0,1.0,0.0,2.0,14.0,85.0,18.0,6487.0,0.0,5.0,113.0,123.0,557.0,149.0,121.0,1267.0,55.0,5.0,43.0,2.0,0.0,2.0,0.12,1.81,0.1,3.79,0.0,-0.02,0.23,0.32,0.78,2.13,0.54,6.85,6.26,0.02,0.2,0.01,0.0,0.0,2.8,4.473684210526316,1.8,42.96026490066225,0.0,1.6666666666666667,3.53125,4.555555555555555,13.925,7.45,7.5625,21.844827586206897,2.5,1.6666666666666667,2.5294117647058822,2.0,0.0,1.0
4825,0.06,19.77,0.1,952.27,0.29,0.12,3.28,0.1,19.41,3.62,4.62,7.58,42.18,0.08,0.31,0.0,0.0,1.65,1.0,12.0,3.0,77.0,2.0,2.0,8.0,12.0,15.0,4.0,6.0,22.0,12.0,2.0,3.0,0.0,0.0,1.0,1.0,46.0,4.0,4799.0,5.0,2.0,30.0,18.0,387.0,8.0,49.0,179.0,211.0,2.0,6.0,0.0,0.0,9.0,3.0,90.0,7.0,6511.0,7.0,4.0,39.0,41.0,783.0,21.0,145.0,320.0,327.0,3.0,17.0,0.0,0.0,18.0,0.06,1.65,0.03,12.37,0.14,0.06,0.41,0.01,1.29,0.9,0.77,0.34,3.51,0.04,0.1,0.0,0.0,1.65,3.0,7.5,2.3333333333333335,84.55844155844156,3.5,2.0,4.875,3.4166666666666665,52.2,5.25,24.166666666666668,14.545454545454545,27.25,1.5,5.666666666666667,0.0,0.0,18.0
4826,-0.02,3.4,0.04,308.35,0.0,0.27,0.98,0.95,251.75,-21.19,0.99,85.43,2.98,-0.0,0.15,0.0,0.0,0.0,1.0,12.0,5.0,87.0,0.0,4.0,19.0,13.0,21.0,14.0,7.0,45.0,11.0,1.0,5.0,0.0,0.0,0.0,1.0,72.0,5.0,7981.0,0.0,7.0,32.0,18.0,234.0,19.0,9.0,177.0,26.0,2.0,6.0,0.0,0.0,0.0,1.0,93.0,9.0,8438.0,0.0,11.0,47.0,38.0,354.0,27.0,12.0,309.0,44.0,3.0,7.0,0.0,0.0,0.0,-0.02,0.28,0.01,3.54,0.0,0.07,0.05,0.07,11.99,-1.51,0.14,1.9,0.27,-0.0,0.03,0.0,0.0,0.0,1.0,7.75,1.8,96.98850574712644,0.0,2.75,2.473684210526316,2.923076923076923,16.857142857142858,1.9285714285714286,1.7142857142857142,6.866666666666666,4.0,3.0,1.4,0.0,0.0,0.0
4827,0.0,17.33,0.04,97.81,0.0,0.0,0.02,4.4,2.03,0.05,0.43,3.66,3.23,0.34,-0.0,0.0,0.0,0.0,0.0,10.0,3.0,66.0,0.0,2.0,2.0,11.0,16.0,1.0,3.0,23.0,15.0,1.0,1.0,0.0,0.0,0.0,0.0,57.0,4.0,391.0,0.0,2.0,2.0,24.0,87.0,2.0,3.0,65.0,27.0,3.0,2.0,0.0,0.0,0.0,0.0,94.0,8.0,638.0,0.0,2.0,2.0,38.0,144.0,5.0,16.0,93.0,44.0,3.0,6.0,0.0,0.0,0.0,0.0,1.73,0.01,1.48,0.0,0.0,0.01,0.4,0.13,0.05,0.14,0.16,0.22,0.34,-0.0,0.0,0.0,0.0,0.0,9.4,2.6666666666666665,9.666666666666666,0.0,1.0,1.0,3.4545454545454546,9.0,5.0,5.333333333333333,4.043478260869565,2.933333333333333,3.0,6.0,0.0,0.0,0.0
4828,-0.04,3.76,0.05,253.06,0.0,0.0,0.14,0.99,9.62,0.38,0.0,16.53,0.27,0.09,144.29,0.08,0.0,0.0,1.0,9.0,3.0,62.0,0.0,0.0,3.0,21.0,14.0,7.0,0.0,20.0,7.0,1.0,3.0,1.0,0.0,0.0,1.0,21.0,5.0,17181.0,0.0,0.0,6.0,42.0,26.0,12.0,0.0,107.0,10.0,1.0,4.0,1.0,0.0,0.0,1.0,31.0,7.0,17748.0,0.0,0.0,7.0,59.0,88.0,25.0,0.0,168.0,15.0,1.0,118.0,1.0,0.0,0.0,-0.04,0.42,0.02,4.08,0.0,0.0,0.05,0.05,0.69,0.05,0.0,0.83,0.04,0.09,48.1,0.08,0.0,0.0,1.0,3.4444444444444446,2.3333333333333335,286.258064516129,0.0,0.0,2.3333333333333335,2.8095238095238093,6.285714285714286,3.5714285714285716,0.0,8.4,2.142857142857143,1.0,39.333333333333336,1.0,0.0,0.0
4829,0.0,-0.06,0.09,302.09,0.0,0.0,435.42,43.51,0.86,0.02,0.44,1.98,0.07,0.0,1.27,0.0,0.0,0.0,0.0,6.0,6.0,54.0,0.0,0.0,9.0,16.0,10.0,3.0,8.0,11.0,8.0,0.0,5.0,0.0,0.0,0.0,0.0,7.0,6.0,105245.0,0.0,0.0,22.0,45.0,36.0,5.0,15.0,31.0,8.0,0.0,5.0,0.0,0.0,0.0,0.0,12.0,7.0,105645.0,0.0,0.0,60.0,84.0,54.0,9.0,24.0,52.0,15.0,0.0,13.0,0.0,0.0,0.0,0.0,-0.01,0.01,5.59,0.0,0.0,48.38,2.72,0.09,0.01,0.06,0.18,0.01,0.0,0.25,0.0,0.0,0.0,0.0,2.0,1.1666666666666667,1956.388888888889,0.0,0.0,6.666666666666667,5.25,5.4,3.0,3.0,4.7272727272727275,1.875,0.0,2.6,0.0,0.0,0.0
4830,0.49,1.16,0.3,234.65,0.0,0.0,70.35,144.81,3.41,0.24,4.14,61.41,136.08,0.0,20.38,0.0,0.01,-0.0,3.0,10.0,4.0,81.0,0.0,1.0,15.0,18.0,20.0,9.0,8.0,39.0,12.0,0.0,5.0,0.0,1.0,1.0,3.0,20.0,13.0,6114.0,0.0,1.0,22.0,1997.0,177.0,34.0,22.0,416.0,31.0,0.0,38.0,0.0,1.0,1.0,7.0,34.0,26.0,6642.0,0.0,1.0,50.0,2736.0,468.0,46.0,46.0,594.0,64.0,0.0,77.0,0.0,2.0,1.0,0.16,0.12,0.07,2.9,0.0,0.0,4.69,8.04,0.17,0.03,0.52,1.57,11.34,0.0,4.08,0.0,0.01,-0.0,2.3333333333333335,3.4,6.5,82.0,0.0,1.0,3.3333333333333335,152.0,23.4,5.111111111111111,5.75,15.23076923076923,5.333333333333333,0.0,15.4,0.0,2.0,1.0
4831,0.0,9.85,0.57,161.5,0.28,0.6,0.11,213.88,8.69,0.03,4.19,13.5,7.71,0.09,182.63,0.0,0.0,0.0,0.0,15.0,2.0,94.0,2.0,4.0,7.0,16.0,16.0,7.0,4.0,37.0,16.0,2.0,8.0,0.0,0.0,0.0,0.0,36.0,3.0,624.0,6.0,7.0,9.0,99.0,109.0,8.0,6.0,245.0,23.0,2.0,14.0,0.0,0.0,0.0,0.0,58.0,7.0,926.0,6.0,10.0,11.0,374.0,161.0,9.0,14.0,343.0,54.0,8.0,74.0,0.0,0.0,0.0,0.0,0.66,0.29,1.72,0.14,0.15,0.02,13.37,0.54,0.0,1.05,0.36,0.48,0.05,22.83,0.0,0.0,0.0,0.0,3.8666666666666667,3.5,9.851063829787234,3.0,2.5,1.5714285714285714,23.375,10.0625,1.2857142857142858,3.5,9.27027027027027,3.375,4.0,9.25,0.0,0.0,0.0
4832,0.04,4.99,2.28,526.78,0.64,35.23,3.13,27.12,4.22,13.99,2.85,86.97,1.69,1.1,7.96,0.0,0.0,0.0,2.0,27.0,12.0,195.0,1.0,3.0,18.0,35.0,30.0,9.0,15.0,56.0,17.0,2.0,11.0,0.0,0.0,0.0,3.0,129.0,19.0,57141.0,1.0,10.0,82.0,117.0,79.0,429.0,40.0,259.0,74.0,2.0,21.0,0.0,0.0,0.0,3.0,216.0,27.0,58223.0,1.0,35.0,133.0,200.0,139.0,472.0,120.0,450.0,121.0,5.0,47.0,0.0,0.0,0.0,0.02,0.18,0.19,2.7,0.64,11.74,0.17,0.77,0.14,1.55,0.19,1.55,0.1,0.55,0.72,0.0,0.0,0.0,1.5,8.0,2.25,298.57948717948716,1.0,11.666666666666666,7.388888888888889,5.714285714285714,4.633333333333334,52.44444444444444,8.0,8.035714285714286,7.117647058823529,2.5,4.2727272727272725,0.0,0.0,0.0
4833,0.0,11.03,-0.01,14995.35,0.0,0.03,70.24,1.46,8.11,6.52,27.23,15.68,38.93,-0.0,0.35,0.07,0.12,0.0,0.0,11.0,4.0,120.0,0.0,3.0,19.0,19.0,22.0,6.0,10.0,29.0,14.0,1.0,9.0,1.0,1.0,0.0,0.0,37.0,6.0,8968.0,0.0,3.0,122.0,43.0,169.0,34.0,57.0,132.0,36.0,1.0,12.0,2.0,4.0,0.0,0.0,46.0,7.0,12242.0,0.0,3.0,175.0,55.0,286.0,51.0,209.0,255.0,64.0,1.0,15.0,4.0,6.0,0.0,0.0,1.0,-0.0,124.96,0.0,0.01,3.7,0.08,0.37,1.09,2.72,0.54,2.78,-0.0,0.04,0.07,0.12,0.0,0.0,4.181818181818182,1.75,102.01666666666667,0.0,1.0,9.210526315789474,2.8947368421052633,13.0,8.5,20.9,8.793103448275861,4.571428571428571,1.0,1.6666666666666667,4.0,6.0,0.0
4834,0.0,2.42,0.18,84.94,0.0,0.0,-0.45,1.49,0.15,0.11,2.22,2.11,15.82,0.0,0.15,0.0,0.0,0.0,0.0,9.0,2.0,27.0,0.0,0.0,1.0,19.0,8.0,5.0,5.0,10.0,13.0,0.0,1.0,0.0,0.0,0.0,0.0,32.0,3.0,75.0,0.0,0.0,1.0,48.0,15.0,9.0,5.0,26.0,26.0,0.0,1.0,0.0,0.0,0.0,0.0,47.0,5.0,119.0,0.0,0.0,1.0,69.0,33.0,24.0,16.0,34.0,41.0,0.0,1.0,0.0,0.0,0.0,0.0,0.27,0.09,3.15,0.0,0.0,-0.45,0.08,0.02,0.02,0.44,0.21,1.22,0.0,0.15,0.0,0.0,0.0,0.0,5.222222222222222,2.5,4.407407407407407,0.0,0.0,1.0,3.6315789473684212,4.125,4.8,3.2,3.4,3.1538461538461537,0.0,1.0,0.0,0.0,0.0
4835,0.0,7.37,6.17,1276.5,0.0,0.21,6.19,45.32,14.95,0.36,5.51,56.06,4.63,0.03,4.1,0.0,0.0,0.0,0.0,17.0,8.0,199.0,1.0,3.0,21.0,35.0,36.0,6.0,13.0,43.0,23.0,2.0,12.0,0.0,0.0,1.0,0.0,106.0,23.0,21058.0,1.0,4.0,46.0,143.0,140.0,13.0,35.0,339.0,97.0,2.0,60.0,0.0,0.0,1.0,0.0,146.0,37.0,23319.0,1.0,6.0,69.0,232.0,238.0,18.0,59.0,487.0,123.0,2.0,97.0,0.0,0.0,1.0,0.0,0.43,0.77,6.41,0.0,0.07,0.29,1.29,0.42,0.06,0.42,1.3,0.2,0.02,0.34,0.0,0.0,0.0,0.0,8.588235294117647,4.625,117.18090452261306,1.0,2.0,3.2857142857142856,6.628571428571429,6.611111111111111,3.0,4.538461538461538,11.325581395348838,5.3478260869565215,1.0,8.083333333333334,0.0,0.0,1.0
4836,0.0,10.53,0.11,1377.42,0.0,0.84,0.49,1.01,2.98,0.5,11.24,9.87,3.37,-0.0,2176.31,1.67,0.0,0.0,0.0,6.0,4.0,72.0,0.0,2.0,4.0,14.0,13.0,3.0,9.0,19.0,14.0,1.0,46.0,1.0,0.0,0.0,0.0,18.0,4.0,4538.0,0.0,2.0,8.0,26.0,50.0,7.0,24.0,130.0,26.0,1.0,246.0,1.0,0.0,0.0,0.0,33.0,4.0,4927.0,0.0,5.0,11.0,35.0,88.0,9.0,72.0,182.0,41.0,1.0,1530.0,1.0,0.0,0.0,0.0,1.75,0.03,19.13,0.0,0.42,0.12,0.07,0.23,0.17,1.25,0.52,0.24,-0.0,47.31,1.67,0.0,0.0,0.0,5.5,1.0,68.43055555555556,0.0,2.5,2.75,2.5,6.769230769230769,3.0,8.0,9.578947368421053,2.9285714285714284,1.0,33.26086956521739,1.0,0.0,0.0
4837,0.13,3.3,2.52,1669.43,1.0,2.68,70.72,93.54,16.33,15.3,4.56,85.4,17.39,7.89,24.87,0.0,3.98,0.07,5.0,24.0,18.0,200.0,7.0,8.0,47.0,37.0,35.0,18.0,11.0,58.0,39.0,7.0,21.0,0.0,2.0,1.0,6.0,72.0,42.0,2462.0,26.0,14.0,172.0,99.0,382.0,106.0,20.0,2612.0,98.0,21.0,37.0,0.0,19.0,1.0,8.0,100.0,65.0,3998.0,42.0,24.0,249.0,199.0,550.0,145.0,42.0,3131.0,154.0,60.0,72.0,0.0,42.0,1.0,0.03,0.14,0.14,8.35,0.14,0.34,1.5,2.53,0.47,0.85,0.41,1.47,0.45,1.13,1.18,0.0,1.99,0.07,1.6,4.166666666666667,3.611111111111111,19.99,6.0,3.0,5.297872340425532,5.378378378378378,15.714285714285714,8.055555555555555,3.8181818181818183,53.98275862068966,3.948717948717949,8.571428571428571,3.4285714285714284,0.0,21.0,1.0
4838,0.0,36.59,1.58,2212.84,0.0,14.4,4.75,53.79,11.54,5.61,18.86,40.23,5.32,2.02,28.54,0.0,0.0,0.0,1.0,14.0,11.0,139.0,0.0,8.0,17.0,37.0,38.0,23.0,11.0,26.0,38.0,7.0,10.0,0.0,0.0,0.0,1.0,38.0,32.0,5413.0,0.0,13.0,137.0,183.0,309.0,63.0,54.0,211.0,69.0,27.0,13.0,0.0,0.0,0.0,2.0,107.0,52.0,7045.0,0.0,19.0,200.0,363.0,595.0,99.0,160.0,415.0,113.0,49.0,88.0,0.0,0.0,0.0,0.0,2.61,0.14,15.92,0.0,1.8,0.28,1.45,0.3,0.24,1.71,1.55,0.14,0.29,2.85,0.0,0.0,0.0,2.0,7.642857142857143,4.7272727272727275,50.68345323741007,0.0,2.375,11.764705882352942,9.81081081081081,15.657894736842104,4.304347826086956,14.545454545454545,15.961538461538462,2.973684210526316,7.0,8.8,0.0,0.0,0.0
4901,0.0,90.99,47.7,7902.78,0.43,0.8,35.06,59.37,1.46,0.13,100.1,215.36,74.53,0.14,831.93,4.7,-0.02,2.54,0.0,64.0,14.0,194.0,2.0,4.0,22.0,9.0,15.0,5.0,15.0,49.0,71.0,3.0,11.0,2.0,1.0,2.0,0.0,402.0,56.0,3669.0,2.0,5.0,274.0,29.0,29.0,13.0,69.0,958.0,417.0,6.0,17.0,5.0,1.0,4.0,0.0,711.0,108.0,6490.0,3.0,16.0,401.0,87.0,45.0,14.0,193.0,1686.0,621.0,9.0,123.0,9.0,1.0,9.0,0.0,1.42,3.41,40.74,0.21,0.2,1.59,6.6,0.1,0.03,6.67,4.4,1.05,0.05,75.63,2.35,-0.02,1.27,0.0,11.109375,7.714285714285714,33.45360824742268,1.5,4.0,18.227272727272727,9.666666666666666,3.0,2.8,12.866666666666667,34.40816326530612,8.746478873239436,3.0,11.181818181818182,4.5,1.0,4.5
4902,54.8,110.41,0.89,1171.75,0.46,0.04,73.41,104.69,2.12,15.57,49.11,56.29,112.51,1.12,5.5,0.04,0.0,0.35,4.0,100.0,13.0,173.0,3.0,3.0,35.0,21.0,19.0,15.0,20.0,52.0,148.0,3.0,10.0,1.0,0.0,4.0,26.0,610.0,19.0,3150.0,5.0,3.0,192.0,63.0,78.0,32.0,68.0,345.0,511.0,4.0,23.0,2.0,0.0,9.0,65.0,944.0,22.0,4587.0,8.0,4.0,311.0,145.0,131.0,90.0,153.0,486.0,823.0,9.0,39.0,2.0,0.0,11.0,13.7,1.1,0.07,6.77,0.15,0.01,2.1,4.99,0.11,1.04,2.46,1.08,0.76,0.37,0.55,0.04,0.0,0.09,16.25,9.44,1.6923076923076923,26.514450867052023,2.6666666666666665,1.3333333333333333,8.885714285714286,6.904761904761905,6.894736842105263,6.0,7.65,9.346153846153847,5.5608108108108105,3.0,3.9,2.0,0.0,2.75
4903,0.15,26.11,0.99,441.66,1.25,0.9,31.51,8.19,4.33,1.3,26.88,89.77,29.21,0.04,3.71,0.04,0.13,0.05,2.0,75.0,6.0,109.0,1.0,4.0,31.0,15.0,15.0,19.0,16.0,42.0,88.0,1.0,10.0,3.0,1.0,1.0,4.0,255.0,9.0,1395.0,2.0,5.0,176.0,90.0,449.0,78.0,40.0,167.0,230.0,1.0,20.0,7.0,2.0,4.0,6.0,406.0,12.0,1972.0,2.0,10.0,335.0,139.0,1012.0,108.0,89.0,284.0,413.0,2.0,26.0,8.0,4.0,8.0,0.07,0.35,0.16,4.05,1.25,0.22,1.02,0.55,0.29,0.07,1.68,2.14,0.33,0.04,0.37,0.01,0.13,0.05,3.0,5.413333333333333,2.0,18.091743119266056,2.0,2.5,10.806451612903226,9.266666666666667,67.46666666666667,5.684210526315789,5.5625,6.761904761904762,4.693181818181818,2.0,2.6,2.6666666666666665,4.0,8.0
4904,0.04,18.32,0.73,256.69,0.04,0.03,76.99,2.86,2.19,5.15,10.98,39.4,48.71,0.11,0.46,0.0,0.0,0.0,1.0,41.0,6.0,100.0,1.0,6.0,25.0,19.0,13.0,13.0,11.0,32.0,58.0,3.0,2.0,0.0,0.0,0.0,1.0,190.0,15.0,9344.0,1.0,7.0,268.0,31.0,81.0,114.0,22.0,135.0,197.0,5.0,4.0,0.0,0.0,0.0,1.0,279.0,19.0,9862.0,2.0,9.0,518.0,49.0,133.0,124.0,44.0,216.0,414.0,6.0,8.0,0.0,0.0,0.0,0.04,0.45,0.12,2.57,0.04,0.0,3.08,0.15,0.17,0.4,1.0,1.23,0.84,0.04,0.23,0.0,0.0,0.0,1.0,6.804878048780488,3.1666666666666665,98.62,2.0,1.5,20.72,2.5789473684210527,10.23076923076923,9.538461538461538,4.0,6.75,7.137931034482759,2.0,4.0,0.0,0.0,0.0
5000,331.23,11.72,1.63,1068.33,0.36,0.07,132.06,3.81,3.2,1.82,2.68,51.26,55.59,0.04,4.01,0.0,0.0,0.0,4.0,42.0,11.0,121.0,2.0,3.0,20.0,29.0,15.0,7.0,5.0,53.0,29.0,5.0,9.0,0.0,0.0,0.0,105.0,115.0,18.0,8420.0,2.0,3.0,204.0,63.0,34.0,24.0,18.0,321.0,76.0,7.0,19.0,0.0,0.0,0.0,256.0,203.0,27.0,10818.0,3.0,6.0,288.0,114.0,80.0,35.0,31.0,535.0,172.0,10.0,34.0,0.0,0.0,0.0,82.81,0.28,0.15,8.83,0.18,0.02,6.6,0.13,0.21,0.26,0.54,0.97,1.92,0.01,0.45,0.0,0.0,0.0,64.0,4.833333333333333,2.4545454545454546,89.40495867768595,1.5,2.0,14.4,3.9310344827586206,5.333333333333333,5.0,6.2,10.09433962264151,5.931034482758621,2.0,3.7777777777777777,0.0,0.0,0.0
5101,-0.04,11.94,5.58,862.5,15.76,0.82,78.9,14.98,3.93,7.77,13.33,41.27,41.09,0.09,2.53,0.07,-0.07,5.82,5.0,22.0,25.0,215.0,2.0,4.0,40.0,49.0,43.0,22.0,20.0,56.0,43.0,3.0,11.0,1.0,4.0,2.0,5.0,130.0,52.0,302201.0,2.0,9.0,283.0,142.0,149.0,119.0,55.0,197.0,253.0,4.0,131.0,2.0,5.0,2.0,5.0,185.0,82.0,304539.0,6.0,19.0,432.0,263.0,259.0,177.0,126.0,358.0,446.0,6.0,163.0,4.0,5.0,3.0,-0.01,0.54,0.22,4.01,7.88,0.2,1.97,0.31,0.09,0.35,0.67,0.74,0.96,0.03,0.23,0.07,-0.02,2.91,1.0,8.409090909090908,3.28,1416.460465116279,3.0,4.75,10.8,5.36734693877551,6.023255813953488,8.045454545454545,6.3,6.392857142857143,10.372093023255815,2.0,14.818181818181818,4.0,1.25,1.5
5102,14.86,41.31,24.78,13475.22,7.8,3.15,63.29,228.29,100.09,180.18,25.98,346.13,19.69,9.95,3.52,0.69,2.38,0.39,6.0,20.0,27.0,419.0,4.0,8.0,25.0,102.0,34.0,24.0,30.0,67.0,40.0,6.0,17.0,3.0,1.0,3.0,225.0,117.0,169.0,176781.0,37.0,42.0,93.0,1250.0,588.0,185.0,126.0,776.0,191.0,10.0,44.0,6.0,5.0,10.0,316.0,170.0,256.0,185421.0,46.0,67.0,193.0,1957.0,929.0,299.0,243.0,1302.0,282.0,35.0,113.0,7.0,7.0,12.0,2.48,2.07,0.92,32.16,1.95,0.39,2.53,2.24,2.94,7.51,0.87,5.17,0.49,1.66,0.21,0.23,2.38,0.13,52.666666666666664,8.5,9.481481481481481,442.53221957040574,11.5,8.375,7.72,19.186274509803923,27.323529411764707,12.458333333333334,8.1,19.432835820895523,7.05,5.833333333333333,6.647058823529412,2.3333333333333335,7.0,4.0
5103,59.98,22.77,64.96,13339.04,8.88,491.65,319.72,248.44,39.2,91.72,37.84,125.24,55.48,2.55,353.26,1.84,0.0,0.0,5.0,17.0,53.0,616.0,1.0,8.0,27.0,153.0,34.0,18.0,35.0,68.0,37.0,2.0,47.0,1.0,0.0,0.0,35.0,60.0,225.0,35073.0,1.0,23.0,344.0,845.0,226.0,169.0,87.0,408.0,56.0,3.0,304.0,2.0,0.0,0.0,108.0,82.0,473.0,47351.0,7.0,148.0,735.0,1596.0,445.0,531.0,271.0,657.0,139.0,17.0,974.0,9.0,0.0,0.0,12.0,1.34,1.23,21.65,8.88,61.46,11.84,1.62,1.15,5.1,1.08,1.84,1.5,1.27,7.52,1.84,0.0,0.0,21.6,4.823529411764706,8.924528301886792,76.86850649350649,7.0,18.5,27.22222222222222,10.431372549019608,13.088235294117647,29.5,7.742857142857143,9.661764705882353,3.7567567567567566,8.5,20.72340425531915,9.0,0.0,0.0
5104,0.0,5.57,10.31,541.21,0.46,0.25,211.22,26.88,42.18,8.42,3.85,48.14,25.51,1.19,27.1,3.27,0.17,0.0,0.0,20.0,16.0,186.0,1.0,3.0,33.0,41.0,47.0,21.0,15.0,63.0,35.0,1.0,11.0,3.0,1.0,1.0,0.0,79.0,45.0,4512.0,1.0,3.0,156.0,100.0,354.0,75.0,28.0,463.0,114.0,5.0,26.0,3.0,1.0,1.0,0.0,154.0,78.0,5910.0,2.0,4.0,328.0,183.0,654.0,111.0,62.0,831.0,180.0,6.0,63.0,11.0,2.0,1.0,0.0,0.28,0.64,2.91,0.46,0.08,6.4,0.66,0.9,0.4,0.26,0.76,0.73,1.19,2.46,1.09,0.17,0.0,0.0,7.7,4.875,31.774193548387096,2.0,1.3333333333333333,9.93939393939394,4.463414634146342,13.914893617021276,5.285714285714286,4.133333333333334,13.19047619047619,5.142857142857143,6.0,5.7272727272727275,3.6666666666666665,2.0,1.0
5105,22.19,9.12,11.88,675.08,0.5,2820.45,105.08,142.67,21.5,16.15,45.65,68.92,15.39,28.47,19.04,0.96,4.68,29.46,9.0,19.0,11.0,134.0,2.0,17.0,25.0,26.0,27.0,20.0,10.0,31.0,28.0,7.0,14.0,3.0,2.0,4.0,19.0,88.0,91.0,5760.0,9.0,79.0,404.0,140.0,473.0,308.0,133.0,423.0,128.0,54.0,112.0,6.0,8.0,32.0,31.0,131.0,125.0,7751.0,14.0,325.0,563.0,276.0,978.0,350.0,211.0,667.0,225.0,168.0,161.0,16.0,13.0,53.0,2.47,0.48,1.08,5.04,0.25,165.91,4.2,5.49,0.8,0.81,4.56,2.22,0.55,4.07,1.36,0.32,2.34,7.37,3.4444444444444446,6.894736842105263,11.363636363636363,57.843283582089555,7.0,19.11764705882353,22.52,10.615384615384615,36.22222222222222,17.5,21.1,21.516129032258064,8.035714285714286,24.0,11.5,5.333333333333333,6.5,13.25
5106,3.7,52.08,14.72,728.36,3.15,9.15,61.42,244.27,32.94,5.1,73.06,25.79,49.77,0.0,10.51,0.0,3.62,0.06,5.0,48.0,7.0,112.0,3.0,5.0,23.0,29.0,32.0,18.0,17.0,41.0,34.0,0.0,12.0,0.0,2.0,2.0,5.0,309.0,15.0,1509.0,7.0,22.0,281.0,627.0,274.0,76.0,79.0,192.0,95.0,0.0,41.0,0.0,3.0,3.0,9.0,484.0,47.0,2121.0,9.0,45.0,386.0,851.0,501.0,96.0,322.0,266.0,178.0,0.0,87.0,0.0,7.0,4.0,0.74,1.08,2.1,6.5,1.05,1.83,2.67,8.42,1.03,0.28,4.3,0.63,1.46,0.0,0.88,0.0,1.81,0.03,1.8,10.083333333333334,6.714285714285714,18.9375,3.0,9.0,16.782608695652176,29.344827586206897,15.65625,5.333333333333333,18.941176470588236,6.487804878048781,5.235294117647059,0.0,7.25,0.0,3.5,2.0
5107,1.04,43.15,52.44,2515.06,2.83,22.03,86.08,483.7,110.91,300.7,44.3,659.89,83.79,9.0,16.52,7.37,0.0,4.94,17.0,47.0,31.0,388.0,9.0,9.0,47.0,86.0,90.0,68.0,51.0,78.0,60.0,8.0,12.0,4.0,0.0,8.0,26.0,318.0,147.0,3947.0,28.0,47.0,171.0,596.0,782.0,457.0,101.0,821.0,286.0,23.0,82.0,19.0,0.0,26.0,41.0,497.0,231.0,9284.0,37.0,120.0,353.0,1175.0,1273.0,1207.0,313.0,1512.0,522.0,61.0,319.0,44.0,0.0,39.0,0.06,0.92,1.69,6.48,0.31,2.45,1.83,5.62,1.23,4.42,0.87,8.46,1.4,1.12,1.38,1.84,0.0,0.62,2.411764705882353,10.574468085106384,7.451612903225806,23.927835051546392,4.111111111111111,13.333333333333334,7.51063829787234,13.662790697674419,14.144444444444444,17.75,6.137254901960785,19.384615384615383,8.7,7.625,26.583333333333332,11.0,0.0,4.875
5108,1432.96,576.99,990.67,18901.71,974.98,1374.0,5155.14,3697.72,1492.78,2894.76,803.11,2872.09,873.27,196.03,567.65,119.85,223.61,37.73,200.0,158.0,207.0,1022.0,55.0,94.0,358.0,313.0,215.0,368.0,199.0,173.0,212.0,41.0,74.0,30.0,27.0,37.0,566.0,893.0,1247.0,15695.0,171.0,488.0,2662.0,2122.0,2665.0,2740.0,1367.0,1762.0,952.0,357.0,343.0,117.0,66.0,122.0,1440.0,1748.0,2360.0,34243.0,590.0,2056.0,5680.0,4628.0,7214.0,5666.0,4297.0,3189.0,2131.0,1116.0,1344.0,235.0,212.0,206.0,7.16,3.65,4.79,18.49,17.73,14.62,14.4,11.81,6.94,7.87,4.04,16.6,4.12,4.78,7.67,4.0,8.28,1.02,7.2,11.063291139240507,11.400966183574878,33.50587084148728,10.727272727272727,21.872340425531913,15.865921787709498,14.78594249201278,33.55348837209302,15.396739130434783,21.592964824120603,18.433526011560694,10.05188679245283,27.21951219512195,18.16216216216216,7.833333333333333,7.851851851851852,5.5675675675675675
5109,0.0,21.1,11.16,1612.42,2.53,0.0,6.43,94.45,6.49,8.11,128.73,30.66,4.02,0.54,4.52,5.99,0.0,0.0,0.0,28.0,7.0,87.0,1.0,0.0,11.0,15.0,21.0,4.0,10.0,15.0,13.0,2.0,7.0,1.0,0.0,0.0,0.0,62.0,14.0,842.0,2.0,0.0,42.0,107.0,75.0,12.0,144.0,81.0,18.0,4.0,13.0,2.0,0.0,0.0,0.0,121.0,24.0,1528.0,6.0,0.0,58.0,200.0,156.0,36.0,243.0,143.0,44.0,13.0,21.0,10.0,0.0,0.0,0.0,0.75,1.59,18.53,2.53,0.0,0.58,6.3,0.31,2.03,12.87,2.04,0.31,0.27,0.65,5.99,0.0,0.0,0.0,4.321428571428571,3.4285714285714284,17.563218390804597,6.0,0.0,5.2727272727272725,13.333333333333334,7.428571428571429,9.0,24.3,9.533333333333333,3.3846153846153846,6.5,3.0,10.0,0.0,0.0
5110,66.12,214.06,312.29,7731.07,99.72,129.59,1591.56,1159.38,723.11,309.13,529.29,512.75,430.11,47.43,1333.38,42.9,56.61,101.03,40.0,114.0,119.0,699.0,25.0,46.0,189.0,204.0,169.0,163.0,153.0,112.0,147.0,34.0,53.0,22.0,26.0,28.0,110.0,479.0,554.0,19823.0,83.0,313.0,907.0,878.0,1268.0,1220.0,527.0,1090.0,500.0,198.0,360.0,77.0,78.0,104.0,246.0,825.0,1159.0,30845.0,194.0,791.0,1792.0,1679.0,2991.0,1852.0,1302.0,1944.0,957.0,424.0,809.0,138.0,194.0,172.0,1.65,1.88,2.62,11.06,3.99,2.82,8.42,5.68,4.28,1.9,3.46,4.58,2.93,1.4,25.16,1.95,2.18,3.61,6.15,7.2368421052631575,9.739495798319327,44.12732474964235,7.76,17.195652173913043,9.481481481481481,8.230392156862745,17.698224852071007,11.36196319018405,8.509803921568627,17.357142857142858,6.510204081632653,12.470588235294118,15.264150943396226,6.2727272727272725,7.461538461538462,6.142857142857143
5111,1116.65,1940.26,2645.34,68292.82,1155.95,4084.23,10241.59,13107.17,4344.48,7590.85,3832.34,6839.07,1949.42,762.74,3783.54,311.5,437.23,213.42,123.0,304.0,346.0,1654.0,95.0,160.0,651.0,612.0,431.0,437.0,398.0,231.0,377.0,120.0,144.0,61.0,52.0,87.0,298.0,2109.0,2896.0,91194.0,251.0,859.0,8153.0,6468.0,5674.0,4275.0,3861.0,4207.0,2776.0,1256.0,1398.0,193.0,149.0,269.0,793.0,3663.0,5593.0,187875.0,812.0,2719.0,14537.0,14788.0,13321.0,9047.0,10135.0,7527.0,5568.0,4147.0,4737.0,439.0,472.0,506.0,9.08,6.38,7.65,41.29,12.17,25.53,15.73,21.42,10.08,17.37,9.63,29.61,5.17,6.36,26.27,5.11,8.41,2.45,6.4471544715447155,12.049342105263158,16.164739884393065,113.5882708585248,8.547368421052632,16.99375,22.33026113671275,24.163398692810457,30.907192575406032,20.702517162471395,25.464824120603016,32.58441558441559,14.76923076923077,34.55833333333333,32.895833333333336,7.19672131147541,9.076923076923077,5.816091954022989
5301,0.85,80.13,16.8,1321.52,0.0,0.15,7.23,41.56,50.81,47.57,37.22,289.57,6.35,0.3,157.13,-0.19,0.0,-0.02,1.0,26.0,29.0,139.0,0.0,3.0,24.0,30.0,22.0,13.0,11.0,35.0,45.0,5.0,14.0,1.0,0.0,3.0,2.0,151.0,221.0,7134.0,0.0,6.0,118.0,96.0,143.0,77.0,117.0,1204.0,116.0,19.0,27.0,1.0,0.0,3.0,7.0,309.0,282.0,9512.0,0.0,13.0,152.0,206.0,257.0,176.0,313.0,1922.0,204.0,26.0,93.0,5.0,0.0,8.0,0.85,3.08,0.58,9.51,0.0,0.05,0.3,1.39,2.31,3.66,3.38,8.27,0.14,0.06,11.22,-0.19,0.0,-0.01,7.0,11.884615384615385,9.724137931034482,68.43165467625899,0.0,4.333333333333333,6.333333333333333,6.866666666666666,11.681818181818182,13.538461538461538,28.454545454545453,54.91428571428571,4.533333333333333,5.2,6.642857142857143,5.0,0.0,2.6666666666666665
5302,0.0,32.46,20.39,336.78,0.0,0.1,1.35,15.77,1.01,1.45,-1.92,4.88,45.22,0.49,33.7,0.0,0.0,0.0,0.0,40.0,35.0,145.0,0.0,2.0,8.0,53.0,18.0,14.0,9.0,23.0,52.0,6.0,10.0,0.0,0.0,0.0,0.0,115.0,155.0,26246.0,0.0,2.0,14.0,155.0,29.0,79.0,10.0,166.0,155.0,10.0,27.0,0.0,0.0,0.0,0.0,182.0,232.0,27096.0,0.0,3.0,20.0,255.0,57.0,97.0,22.0,229.0,253.0,18.0,50.0,0.0,0.0,0.0,0.0,0.81,0.58,2.32,0.0,0.05,0.17,0.3,0.06,0.1,-0.21,0.21,0.87,0.08,3.37,0.0,0.0,0.0,0.0,4.55,6.628571428571429,186.86896551724138,0.0,1.5,2.5,4.811320754716981,3.1666666666666665,6.928571428571429,2.4444444444444446,9.956521739130435,4.865384615384615,3.0,5.0,0.0,0.0,0.0
5303,0.24,146.02,12.81,1202.37,0.01,0.2,1.11,60.61,0.69,0.37,29.07,20.87,46.67,0.34,0.21,0.0,0.0,0.0,1.0,99.0,17.0,106.0,1.0,3.0,9.0,33.0,8.0,6.0,17.0,30.0,73.0,3.0,5.0,0.0,0.0,0.0,1.0,596.0,29.0,4483.0,2.0,4.0,30.0,409.0,13.0,24.0,27.0,203.0,356.0,7.0,6.0,0.0,0.0,0.0,3.0,986.0,48.0,5540.0,3.0,10.0,60.0,663.0,14.0,33.0,121.0,336.0,590.0,9.0,9.0,0.0,0.0,0.0,0.24,1.47,0.75,11.34,0.01,0.07,0.12,1.84,0.09,0.06,1.71,0.7,0.64,0.11,0.04,0.0,0.0,0.0,3.0,9.95959595959596,2.823529411764706,52.264150943396224,3.0,3.3333333333333335,6.666666666666667,20.09090909090909,1.75,5.5,7.117647058823529,11.2,8.082191780821917,3.0,1.8,0.0,0.0,0.0
5304,0.0,94.57,0.79,85.98,0.0,4675.72,3.15,0.19,0.02,0.04,5.17,28.21,48.89,0.51,0.02,0.0,0.0,0.0,0.0,180.0,8.0,86.0,0.0,27.0,12.0,1.0,6.0,2.0,6.0,22.0,67.0,4.0,3.0,0.0,0.0,0.0,0.0,1130.0,9.0,1527.0,0.0,144.0,31.0,1.0,10.0,2.0,14.0,200.0,177.0,5.0,3.0,0.0,0.0,0.0,0.0,1759.0,14.0,1800.0,0.0,607.0,51.0,3.0,19.0,2.0,28.0,327.0,329.0,11.0,7.0,0.0,0.0,0.0,0.0,0.53,0.1,1.0,0.0,173.17,0.26,0.19,0.0,0.02,0.86,1.28,0.73,0.13,0.01,0.0,0.0,0.0,0.0,9.772222222222222,1.75,20.930232558139537,0.0,22.48148148148148,4.25,3.0,3.1666666666666665,1.0,4.666666666666667,14.863636363636363,4.91044776119403,2.75,2.3333333333333335,0.0,0.0,0.0
5305,0.0,249.64,0.87,394.89,0.0,1.21,26.36,12.85,1.05,0.09,11.34,7.4,95.47,0.0,0.25,0.02,0.06,1.56,0.0,146.0,9.0,119.0,0.0,5.0,25.0,25.0,12.0,3.0,11.0,38.0,98.0,0.0,3.0,1.0,1.0,3.0,0.0,1073.0,22.0,871.0,0.0,8.0,96.0,53.0,35.0,7.0,33.0,131.0,258.0,0.0,5.0,3.0,1.0,3.0,0.0,1976.0,29.0,1348.0,0.0,11.0,179.0,99.0,51.0,9.0,108.0,205.0,529.0,0.0,5.0,3.0,1.0,5.0,0.0,1.71,0.1,3.32,0.0,0.24,1.05,0.51,0.09,0.03,1.03,0.19,0.97,0.0,0.08,0.02,0.06,0.52,0.0,13.534246575342467,3.2222222222222223,11.327731092436975,0.0,2.2,7.16,3.96,4.25,3.0,9.818181818181818,5.394736842105263,5.3979591836734695,0.0,1.6666666666666667,3.0,1.0,1.6666666666666667
5306,0.0,23.29,14.51,1282.98,0.0,37.05,23.67,113.79,6.31,18.9,11.63,30.52,32.33,0.04,0.11,0.0,0.0,0.0,0.0,43.0,30.0,215.0,0.0,5.0,15.0,44.0,15.0,9.0,11.0,38.0,67.0,4.0,2.0,0.0,0.0,0.0,0.0,189.0,70.0,5207.0,0.0,9.0,45.0,249.0,33.0,49.0,24.0,215.0,141.0,5.0,2.0,0.0,0.0,0.0,0.0,327.0,101.0,7480.0,0.0,46.0,97.0,425.0,67.0,73.0,77.0,386.0,276.0,10.0,4.0,0.0,0.0,0.0,0.0,0.54,0.48,5.97,0.0,7.41,1.58,2.59,0.42,2.1,1.06,0.8,0.48,0.01,0.06,0.0,0.0,0.0,0.0,7.604651162790698,3.3666666666666667,34.7906976744186,0.0,9.2,6.466666666666667,9.659090909090908,4.466666666666667,8.11111111111111,7.0,10.157894736842104,4.119402985074627,2.5,2.0,0.0,0.0,0.0
5307,120.87,309.08,134.01,12481.39,0.09,3.76,247.82,144.86,69.34,9.21,7.38,61.18,116.89,3.66,4.37,0.13,0.5,0.68,9.0,37.0,61.0,205.0,3.0,8.0,65.0,62.0,41.0,23.0,14.0,60.0,59.0,11.0,17.0,1.0,3.0,2.0,16.0,157.0,144.0,70129.0,5.0,20.0,352.0,206.0,160.0,151.0,37.0,360.0,214.0,27.0,36.0,3.0,4.0,2.0,36.0,315.0,266.0,72816.0,5.0,69.0,549.0,428.0,390.0,190.0,62.0,727.0,460.0,55.0,64.0,4.0,7.0,4.0,13.43,8.35,2.2,60.88,0.03,0.47,3.81,2.34,1.69,0.4,0.53,1.02,1.98,0.33,0.26,0.13,0.17,0.34,4.0,8.513513513513514,4.360655737704918,355.2,1.6666666666666667,8.625,8.446153846153846,6.903225806451613,9.512195121951219,8.26086956521739,4.428571428571429,12.116666666666667,7.796610169491525,5.0,3.764705882352941,4.0,2.3333333333333335,2.0
5308,0.0,22.48,1.89,141.36,0.0,0.0,3.69,1.26,0.21,-0.7,0.3,2.03,8.07,-0.01,2.65,0.0,0.0,0.0,0.0,84.0,11.0,55.0,0.0,1.0,10.0,5.0,6.0,5.0,3.0,8.0,32.0,1.0,5.0,0.0,0.0,1.0,0.0,356.0,14.0,2817.0,0.0,1.0,20.0,16.0,13.0,19.0,4.0,29.0,73.0,1.0,7.0,0.0,0.0,1.0,0.0,564.0,23.0,3479.0,0.0,1.0,31.0,29.0,24.0,31.0,10.0,43.0,143.0,3.0,16.0,0.0,0.0,1.0,0.0,0.27,0.17,2.57,0.0,0.0,0.37,0.25,0.03,-0.14,0.1,0.25,0.25,-0.01,0.53,0.0,0.0,0.0,0.0,6.714285714285714,2.090909090909091,63.25454545454546,0.0,1.0,3.1,5.8,4.0,6.2,3.3333333333333335,5.375,4.46875,3.0,3.2,0.0,0.0,1.0
5309,6.86,4.73,5.34,806.46,0.01,3.48,43.55,39.74,5.57,2.56,28.42,63.42,6.12,2.3,940.99,0.0,-0.1,0.0,5.0,22.0,21.0,166.0,1.0,4.0,18.0,46.0,20.0,10.0,19.0,37.0,36.0,10.0,17.0,0.0,2.0,1.0,17.0,50.0,58.0,8010.0,1.0,22.0,110.0,122.0,151.0,19.0,52.0,442.0,81.0,18.0,44.0,0.0,3.0,1.0,22.0,90.0,83.0,9047.0,1.0,26.0,191.0,235.0,269.0,32.0,155.0,564.0,158.0,56.0,101.0,0.0,6.0,1.0,1.37,0.21,0.25,4.86,0.01,0.87,2.42,0.86,0.28,0.26,1.5,1.71,0.17,0.23,55.35,0.0,-0.05,0.0,4.4,4.090909090909091,3.9523809523809526,54.5,1.0,6.5,10.61111111111111,5.108695652173913,13.45,3.2,8.157894736842104,15.243243243243244,4.388888888888889,5.6,5.9411764705882355,0.0,3.0,1.0
5310,-0.0,1.59,11.54,412.98,0.3,1.42,6.66,24.58,0.25,0.08,21.61,106.43,6.15,1.0,0.32,0.0,0.0,0.0,1.0,34.0,16.0,99.0,2.0,2.0,7.0,14.0,8.0,7.0,6.0,31.0,43.0,2.0,3.0,0.0,0.0,0.0,1.0,68.0,28.0,1205.0,2.0,3.0,31.0,48.0,16.0,38.0,8.0,294.0,148.0,2.0,5.0,0.0,0.0,0.0,1.0,120.0,47.0,1576.0,3.0,12.0,47.0,102.0,35.0,41.0,26.0,413.0,242.0,11.0,13.0,0.0,0.0,0.0,-0.0,0.05,0.72,4.17,0.15,0.71,0.95,1.76,0.03,0.01,3.6,3.43,0.14,0.5,0.11,0.0,0.0,0.0,1.0,3.5294117647058822,2.9375,15.919191919191919,1.5,6.0,6.714285714285714,7.285714285714286,4.375,5.857142857142857,4.333333333333333,13.32258064516129,5.627906976744186,5.5,4.333333333333333,0.0,0.0,0.0
5401,0.0,14.87,1.59,211.04,0.35,0.03,13.3,31.53,19.06,6.93,-0.37,159.91,1.75,0.0,0.1,0.0,0.0,0.0,0.0,40.0,4.0,70.0,1.0,1.0,15.0,16.0,50.0,3.0,1.0,50.0,20.0,0.0,2.0,0.0,0.0,0.0,0.0,152.0,9.0,1885.0,1.0,1.0,49.0,51.0,310.0,14.0,2.0,357.0,35.0,0.0,4.0,0.0,0.0,0.0,0.0,265.0,13.0,2330.0,2.0,2.0,80.0,86.0,696.0,23.0,4.0,528.0,57.0,0.0,25.0,0.0,0.0,0.0,0.0,0.37,0.4,3.01,0.35,0.03,0.89,1.97,0.38,2.31,-0.37,3.2,0.09,0.0,0.05,0.0,0.0,0.0,0.0,6.625,3.25,33.285714285714285,2.0,2.0,5.333333333333333,5.375,13.92,7.666666666666667,4.0,10.56,2.85,0.0,12.5,0.0,0.0,0.0
5402,0.71,2.37,0.78,753.03,0.0,166.0,32.68,50.97,193.31,2.23,2.05,200.91,7.58,0.41,20.43,0.0,0.0,0.39,4.0,31.0,9.0,91.0,0.0,15.0,29.0,14.0,71.0,6.0,7.0,48.0,27.0,1.0,7.0,0.0,0.0,2.0,6.0,52.0,13.0,5437.0,0.0,62.0,88.0,143.0,488.0,73.0,10.0,160.0,47.0,1.0,36.0,0.0,0.0,7.0,10.0,82.0,25.0,6386.0,0.0,320.0,142.0,221.0,1232.0,89.0,26.0,359.0,76.0,2.0,167.0,0.0,0.0,10.0,0.18,0.08,0.09,8.28,0.0,11.07,1.13,3.64,2.72,0.37,0.29,4.19,0.28,0.41,2.92,0.0,0.0,0.2,2.5,2.6451612903225805,2.7777777777777777,70.17582417582418,0.0,21.333333333333332,4.896551724137931,15.785714285714286,17.35211267605634,14.833333333333334,3.7142857142857144,7.479166666666667,2.814814814814815,2.0,23.857142857142858,0.0,0.0,5.0
5501,0.02,23.19,0.36,1216.29,0.0,0.01,2.24,21.02,3.38,0.24,3.29,47.38,1.09,0.15,0.28,0.0,0.0,0.0,1.0,16.0,6.0,67.0,0.0,1.0,9.0,13.0,10.0,5.0,5.0,28.0,7.0,5.0,5.0,0.0,0.0,0.0,1.0,132.0,17.0,2021.0,0.0,1.0,81.0,93.0,99.0,34.0,44.0,351.0,24.0,9.0,8.0,0.0,0.0,0.0,3.0,180.0,19.0,2739.0,0.0,2.0,97.0,144.0,218.0,51.0,55.0,476.0,27.0,12.0,17.0,0.0,0.0,0.0,0.02,1.45,0.06,18.15,0.0,0.01,0.25,1.62,0.34,0.05,0.66,1.69,0.16,0.03,0.06,0.0,0.0,0.0,3.0,11.25,3.1666666666666665,40.88059701492537,0.0,2.0,10.777777777777779,11.076923076923077,21.8,10.2,11.0,17.0,3.857142857142857,2.4,3.4,0.0,0.0,0.0
5502,-0.8,57.45,19.08,372.98,31.8,1.98,213.41,1.48,13.3,0.23,3.26,63.12,19.39,0.44,10.85,0.0,0.0,0.0,3.0,50.0,18.0,114.0,6.0,5.0,54.0,13.0,31.0,13.0,10.0,61.0,49.0,6.0,14.0,0.0,0.0,0.0,4.0,238.0,60.0,7746.0,12.0,20.0,302.0,21.0,104.0,61.0,15.0,474.0,94.0,11.0,23.0,0.0,0.0,0.0,4.0,345.0,90.0,9610.0,52.0,31.0,498.0,41.0,210.0,83.0,26.0,879.0,153.0,17.0,44.0,0.0,0.0,0.0,-0.27,1.15,1.06,3.27,5.3,0.4,3.95,0.11,0.43,0.02,0.33,1.03,0.4,0.07,0.77,0.0,0.0,0.0,1.3333333333333333,6.9,5.0,84.29824561403508,8.666666666666666,6.2,9.222222222222221,3.1538461538461537,6.774193548387097,6.384615384615385,2.6,14.40983606557377,3.122448979591837,2.8333333333333335,3.142857142857143,0.0,0.0,0.0
5503,0.0,111.96,0.16,304.48,0.0,0.0,43.49,-36.27,8.63,2.22,0.94,23201.43,5.72,30.27,0.47,0.0,0.0,0.01,0.0,24.0,3.0,98.0,0.0,0.0,4.0,8.0,11.0,5.0,3.0,39.0,40.0,1.0,3.0,0.0,0.0,1.0,0.0,176.0,3.0,1194.0,0.0,0.0,22.0,70.0,23.0,74.0,4.0,228.0,118.0,4.0,6.0,0.0,0.0,1.0,0.0,257.0,4.0,1598.0,0.0,0.0,44.0,79.0,60.0,93.0,8.0,427.0,174.0,23.0,7.0,0.0,0.0,1.0,0.0,4.67,0.05,3.11,0.0,0.0,10.87,-4.53,0.78,0.44,0.31,594.91,0.14,30.27,0.16,0.0,0.0,0.01,0.0,10.708333333333334,1.3333333333333333,16.306122448979593,0.0,0.0,11.0,9.875,5.454545454545454,18.6,2.6666666666666665,10.948717948717949,4.35,23.0,2.3333333333333335,0.0,0.0,1.0
5504,-0.0,58.69,17.84,953.07,0.0,47.84,63.51,29.86,29.29,5.14,4.7,73.46,16.09,35.62,0.01,0.0,0.44,0.5,3.0,23.0,10.0,130.0,0.0,8.0,28.0,33.0,25.0,10.0,12.0,40.0,28.0,11.0,3.0,0.0,2.0,2.0,5.0,136.0,28.0,8618.0,0.0,19.0,147.0,103.0,134.0,28.0,43.0,586.0,71.0,62.0,2.0,0.0,3.0,2.0,5.0,231.0,71.0,13232.0,0.0,51.0,271.0,176.0,250.0,40.0,99.0,1021.0,113.0,234.0,3.0,0.0,3.0,2.0,-0.0,2.55,1.78,7.33,0.0,5.98,2.27,0.9,1.17,0.51,0.39,1.84,0.57,3.24,0.0,0.0,0.22,0.25,1.6666666666666667,10.043478260869565,7.1,101.78461538461538,0.0,6.375,9.678571428571429,5.333333333333333,10.0,4.0,8.25,25.525,4.035714285714286,21.272727272727273,1.0,0.0,1.5,1.0
5505,0.0,33.09,3.82,502.74,0.45,0.0,15.38,11.7,20.37,0.33,0.06,335.96,7.55,0.4,0.26,0.0,0.0,0.0,0.0,16.0,6.0,130.0,1.0,1.0,14.0,25.0,32.0,5.0,2.0,63.0,16.0,1.0,5.0,0.0,0.0,0.0,0.0,42.0,22.0,5438.0,2.0,1.0,111.0,61.0,759.0,5.0,3.0,1885.0,69.0,1.0,10.0,0.0,0.0,0.0,0.0,59.0,38.0,6665.0,3.0,1.0,186.0,93.0,1426.0,7.0,4.0,2772.0,109.0,2.0,16.0,0.0,0.0,0.0,0.0,2.07,0.64,3.87,0.45,0.0,1.1,0.47,0.64,0.07,0.03,5.33,0.47,0.4,0.05,0.0,0.0,0.0,0.0,3.6875,6.333333333333333,51.26923076923077,3.0,1.0,13.285714285714286,3.72,44.5625,1.4,2.0,44.0,6.8125,2.0,3.2,0.0,0.0,0.0
5506,0.0,312.2,0.38,3130.54,0.0,0.0,0.01,0.4,1.62,2.66,7.36,4.93,21.46,0.31,1.58,0.0,0.0,0.0,0.0,24.0,5.0,55.0,0.0,0.0,1.0,8.0,7.0,5.0,7.0,37.0,20.0,1.0,1.0,0.0,0.0,0.0,0.0,228.0,6.0,82908.0,0.0,0.0,1.0,9.0,25.0,25.0,44.0,73.0,86.0,5.0,2.0,0.0,0.0,0.0,0.0,496.0,9.0,87792.0,0.0,0.0,1.0,16.0,40.0,28.0,79.0,97.0,106.0,9.0,5.0,0.0,0.0,0.0,0.0,13.01,0.08,56.92,0.0,0.0,0.01,0.05,0.23,0.53,1.05,0.13,1.07,0.31,1.58,0.0,0.0,0.0,0.0,20.666666666666668,1.8,1596.2181818181818,0.0,0.0,1.0,2.0,5.714285714285714,5.6,11.285714285714286,2.6216216216216215,5.3,9.0,5.0,0.0,0.0,0.0
5507,0.0,11.4,0.02,78.12,0.0,0.09,6.54,1.37,1.24,0.44,0.45,13.43,24.31,2.52,0.89,0.0,0.24,0.0,0.0,80.0,6.0,57.0,0.0,1.0,6.0,9.0,8.0,4.0,2.0,33.0,33.0,3.0,4.0,0.0,1.0,0.0,0.0,213.0,10.0,852.0,0.0,3.0,36.0,30.0,59.0,4.0,2.0,81.0,44.0,7.0,8.0,0.0,2.0,0.0,0.0,329.0,10.0,1048.0,0.0,6.0,64.0,48.0,123.0,5.0,4.0,128.0,84.0,9.0,25.0,0.0,3.0,0.0,0.0,0.14,0.0,1.37,0.0,0.09,1.09,0.15,0.15,0.11,0.23,0.41,0.74,0.84,0.22,0.0,0.24,0.0,0.0,4.1125,1.6666666666666667,18.385964912280702,0.0,6.0,10.666666666666666,5.333333333333333,15.375,1.25,2.0,3.878787878787879,2.5454545454545454,3.0,6.25,0.0,3.0,0.0
5508,0.0,77.58,1.54,1995.24,0.01,2.49,0.22,31.39,110.43,5.28,-0.04,5.47,5.65,0.15,0.1,0.0,0.0,0.0,0.0,22.0,4.0,59.0,1.0,1.0,9.0,16.0,11.0,3.0,4.0,30.0,24.0,1.0,2.0,0.0,0.0,0.0,0.0,120.0,10.0,33292.0,2.0,1.0,17.0,122.0,1542.0,29.0,4.0,95.0,40.0,1.0,4.0,0.0,0.0,0.0,0.0,218.0,15.0,33569.0,2.0,7.0,22.0,185.0,1709.0,49.0,5.0,150.0,71.0,1.0,6.0,0.0,0.0,0.0,0.0,3.53,0.38,33.82,0.01,2.49,0.02,1.96,10.04,1.76,-0.01,0.18,0.24,0.15,0.05,0.0,0.0,0.0,0.0,9.909090909090908,3.75,568.9661016949152,2.0,7.0,2.4444444444444446,11.5625,155.36363636363637,16.333333333333332,1.25,5.0,2.9583333333333335,1.0,3.0,0.0,0.0,0.0
5600,0.08,68.27,0.58,80.97,0.76,22.49,0.15,1.95,1.73,6.95,40.5,131.72,66.18,0.2,1.0,0.0,0.0,0.0,1.0,131.0,7.0,99.0,2.0,17.0,17.0,8.0,7.0,10.0,12.0,59.0,176.0,1.0,7.0,0.0,0.0,1.0,2.0,708.0,11.0,2200.0,2.0,27.0,43.0,18.0,43.0,51.0,23.0,617.0,467.0,3.0,13.0,0.0,0.0,1.0,3.0,1092.0,18.0,2519.0,8.0,68.0,52.0,37.0,92.0,83.0,140.0,810.0,797.0,4.0,19.0,0.0,0.0,1.0,0.08,0.52,0.08,0.82,0.38,1.32,0.01,0.24,0.25,0.69,3.38,2.23,0.38,0.2,0.14,0.0,0.0,0.0,3.0,8.335877862595419,2.5714285714285716,25.444444444444443,4.0,4.0,3.0588235294117645,4.625,13.142857142857142,8.3,11.666666666666666,13.728813559322035,4.528409090909091,4.0,2.7142857142857144,0.0,0.0,1.0
6098,0.0,0.0,1.4,0.83,0.0,0.0,0.32,0.01,0.0,0.0,0.0,3.29,0.15,0.0,0.0,0.0,0.0,0.0,0.0,0.0,9.0,4.0,0.0,0.0,2.0,1.0,0.0,0.0,0.0,5.0,2.0,0.0,0.0,0.0,0.0,0.0,0.0,0.0,12.0,9.0,0.0,0.0,5.0,2.0,0.0,0.0,0.0,11.0,4.0,0.0,0.0,0.0,0.0,0.0,0.0,0.0,24.0,11.0,0.0,0.0,9.0,7.0,0.0,0.0,0.0,20.0,8.0,0.0,0.0,0.0,0.0,0.0,0.0,0.0,0.16,0.21,0.0,0.0,0.16,0.01,0.0,0.0,0.0,0.66,0.07,0.0,0.0,0.0,0.0,0.0,0.0,0.0,2.6666666666666665,2.75,0.0,0.0,4.5,7.0,0.0,0.0,0.0,4.0,4.0,0.0,0.0,0.0,0.0,0.0
6698,0.0,0.49,0.51,2647.91,0.0,0.0,0.93,9.47,0.62,0.0,0.51,4.53,1.29,0.0,0.0,0.0,0.0,0.0,0.0,9.0,9.0,176.0,0.0,0.0,2.0,41.0,15.0,2.0,5.0,7.0,18.0,0.0,0.0,0.0,0.0,0.0,0.0,25.0,11.0,7782.0,0.0,0.0,8.0,73.0,59.0,2.0,6.0,45.0,25.0,0.0,0.0,0.0,0.0,0.0,0.0,34.0,20.0,9314.0,0.0,0.0,11.0,184.0,136.0,4.0,29.0,55.0,44.0,0.0,0.0,0.0,0.0,0.0,0.0,0.05,0.06,15.04,0.0,0.0,0.47,0.23,0.04,0.0,0.1,0.65,0.07,0.0,0.0,0.0,0.0,0.0,0.0,3.7777777777777777,2.2222222222222223,52.92045454545455,0.0,0.0,5.5,4.487804878048781,9.066666666666666,2.0,5.8,7.857142857142857,2.4444444444444446,0.0,0.0,0.0,0.0,0.0
6998,0.0,0.0,0.17,51.96,0.0,0.0,0.56,-1.23,0.0,0.0,0.04,0.27,11.65,0.0,0.0,0.0,0.0,0.0,0.0,0.0,7.0,18.0,0.0,0.0,2.0,15.0,2.0,0.0,1.0,1.0,5.0,0.0,0.0,0.0,0.0,0.0,0.0,0.0,8.0,150.0,0.0,0.0,11.0,49.0,2.0,0.0,1.0,3.0,5.0,0.0,0.0,0.0,0.0,0.0,0.0,0.0,12.0,264.0,0.0,0.0,16.0,87.0,2.0,0.0,1.0,4.0,7.0,0.0,0.0,0.0,0.0,0.0,0.0,0.0,0.02,2.89,0.0,0.0,0.28,-0.08,0.0,0.0,0.04,0.27,2.33,0.0,0.0,0.0,0.0,0.0,0.0,0.0,1.7142857142857142,14.666666666666666,0.0,0.0,8.0,5.8,1.0,0.0,1.0,4.0,1.4,0.0,0.0,0.0,0.0,0.0
7298,2.62,20.77,3.13,848.59,0.22,0.0,7.07,49.94,22.89,0.23,167.47,96.33,6.44,0.1,0.38,0.25,0.0,0.0,1.0,86.0,12.0,214.0,1.0,0.0,30.0,89.0,87.0,7.0,23.0,125.0,49.0,1.0,1.0,2.0,0.0,0.0,2.0,358.0,23.0,1816.0,2.0,0.0,74.0,230.0,245.0,12.0,44.0,375.0,101.0,1.0,1.0,2.0,0.0,0.0,7.0,626.0,38.0,3070.0,3.0,0.0,126.0,480.0,509.0,16.0,113.0,677.0,149.0,1.0,3.0,3.0,0.0,0.0,2.62,0.24,0.26,3.97,0.22,0.0,0.24,0.56,0.26,0.03,7.28,0.77,0.13,0.1,0.38,0.12,0.0,0.0,7.0,7.27906976744186,3.1666666666666665,14.345794392523365,3.0,0.0,4.2,5.393258426966292,5.850574712643678,2.2857142857142856,4.913043478260869,5.416,3.0408163265306123,1.0,3.0,1.5,0.0,0.0
7898,-0.0,0.19,0.13,2.27,0.0,0.0,0.1,1.33,0.22,0.0,4.95,0.52,3.56,-0.0,0.0,0.0,0.0,0.0,1.0,2.0,4.0,20.0,0.0,0.0,1.0,27.0,11.0,0.0,5.0,4.0,22.0,1.0,0.0,0.0,0.0,0.0,1.0,2.0,6.0,60.0,0.0,0.0,11.0,95.0,33.0,0.0,8.0,7.0,38.0,1.0,0.0,0.0,0.0,0.0,1.0,3.0,6.0,80.0,0.0,0.0,11.0,202.0,61.0,0.0,28.0,12.0,85.0,1.0,0.0,0.0,0.0,0.0,-0.0,0.09,0.03,0.11,0.0,0.0,0.1,0.05,0.02,0.0,0.99,0.13,0.16,-0.0,0.0,0.0,0.0,0.0,1.0,1.5,1.5,4.0,0.0,0.0,11.0,7.481481481481482,5.545454545454546,0.0,5.6,3.0,3.8636363636363638,1.0,0.0,0.0,0.0,0.0
