GEOID20,CD118FP,h_rep_name,h_district_pretty,h_state,h_party,h_office,h_phone,h_all_committees,h_appropriations,h_agriculture,h_oversight_and_accountability,h_armed_services,h_natural_resources,h_foreign_affairs,h_homeland_security,h_education_and_the_workforce,h_energy_and_commerce,h_ways_and_means,h_financial_services,h_transportation_and_infrastructure,h_small_business,h_judiciary,h_budget,h_select_subcommittee_on_the_weaponization_of_the_fed_govt,h_joint_committee_on_taxation,h_house_administration,h_Intelligence,h_select_subcommittee_on_the_coronavirus_pandemic,h_science_space_and_technology,h_veterans_affairs,h_select_sub_us_china,h_ethics,h_Rules,h_joint_library,contract_actions,unique_awards,unique_companies,unique_addresses,unique_agencies,total_obligation,mean_obligation,median_obligation,max_obligation,min_obligation,std_obligation,largest_recipient,largest_agency,total_money_millions,money_per_company,money_per_company_millions,money_per_award,contracts_per_company
0101,01,Jerry Carl,Alabama 1st,Alabama ,R,1330 LHOB,(202) 225-4931,appropriations|natural_resources,1.0,0.0,0.0,0.0,1.0,0.0,0.0,0.0,0.0,0.0,0.0,0.0,0.0,0.0,0.0,0.0,0.0,0.0,0.0,0.0,0.0,0.0,0.0,0.0,0.0,0.0,9009,6593,216,240,20,3166974054.01,351534.4715295816,401.63,516481569.0,-21955104.0,7519517.003136813,"AUSTAL USA, LLC",Department of Defense,3166.97,14661916.916712964,14.66,480354.0200227514,41.708333333333336
0102,02,Barry Moore,Alabama 2nd,Alabama ,R,1504 LHOB,(202) 225-2901,agriculture|judiciary,0.0,1.0,0.0,0.0,0.0,0.0,0.0,0.0,0.0,0.0,0.0,0.0,0.0,1.0,0.0,0.0,0.0,0.0,0.0,0.0,0.0,0.0,0.0,0.0,0.0,0.0,36271,34141,256,284,19,2448005861.97,67492.09732210306,348.54,333892822.0,-12322945.81,3251787.774086461,"CADDELL CONSTRUCTION CO. (DE), LLC",Department of State,2448.01,9562522.898320312,9.56,71702.81661257724,141.68359375
0103,03,Mike Rogers,Alabama 3rd,Alabama ,R,2469 RHOB,(202) 225-3261,armed_services,0.0,0.0,0.0,1.0,0.0,0.0,0.0,0.0,0.0,0.0,0.0,0.0,0.0,0.0,0.0,0.0,0.0,0.0,0.0,0.0,0.0,0.0,0.0,0.0,0.0,0.0,7154,5547,184,198,23,522152456.9,72987.48349175286,2751.6899999999996,23390300.0,-1617213.2,599425.1469458062,C & C CONTRACTORS LLC,Department of Veterans Affairs,522.15,2837785.091847826,2.84,94132.40614746709,38.880434782608695
0104,04,Robert Aderholt,Alabama 4th,Alabama ,R,266 CHOB,(202) 225-4876,appropriations,1.0,0.0,0.0,0.0,0.0,0.0,0.0,0.0,0.0,0.0,0.0,0.0,0.0,0.0,0.0,0.0,0.0,0.0,0.0,0.0,0.0,0.0,0.0,0.0,0.0,0.0,1241,716,89,95,14,153416948.85,123623.64935535858,6000.0,18269886.4,-17954669.52,1193405.602802858,G & G STEEL INC,Department of Defense,153.42,1723785.9421348313,1.72,214269.4816340782,13.9438202247191
0105,05,Dale Strong,Alabama 5th,Alabama ,R,1337 LHOB,(202) 225-4801,armed_services|homeland_security|science_space_and_technology,0.0,0.0,0.0,1.0,0.0,0.0,1.0,0.0,0.0,0.0,0.0,0.0,0.0,0.0,0.0,0.0,0.0,0.0,0.0,0.0,1.0,0.0,0.0,0.0,0.0,0.0,33730,13846,651,889,25,20813749028.37,617069.3456380076,228.765,450253748.5,-33754079.72,6129478.305653961,LOCKHEED MARTIN CORPORATION,Department of Defense,20813.75,31971964.71331797,31.97,1503231.9101812798,51.812596006144396
0106,06,Gary Palmer,Alabama 6th,Alabama ,R,170 CHOB,(202) 225-4921,oversight_and_accountability|energy_and_commerce,0.0,0.0,1.0,0.0,0.0,0.0,0.0,0.0,1.0,0.0,0.0,0.0,0.0,0.0,0.0,0.0,0.0,0.0,0.0,0.0,0.0,0.0,0.0,0.0,0.0,0.0,14707,9236,182,211,30,4336790535.55,294879.3455871354,3532.52,779898181.0,-29561548.79,8798804.990566187,BL HARBERT INTERNATIONAL LLC,Department of State,4336.79,23828519.4260989,23.83,469552.8947109138,80.8076923076923
0107,07,Terri Sewell,Alabama 7th,Alabama ,D,1035 LHOB,(202) 225-2665,armed_services|house_administration|joint_library|ways_and_means,0.0,0.0,0.0,1.0,0.0,0.0,0.0,0.0,0.0,1.0,0.0,0.0,0.0,0.0,0.0,0.0,0.0,1.0,0.0,0.0,0.0,0.0,0.0,0.0,0.0,1.0,34485,32671,272,308,24,677370322.76,19642.462599971,443.0,15725000.0,-8413500.0,276509.0155698136,"BILLY W. JARRETT CONSTRUCTION COMPANY, INC.",Department of Veterans Affairs,677.37,2490332.068970588,2.49,20733.075900951913,126.78308823529412
0200,00,Mary Peltola,Alaska ,Alaska ,D,153 CHOB,(202) 225-5765,natural_resources|transportation_and_infrastructure,0.0,0.0,0.0,0.0,1.0,0.0,0.0,0.0,0.0,0.0,0.0,1.0,0.0,0.0,0.0,0.0,0.0,0.0,0.0,0.0,0.0,0.0,0.0,0.0,0.0,0.0,52875,29547,1522,1547,40,15311402104.12,289577.3447587707,659.76,122520921.95,-27915370.0,1753389.1399529392,TATITLEK FEDERAL SERVICES LLC,Department of State,15311.4,10060053.944888305,10.06,518204.9651105019,34.74047306176084
0401,01,David Schweikert,Arizona 1st,Arizona ,R,460 CHOB,(202) 225-2190,ways_and_means,0.0,0.0,0.0,0.0,0.0,0.0,0.0,0.0,0.0,1.0,0.0,0.0,0.0,0.0,0.0,0.0,0.0,0.0,0.0,0.0,0.0,0.0,0.0,0.0,0.0,0.0,15348,10194,425,505,43,2829868778.37,184380.29569781077,1889.3200000000002,117360629.64,-6433685.38,1713571.149611766,"GENERAL DYNAMICS MISSION SYSTEMS, INC.",Department of Defense,2829.87,6658514.772635294,6.66,277601.4104738081,36.112941176470585
0402,02,Elijah Crane,Arizona 2nd,Arizona ,R,1229 LHOB,(202) 225-3361,homeland_security|small_business|veterans_affairs,0.0,0.0,0.0,0.0,0.0,0.0,1.0,0.0,0.0,0.0,0.0,0.0,1.0,0.0,0.0,0.0,0.0,0.0,0.0,0.0,0.0,1.0,0.0,0.0,0.0,0.0,4464,2570,405,464,20,225118047.24,50429.67008064516,1239.96,13847688.0,-961816.7,303010.6742174545,HATCH CONSTRUCTION & PAVING INC,Department of Transportation,225.12,555847.0302222222,0.56,87594.57091050583,11.022222222222222
0403,03,Ruben Gallego,Arizona 3rd,Arizona ,D,1114 LHOB,(202) 225-4065,armed_services|natural_resources,0.0,0.0,0.0,1.0,1.0,0.0,0.0,0.0,0.0,0.0,0.0,0.0,0.0,0.0,0.0,0.0,0.0,0.0,0.0,0.0,0.0,0.0,0.0,0.0,0.0,0.0,77644,72477,317,343,23,2857853639.77,36807.14079349338,729.62,274716965.6,-10866516.74,1738060.6907652852,HENSEL PHELPS CONSTRUCTION CO.,General Services Administration,2857.85,9015311.166466877,9.02,39431.18009534059,244.93375394321765
0404,04,Greg Stanton,Arizona 4th,Arizona ,D,207 CHOB,(202) 225-9888,foreign_affairs|transportation_and_infrastructure,0.0,0.0,0.0,0.0,0.0,1.0,0.0,0.0,0.0,0.0,0.0,1.0,0.0,0.0,0.0,0.0,0.0,0.0,0.0,0.0,0.0,0.0,0.0,0.0,0.0,0.0,9605,5916,353,410,33,6166974599.75,642058.7818584071,3218.41,1055537401.01,-20145000.0,15880196.667629546,THE BOEING COMPANY,Department of Defense,6166.97,17470183.002124645,17.47,1042423.022270115,27.209631728045327
0405,05,Andy Biggs,Arizona 5th,Arizona ,R,252 CHOB,(202) 225-2635,oversight_and_accountability|judiciary,0.0,0.0,1.0,0.0,0.0,0.0,0.0,0.0,0.0,0.0,0.0,0.0,0.0,1.0,0.0,0.0,0.0,0.0,0.0,0.0,0.0,0.0,0.0,0.0,0.0,0.0,4338,1980,154,173,21,2659404936.27,613048.6252351314,0.0,471511000.0,-70000000.0,10276229.099494299,NORTHROP GRUMMAN SYSTEMS CORPORATION,Department of Defense,2659.4,17268863.222532466,17.27,1343133.8061969697,28.16883116883117
0406,06,Juan Ciscomani,Arizona 6th,Arizona ,R,1429 LHOB,(202) 225-2542,appropriations|veterans_affairs,1.0,0.0,0.0,0.0,0.0,0.0,0.0,0.0,0.0,0.0,0.0,0.0,0.0,0.0,0.0,0.0,0.0,0.0,0.0,0.0,0.0,1.0,0.0,0.0,0.0,0.0,6654,4261,315,341,21,670959757.05,100835.55110459874,3817.5,23363504.0,-18827519.99,818064.7628285274,NORTHROP GRUMMAN SYSTEMS CORPORATION,Department of Defense,670.96,2130030.9747619047,2.13,157465.32669561135,21.123809523809523
0407,07,Raul Grijalva,Arizona 7th,Arizona ,D,1203 LHOB,(202) 225-2435,education_and_the_workforce|natural_resources,0.0,0.0,0.0,0.0,1.0,0.0,0.0,1.0,0.0,0.0,0.0,0.0,0.0,0.0,0.0,0.0,0.0,0.0,0.0,0.0,0.0,0.0,0.0,0.0,0.0,0.0,12044,5988,357,390,23,16708612551.34,1387297.621333444,207.625,966997119.0,-166199733.66,19870134.18193879,RAYTHEON COMPANY,Department of Defense,16708.61,46802836.27826331,46.8,2790349.45747161,33.73669467787115
0408,08,Debbie Lesko,Arizona 8th,Arizona ,R,1214 LHOB,(202) 225-4576,energy_and_commerce|select_subcommittee_on_the_coronavirus_pandemic,0.0,0.0,0.0,0.0,0.0,0.0,0.0,0.0,1.0,0.0,0.0,0.0,0.0,0.0,0.0,0.0,0.0,0.0,0.0,1.0,0.0,0.0,0.0,0.0,0.0,0.0,4206,2895,139,159,28,19422486289.98,4617804.633851641,16474.5,2224839172.7,-4561568.0,69271058.42181927,TRIWEST HEALTHCARE ALLIANCE CORP,Department of Veterans Affairs,19422.49,139730117.1941007,139.73,6708976.265968911,30.258992805755394
0409,09,Paul Gosar,Arizona 9th,Arizona ,R,2057 RHOB,(202) 225-2315,oversight_and_accountability|natural_resources,0.0,0.0,1.0,0.0,1.0,0.0,0.0,0.0,0.0,0.0,0.0,0.0,0.0,0.0,0.0,0.0,0.0,0.0,0.0,0.0,0.0,0.0,0.0,0.0,0.0,0.0,4360,3737,173,184,15,214069029.79,49098.40132798165,3957.08,44710000.0,-3835065.44,780848.5890878908,SOUTHWEST CONCRETE PAVING CO,Department of Defense,214.07,1237393.2357803467,1.24,57283.65795825528,25.202312138728324
0501,01,Eric Crawford,Arkansas 1st,Arkansas ,R,2422 RHOB,(202) 225-4076,agriculture|Intelligence|transportation_and_infrastructure|science_space_and_technology,0.0,1.0,0.0,0.0,0.0,0.0,0.0,0.0,0.0,0.0,0.0,1.0,0.0,0.0,0.0,0.0,0.0,0.0,1.0,0.0,1.0,0.0,0.0,0.0,0.0,0.0,1382,839,145,159,15,105417538.64,76278.9715195369,316.42,7390700.0,-1507182.61,358533.8206385701,A4 SERVICES LLC,Department of Veterans Affairs,105.42,727017.507862069,0.73,125646.64915375446,9.53103448275862
0502,02,J. Hill,Arkansas 2nd,Arkansas ,R,1533 LHOB,(202) 225-2506,financial_services|foreign_affairs|Intelligence,0.0,0.0,0.0,0.0,0.0,1.0,0.0,0.0,0.0,0.0,1.0,0.0,0.0,0.0,0.0,0.0,0.0,0.0,1.0,0.0,0.0,0.0,0.0,0.0,0.0,0.0,4774,3331,290,319,24,460513027.13,96462.72038751571,2231.895,43096156.0,-2000000.0,942907.1287789687,"AMERIND BG JV, LLC",Department of Health and Human Services,460.51,1587975.9556206896,1.59,138250.68361753228,16.46206896551724
0503,03,Steve Womack,Arkansas 3rd,Arkansas ,R,2412 RHOB,(202) 225-4301,appropriations,1.0,0.0,0.0,0.0,0.0,0.0,0.0,0.0,0.0,0.0,0.0,0.0,0.0,0.0,0.0,0.0,0.0,0.0,0.0,0.0,0.0,0.0,0.0,0.0,0.0,0.0,36453,34086,172,194,16,859312031.0,23573.149836776123,416.28,29648520.02,-11266192.29,524070.2818359738,TYSON FOODS INC.,Department of Agriculture,859.31,4996000.180232558,5.0,25210.116499442585,211.9360465116279
0504,04,Bruce Westerman,Arkansas 4th,Arkansas ,R,202 CHOB,(202) 225-3772,natural_resources|transportation_and_infrastructure,0.0,0.0,0.0,0.0,1.0,0.0,0.0,0.0,0.0,0.0,0.0,1.0,0.0,0.0,0.0,0.0,0.0,0.0,0.0,0.0,0.0,0.0,0.0,0.0,0.0,0.0,4434,3317,231,263,16,276129376.29,62275.45698917456,578.62,24915000.0,-2617040.88,719669.1961359611,PINE BLUFF SAND AND GRAVEL COMPANY,Department of Defense,276.13,1195365.2653246755,1.2,83246.7218239373,19.194805194805195
0601,01,Doug LaMalfa,California 1st,California ,R,408 CHOB,(202) 225-3076,agriculture|natural_resources|transportation_and_infrastructure,0.0,1.0,0.0,0.0,1.0,0.0,0.0,0.0,0.0,0.0,0.0,1.0,0.0,0.0,0.0,0.0,0.0,0.0,0.0,0.0,0.0,0.0,0.0,0.0,0.0,0.0,46588,43854,600,649,16,756312356.37,16234.059336524428,701.145,34322156.45,-57884000.0,437025.73853285436,STEVE MANNING CONSTRUCTION INC,Department of Transportation,756.31,1260520.59395,1.26,17246.143028458064,77.64666666666666
0602,02,Jared Huffman,California 2nd,California ,D,2445 RHOB,(202) 225-5161,natural_resources|transportation_and_infrastructure,0.0,0.0,0.0,0.0,1.0,0.0,0.0,0.0,0.0,0.0,0.0,1.0,0.0,0.0,0.0,0.0,0.0,0.0,0.0,0.0,0.0,0.0,0.0,0.0,0.0,0.0,4651,2609,409,436,28,826495073.96,177702.6604945173,3078.0,75357737.0,-5844555.0,2185218.344837838,THE DUTRA GROUP,Department of Defense,826.5,2020770.35198044,2.02,316786.153300115,11.37163814180929
0603,03,Kevin Kiley,California 3rd,California ,R,1032 LHOB,(202) 225-2523,education_and_the_workforce|judiciary,0.0,0.0,0.0,0.0,0.0,0.0,0.0,1.0,0.0,0.0,0.0,0.0,0.0,1.0,0.0,0.0,0.0,0.0,0.0,0.0,0.0,0.0,0.0,0.0,0.0,0.0,4796,2652,382,425,24,3366814068.6800003,702004.6014762303,1204.0,1162993024.95,-16733904.09,19830186.488622293,"HEALTH NET FEDERAL SERVICES, LLC",Department of Defense,3366.81,8813649.394450262,8.81,1269537.7332880846,12.55497382198953
0604,04,Mike Thompson,California 4th,California ,D,268 CHOB,(202) 225-3311,ways_and_means,0.0,0.0,0.0,0.0,0.0,0.0,0.0,0.0,0.0,1.0,0.0,0.0,0.0,0.0,0.0,0.0,0.0,0.0,0.0,0.0,0.0,0.0,0.0,0.0,0.0,0.0,4097,2967,225,253,24,385707475.65,94143.87982670245,607.2,129173360.0,-53504114.0,2603918.0576201985,NOVA NACAP A JOINT VENTURE,Department of Defense,385.71,1714255.4473333333,1.71,129999.14919110211,18.20888888888889
0605,05,Tom McClintock,California 5th,California ,R,2256 RHOB,(202) 225-2511,budget|natural_resources|judiciary,0.0,0.0,0.0,0.0,1.0,0.0,0.0,0.0,0.0,0.0,0.0,0.0,0.0,1.0,1.0,0.0,0.0,0.0,0.0,0.0,0.0,0.0,0.0,0.0,0.0,0.0,7196,3970,321,359,17,498947456.26,69336.77824624791,1238.9,13387038.93,-1393543.0,396794.35639021784,"GROWER DIRECT NUT COMPANY, INC.",Department of Agriculture,498.95,1554353.4462928348,1.55,125679.46001511335,22.417445482866043
0606,06,Ami Bera,California 6th,California ,D,172 CHOB,(202) 225-5716,foreign_affairs|Intelligence|select_subcommittee_on_the_coronavirus_pandemic,0.0,0.0,0.0,0.0,0.0,1.0,0.0,0.0,0.0,0.0,0.0,0.0,0.0,0.0,0.0,0.0,0.0,0.0,1.0,1.0,0.0,0.0,0.0,0.0,0.0,0.0,8385,6577,208,242,20,5655322680.26,674457.0876875373,2010.06,833198672.28,-46355971.92,15133247.388703682,"HEALTH NET FEDERAL SERVICES, LLC",Department of Defense,5655.32,27189051.347403847,27.19,859863.5670153566,40.3125
0607,07,Doris Matsui,California 7th,California ,D,2311 RHOB,(202) 225-7163,energy_and_commerce,0.0,0.0,0.0,0.0,0.0,0.0,0.0,0.0,1.0,0.0,0.0,0.0,0.0,0.0,0.0,0.0,0.0,0.0,0.0,0.0,0.0,0.0,0.0,0.0,0.0,0.0,4206,2953,219,248,25,548274073.11,130355.2242296719,1930.26,39235634.38,-2528874.0,943900.18274401,AHTNA USA-CDM JV,Department of Defense,548.27,2503534.580410959,2.5,185666.80430409755,19.205479452054796
0608,08,John Garamendi,California 8th,California ,D,2004 RHOB,(202) 225-1880,armed_services|select_subcommittee_on_the_weaponization_of_the_fed_govt|transportation_and_infrastructure,0.0,0.0,0.0,1.0,0.0,0.0,0.0,0.0,0.0,0.0,0.0,1.0,0.0,0.0,0.0,1.0,0.0,0.0,0.0,0.0,0.0,0.0,0.0,0.0,0.0,0.0,3011,1718,180,192,21,368078506.94,122244.60542676851,4206.55,23962024.88,-6265978.29,821951.8180006668,RIX INDUSTRIES,Department of Defense,368.08,2044880.594111111,2.04,214248.25782305005,16.727777777777778
0609,09,Josh Harder,California 9th,California ,D,209 CHOB,(202) 225-4540,appropriations,1.0,0.0,0.0,0.0,0.0,0.0,0.0,0.0,0.0,0.0,0.0,0.0,0.0,0.0,0.0,0.0,0.0,0.0,0.0,0.0,0.0,0.0,0.0,0.0,0.0,0.0,22635,21894,83,92,16,918066338.54,40559.59083454827,1773.49,72055011.6,-7114987.0,769053.6775019789,"AERO TURBINE, INC",Department of Defense,918.07,11061040.223373493,11.06,41932.325684662464,272.71084337349396
0610,10,Mark DeSaulnier,California 10th,California ,D,503 CHOB,(202) 225-2095,education_and_the_workforce|transportation_and_infrastructure|ethics,0.0,0.0,0.0,0.0,0.0,0.0,0.0,1.0,0.0,0.0,0.0,1.0,0.0,0.0,0.0,0.0,0.0,0.0,0.0,0.0,0.0,0.0,0.0,1.0,0.0,0.0,7069,4416,276,315,27,2430436502.65,343816.1695642948,152.52,138728089.0,-12310926.35,3461688.3153827977,GILBANE FEDERAL,Department of Defense,2430.44,8805929.357427537,8.81,550370.5848392211,25.61231884057971
0611,11,Nancy Pelosi,California 11th,California ,D,1236 LHOB,(202) 225-4965,0,0.0,0.0,0.0,0.0,0.0,0.0,0.0,0.0,0.0,0.0,0.0,0.0,0.0,0.0,0.0,0.0,0.0,0.0,0.0,0.0,0.0,0.0,0.0,0.0,0.0,,4810,2599,479,568,48,686850167.46,142796.2926112266,0.0,61300401.0,-42074015.5,1473404.388703923,"VIR BIOTECHNOLOGY, INC.",Department of Health and Human Services,686.85,1433925.1930271399,1.43,264274.7854790304,10.041753653444676
0612,12,Barbara Lee,California 12th,California ,D,2470 RHOB,(202) 225-2661,appropriations|budget,1.0,0.0,0.0,0.0,0.0,0.0,0.0,0.0,0.0,0.0,0.0,0.0,0.0,0.0,1.0,0.0,0.0,0.0,0.0,0.0,0.0,0.0,0.0,0.0,0.0,0.0,7686,4993,363,427,38,4058755988.5,528071.2969685142,1642.845,346628908.84,-13000000.0,7704160.390265541,THE REGENTS OF THE UNIVERSITY OF CALIFORNIA,Department of Energy,4058.76,11181145.9738292,11.18,812889.2426396955,21.173553719008265
0613,13,John Duarte,California 13th,California ,R,1535 LHOB,(202) 225-1947,agriculture|natural_resources|transportation_and_infrastructure,0.0,1.0,0.0,0.0,1.0,0.0,0.0,0.0,0.0,0.0,0.0,1.0,0.0,0.0,0.0,0.0,0.0,0.0,0.0,0.0,0.0,0.0,0.0,0.0,0.0,0.0,1095,650,91,102,14,268877036.39,245549.8049223744,4492.68,27283480.82,-1697534.84,1406096.8023571922,"SUN VALLEY RAISINS, INC., A CALIFORNIA CORPORATION",Department of Agriculture,268.88,2954692.7075824174,2.95,413656.9790615384,12.032967032967033
0614,14,Eric Swalwell,California 14th,California ,D,174 CHOB,(202) 225-5065,homeland_security|judiciary,0.0,0.0,0.0,0.0,0.0,0.0,1.0,0.0,0.0,0.0,0.0,0.0,0.0,1.0,0.0,0.0,0.0,0.0,0.0,0.0,0.0,0.0,0.0,0.0,0.0,0.0,12753,11309,240,270,23,6670029812.23,523016.5304030424,926.44,1660695900.69,-205569033.22,20507794.336922944,"LAWRENCE LIVERMORE NATIONAL SECURITY, LLC",Department of Energy,6670.03,27791790.884291664,27.79,589798.3740587143,53.1375
0615,15,Kevin Mullin,California 15th,California ,D,1404 LHOB,(202) 225-3531,natural_resources|science_space_and_technology,0.0,0.0,0.0,0.0,1.0,0.0,0.0,0.0,0.0,0.0,0.0,0.0,0.0,0.0,0.0,0.0,0.0,0.0,0.0,0.0,1.0,0.0,0.0,0.0,0.0,0.0,6117,3588,314,376,40,2347542703.81,383773.5334003596,9710.4,396999520.0,-396999520.0,8869433.21709326,"GENENTECH USA, INC",Department of Health and Human Services,2347.54,7476250.649076433,7.48,654276.1158890746,19.480891719745223
0616,16,Anna Eshoo,California 16th,California ,D,272 CHOB,(202) 225-8104,energy_and_commerce,0.0,0.0,0.0,0.0,0.0,0.0,0.0,0.0,1.0,0.0,0.0,0.0,0.0,0.0,0.0,0.0,0.0,0.0,0.0,0.0,0.0,0.0,0.0,0.0,0.0,0.0,8331,5100,370,417,38,3928533472.53,471556.05239827157,1437.45,294247361.0,-8230052.0,5565085.386086418,LOCKHEED MARTIN CORPORATION,Department of Commerce,3928.53,10617658.033864865,10.62,770300.6808882353,22.516216216216215
0617,17,Ro Khanna,California 17th,California ,D,306 CHOB,(202) 225-2631,armed_services|oversight_and_accountability|select_sub_us_china,0.0,0.0,1.0,1.0,0.0,0.0,0.0,0.0,0.0,0.0,0.0,0.0,0.0,0.0,0.0,0.0,0.0,0.0,0.0,0.0,0.0,0.0,1.0,0.0,0.0,0.0,66616,59133,495,569,58,5436948789.94,81616.2602068572,160.0,716653281.86,-17172740.57,3218917.983430416,LOCKHEED MARTIN CORP,Department of Defense,5436.95,10983734.929171717,10.98,91944.4098885563,134.57777777777778
0618,18,Zoe Lofgren,California 18th,California ,D,1401 LHOB,(202) 225-3072,judiciary|science_space_and_technology,0.0,0.0,0.0,0.0,0.0,0.0,0.0,0.0,0.0,0.0,0.0,0.0,0.0,1.0,0.0,0.0,0.0,0.0,0.0,0.0,1.0,0.0,0.0,0.0,0.0,0.0,2736,1423,136,150,23,1271528503.31,464739.9500402047,69.88,172948401.4,-3387436.8,5528685.800347797,GRANITE CONSTRUCTION COMPANY,Department of Defense,1271.53,9349474.289044118,9.35,893554.8160997891,20.11764705882353
0619,19,Jimmy Panetta,California 19th,California ,D,304 CHOB,(202) 225-2861,armed_services|budget|ways_and_means,0.0,0.0,0.0,1.0,0.0,0.0,0.0,0.0,0.0,1.0,0.0,0.0,0.0,0.0,1.0,0.0,0.0,0.0,0.0,0.0,0.0,0.0,0.0,0.0,0.0,0.0,4063,2845,236,257,23,550891345.03,135587.33571991138,1045.0,25761947.5,-3439292.81,972396.9015476502,NORTHROP GRUMMAN SYSTEMS CORPORATION,Department of Defense,550.89,2334285.3602966103,2.33,193634.91916695956,17.216101694915253
0620,20,Kevin McCarthy,California 20th,California ,R,2468 RHOB,(202) 225-2915,0,0.0,0.0,0.0,0.0,0.0,0.0,0.0,0.0,0.0,0.0,0.0,0.0,0.0,0.0,0.0,0.0,0.0,0.0,0.0,0.0,0.0,0.0,0.0,0.0,0.0,,3954,2829,198,225,17,372246220.04,94144.21346484573,12149.75,12627309.82,-6636699.57,579266.2427443486,"NEW DIRECTIONS TECHNOLOGIES, INC.",Department of Defense,372.25,1880031.4143434344,1.88,131582.26229763168,19.96969696969697
0621,21,Jim Costa,California 21st,California ,D,2081 RHOB,(202) 225-3341,agriculture|foreign_affairs,0.0,1.0,0.0,0.0,0.0,1.0,0.0,0.0,0.0,0.0,0.0,0.0,0.0,0.0,0.0,0.0,0.0,0.0,0.0,0.0,0.0,0.0,0.0,0.0,0.0,0.0,1431,788,156,171,14,451350304.39,315409.01774283714,0.0,16570016.0,-4402475.0,1296280.7317982467,"G. L. BRUNO ASSOCIATES, INC.",Department of Veterans Affairs,451.35,2893271.1819871794,2.89,572779.5740989847,9.173076923076923
0622,22,David Valadao,California 22nd,California ,R,2465 RHOB,(202) 225-4695,appropriations|budget,1.0,0.0,0.0,0.0,0.0,0.0,0.0,0.0,0.0,0.0,0.0,0.0,0.0,0.0,1.0,0.0,0.0,0.0,0.0,0.0,0.0,0.0,0.0,0.0,0.0,0.0,1313,916,79,88,16,232012388.72,176704.02796648897,10012.2,14975751.0,-752236.8,1047756.7843362921,"CENTRAL VALLEY MEAT CO., INC.",Department of Agriculture,232.01,2936865.68,2.94,253288.63397379912,16.620253164556964
0623,23,Jay Obernolte,California 23rd,California ,R,1029 LHOB,(202) 225-5861,energy_and_commerce|science_space_and_technology,0.0,0.0,0.0,0.0,0.0,0.0,0.0,0.0,1.0,0.0,0.0,0.0,0.0,0.0,0.0,0.0,0.0,0.0,0.0,0.0,1.0,0.0,0.0,0.0,0.0,0.0,5534,4522,123,136,25,438818424.87,79294.98100289122,1007.4100000000001,19934398.0,-949222.38,640808.4832709297,"ENVIRONMENTAL SYSTEMS RESEARCH INSTITUTE, INC.",Department of Agriculture,438.82,3567629.470487805,3.57,97040.78391640868,44.99186991869919
0624,24,Salud Carbajal,California 24th,California ,D,2331 RHOB,(202) 225-3601,agriculture|armed_services|transportation_and_infrastructure,0.0,1.0,0.0,1.0,0.0,0.0,0.0,0.0,0.0,0.0,0.0,1.0,0.0,0.0,0.0,0.0,0.0,0.0,0.0,0.0,0.0,0.0,0.0,0.0,0.0,0.0,18371,14791,447,520,33,1784788636.8,97152.50322791356,304.2,59043570.0,-4800198.0,931211.1677912095,"L3 TECHNOLOGIES, INC.",Department of Defense,1784.79,3992815.7422818793,3.99,120667.20551686836,41.09843400447427
0625,25,Raul Ruiz,California 25th,California ,D,2342 RHOB,(202) 225-5330,energy_and_commerce|select_subcommittee_on_the_coronavirus_pandemic,0.0,0.0,0.0,0.0,0.0,0.0,0.0,0.0,1.0,0.0,0.0,0.0,0.0,0.0,0.0,0.0,0.0,0.0,0.0,1.0,0.0,0.0,0.0,0.0,0.0,0.0,8302,7573,88,96,10,810647444.12,97644.83788484703,1467.695,294464516.71,-60144892.11,3661425.8256969694,ARMTEC DEFENSE PRODUCTS CO.,Department of Defense,810.65,9211902.774090908,9.21,107044.42679519345,94.3409090909091
0626,26,Julia Brownley,California 26th,California ,D,2262 RHOB,(202) 225-5811,transportation_and_infrastructure|veterans_affairs,0.0,0.0,0.0,0.0,0.0,0.0,0.0,0.0,0.0,0.0,0.0,1.0,0.0,0.0,0.0,0.0,0.0,0.0,0.0,0.0,0.0,1.0,0.0,0.0,0.0,0.0,16447,10407,355,418,35,2145939188.85,130476.02534504772,1121.04,204858569.4,-5107198.14,2566174.39042844,AMGEN USA INC,Department of Health and Human Services,2145.94,6044899.123521127,6.04,206201.5171375036,46.329577464788734
0627,27,Mike Garcia,California 27th,California ,R,144 CHOB,(202) 225-1956,appropriations|Intelligence|science_space_and_technology,1.0,0.0,0.0,0.0,0.0,0.0,0.0,0.0,0.0,0.0,0.0,0.0,0.0,0.0,0.0,0.0,0.0,0.0,1.0,0.0,1.0,0.0,0.0,0.0,0.0,0.0,8624,6011,183,212,22,2227133594.94,258248.3296544527,1417.04,108230867.0,-25451691.0,2869724.0724539016,LOCKHEED MARTIN CORPORATION,Department of Defense,2227.13,12170128.934098361,12.17,370509.6647712527,47.12568306010929
0628,28,Judy Chu,California 28th,California ,D,2423 RHOB,(202) 225-5464,small_business|ways_and_means,0.0,0.0,0.0,0.0,0.0,0.0,0.0,0.0,0.0,1.0,0.0,0.0,1.0,0.0,0.0,0.0,0.0,0.0,0.0,0.0,0.0,0.0,0.0,0.0,0.0,0.0,7723,2556,192,206,24,7440636036.19,963438.5648310242,24760.0,219589540.0,-39668847.0,5703800.653082506,CALIFORNIA INSTITUTE OF TECHNOLOGY,National Aeronautics and Space Administration,7440.64,38753312.68848958,38.75,2911046.9625156494,40.223958333333336
0629,29,Tony Cardenas,California 29th,California ,D,2181 RHOB,(202) 225-6131,energy_and_commerce,0.0,0.0,0.0,0.0,0.0,0.0,0.0,0.0,1.0,0.0,0.0,0.0,0.0,0.0,0.0,0.0,0.0,0.0,0.0,0.0,0.0,0.0,0.0,0.0,0.0,0.0,37637,34744,164,177,16,719320407.26,19112.054819990964,109.88,330568440.0,-51075625.0,1809924.8901053697,TPC-NAN A JOINT VENTURE,Department of Defense,719.32,4386100.044268292,4.39,20703.442529933225,229.4939024390244
0630,30,Adam Schiff,California 30th,California ,D,2309 RHOB,(202) 225-4176,judiciary,0.0,0.0,0.0,0.0,0.0,0.0,0.0,0.0,0.0,0.0,0.0,0.0,0.0,1.0,0.0,0.0,0.0,0.0,0.0,0.0,0.0,0.0,0.0,0.0,0.0,0.0,4306,2870,185,206,30,250875193.03,58261.77264979099,1958.875,34191511.0,-1803465.06,589915.738648671,HYDRO-AIRE AEROSPACE CORP,Department of Defense,250.88,1356082.1244864864,1.36,87412.95924390244,23.275675675675675
0631,31,Grace Napolitano,California 31st,California ,D,1610 LHOB,(202) 225-5256,natural_resources|transportation_and_infrastructure,0.0,0.0,0.0,0.0,1.0,0.0,0.0,0.0,0.0,0.0,0.0,1.0,0.0,0.0,0.0,0.0,0.0,0.0,0.0,0.0,0.0,0.0,0.0,0.0,0.0,0.0,23238,19851,191,223,21,4155479157.53,178822.5818715036,84.6,252499764.37,-50140960.77,4180013.7557671764,QTC MEDICAL SERVICES INC,Department of Veterans Affairs,4155.48,21756435.379738223,21.76,209333.49239484157,121.66492146596859
0632,32,Brad Sherman,California 32nd,California ,D,2365 RHOB,(202) 225-5911,financial_services|foreign_affairs,0.0,0.0,0.0,0.0,0.0,1.0,0.0,0.0,0.0,0.0,1.0,0.0,0.0,0.0,0.0,0.0,0.0,0.0,0.0,0.0,0.0,0.0,0.0,0.0,0.0,0.0,13624,10102,297,347,28,2527889301.59,185546.77786186142,2061.54,235695564.0,-12000000.0,3269930.3576569953,ALLIANT TECHSYSTEMS OPERATIONS LLC,Department of Defense,2527.89,8511411.78986532,8.51,250236.5176786775,45.872053872053876
0633,33,Pete Aguilar,California 33rd,California ,D,108 CHOB,(202) 225-3201,appropriations,1.0,0.0,0.0,0.0,0.0,0.0,0.0,0.0,0.0,0.0,0.0,0.0,0.0,0.0,0.0,0.0,0.0,0.0,0.0,0.0,0.0,0.0,0.0,0.0,0.0,0.0,1844,1599,90,102,13,56391553.589999996,30581.10281453362,2946.005,19684675.0,-5450828.48,503288.147465186,POWER PRO PLUS INC.,Department of Defense,56.39,626572.8176666666,0.63,35266.76272045028,20.488888888888887
0634,34,Jimmy Gomez,California 34th,California ,D,506 CHOB,(202) 225-6235,oversight_and_accountability|Intelligence,0.0,0.0,1.0,0.0,0.0,0.0,0.0,0.0,0.0,0.0,0.0,0.0,0.0,0.0,0.0,0.0,0.0,0.0,1.0,0.0,0.0,0.0,0.0,0.0,0.0,0.0,5500,2789,127,148,30,1959880932.84,356341.9877890909,661.745,134551314.0,-6461267.0,2680016.4386923,"AECOM TECHNICAL SERVICES, INC.",Department of Defense,1959.88,15432133.329448817,15.43,702718.1544783076,43.30708661417323
0635,35,Norma Torres,California 35th,California ,D,2227 RHOB,(202) 225-6161,appropriations|house_administration,1.0,0.0,0.0,0.0,0.0,0.0,0.0,0.0,0.0,0.0,0.0,0.0,0.0,0.0,0.0,0.0,0.0,1.0,0.0,0.0,0.0,0.0,0.0,0.0,0.0,0.0,14245,10266,226,242,21,558605853.82,39214.170152334154,1600.0,39153200.0,-3092275.0,581547.0258949267,"REYES CONSTRUCTION, INC.",Department of Defense,558.61,2471707.317787611,2.47,54413.19441067602,63.030973451327434
0636,36,Ted Lieu,California 36th,California ,D,2454 RHOB,(202) 225-3976,foreign_affairs|judiciary|science_space_and_technology,0.0,0.0,0.0,0.0,0.0,1.0,0.0,0.0,0.0,0.0,0.0,0.0,0.0,1.0,0.0,0.0,0.0,0.0,0.0,0.0,1.0,0.0,0.0,0.0,0.0,0.0,20716,13986,366,429,48,14074212337.65,679388.508285866,546.48,650433839.14,-24644992.0,8899575.684374701,RAYTHEON COMPANY,Department of Defense,14074.21,38454132.070081964,38.45,1006307.1884491635,56.60109289617486
0637,37,Sydney Kamlager-Dove,California 37th,California ,D,1419 LHOB,(202) 225-7084,foreign_affairs|natural_resources,0.0,0.0,0.0,0.0,1.0,1.0,0.0,0.0,0.0,0.0,0.0,0.0,0.0,0.0,0.0,0.0,0.0,0.0,0.0,0.0,0.0,0.0,0.0,0.0,0.0,0.0,2534,1460,136,146,26,656305258.05,258999.7072020521,443.28,25961538.46,-2290360.34,1247975.8324603015,LINQUEST CORPORATION,General Services Administration,656.31,4825773.95625,4.83,449524.14934931503,18.63235294117647
0638,38,Linda Sanchez,California 38th,California ,D,2428 RHOB,(202) 225-6676,select_subcommittee_on_the_weaponization_of_the_fed_govt|ways_and_means,0.0,0.0,0.0,0.0,0.0,0.0,0.0,0.0,0.0,1.0,0.0,0.0,0.0,0.0,0.0,1.0,0.0,0.0,0.0,0.0,0.0,0.0,0.0,0.0,0.0,0.0,34652,33220,161,184,23,482001797.95,13909.78292594944,3549.165,7743547.6,-56000000.0,321612.8483440417,"IMPRES TECHNOLOGY SOLUTIONS, INC",Department of Defense,482.0,2993799.9872670807,2.99,14509.38585039133,215.22981366459626
0639,39,Mark Takano,California 39th,California ,D,2078 RHOB,(202) 225-2305,education_and_the_workforce|veterans_affairs,0.0,0.0,0.0,0.0,0.0,0.0,0.0,1.0,0.0,0.0,0.0,0.0,0.0,0.0,0.0,0.0,0.0,0.0,0.0,0.0,0.0,1.0,0.0,0.0,0.0,0.0,4412,3155,145,159,19,527518444.43,119564.47063236627,3173.49,207979459.0,-4317007.1,3318618.124035082,STRONGHOLD ENGINEERING INC,Department of the Interior,527.52,3638058.237448276,3.64,167200.77477971473,30.427586206896553
0640,40,Young Kim,California 40th,California ,R,1306 LHOB,(202) 225-4111,financial_services|foreign_affairs,0.0,0.0,0.0,0.0,0.0,1.0,0.0,0.0,0.0,0.0,1.0,0.0,0.0,0.0,0.0,0.0,0.0,0.0,0.0,0.0,0.0,0.0,0.0,0.0,0.0,0.0,12009,9540,308,342,30,559428865.44,46584.13401948539,676.32,22537000.0,-6749240.63,501045.7215401654,OVERWATCH AMOROSO LLC,Department of Defense,559.43,1816327.4851948053,1.82,58640.34228930818,38.99025974025974
0641,41,Ken Calvert,California 41st,California ,R,2205 RHOB,(202) 225-1986,appropriations,1.0,0.0,0.0,0.0,0.0,0.0,0.0,0.0,0.0,0.0,0.0,0.0,0.0,0.0,0.0,0.0,0.0,0.0,0.0,0.0,0.0,0.0,0.0,0.0,0.0,0.0,3945,2894,148,163,20,151624800.60999998,38434.67696070975,798.0,21484881.0,-2064396.01,463179.08688183,"ATTALON, INC.",Department of Defense,151.62,1024491.8960135134,1.02,52392.812926744984,26.655405405405407
0642,42,Robert Garcia,California 42nd,California ,D,1305 LHOB,(202) 225-7924,oversight_and_accountability|homeland_security|select_subcommittee_on_the_coronavirus_pandemic,0.0,0.0,1.0,0.0,0.0,0.0,1.0,0.0,0.0,0.0,0.0,0.0,0.0,0.0,0.0,0.0,0.0,0.0,0.0,1.0,0.0,0.0,0.0,0.0,0.0,0.0,9003,6716,183,198,15,3594996474.88,399310.94911473955,1500.0,229344954.0,-24226925.09,5939910.848049726,THE BOEING COMPANY,Department of Defense,3595.0,19644789.480218578,19.64,535288.3375342466,49.19672131147541
0643,43,Maxine Waters,California 43rd,California ,D,2221 RHOB,(202) 225-2201,financial_services,0.0,0.0,0.0,0.0,0.0,0.0,0.0,0.0,0.0,0.0,1.0,0.0,0.0,0.0,0.0,0.0,0.0,0.0,0.0,0.0,0.0,0.0,0.0,0.0,0.0,0.0,8577,5428,177,197,27,7946141714.76,926447.6757327737,1552.0,427212450.0,-11444280.0,10623051.777338542,SPACE EXPLORATION TECHNOLOGIES CORP.,National Aeronautics and Space Administration,7946.14,44893456.01559322,44.89,1463917.0439867354,48.45762711864407
0644,44,Nanette Barragan,California 44th,California ,D,2312 RHOB,(202) 225-8220,energy_and_commerce,0.0,0.0,0.0,0.0,0.0,0.0,0.0,0.0,1.0,0.0,0.0,0.0,0.0,0.0,0.0,0.0,0.0,0.0,0.0,0.0,0.0,0.0,0.0,0.0,0.0,0.0,25276,23757,200,229,23,460920011.39,18235.48074814053,1881.9850000000001,81850502.88,-4488112.19,537076.0547659439,STRING KING LACROSSE LLC,Department of Health and Human Services,460.92,2304600.05695,2.3,19401.44005514164,126.38
0645,45,Michelle Steel,California 45th,California ,R,1127 LHOB,(202) 225-2415,education_and_the_workforce|ways_and_means|select_sub_us_china,0.0,0.0,0.0,0.0,0.0,0.0,0.0,1.0,0.0,1.0,0.0,0.0,0.0,0.0,0.0,0.0,0.0,0.0,0.0,0.0,0.0,0.0,1.0,0.0,0.0,0.0,8152,5290,242,261,27,928830978.5600001,113939.0307360157,1988.355,48315610.0,-15796136.0,1070090.0829504249,QYK BRANDS LLC,Department of Health and Human Services,928.83,3838144.5395041327,3.84,175582.4156068053,33.68595041322314
0646,46,J. Correa,California 46th,California ,D,2301 RHOB,(202) 225-2965,homeland_security|judiciary,0.0,0.0,0.0,0.0,0.0,0.0,1.0,0.0,0.0,0.0,0.0,0.0,0.0,1.0,0.0,0.0,0.0,0.0,0.0,0.0,0.0,0.0,0.0,0.0,0.0,0.0,11324,8171,285,305,26,1412152703.92,124704.406916284,595.015,484650888.79,-317912558.6,6860089.108240585,CARRINGTON MORTGAGE SERVICES LLC,Department of Housing and Urban Development,1412.15,4954921.768140351,4.95,172824.95458573004,39.733333333333334
0647,47,Katie Porter,California 47th,California ,D,1233 LHOB,(202) 225-5611,oversight_and_accountability|natural_resources,0.0,0.0,1.0,0.0,1.0,0.0,0.0,0.0,0.0,0.0,0.0,0.0,0.0,0.0,0.0,0.0,0.0,0.0,0.0,0.0,0.0,0.0,0.0,0.0,0.0,0.0,35337,26284,544,638,37,4050034655.71,114611.72866145967,3828.0,249978466.39,-24216218.29,2100019.3165924954,"ANDURIL INDUSTRIES, INC.",Department of Defense,4050.03,7444916.646525735,7.44,154087.454562091,64.95772058823529
0648,48,Darrell Issa,California 48th,California ,R,2108 RHOB,(202) 225-5672,foreign_affairs|select_subcommittee_on_the_weaponization_of_the_fed_govt|judiciary|science_space_and_technology,0.0,0.0,0.0,0.0,0.0,1.0,0.0,0.0,0.0,0.0,0.0,0.0,0.0,1.0,0.0,1.0,0.0,0.0,0.0,0.0,1.0,0.0,0.0,0.0,0.0,0.0,6444,3402,361,404,24,5476594105.26,849874.9387430168,600.0,142133916.17,-42835047.17,6462235.0327086095,"GENERAL ATOMICS AERONAUTICAL SYSTEMS, INC.",Department of Defense,5476.59,15170620.790193906,15.17,1609816.0215343917,17.850415512465375
0649,49,Mike Levin,California 49th,California ,D,2352 RHOB,(202) 225-3906,natural_resources|veterans_affairs,0.0,0.0,0.0,0.0,1.0,0.0,0.0,0.0,0.0,0.0,0.0,0.0,0.0,0.0,0.0,0.0,0.0,0.0,0.0,0.0,0.0,1.0,0.0,0.0,0.0,0.0,28062,22885,392,473,24,3546754192.2599998,126389.92916613213,231.305,148546478.0,-3608635.0,2368874.4617482037,VIASAT INC,Department of Defense,3546.75,9047842.327193877,9.05,154981.61207166265,71.58673469387755
0650,50,Scott Peters,California 50th,California ,D,1201 LHOB,(202) 225-0508,budget|energy_and_commerce,0.0,0.0,0.0,0.0,0.0,0.0,0.0,0.0,1.0,0.0,0.0,0.0,0.0,0.0,1.0,0.0,0.0,0.0,0.0,0.0,0.0,0.0,0.0,0.0,0.0,0.0,89236,66323,647,776,49,9291133761.47,104118.67140470212,120.4,780000000.0,-36565632.1,4241635.078065705,NATIONAL STEEL AND SHIPBUILDING COMPANY,Department of Defense,9291.13,14360330.388670787,14.36,140089.1660731571,137.92272024729522
0651,51,Sara Jacobs,California 51st,California ,D,1314 LHOB,(202) 225-2040,armed_services|foreign_affairs,0.0,0.0,0.0,1.0,0.0,1.0,0.0,0.0,0.0,0.0,0.0,0.0,0.0,0.0,0.0,0.0,0.0,0.0,0.0,0.0,0.0,0.0,0.0,0.0,0.0,0.0,16007,9170,667,817,29,4407491779.71,275347.771581808,1008.0,230037421.37,-35283613.7,2736968.9686114127,"TECHFLOW, INC.",Department of Homeland Security,4407.49,6607933.702713643,6.61,480642.5059661941,23.998500749625187
0652,52,Juan Vargas,California 52nd,California ,D,2334 RHOB,(202) 225-8045,financial_services,0.0,0.0,0.0,0.0,0.0,0.0,0.0,0.0,0.0,0.0,1.0,0.0,0.0,0.0,0.0,0.0,0.0,0.0,0.0,0.0,0.0,0.0,0.0,0.0,0.0,0.0,42863,38644,253,287,18,2442365870.66,56980.749612952895,745.51,212116278.0,-12125018.4,1718429.615643456,BAE SYSTEMS MARITIME SOLUTIONS SAN DIEGO INC.,Department of Defense,2442.37,9653620.042134387,9.65,63201.683848980436,169.4189723320158
0801,01,Diana DeGette,Colorado 1st,Colorado ,D,2111 RHOB,(202) 225-4431,energy_and_commerce,0.0,0.0,0.0,0.0,0.0,0.0,0.0,0.0,1.0,0.0,0.0,0.0,0.0,0.0,0.0,0.0,0.0,0.0,0.0,0.0,0.0,0.0,0.0,0.0,0.0,0.0,37832,31792,518,587,45,2512441882.35,66410.49593862338,361.54499999999996,249448663.82,-19196465.95,1624583.8979438387,DAVITA INC.,Department of Veterans Affairs,2512.44,4850273.904150579,4.85,79027.48749213638,73.03474903474904
0802,02,Joe Neguse,Colorado 2nd,Colorado ,D,2400 RHOB,(202) 225-2161,natural_resources|judiciary|Rules,0.0,0.0,0.0,0.0,1.0,0.0,0.0,0.0,0.0,0.0,0.0,0.0,0.0,1.0,0.0,0.0,0.0,0.0,0.0,0.0,0.0,0.0,0.0,0.0,1.0,0.0,11733,8098,607,705,31,2168600434.13,184829.15146424616,1354.8,103571671.0,-48800000.0,2133459.841687689,B.I. INCORPORATED,Department of Homeland Security,2168.6,3572653.1040032953,3.57,267794.5707742653,19.329489291598023
0803,03,Lauren Boebert,Colorado 3rd,Colorado ,R,1713 LHOB,(202) 225-4761,oversight_and_accountability|natural_resources,0.0,0.0,1.0,0.0,1.0,0.0,0.0,0.0,0.0,0.0,0.0,0.0,0.0,0.0,0.0,0.0,0.0,0.0,0.0,0.0,0.0,0.0,0.0,0.0,0.0,0.0,11956,10340,440,500,20,434292459.61,36324.22713365674,229.62,35589296.0,-2536254.37,548682.8225741854,"PATE CONSTRUCTION CO., INC.",Department of Defense,434.29,987028.3172954546,0.99,42001.20499129594,27.172727272727272
0804,04,Ken Buck,Colorado 4th,Colorado ,R,2455 RHOB,(202) 225-4676,foreign_affairs|judiciary,0.0,0.0,0.0,0.0,0.0,1.0,0.0,0.0,0.0,0.0,0.0,0.0,0.0,1.0,0.0,0.0,0.0,0.0,0.0,0.0,0.0,0.0,0.0,0.0,0.0,0.0,6319,2830,284,301,30,9213181785.39,1458012.6262683969,99.2,403013627.96,-50000000.0,11799256.92606158,LOCKHEED MARTIN CORP,Department of Defense,9213.18,32440780.934471827,32.44,3255541.266922261,22.25
0805,05,Doug Lamborn,Colorado 5th,Colorado ,R,2371 RHOB,(202) 225-4422,armed_services|natural_resources,0.0,0.0,0.0,1.0,1.0,0.0,0.0,0.0,0.0,0.0,0.0,0.0,0.0,0.0,0.0,0.0,0.0,0.0,0.0,0.0,0.0,0.0,0.0,0.0,0.0,0.0,37734,26108,491,558,37,10716245717.47,283994.42723988974,483.0,293431700.0,-41187257.59,3746172.167104539,VECTRUS SYSTEMS LLC,Department of Defense,10716.25,21825347.693421587,21.83,410458.3161280067,76.85132382892057
0806,06,Jason Crow,Colorado 6th,Colorado ,D,1323 LHOB,(202) 225-7882,foreign_affairs|Intelligence,0.0,0.0,0.0,0.0,0.0,1.0,0.0,0.0,0.0,0.0,0.0,0.0,0.0,0.0,0.0,0.0,0.0,0.0,1.0,0.0,0.0,0.0,0.0,0.0,0.0,0.0,10910,6455,434,507,43,6194172398.95,567751.8239184235,850.635,128571762.96,-36111215.33,5278658.96842412,"UNITED LAUNCH SERVICES, LLC",Department of Defense,6194.17,14272286.633525345,14.27,959592.9355460883,25.138248847926267
0807,07,Brittany Pettersen,Colorado 7th,Colorado ,D,1230 LHOB,(202) 225-2645,financial_services,0.0,0.0,0.0,0.0,0.0,0.0,0.0,0.0,0.0,0.0,1.0,0.0,0.0,0.0,0.0,0.0,0.0,0.0,0.0,0.0,0.0,0.0,0.0,0.0,0.0,0.0,10807,6301,468,525,44,5820574368.8,538592.9831405571,5670.0,197640415.45,-20000000.0,5884299.876685631,"COUNTERTRADE PRODUCTS, INC.",Department of the Treasury,5820.57,12437124.71965812,12.44,923754.0658308206,23.09188034188034
0808,08,Yadira Caraveo,Colorado 8th,Colorado ,D,1024 LHOB,(202) 225-5625,agriculture|science_space_and_technology,0.0,1.0,0.0,0.0,0.0,0.0,0.0,0.0,0.0,0.0,0.0,0.0,0.0,0.0,0.0,0.0,0.0,0.0,0.0,0.0,1.0,0.0,0.0,0.0,0.0,0.0,4857,3999,177,192,18,547297289.96,112682.16799670579,3193.51,79310799.35,-12800000.0,1779011.9604139728,HENSEL PHELPS CONSTRUCTION CO,Department of Defense,547.3,3092075.084519774,3.09,136858.53712428108,27.440677966101696
0901,01,John Larson,Connecticut 1st,Connecticut ,D,1501 LHOB,(202) 225-2265,ways_and_means,0.0,0.0,0.0,0.0,0.0,0.0,0.0,0.0,0.0,1.0,0.0,0.0,0.0,0.0,0.0,0.0,0.0,0.0,0.0,0.0,0.0,0.0,0.0,0.0,0.0,0.0,26039,19795,290,318,32,14022459961.66,538517.6067306732,1778.88,2023073135.86,-140923067.5,15847350.802546065,RTX CORPORATION,Department of Defense,14022.46,48353310.21262069,48.35,708383.9334003536,89.78965517241379
0902,02,Joe Courtney,Connecticut 2nd,Connecticut ,D,2449 RHOB,(202) 225-2076,armed_services|education_and_the_workforce,0.0,0.0,0.0,1.0,0.0,0.0,0.0,1.0,0.0,0.0,0.0,0.0,0.0,0.0,0.0,0.0,0.0,0.0,0.0,0.0,0.0,0.0,0.0,0.0,0.0,0.0,9717,5542,239,275,21,23514921689.97,2419977.533186169,1509.16,2644813959.0,-121136005.0,50670401.6416843,ELECTRIC BOAT CORPORATION,Department of Defense,23514.92,98388793.68188284,98.39,4243038.919157344,40.65690376569037
0903,03,Rosa DeLauro,Connecticut 3rd,Connecticut ,D,2413 RHOB,(202) 225-3661,appropriations,1.0,0.0,0.0,0.0,0.0,0.0,0.0,0.0,0.0,0.0,0.0,0.0,0.0,0.0,0.0,0.0,0.0,0.0,0.0,0.0,0.0,0.0,0.0,0.0,0.0,0.0,71033,64837,280,310,50,11436462601.630001,161002.1060863261,717.92,1419686960.76,-309971035.47,10001885.29632859,SIKORSKY AIRCRAFT CORPORATION,Department of Defense,11436.46,40844509.29153572,40.84,176387.90507935284,253.68928571428572
0904,04,James Himes,Connecticut 4th,Connecticut ,D,2137 RHOB,(202) 225-5541,financial_services|Intelligence,0.0,0.0,0.0,0.0,0.0,0.0,0.0,0.0,0.0,0.0,1.0,0.0,0.0,0.0,0.0,0.0,0.0,0.0,1.0,0.0,0.0,0.0,0.0,0.0,0.0,0.0,9047,5861,211,231,54,989187050.23,109338.68135625069,4554.0,71426624.0,-18860746.0,1217637.3671573394,"PLOWSHARE GROUP, INC",Department of Health and Human Services,989.19,4688090.285450237,4.69,168774.4497918444,42.87677725118483
0905,05,Jahana Hayes,Connecticut 5th,Connecticut ,D,2458 RHOB,(202) 225-4476,agriculture|education_and_the_workforce,0.0,1.0,0.0,0.0,0.0,0.0,0.0,1.0,0.0,0.0,0.0,0.0,0.0,0.0,0.0,0.0,0.0,0.0,0.0,0.0,0.0,0.0,0.0,0.0,0.0,0.0,7063,4500,201,220,23,636024439.23,90050.18253291803,5000.0,67500000.0,-7000000.0,1008639.2354056688,"ETHAN ALLEN RETAIL, INC.",Department of State,636.02,3164300.692686567,3.16,141338.76427333333,35.13930348258707
1000,00,Lisa Blunt Rochester,Delaware ,Delaware ,D,1724 LHOB,(202) 225-4165,energy_and_commerce,0.0,0.0,0.0,0.0,0.0,0.0,0.0,0.0,1.0,0.0,0.0,0.0,0.0,0.0,0.0,0.0,0.0,0.0,0.0,0.0,0.0,0.0,0.0,0.0,0.0,0.0,12515,9638,425,455,37,720571554.05,57576.6323651618,742.0,84877918.5,-6998656.6,930979.2524010123,ROSHEL LLC,Department of State,720.57,1695462.480117647,1.7,74763.59763955176,29.44705882352941
1198,98,Eleanor Norton,District of Columbia,District of Columbia,D,2136 RHOB,(202) 225-8050,oversight_and_accountability|transportation_and_infrastructure,0.0,0.0,1.0,0.0,0.0,0.0,0.0,0.0,0.0,0.0,0.0,1.0,0.0,0.0,0.0,0.0,0.0,0.0,0.0,0.0,0.0,0.0,0.0,0.0,0.0,0.0,144174,78359,2297,2698,69,20500787822.54,142194.76342849614,1081.21,356331691.78,-81754175.33,2306534.4092767555,ACACIA CENTER FOR JUSTICE,Department of the Interior,20500.79,8925027.349821506,8.93,261626.46055386108,62.766216804527645
1201,01,Matt Gaetz,Florida 1st,Florida ,R,2021 RHOB,(202) 225-4136,armed_services|select_subcommittee_on_the_weaponization_of_the_fed_govt|judiciary,0.0,0.0,0.0,1.0,0.0,0.0,0.0,0.0,0.0,0.0,0.0,0.0,0.0,1.0,0.0,1.0,0.0,0.0,0.0,0.0,0.0,0.0,0.0,0.0,0.0,0.0,29759,23154,471,540,23,4514682418.26,151708.13596760645,514.59,217684433.37,-9472244.24,2023349.243382603,"GENERAL DYNAMICS-OTS, INC.",Department of Defense,4514.68,9585312.989936307,9.59,194984.98826379894,63.182590233545646
1202,02,Neal Dunn,Florida 2nd,Florida ,R,466 CHOB,(202) 225-5235,energy_and_commerce|select_sub_us_china,0.0,0.0,0.0,0.0,0.0,0.0,0.0,0.0,1.0,0.0,0.0,0.0,0.0,0.0,0.0,0.0,0.0,0.0,0.0,0.0,0.0,0.0,1.0,0.0,0.0,0.0,5691,3227,306,374,26,2308148810.34,405578.7753189246,4760.0,293565845.02,-46000000.0,6409492.617296926,NAMMO PERRY INC.,Department of Defense,2308.15,7542969.968431373,7.54,715261.4844561513,18.598039215686274
1203,03,Kat Cammack,Florida 3rd,Florida ,R,2421 RHOB,(202) 225-5744,agriculture|select_subcommittee_on_the_weaponization_of_the_fed_govt|energy_and_commerce,0.0,1.0,0.0,0.0,0.0,0.0,0.0,0.0,1.0,0.0,0.0,0.0,0.0,0.0,0.0,1.0,0.0,0.0,0.0,0.0,0.0,0.0,0.0,0.0,0.0,0.0,17619,16382,223,255,21,230746093.9,13096.435319825188,196.9,16427125.0,-16078939.0,287835.295402969,RV RETAILER EAST LLC,Department of Homeland Security,230.75,1034735.8470852018,1.03,14085.343297521671,79.00896860986548
1204,04,Aaron Bean,Florida 4th,Florida ,R,1239 LHOB,(202) 225-0123,education_and_the_workforce|transportation_and_infrastructure|small_business,0.0,0.0,0.0,0.0,0.0,0.0,0.0,1.0,0.0,0.0,0.0,1.0,1.0,0.0,0.0,0.0,0.0,0.0,0.0,0.0,0.0,0.0,0.0,0.0,0.0,0.0,19227,16537,269,302,24,1553577459.27,80801.86504758932,694.0,82980622.0,-27005154.42,1050764.374724859,BAE SYSTEMS JACKSONVILLE SHIP REPAIR LLC,Department of Defense,1553.58,5775380.889479554,5.78,93945.54388764588,71.47583643122677
1205,05,John Rutherford,Florida 5th,Florida ,R,1711 LHOB,(202) 225-2501,appropriations|ethics,1.0,0.0,0.0,0.0,0.0,0.0,0.0,0.0,0.0,0.0,0.0,0.0,0.0,0.0,0.0,0.0,0.0,0.0,0.0,0.0,0.0,0.0,0.0,1.0,0.0,0.0,15058,10344,345,412,31,4029079950.22,267570.72321822285,1901.57,138059250.0,-9023454.99,2763147.0917977206,"CROWLEY GOVERNMENT SERVICES, INC.",Department of Transportation,4029.08,11678492.609333333,11.68,389508.8892324052,43.6463768115942
1206,06,Michael Waltz,Florida 6th,Florida ,R,244 CHOB,(202) 225-2706,armed_services|foreign_affairs|Intelligence,0.0,0.0,0.0,1.0,0.0,1.0,0.0,0.0,0.0,0.0,0.0,0.0,0.0,0.0,0.0,0.0,0.0,0.0,1.0,0.0,0.0,0.0,0.0,0.0,0.0,0.0,1711,948,157,175,23,381905838.28000003,223206.21758036237,0.0,106391400.0,-1312039.7,3053536.96870435,"SPARTON DELEON SPRINGS, LLC",Department of Defense,381.91,2432521.2629299364,2.43,402854.25978902954,10.898089171974522
1207,07,Cory Mills,Florida 7th,Florida ,R,1237 LHOB,(202) 225-4035,armed_services|foreign_affairs,0.0,0.0,0.0,1.0,0.0,1.0,0.0,0.0,0.0,0.0,0.0,0.0,0.0,0.0,0.0,0.0,0.0,0.0,0.0,0.0,0.0,0.0,0.0,0.0,0.0,0.0,9888,8264,227,261,21,538711551.44,54481.346221682856,2743.7650000000003,29440188.0,-1181310.05,460142.3730799657,GIBBCO LLC,Department of Homeland Security,538.71,2373178.640704846,2.37,65187.74823814134,43.559471365638764
1208,08,Bill Posey,Florida 8th,Florida ,R,2150 RHOB,(202) 225-3671,financial_services|science_space_and_technology,0.0,0.0,0.0,0.0,0.0,0.0,0.0,0.0,0.0,0.0,1.0,0.0,0.0,0.0,0.0,0.0,0.0,0.0,0.0,0.0,1.0,0.0,0.0,0.0,0.0,0.0,35889,16682,426,492,23,13153968157.960001,366518.1018685391,801.7,1456019386.0,-38856198.6,9968640.361053921,NORTHROP GRUMMAN SYSTEMS CORPORATION,Department of Defense,13153.97,30877859.5257277,30.88,788512.6578323942,84.24647887323944
1209,09,Darren Soto,Florida 9th,Florida ,D,2353 RHOB,(202) 225-9889,agriculture|energy_and_commerce,0.0,1.0,0.0,0.0,0.0,0.0,0.0,0.0,1.0,0.0,0.0,0.0,0.0,0.0,0.0,0.0,0.0,0.0,0.0,0.0,0.0,0.0,0.0,0.0,0.0,0.0,37814,36465,156,175,21,999996630.8100001,26445.142825673032,707.59,52772000.0,-4718501.92,488132.2904480389,HENSEL PHELPS CONSTRUCTION CO,Department of Defense,1000.0,6410234.812884616,6.41,27423.464440148087,242.39743589743588
1210,10,Maxwell Frost,Florida 10th,Florida ,D,1224 LHOB,(202) 225-2176,oversight_and_accountability|science_space_and_technology,0.0,0.0,1.0,0.0,0.0,0.0,0.0,0.0,0.0,0.0,0.0,0.0,0.0,0.0,0.0,0.0,0.0,0.0,0.0,0.0,1.0,0.0,0.0,0.0,0.0,0.0,22416,13934,373,453,29,13832782765.99,617094.1633650071,1279.005,2423365242.0,-123316473.0,18209477.98170976,LOCKHEED MARTIN CORPORATION,Department of Defense,13832.78,37085208.48790885,37.09,992735.9527766614,60.09651474530831
1211,11,Daniel Webster,Florida 11th,Florida ,R,2184 RHOB,(202) 225-1002,natural_resources|transportation_and_infrastructure|science_space_and_technology,0.0,0.0,0.0,0.0,1.0,0.0,0.0,0.0,0.0,0.0,0.0,1.0,0.0,0.0,0.0,0.0,0.0,0.0,0.0,0.0,1.0,0.0,0.0,0.0,0.0,0.0,5698,4523,123,145,19,203679837.65,35745.84725342225,571.7850000000001,28821540.0,-3357218.0,431131.7008379127,NORTHROP GRUMMAN SYSTEMS CORPORATION,Department of Defense,203.68,1655933.6394308943,1.66,45032.022474021665,46.32520325203252
1212,12,Gus Bilirakis,Florida 12th,Florida ,R,2306 RHOB,(202) 225-5755,energy_and_commerce,0.0,0.0,0.0,0.0,0.0,0.0,0.0,0.0,1.0,0.0,0.0,0.0,0.0,0.0,0.0,0.0,0.0,0.0,0.0,0.0,0.0,0.0,0.0,0.0,0.0,0.0,5571,4558,134,138,23,296606843.71999997,53241.221274457006,1755.0,38713144.76,-1126757.54,860215.4369108473,HIGH NOON UNLIMITED INC,Department of Defense,296.61,2213483.908358209,2.21,65073.90164984642,41.57462686567164
1213,13,Anna Paulina Luna,Florida 13th,Florida ,R,1017 LHOB,(202) 225-5961,oversight_and_accountability|natural_resources,0.0,0.0,1.0,0.0,1.0,0.0,0.0,0.0,0.0,0.0,0.0,0.0,0.0,0.0,0.0,0.0,0.0,0.0,0.0,0.0,0.0,0.0,0.0,0.0,0.0,0.0,7421,4660,287,346,26,2579937516.2,347653.6202937609,908.8,397355436.3,-11066748.0,5967071.265220156,"GENERAL DYNAMICS ORDNANCE AND TACTICAL SYSTEMS, INC.",Department of Defense,2579.94,8989329.324738676,8.99,553634.6601287554,25.857142857142858
1214,14,Kathy Castor,Florida 14th,Florida ,D,2052 RHOB,(202) 225-3376,energy_and_commerce|select_sub_us_china,0.0,0.0,0.0,0.0,0.0,0.0,0.0,0.0,1.0,0.0,0.0,0.0,0.0,0.0,0.0,0.0,0.0,0.0,0.0,0.0,0.0,0.0,1.0,0.0,0.0,0.0,11719,6702,507,578,38,4953459824.71,422686.22106920386,1335.31,431007300.0,-54048483.0,7143399.12066461,GLOBAL MILITARY PRODUCTS INC,Department of Defense,4953.46,9770137.721321499,9.77,739101.734513578,23.11439842209073
1215,15,Laurel Lee,Florida 15th,Florida ,R,1118 LHOB,(202) 225-5626,house_administration|homeland_security|judiciary,0.0,0.0,0.0,0.0,0.0,0.0,1.0,0.0,0.0,0.0,0.0,0.0,0.0,1.0,0.0,0.0,0.0,1.0,0.0,0.0,0.0,0.0,0.0,0.0,0.0,0.0,6983,4846,208,234,30,856530803.4,122659.43053129027,13713.28,54809606.29,-5066750.97,968789.5607747248,TRU SIMULATION + TRAINING INC.,Department of Defense,856.53,4117936.5548076923,4.12,176750.06260833677,33.57211538461539
1216,16,Vern Buchanan,Florida 16th,Florida ,R,2110 RHOB,(202) 225-5015,joint_committee_on_taxation|ways_and_means,0.0,0.0,0.0,0.0,0.0,0.0,0.0,0.0,0.0,1.0,0.0,0.0,0.0,0.0,0.0,0.0,1.0,0.0,0.0,0.0,0.0,0.0,0.0,0.0,0.0,0.0,4914,3418,193,202,22,204069361.48000002,41528.15658933659,692.0799999999999,19964957.19,-4487664.75,384335.73072300805,R CUBED ENGINEERING LLC,Department of Defense,204.07,1057354.2045595855,1.06,59704.31874780574,25.46113989637306
1217,17,W. Steube,Florida 17th,Florida ,R,2457 RHOB,(202) 225-5792,select_subcommittee_on_the_weaponization_of_the_fed_govt|ways_and_means,0.0,0.0,0.0,0.0,0.0,0.0,0.0,0.0,0.0,1.0,0.0,0.0,0.0,0.0,0.0,1.0,0.0,0.0,0.0,0.0,0.0,0.0,0.0,0.0,0.0,0.0,4426,3283,174,199,23,360988662.63,81560.92693854496,2461.5,22500000.0,-22500000.0,813227.867610022,ISS ACTION INC,Department of Homeland Security,360.99,2074647.4863793103,2.07,109956.94871459031,25.436781609195403
1218,18,Scott Franklin,Florida 18th,Florida ,R,249 CHOB,(202) 225-1252,appropriations|science_space_and_technology|veterans_affairs,1.0,0.0,0.0,0.0,0.0,0.0,0.0,0.0,0.0,0.0,0.0,0.0,0.0,0.0,0.0,0.0,0.0,0.0,0.0,0.0,1.0,1.0,0.0,0.0,0.0,0.0,2736,2062,97,106,20,151687002.88,55441.15602339181,1956.4099999999999,31721760.0,-641351.81,686346.6412958034,FLORIDA BEEF INC,Department of Agriculture,151.69,1563783.5348453608,1.56,73563.04698351116,28.20618556701031
1219,19,Byron Donalds,Florida 19th,Florida ,R,1719 LHOB,(202) 225-2536,financial_services|oversight_and_accountability,0.0,0.0,1.0,0.0,0.0,0.0,0.0,0.0,0.0,0.0,1.0,0.0,0.0,0.0,0.0,0.0,0.0,0.0,0.0,0.0,0.0,0.0,0.0,0.0,0.0,0.0,114892,113418,193,231,24,687551568.06,5984.329353305713,837.2,59340484.12,-2479076.74,180266.75568248544,WESTERN GLOBAL AIRLINES INC,Department of Defense,687.55,3562443.357823834,3.56,6062.102735544622,595.2953367875648
1220,20,Sheila Cherfilus-McCormick,Florida 20th,Florida ,D,242 CHOB,(202) 225-1313,foreign_affairs|veterans_affairs,0.0,0.0,0.0,0.0,0.0,1.0,0.0,0.0,0.0,0.0,0.0,0.0,0.0,0.0,0.0,0.0,0.0,0.0,0.0,0.0,0.0,1.0,0.0,0.0,0.0,0.0,19951,14935,288,341,25,718366513.21,36006.54168763471,1468.48,35560640.0,-2630743.07,543263.9657983546,"POINT BLANK ENTERPRISES, INC",Department of Defense,718.37,2494328.170868056,2.49,48099.53218680951,69.27430555555556
1221,21,Brian Mast,Florida 21st,Florida ,R,2182 RHOB,(202) 225-3026,foreign_affairs|transportation_and_infrastructure,0.0,0.0,0.0,0.0,0.0,1.0,0.0,0.0,0.0,0.0,0.0,1.0,0.0,0.0,0.0,0.0,0.0,0.0,0.0,0.0,0.0,0.0,0.0,0.0,0.0,0.0,16115,13364,238,240,44,1033512423.02,64133.56643003413,560.0,38257988.46,-6253021.0,579360.8137230795,"DOCUMENT STORAGE SYSTEMS, INC.",Department of Veterans Affairs,1033.51,4342489.172352941,4.34,77335.55993864112,67.71008403361344
1222,22,Lois Frankel,Florida 22nd,Florida ,D,2305 RHOB,(202) 225-9890,appropriations,1.0,0.0,0.0,0.0,0.0,0.0,0.0,0.0,0.0,0.0,0.0,0.0,0.0,0.0,0.0,0.0,0.0,0.0,0.0,0.0,0.0,0.0,0.0,0.0,0.0,0.0,37511,33947,172,197,31,362544541.17,9665.019358854737,331.52,14974540.6,-3724845.8,162106.8535455944,EASTMAN AGGREGATE ENTERPRISES LLC,Department of Defense,362.54,2107817.0998255815,2.11,10679.722543081863,218.0872093023256
1223,23,Jared Moskowitz,Florida 23rd,Florida ,D,1130 LHOB,(202) 225-3001,foreign_affairs|oversight_and_accountability,0.0,0.0,1.0,0.0,0.0,1.0,0.0,0.0,0.0,0.0,0.0,0.0,0.0,0.0,0.0,0.0,0.0,0.0,0.0,0.0,0.0,0.0,0.0,0.0,0.0,0.0,17752,11209,392,439,31,2358184394.54,132840.4909046868,1928.06,47118585.0,-33976760.58,1243173.4563667406,ASHBRITT INC,Department of Defense,2358.18,6015776.5166836735,6.02,210383.1202194665,45.285714285714285
1224,24,Frederica Wilson,Florida 24th,Florida ,D,2080 RHOB,(202) 225-4506,education_and_the_workforce|transportation_and_infrastructure,0.0,0.0,0.0,0.0,0.0,0.0,0.0,1.0,0.0,0.0,0.0,1.0,0.0,0.0,0.0,0.0,0.0,0.0,0.0,0.0,0.0,0.0,0.0,0.0,0.0,0.0,3382,2287,194,207,19,203668244.33,60221.24314902425,1122.805,7957500.0,-390720.0,396134.8796421969,AVIDITY GLOBAL LLC,Department of State,203.67,1049836.3109793814,1.05,89054.7635898557,17.432989690721648
1225,25,Debbie Wasserman Schultz,Florida 25th,Florida ,D,270 CHOB,(202) 225-7931,appropriations|select_subcommittee_on_the_weaponization_of_the_fed_govt,1.0,0.0,0.0,0.0,0.0,0.0,0.0,0.0,0.0,0.0,0.0,0.0,0.0,0.0,0.0,1.0,0.0,0.0,0.0,0.0,0.0,0.0,0.0,0.0,0.0,0.0,12387,7882,301,355,26,443923758.16,35837.87504319044,1350.0,11400000.0,-26073235.65,454812.0916001727,NATIONAL MARITIME SERVICES INC,Department of Justice,443.92,1474829.7613289037,1.47,56321.20758183202,41.15282392026578
1226,26,Mario Diaz-Balart,Florida 26th,Florida ,R,374 CHOB,(202) 225-4211,appropriations,1.0,0.0,0.0,0.0,0.0,0.0,0.0,0.0,0.0,0.0,0.0,0.0,0.0,0.0,0.0,0.0,0.0,0.0,0.0,0.0,0.0,0.0,0.0,0.0,0.0,0.0,43920,40356,284,333,22,689938588.69,15708.98425979053,775.22,19993267.0,-3664344.0,212683.32581234447,WAYPOINT CONTRACTING INC,Department of Defense,689.94,2429361.22778169,2.43,17096.30757978987,154.64788732394365
1227,27,Maria Salazar,Florida 27th,Florida ,R,2162 RHOB,(202) 225-3931,foreign_affairs|small_business,0.0,0.0,0.0,0.0,0.0,1.0,0.0,0.0,0.0,0.0,0.0,0.0,1.0,0.0,0.0,0.0,0.0,0.0,0.0,0.0,0.0,0.0,0.0,0.0,0.0,0.0,12569,9121,271,321,34,490576175.48,39030.644878669744,2022.54,26574000.0,-3091000.0,476094.46816924727,"XTEC, INCORPORATED",General Services Administration,490.58,1810244.1899630998,1.81,53785.349794978625,46.38007380073801
1228,28,Carlos Gimenez,Florida 28th,Florida ,R,448 CHOB,(202) 225-2778,armed_services|homeland_security|select_sub_us_china,0.0,0.0,0.0,1.0,0.0,0.0,1.0,0.0,0.0,0.0,0.0,0.0,0.0,0.0,0.0,0.0,0.0,0.0,0.0,0.0,0.0,0.0,1.0,0.0,0.0,0.0,8495,6514,186,199,18,500968984.38,58972.217113596234,5486.0,28795517.0,-4977294.28,524742.347513798,SQUARE ONE ARMORING SERVICES CO,Department of State,500.97,2693381.6364516127,2.69,76906.50665950261,45.67204301075269
1301,01,Earl Carter,Georgia 1st,Georgia ,R,2432 RHOB,(202) 225-5831,budget|energy_and_commerce,0.0,0.0,0.0,0.0,0.0,0.0,0.0,0.0,1.0,0.0,0.0,0.0,0.0,0.0,1.0,0.0,0.0,0.0,0.0,0.0,0.0,0.0,0.0,0.0,0.0,0.0,20057,17483,245,282,19,1300780525.37,64854.19182180784,674.22,105900000.0,-105900000.0,1512846.4648352196,GULFSTREAM AEROSPACE CORPORATION,Department of Commerce,1300.78,5309308.266816326,5.31,74402.5925396099,81.86530612244898
1302,02,Sanford Bishop,Georgia 2nd,Georgia ,D,2407 RHOB,(202) 225-3631,agriculture|appropriations,1.0,1.0,0.0,0.0,0.0,0.0,0.0,0.0,0.0,0.0,0.0,0.0,0.0,0.0,0.0,0.0,0.0,0.0,0.0,0.0,0.0,0.0,0.0,0.0,0.0,0.0,89579,78272,234,256,17,949703298.33,10601.851977918932,65.4,49021451.0,-4064988.0,345328.5432989167,"TEPA CONSTRUCTION SOLUTIONS, LLC",Department of Defense,949.7,4058561.103974359,4.06,12133.372065745094,382.8162393162393
1303,03,A. Ferguson,Georgia 3rd,Georgia ,R,2239 RHOB,(202) 225-5901,budget|ways_and_means,0.0,0.0,0.0,0.0,0.0,0.0,0.0,0.0,0.0,1.0,0.0,0.0,0.0,0.0,1.0,0.0,0.0,0.0,0.0,0.0,0.0,0.0,0.0,0.0,0.0,0.0,2081,1016,181,218,15,346536410.05,166523.98368572802,170.4,72127750.0,-6698104.0,1742434.8318481399,"BCSS, LLC",Department of Defense,346.54,1914565.8013812155,1.91,341079.14375,11.497237569060774
1304,04,Henry Johnson,Georgia 4th,Georgia ,D,2240 RHOB,(202) 225-1605,judiciary|transportation_and_infrastructure,0.0,0.0,0.0,0.0,0.0,0.0,0.0,0.0,0.0,0.0,0.0,1.0,0.0,1.0,0.0,0.0,0.0,0.0,0.0,0.0,0.0,0.0,0.0,0.0,0.0,0.0,18296,9162,329,377,46,1273479858.76,69604.27736991692,316.08,24627655.03,-7394152.0,649394.4453711603,KARNA LLC,Department of Health and Human Services,1273.48,3870759.449118541,3.87,138995.83701811833,55.610942249240125
1305,05,Nikema Williams,Georgia 5th,Georgia ,D,1406 LHOB,(202) 225-3801,financial_services,0.0,0.0,0.0,0.0,0.0,0.0,0.0,0.0,0.0,0.0,1.0,0.0,0.0,0.0,0.0,0.0,0.0,0.0,0.0,0.0,0.0,0.0,0.0,0.0,0.0,0.0,112985,106970,553,639,52,3339564791.87,29557.59429897774,519.76,117498432.42,-7391160.21,661384.6053772984,WUNDERMAN THOMPSON LLC,Department of Defense,3339.56,6038996.006998192,6.04,31219.63907516126,204.3128390596745
1306,06,Richard McCormick,Georgia 6th,Georgia ,R,1213 LHOB,(202) 225-4272,armed_services|foreign_affairs|science_space_and_technology|select_subcommittee_on_the_coronavirus_pandemic,0.0,0.0,0.0,1.0,0.0,1.0,0.0,0.0,0.0,0.0,0.0,0.0,0.0,0.0,0.0,0.0,0.0,0.0,0.0,1.0,1.0,0.0,0.0,0.0,0.0,0.0,21331,14703,361,419,39,685590180.1,32140.55506539778,322.68,10750000.0,-2975115.0,281332.08185745584,"COMPASS TECHNOLOGY GROUP, INC.",Department of Defense,685.59,1899141.773130194,1.9,46629.27158403047,59.08864265927978
1307,07,Lucy McBath,Georgia 7th,Georgia ,D,2246 RHOB,(202) 225-4501,education_and_the_workforce|judiciary,0.0,0.0,0.0,0.0,0.0,0.0,0.0,1.0,0.0,0.0,0.0,0.0,0.0,1.0,0.0,0.0,0.0,0.0,0.0,0.0,0.0,0.0,0.0,0.0,0.0,0.0,12738,6837,310,354,36,1410545627.6,110735.25102841889,127.71,95267062.59,-10000000.0,1363756.8140082369,"DAWSON'S REALTY & MORTGAGES, INC.",Department of Agriculture,1410.55,4550147.185806451,4.55,206310.60810296913,41.090322580645164
1308,08,Austin Scott,Georgia 8th,Georgia ,R,2185 RHOB,(202) 225-6531,agriculture|armed_services|Intelligence,0.0,1.0,0.0,1.0,0.0,0.0,0.0,0.0,0.0,0.0,0.0,0.0,0.0,0.0,0.0,0.0,0.0,0.0,1.0,0.0,0.0,0.0,0.0,0.0,0.0,0.0,14506,13313,168,185,16,713313995.07,49173.720878946646,5052.81,45377572.0,-9774403.0,533113.5738131119,ROUNDHOUSE PBN - TEPA EC 2 JOINT VENTURE,Department of Defense,713.31,4245916.637321429,4.25,53580.25952602719,86.3452380952381
1309,09,Andrew Clyde,Georgia 9th,Georgia ,R,445 CHOB,(202) 225-9893,appropriations,1.0,0.0,0.0,0.0,0.0,0.0,0.0,0.0,0.0,0.0,0.0,0.0,0.0,0.0,0.0,0.0,0.0,0.0,0.0,0.0,0.0,0.0,0.0,0.0,0.0,0.0,50275,43372,211,244,26,464640907.25,9241.987215315763,70.36,9162298.55,-1175364.72,133685.2161438985,EXCALIBUR ASSOCIATES INC,Department of Agriculture,464.64,2202089.607819905,2.2,10712.923251175875,238.27014218009478
1310,10,Mike Collins,Georgia 10th,Georgia ,R,1223 LHOB,(202) 225-4101,natural_resources|transportation_and_infrastructure|science_space_and_technology,0.0,0.0,0.0,0.0,1.0,0.0,0.0,0.0,0.0,0.0,0.0,1.0,0.0,0.0,0.0,0.0,0.0,0.0,0.0,0.0,1.0,0.0,0.0,0.0,0.0,0.0,4043,3085,164,187,23,447539777.57,110694.97342814741,990.63,23914950.0,-5000000.0,820093.7590961087,"MLU SERVICES, LLC",Department of Homeland Security,447.54,2728901.082743902,2.73,145069.61995786062,24.652439024390244
1311,11,Barry Loudermilk,Georgia 11th,Georgia ,R,2133 RHOB,(202) 225-2931,financial_services|house_administration,0.0,0.0,0.0,0.0,0.0,0.0,0.0,0.0,0.0,0.0,1.0,0.0,0.0,0.0,0.0,0.0,0.0,1.0,0.0,0.0,0.0,0.0,0.0,0.0,0.0,0.0,10530,5318,337,426,41,5477970926.63,520225.15922412154,433.6,969280761.0,-9732200.17,13245456.49782195,LOCKHEED MARTIN CORP,Department of Defense,5477.97,16255106.607210683,16.26,1030081.0317092892,31.246290801186944
1312,12,Rick Allen,Georgia 12th,Georgia ,R,462 CHOB,(202) 225-2823,education_and_the_workforce|energy_and_commerce,0.0,0.0,0.0,0.0,0.0,0.0,0.0,1.0,1.0,0.0,0.0,0.0,0.0,0.0,0.0,0.0,0.0,0.0,0.0,0.0,0.0,0.0,0.0,0.0,0.0,0.0,7554,5928,184,199,18,1122633359.0,148614.42401376754,1760.0,40815372.0,-37334332.76,1513264.0959544766,"ACC CONSTRUCTION CO., INC.",Department of Defense,1122.63,6101268.255434782,6.1,189378.09699730095,41.05434782608695
1313,13,David Scott,Georgia 13th,Georgia ,D,468 CHOB,(202) 225-2939,agriculture|financial_services,0.0,1.0,0.0,0.0,0.0,0.0,0.0,0.0,0.0,0.0,1.0,0.0,0.0,0.0,0.0,0.0,0.0,0.0,0.0,0.0,0.0,0.0,0.0,0.0,0.0,0.0,2582,1526,193,208,24,175269517.6,67881.30038729667,726.775,8771397.0,-1367865.0,365635.29211099766,"PARTWORKS, LLC",Department of Defense,175.27,908132.2155440414,0.91,114855.51612057666,13.378238341968911
1314,14,Marjorie Greene,Georgia 14th,Georgia ,R,403 CHOB,(202) 225-5211,oversight_and_accountability|homeland_security|select_subcommittee_on_the_coronavirus_pandemic,0.0,0.0,1.0,0.0,0.0,0.0,1.0,0.0,0.0,0.0,0.0,0.0,0.0,0.0,0.0,0.0,0.0,0.0,0.0,1.0,0.0,0.0,0.0,0.0,0.0,0.0,5559,4972,96,104,20,63511954.410000004,11425.068251484081,238.0,50634521.0,-50634521.0,966816.9851938552,"SHOWA BEST GLOVE, INC.",Department of Health and Human Services,63.51,661582.8584375001,0.66,12773.92486122285,57.90625
1501,01,Ed Case,Hawaii 1st,Hawaii ,D,2210 RHOB,(202) 225-2726,appropriations|natural_resources,1.0,0.0,0.0,0.0,1.0,0.0,0.0,0.0,0.0,0.0,0.0,0.0,0.0,0.0,0.0,0.0,0.0,0.0,0.0,0.0,0.0,0.0,0.0,0.0,0.0,0.0,42695,36328,676,752,23,5551612980.85,130029.58146972714,521.59,463000000.0,-5765763.2,3796613.5105313035,DRAGADOS/HAWAIIAN DREDGING/ORION JV,Department of Defense,5551.61,8212445.237943787,8.21,152819.11971069148,63.15828402366864
1502,02,Jill Tokuda,Hawaii 2nd,Hawaii ,D,1005 LHOB,(202) 225-4906,agriculture|armed_services|select_subcommittee_on_the_coronavirus_pandemic,0.0,1.0,0.0,1.0,0.0,0.0,0.0,0.0,0.0,0.0,0.0,0.0,0.0,0.0,0.0,0.0,0.0,0.0,0.0,1.0,0.0,0.0,0.0,0.0,0.0,0.0,11093,9199,353,383,20,1112696882.42,100306.2185540431,646.74,158669512.83,-4438653.78,1721588.5065682118,HUI HULIAU TECHNOLOGY SERVICES LLC,Department of Defense,1112.7,3152115.8142209635,3.15,120958.46096532233,31.424929178470254
1601,01,Russ Fulcher,Idaho 1st,Idaho ,R,1514 LHOB,(202) 225-6611,energy_and_commerce|natural_resources,0.0,0.0,0.0,0.0,1.0,0.0,0.0,0.0,1.0,0.0,0.0,0.0,0.0,0.0,0.0,0.0,0.0,0.0,0.0,0.0,0.0,0.0,0.0,0.0,0.0,0.0,10407,6878,677,751,22,765462641.98,73552.67050831171,3900.0,21600000.0,-21600000.0,602030.1004254854,SUNSHINE MINTING INC,Department of the Treasury,765.46,1130668.599675037,1.13,111291.45710671708,15.372230428360414
1602,02,Michael Simpson,Idaho 2nd,Idaho ,R,2084 RHOB,(202) 225-5531,appropriations,1.0,0.0,0.0,0.0,0.0,0.0,0.0,0.0,0.0,0.0,0.0,0.0,0.0,0.0,0.0,0.0,0.0,0.0,0.0,0.0,0.0,0.0,0.0,0.0,0.0,0.0,26960,22649,705,773,26,1681735876.99,62378.92718805638,319.855,118189512.75,-6515465.28,1129739.0042081117,"H-K CONTRACTORS, INC.",Department of Transportation,1681.74,2385440.9602695038,2.39,74252.1028297055,38.241134751773046
1701,01,Jonathan Jackson,Illinois 1st,Illinois ,D,1641 LHOB,(202) 225-4372,agriculture|foreign_affairs,0.0,1.0,0.0,0.0,0.0,1.0,0.0,0.0,0.0,0.0,0.0,0.0,0.0,0.0,0.0,0.0,0.0,0.0,0.0,0.0,0.0,0.0,0.0,0.0,0.0,0.0,6198,5087,134,148,24,3426617208.0299997,552858.5363068732,209.6,756591030.15,-1649771.0,11194495.130151376,"FERMI FORWARD DISCOVERY GROUP, LLC",Department of Energy,3426.62,25571770.209179103,25.57,673602.7536917633,46.25373134328358
1702,02,Robin Kelly,Illinois 2nd,Illinois ,D,2329 RHOB,(202) 225-0773,energy_and_commerce,0.0,0.0,0.0,0.0,0.0,0.0,0.0,0.0,1.0,0.0,0.0,0.0,0.0,0.0,0.0,0.0,0.0,0.0,0.0,0.0,0.0,0.0,0.0,0.0,0.0,0.0,174667,174069,115,127,17,254770562.22,1458.6073054440735,369.39,6950792.67,-24656388.37,75963.56983303268,INCOBRASA INDUSTRIES LTD,Department of Agriculture,254.77,2215396.193217391,2.22,1463.6182331144546,1518.8434782608695
1703,03,Delia Ramirez,Illinois 3rd,Illinois ,D,1523 LHOB,(202) 225-5701,homeland_security|veterans_affairs,0.0,0.0,0.0,0.0,0.0,0.0,1.0,0.0,0.0,0.0,0.0,0.0,0.0,0.0,0.0,0.0,0.0,0.0,0.0,0.0,0.0,1.0,0.0,0.0,0.0,0.0,14926,13029,149,170,28,455879141.51,30542.619691142972,365.5,27544000.0,-1248296.68,347055.1666428343,MISTICA FOODS LLC,Department of Agriculture,455.88,3059591.5537583893,3.06,34989.57260802825,100.1744966442953
1704,04,Jesus Garcia,Illinois 4th,Illinois ,D,1519 LHOB,(202) 225-8203,transportation_and_infrastructure,0.0,0.0,0.0,0.0,0.0,0.0,0.0,0.0,0.0,0.0,0.0,1.0,0.0,0.0,0.0,0.0,0.0,0.0,0.0,0.0,0.0,0.0,0.0,0.0,0.0,0.0,1569,913,108,120,25,303756778.83,193598.966749522,2377.14,16455150.89,-6704000.0,977487.2665376703,"CHERRY MEAT PACKERS, INC",Department of Agriculture,303.76,2812562.7669444443,2.81,332701.8388061336,14.527777777777779
1705,05,Mike Quigley,Illinois 5th,Illinois ,D,2083 RHOB,(202) 225-4061,appropriations,1.0,0.0,0.0,0.0,0.0,0.0,0.0,0.0,0.0,0.0,0.0,0.0,0.0,0.0,0.0,0.0,0.0,0.0,0.0,0.0,0.0,0.0,0.0,0.0,0.0,0.0,4216,2166,195,218,31,2206688771.12,523408.1525426945,0.0,161023553.0,-25232928.0,6130786.512079111,NORTHROP GRUMMAN SYSTEMS CORPORATION,Department of Defense,2206.69,11316352.672410255,11.32,1018785.21289012,21.620512820512822
1706,06,Sean Casten,Illinois 6th,Illinois ,D,2440 RHOB,(202) 225-4561,financial_services|science_space_and_technology,0.0,0.0,0.0,0.0,0.0,0.0,0.0,0.0,0.0,0.0,1.0,0.0,0.0,0.0,0.0,0.0,0.0,0.0,0.0,0.0,1.0,0.0,0.0,0.0,0.0,0.0,8035,5645,220,240,29,733827704.9,91328.89917859365,1475.0,246630000.0,-246630000.0,3960139.800876273,"PERNIX INTERNATIONAL, LLC",Department of State,733.83,3335580.4768181816,3.34,129996.05046944198,36.52272727272727
1707,07,Danny Davis,Illinois 7th,Illinois ,D,2159 RHOB,(202) 225-5006,ways_and_means,0.0,0.0,0.0,0.0,0.0,0.0,0.0,0.0,0.0,1.0,0.0,0.0,0.0,0.0,0.0,0.0,0.0,0.0,0.0,0.0,0.0,0.0,0.0,0.0,0.0,0.0,14201,7514,537,608,48,7239576493.41,509793.4295760862,5637.72,200493000.0,-102356800.0,4491946.8509610295,"WALSH CONSTRUCTION COMPANY II, LLC",Department of Veterans Affairs,7239.58,13481520.47189944,13.48,963478.3728253926,26.445065176908752
1708,08,Raja Krishnamoorthi,Illinois 8th,Illinois ,D,2367 RHOB,(202) 225-3711,oversight_and_accountability|Intelligence|select_sub_us_china,0.0,0.0,1.0,0.0,0.0,0.0,0.0,0.0,0.0,0.0,0.0,0.0,0.0,0.0,0.0,0.0,0.0,0.0,1.0,0.0,0.0,0.0,1.0,0.0,0.0,0.0,20647,16651,318,357,31,4142529939.51,200635.92480796244,6118.22,108237849.05,-14950669.9,1770344.957703125,W S DARLEY & CO,Department of Defense,4142.53,13026823.709150944,13.03,248785.65488619305,64.92767295597484
1709,09,Janice Schakowsky,Illinois 9th,Illinois ,D,2408 RHOB,(202) 225-2111,budget|energy_and_commerce,0.0,0.0,0.0,0.0,0.0,0.0,0.0,0.0,1.0,0.0,0.0,0.0,0.0,0.0,1.0,0.0,0.0,0.0,0.0,0.0,0.0,0.0,0.0,0.0,0.0,0.0,84613,81957,173,198,30,1373133056.69,16228.393470152341,348.5,77115421.25,-42395524.82,458840.99880377116,"KAY AND ASSOCIATES, INC.",Department of Defense,1373.13,7937185.298786128,7.94,16754.310878753495,489.09248554913296
1710,10,Bradley Schneider,Illinois 10th,Illinois ,D,300 CHOB,(202) 225-4835,foreign_affairs|ways_and_means,0.0,0.0,0.0,0.0,0.0,1.0,0.0,0.0,0.0,1.0,0.0,0.0,0.0,0.0,0.0,0.0,0.0,0.0,0.0,0.0,0.0,0.0,0.0,0.0,0.0,0.0,968418,953904,265,301,43,4149066587.58,4284.375742272448,230.0,83600000.0,-27000000.0,207182.7098094986,WALGREEN CO.,Department of Health and Human Services,4149.07,15656855.047471698,15.66,4349.56409405978,3654.407547169811
1711,11,Bill Foster,Illinois 11th,Illinois ,D,2366 RHOB,(202) 225-3515,financial_services,0.0,0.0,0.0,0.0,0.0,0.0,0.0,0.0,0.0,0.0,1.0,0.0,0.0,0.0,0.0,0.0,0.0,0.0,0.0,0.0,0.0,0.0,0.0,0.0,0.0,0.0,3787,2454,194,235,26,1889642625.66,498981.41686295223,390.0,327700168.0,-751516720.56,15189387.79022852,"FERMI RESEARCH ALLIANCE, LLC",Department of Energy,1889.64,9740425.905463917,9.74,770025.5198288509,19.52061855670103
1712,12,Mike Bost,Illinois 12th,Illinois ,R,352 CHOB,(202) 225-5661,agriculture|transportation_and_infrastructure|veterans_affairs,0.0,1.0,0.0,0.0,0.0,0.0,0.0,0.0,0.0,0.0,0.0,1.0,0.0,0.0,0.0,0.0,0.0,0.0,0.0,0.0,0.0,1.0,0.0,0.0,0.0,0.0,2329,1384,192,211,16,864619980.7,371240.8676255904,529.65,148328709.0,-14896351.58,4370059.362628043,"GENERAL DYNAMICS ORDNANCE & TACTICAL SYSTEMS, INC.",Department of Defense,864.62,4503229.066145834,4.5,624725.4195809249,12.130208333333334
1713,13,Nikki Budzinski,Illinois 13th,Illinois ,D,1009 LHOB,(202) 225-2371,agriculture|veterans_affairs,0.0,1.0,0.0,0.0,0.0,0.0,0.0,0.0,0.0,0.0,0.0,0.0,0.0,0.0,0.0,0.0,0.0,0.0,0.0,0.0,0.0,1.0,0.0,0.0,0.0,0.0,4227,2868,224,254,30,413495824.68,97822.5277217885,1098.53,11335239.0,-2679120.0,443308.52127461554,BELLEVILLE SHOE MANUFACTURING COMPANY,Department of Defense,413.5,1845963.5030357144,1.85,144175.67108786613,18.870535714285715
1714,14,Lauren Underwood,Illinois 14th,Illinois ,D,1410 LHOB,(202) 225-2976,appropriations,1.0,0.0,0.0,0.0,0.0,0.0,0.0,0.0,0.0,0.0,0.0,0.0,0.0,0.0,0.0,0.0,0.0,0.0,0.0,0.0,0.0,0.0,0.0,0.0,0.0,0.0,60199,56485,112,116,18,162860539.61,2705.3695179321917,142.0,3530937.6,-3435792.0,55927.61398509208,DAE SUNG LLC,General Services Administration,162.86,1454111.9608035716,1.45,2883.252892095247,537.4910714285714
1715,15,Mary Miller,Illinois 15th,Illinois ,R,1740 LHOB,(202) 225-5271,agriculture|education_and_the_workforce,0.0,1.0,0.0,0.0,0.0,0.0,0.0,1.0,0.0,0.0,0.0,0.0,0.0,0.0,0.0,0.0,0.0,0.0,0.0,0.0,0.0,0.0,0.0,0.0,0.0,0.0,1683,1198,147,152,15,78891884.38,46875.74829471182,119.62,8272467.0,-234306.0,341442.0930745052,KORTE -RIVER CITY JV,Department of Defense,78.89,536679.4855782313,0.54,65852.99196994992,11.448979591836734
1716,16,Darin LaHood,Illinois 16th,Illinois ,R,1424 LHOB,(202) 225-6201,Intelligence|ways_and_means|select_sub_us_china,0.0,0.0,0.0,0.0,0.0,0.0,0.0,0.0,0.0,1.0,0.0,0.0,0.0,0.0,0.0,0.0,0.0,0.0,1.0,0.0,0.0,0.0,1.0,0.0,0.0,0.0,6895,6174,116,130,17,57875013.77,8393.76559390863,425.48,16556937.0,-327502.0,204019.32396281388,EVAC NORTH AMERICA INC,Department of Defense,57.88,498922.53250000003,0.5,9373.989920634922,59.439655172413794
1717,17,Eric Sorensen,Illinois 17th,Illinois ,D,1205 LHOB,(202) 225-5905,agriculture|science_space_and_technology,0.0,1.0,0.0,0.0,0.0,0.0,0.0,0.0,0.0,0.0,0.0,0.0,0.0,0.0,0.0,0.0,0.0,0.0,0.0,0.0,1.0,0.0,0.0,0.0,0.0,0.0,82236,79355,186,208,21,1898363020.09,23084.330707840847,208.32,101354402.4,-1567930.0,450811.6644531261,SUPPLYCORE LLC,Department of Defense,1898.36,10206252.796182794,10.21,23922.412199483333,442.1290322580645
1801,01,Frank Mrvan,Indiana 1st,Indiana ,D,1607 LHOB,(202) 225-2461,education_and_the_workforce|veterans_affairs,0.0,0.0,0.0,0.0,0.0,0.0,0.0,1.0,0.0,0.0,0.0,0.0,0.0,0.0,0.0,0.0,0.0,0.0,0.0,0.0,0.0,1.0,0.0,0.0,0.0,0.0,8235,5857,99,109,14,96112051.41,11671.165927140255,947.22,5194389.12,-5182282.56,141345.0032529281,"TRADEBE TREATMENT AND RECYCLING, LLC",Department of Defense,96.11,970828.8021212121,0.97,16409.774869387056,83.18181818181819
1802,02,Rudy Yakym,Indiana 2nd,Indiana ,R,349 CHOB,(202) 225-3915,budget|transportation_and_infrastructure,0.0,0.0,0.0,0.0,0.0,0.0,0.0,0.0,0.0,0.0,0.0,1.0,0.0,0.0,1.0,0.0,0.0,0.0,0.0,0.0,0.0,0.0,0.0,0.0,0.0,0.0,15254,12529,118,133,19,2651180031.38,173802.28342598662,3213.88,332677764.91,-1813457.49,4532191.868781184,AM GENERAL LLC,Department of Defense,2651.18,22467627.384576272,22.47,211603.48243115973,129.27118644067798
1803,03,Jim Banks,Indiana 3rd,Indiana ,R,2418 RHOB,(202) 225-4436,armed_services|education_and_the_workforce|select_sub_us_china,0.0,0.0,0.0,1.0,0.0,0.0,0.0,1.0,0.0,0.0,0.0,0.0,0.0,0.0,0.0,0.0,0.0,0.0,0.0,0.0,0.0,0.0,1.0,0.0,0.0,0.0,9773,7484,129,144,17,927132036.64,94866.6772372864,11429.64,255297835.13,-3649702.0,2788019.594679547,ERAPSCO,Department of Defense,927.13,7187070.051472868,7.19,123881.88624265099,75.75968992248062
1804,04,James Baird,Indiana 4th,Indiana ,R,2303 RHOB,(202) 225-5037,agriculture|foreign_affairs|science_space_and_technology,0.0,1.0,0.0,0.0,0.0,1.0,0.0,0.0,0.0,0.0,0.0,0.0,0.0,0.0,0.0,0.0,0.0,0.0,0.0,0.0,1.0,0.0,0.0,0.0,0.0,0.0,1719,1059,118,138,24,293905007.08,170974.40784176847,3896.24,49041710.79,-673000.0,1419938.6968568934,RENK SYSTEMS CORP,Department of Defense,293.91,2490720.3989830506,2.49,277530.69601510855,14.567796610169491
1805,05,Victoria Spartz,Indiana 5th,Indiana ,R,1609 LHOB,(202) 225-2276,judiciary,0.0,0.0,0.0,0.0,0.0,0.0,0.0,0.0,0.0,0.0,0.0,0.0,0.0,1.0,0.0,0.0,0.0,0.0,0.0,0.0,0.0,0.0,0.0,0.0,0.0,0.0,5997,2372,159,183,20,368547002.63,61455.22805235951,3000.0,27539770.38,-2271262.58,456651.1827032435,"ALLTRACK, INC",Department of Defense,368.55,2317905.676918239,2.32,155373.94714586847,37.716981132075475
1806,06,Greg Pence,Indiana 6th,Indiana ,R,404 CHOB,(202) 225-3021,energy_and_commerce,0.0,0.0,0.0,0.0,0.0,0.0,0.0,0.0,1.0,0.0,0.0,0.0,0.0,0.0,0.0,0.0,0.0,0.0,0.0,0.0,0.0,0.0,0.0,0.0,0.0,0.0,2133,1353,92,99,14,794758831.42,372601.4212001875,3847.56,208498856.0,-3783478.42,5115808.004589227,CMS CORPORATION,Department of Defense,794.76,8638682.95021739,8.64,587404.901271249,23.184782608695652
1807,07,Andre Carson,Indiana 7th,Indiana ,D,2135 RHOB,(202) 225-4011,Intelligence|transportation_and_infrastructure|select_sub_us_china,0.0,0.0,0.0,0.0,0.0,0.0,0.0,0.0,0.0,0.0,0.0,1.0,0.0,0.0,0.0,0.0,0.0,0.0,1.0,0.0,0.0,0.0,1.0,0.0,0.0,0.0,24509,18227,348,398,34,3596455068.53,146740.1798739239,150.81,64654439.85,-74867364.0,1923606.4293581191,ROLLS-ROYCE CORPORATION,Department of Defense,3596.46,10334641.00152299,10.33,197314.7017353377,70.42816091954023
1808,08,Larry Bucshon,Indiana 8th,Indiana ,R,2313 RHOB,(202) 225-4636,energy_and_commerce,0.0,0.0,0.0,0.0,0.0,0.0,0.0,0.0,1.0,0.0,0.0,0.0,0.0,0.0,0.0,0.0,0.0,0.0,0.0,0.0,0.0,0.0,0.0,0.0,0.0,0.0,13943,12304,171,194,21,1020155010.66,73166.10562002438,2129.58,125740000.0,-4824656.64,1742040.5831581522,AMERIQUAL GROUP LLC,Department of Defense,1020.16,5965818.775789473,5.97,82912.46835663199,81.53801169590643
1809,09,Erin Houchin,Indiana 9th,Indiana ,R,1632 LHOB,(202) 225-5315,financial_services|education_and_the_workforce|Rules,0.0,0.0,0.0,0.0,0.0,0.0,0.0,1.0,0.0,0.0,1.0,0.0,0.0,0.0,0.0,0.0,0.0,0.0,0.0,0.0,0.0,0.0,0.0,0.0,1.0,0.0,3372,1809,145,170,19,453640723.08,134531.64978647686,7053.41,14343492.85,-1434238.77,537505.8131826185,"MORGAN FOODS, INC.",Department of Agriculture,453.64,3128556.7108965516,3.13,250768.78003316748,23.255172413793105
1901,01,Mariannette Miller-Meeks,Iowa 1st,Iowa ,R,1034 LHOB,(202) 225-6576,energy_and_commerce|select_subcommittee_on_the_coronavirus_pandemic|veterans_affairs,0.0,0.0,0.0,0.0,0.0,0.0,0.0,0.0,1.0,0.0,0.0,0.0,0.0,0.0,0.0,0.0,0.0,0.0,0.0,1.0,0.0,1.0,0.0,0.0,0.0,0.0,4633,2563,212,227,25,1470909268.65,317485.2727498381,167.76,217661192.64,-98066773.76,4704982.078791603,AMERICAN ORDNANCE LLC,Department of Defense,1470.91,6938251.267216981,6.94,573901.39237222,21.85377358490566
1902,02,Ashley Hinson,Iowa 2nd,Iowa ,R,1717 LHOB,(202) 225-2911,appropriations|select_sub_us_china,1.0,0.0,0.0,0.0,0.0,0.0,0.0,0.0,0.0,0.0,0.0,0.0,0.0,0.0,0.0,0.0,0.0,0.0,0.0,0.0,0.0,0.0,1.0,0.0,0.0,0.0,7635,3587,150,156,19,4151797589.44,543784.8840130976,0.0,170089813.0,-8707506.0,3889248.760359741,"ROCKWELL COLLINS, INC.",Department of Defense,4151.8,27678650.59626667,27.68,1157456.8133370504,50.9
1903,03,Zachary Nunn,Iowa 3rd,Iowa ,R,1232 LHOB,(202) 225-5476,agriculture|financial_services,0.0,1.0,0.0,0.0,0.0,0.0,0.0,0.0,0.0,0.0,1.0,0.0,0.0,0.0,0.0,0.0,0.0,0.0,0.0,0.0,0.0,0.0,0.0,0.0,0.0,0.0,34228,33227,218,246,24,238676164.83,6973.12623670679,425.62,37743196.0,-3627771.41,239160.27670053492,"COLLINS ENGINE NOZZLES, INC",Department of Defense,238.68,1094844.7927981652,1.09,7183.199350829145,157.0091743119266
1904,04,Randy Feenstra,Iowa 4th,Iowa ,R,1440 LHOB,(202) 225-4426,agriculture|ways_and_means,0.0,1.0,0.0,0.0,0.0,0.0,0.0,0.0,0.0,1.0,0.0,0.0,0.0,0.0,0.0,0.0,0.0,0.0,0.0,0.0,0.0,0.0,0.0,0.0,0.0,0.0,2254,1502,161,180,37,330747132.39,146737.8582031943,11740.375,16286831.84,-13302717.4,876484.0145874189,REGENCY CONSULTING INC,Department of Homeland Security,330.75,2054330.0148447205,2.05,220204.48228362182,14.0
2001,01,Tracey Mann,Kansas 1st,Kansas ,R,344 CHOB,(202) 225-2715,agriculture|transportation_and_infrastructure|small_business,0.0,1.0,0.0,0.0,0.0,0.0,0.0,0.0,0.0,0.0,0.0,1.0,1.0,0.0,0.0,0.0,0.0,0.0,0.0,0.0,0.0,0.0,0.0,0.0,0.0,0.0,5667,4794,204,222,23,311239027.37,54921.30357684842,688.25,11619375.53,-1665292.55,405542.5688955423,FIRELAKE-DIVERSIFIED JV2 LLC,Environmental Protection Agency,311.24,1525681.5067156863,1.53,64922.61730705048,27.779411764705884
2002,02,Jake LaTurner,Kansas 2nd,Kansas ,R,2441 RHOB,(202) 225-6601,appropriations|oversight_and_accountability,1.0,0.0,1.0,0.0,0.0,0.0,0.0,0.0,0.0,0.0,0.0,0.0,0.0,0.0,0.0,0.0,0.0,0.0,0.0,0.0,0.0,0.0,0.0,0.0,0.0,0.0,12091,10086,239,258,23,2076329451.23,171725.2047994376,1408.9,299999848.61,-130584447.9,4244952.800463181,"ORACLE HEALTH GOVERNMENT SERVICES, INC.",Department of Veterans Affairs,2076.33,8687570.925648537,8.69,205862.52738746777,50.58995815899581
2003,03,Sharice Davids,Kansas 3rd,Kansas ,D,2435 RHOB,(202) 225-2865,agriculture|transportation_and_infrastructure|small_business,0.0,1.0,0.0,0.0,0.0,0.0,0.0,0.0,0.0,0.0,0.0,1.0,1.0,0.0,0.0,0.0,0.0,0.0,0.0,0.0,0.0,0.0,0.0,0.0,0.0,0.0,8451,4979,366,387,35,2981308291.5099998,352775.8006756597,1558.0,532852033.34,-12888565.31,8024825.373504158,MISSION SUPPORT & TEST SERVICES LLC,Department of Energy,2981.31,8145651.069699453,8.15,598776.5196846756,23.09016393442623
2004,04,Ron Estes,Kansas 4th,Kansas ,R,2234 RHOB,(202) 225-6216,budget|education_and_the_workforce|ways_and_means,0.0,0.0,0.0,0.0,0.0,0.0,0.0,1.0,0.0,1.0,0.0,0.0,0.0,0.0,1.0,0.0,0.0,0.0,0.0,0.0,0.0,0.0,0.0,0.0,0.0,0.0,19188,14789,246,293,20,2195558165.73,114423.50248749218,145.66,276760900.0,-13902084.6,2788271.1573728668,TEXTRON AVIATION INC,Department of Defense,2195.56,8925033.19402439,8.93,148458.86576036245,78.0
2101,01,James Comer,Kentucky 1st,Kentucky ,R,2410 RHOB,(202) 225-3115,education_and_the_workforce|oversight_and_accountability,0.0,0.0,1.0,0.0,0.0,0.0,0.0,1.0,0.0,0.0,0.0,0.0,0.0,0.0,0.0,0.0,0.0,0.0,0.0,0.0,0.0,0.0,0.0,0.0,0.0,0.0,2299,1497,147,161,18,445547554.74,193800.58927359723,4339.92,37566273.0,-2686749.04,1169145.207132473,ENERGY SERVICES GROUP INC,Department of Veterans Affairs,445.55,3030935.7465306125,3.03,297626.9570741483,15.639455782312925
2102,02,Brett Guthrie,Kentucky 2nd,Kentucky ,R,2434 RHOB,(202) 225-3501,energy_and_commerce,0.0,0.0,0.0,0.0,0.0,0.0,0.0,0.0,1.0,0.0,0.0,0.0,0.0,0.0,0.0,0.0,0.0,0.0,0.0,0.0,0.0,0.0,0.0,0.0,0.0,0.0,2321,1305,118,127,16,432680134.0,186419.70443774236,2090.32,20398500.0,-20398500.0,1025823.5743721961,"HOWARD W. PENCE, INC.",Department of Defense,432.68,3666780.7966101696,3.67,331555.6582375479,19.66949152542373
2103,03,Morgan McGarvey,Kentucky 3rd,Kentucky ,D,1527 LHOB,(202) 225-5401,small_business|veterans_affairs,0.0,0.0,0.0,0.0,0.0,0.0,0.0,0.0,0.0,0.0,0.0,0.0,1.0,0.0,0.0,0.0,0.0,0.0,0.0,0.0,0.0,1.0,0.0,0.0,0.0,0.0,63388,56619,271,310,40,18214532914.93,287349.8598304095,493.47,3167466582.27,-77380128.03,18126398.054088384,HUMANA GOVERNMENT BUSINESS INC,Department of Defense,18214.53,67212298.5790775,67.21,321703.543243964,233.9040590405904
2104,04,Thomas Massie,Kentucky 4th,Kentucky ,R,2453 RHOB,(202) 225-3465,select_subcommittee_on_the_weaponization_of_the_fed_govt|judiciary|transportation_and_infrastructure|Rules,0.0,0.0,0.0,0.0,0.0,0.0,0.0,0.0,0.0,0.0,0.0,1.0,0.0,1.0,0.0,1.0,0.0,0.0,0.0,0.0,0.0,0.0,0.0,0.0,1.0,0.0,1458,1065,98,110,15,110376480.08,75704.03297668038,5220.5650000000005,22040983.9,-276413.5,629783.6101678316,STARRAG USA INC,Department of Defense,110.38,1126290.6130612246,1.13,103639.88739906103,14.877551020408163
2105,05,Harold Rogers,Kentucky 5th,Kentucky ,R,2406 RHOB,(202) 225-4601,appropriations,1.0,0.0,0.0,0.0,0.0,0.0,0.0,0.0,0.0,0.0,0.0,0.0,0.0,0.0,0.0,0.0,0.0,0.0,0.0,0.0,0.0,0.0,0.0,0.0,0.0,0.0,3423,2243,151,171,17,650545833.16,190051.3681449021,4595.44,47479411.54,-7313643.4,1678364.7424146174,FIBROTEX USA INC,Department of Defense,650.55,4308250.550728477,4.31,290033.80880962993,22.66887417218543
2106,06,Andy Barr,Kentucky 6th,Kentucky ,R,2430 RHOB,(202) 225-4706,financial_services|foreign_affairs|select_sub_us_china,0.0,0.0,0.0,0.0,0.0,1.0,0.0,0.0,0.0,0.0,1.0,0.0,0.0,0.0,0.0,0.0,0.0,0.0,0.0,0.0,0.0,0.0,1.0,0.0,0.0,0.0,54157,50142,232,254,26,3135795222.4900002,57901.93737633178,50.4,146100000.0,-19950437.0,1354767.3484991721,"BECHTEL PARSONS BLUE GRASS, A JOINT VENTURE",Department of Defense,3135.8,13516358.717629312,13.52,62538.29569004029,233.43534482758622
2201,01,Steve Scalise,Louisiana 1st,Louisiana ,R,2049 RHOB,(202) 225-3015,0,0.0,0.0,0.0,0.0,0.0,0.0,0.0,0.0,0.0,0.0,0.0,0.0,0.0,0.0,0.0,0.0,0.0,0.0,0.0,0.0,0.0,0.0,0.0,0.0,0.0,,11880,8775,323,371,19,2720379125.5299997,228988.1418796296,2699.29,305807108.84,-45000000.0,3576475.9777625804,"THOMA-SEA MARINE CONSTRUCTORS, L.L.C.",Department of Commerce,2720.38,8422226.39482972,8.42,310014.71516011393,36.78018575851393
2202,02,Troy Carter,Louisiana 2nd,Louisiana ,D,442 CHOB,(202) 225-6636,homeland_security|transportation_and_infrastructure,0.0,0.0,0.0,0.0,0.0,0.0,1.0,0.0,0.0,0.0,0.0,1.0,0.0,0.0,0.0,0.0,0.0,0.0,0.0,0.0,0.0,0.0,0.0,0.0,0.0,0.0,9394,6745,343,396,27,2085881099.97,222043.9748743879,228.04,534970177.0,-50152606.0,6471151.233415454,TEXTRON SYSTEMS CORP,Department of Defense,2085.88,6081286.00574344,6.08,309248.4951771683,27.387755102040817
2203,03,Clay Higgins,Louisiana 3rd,Louisiana ,R,572 CHOB,(202) 225-2031,oversight_and_accountability|homeland_security,0.0,0.0,1.0,0.0,0.0,0.0,1.0,0.0,0.0,0.0,0.0,0.0,0.0,0.0,0.0,0.0,0.0,0.0,0.0,0.0,0.0,0.0,0.0,0.0,0.0,0.0,9353,8283,217,245,15,974919856.13,104236.05860472575,794.76,144763969.0,-144763969.0,2764418.944541805,SAFESOURCE DIRECT LLC,Department of Health and Human Services,974.92,4492718.231013825,4.49,117701.29857901727,43.10138248847926
2204,04,Mike Johnson,Louisiana 4th,Louisiana ,R,568 CHOB,(202) 225-2777,0,0.0,0.0,0.0,0.0,0.0,0.0,0.0,0.0,0.0,0.0,0.0,0.0,0.0,0.0,0.0,0.0,0.0,0.0,0.0,0.0,0.0,0.0,0.0,0.0,0.0,,2520,1783,204,228,13,205042717.92,81366.1579047619,1296.0,21987975.0,-2516347.5,621028.966087991,"TKTMJ, INC.",Department of Defense,205.04,1005111.3623529411,1.01,114998.7200897364,12.352941176470589
2205,05,Julia Letlow,Louisiana 5th,Louisiana ,R,142 CHOB,(202) 225-8490,appropriations|education_and_the_workforce,1.0,0.0,0.0,0.0,0.0,0.0,0.0,1.0,0.0,0.0,0.0,0.0,0.0,0.0,0.0,0.0,0.0,0.0,0.0,0.0,0.0,0.0,0.0,0.0,0.0,0.0,34403,33724,183,193,15,257942146.11,7497.6643347963845,322.65,71685417.0,-5447037.03,427482.15460494295,"OMEGA FOUNDATION SERVICES, INC.",Department of Defense,257.94,1409519.9240983608,1.41,7648.622527280276,187.9945355191257
2206,06,Garret Graves,Louisiana 6th,Louisiana ,R,2402 RHOB,(202) 225-3901,natural_resources|transportation_and_infrastructure,0.0,0.0,0.0,0.0,1.0,0.0,0.0,0.0,0.0,0.0,0.0,1.0,0.0,0.0,0.0,0.0,0.0,0.0,0.0,0.0,0.0,0.0,0.0,0.0,0.0,0.0,7452,5138,249,274,23,1550348340.27,208044.59745974236,4090.04,81518812.02,-5952348.38,1814140.7139836194,"DYNAMIC GROUP, LLC",Department of Homeland Security,1550.35,6226298.555301204,6.23,301741.59989684704,29.927710843373493
2301,01,Chellie Pingree,Maine 1st,Maine ,D,2354 RHOB,(202) 225-6116,agriculture|appropriations,1.0,1.0,0.0,0.0,0.0,0.0,0.0,0.0,0.0,0.0,0.0,0.0,0.0,0.0,0.0,0.0,0.0,0.0,0.0,0.0,0.0,0.0,0.0,0.0,0.0,0.0,22094,19841,224,250,22,5569141534.73,252065.78866343803,357.36,1593237569.0,-4683610.0,14944959.88728102,BATH IRON WORKS CORPORATION,Department of Defense,5569.14,24862238.994330354,24.86,280688.5507146817,98.63392857142857
2302,02,Jared Golden,Maine 2nd,Maine ,D,1710 LHOB,(202) 225-6306,armed_services|small_business,0.0,0.0,0.0,1.0,0.0,0.0,0.0,0.0,0.0,0.0,0.0,0.0,1.0,0.0,0.0,0.0,0.0,0.0,0.0,0.0,0.0,0.0,0.0,0.0,0.0,0.0,4888,3960,190,208,19,678802498.08,138871.21482815058,9307.720000000001,112760000.0,-2596913.17,2404423.230261042,CIANBRO CORPORATION,Department of the Interior,678.8,3572644.726736842,3.57,171414.77224242425,25.726315789473684
2401,01,Andy Harris,Maryland 1st,Maryland ,R,1536 LHOB,(202) 225-5311,appropriations,1.0,0.0,0.0,0.0,0.0,0.0,0.0,0.0,0.0,0.0,0.0,0.0,0.0,0.0,0.0,0.0,0.0,0.0,0.0,0.0,0.0,0.0,0.0,0.0,0.0,0.0,30491,25237,380,447,33,2111248510.89,69241.69462759503,1038.36,98674388.0,-7790612.25,948729.4478940321,SMITHS DETECTION INC.,Department of Homeland Security,2111.25,5555917.133921053,5.56,83656.87327693467,80.23947368421052
2402,02,C. Ruppersberger,Maryland 2nd,Maryland ,D,2206 RHOB,(202) 225-3061,appropriations,1.0,0.0,0.0,0.0,0.0,0.0,0.0,0.0,0.0,0.0,0.0,0.0,0.0,0.0,0.0,0.0,0.0,0.0,0.0,0.0,0.0,0.0,0.0,0.0,0.0,0.0,19970,13419,516,572,39,4009297004.47,200765.99922233348,253.45,147436096.32,-57432741.0,2603499.193823116,LOCKHEED MARTIN CORPORATION,Department of Defense,4009.3,7769955.4350193795,7.77,298777.629068485,38.701550387596896
2403,03,John Sarbanes,Maryland 3rd,Maryland ,D,2370 RHOB,(202) 225-4016,energy_and_commerce,0.0,0.0,0.0,0.0,0.0,0.0,0.0,0.0,1.0,0.0,0.0,0.0,0.0,0.0,0.0,0.0,0.0,0.0,0.0,0.0,0.0,0.0,0.0,0.0,0.0,0.0,48871,27064,1240,1489,59,16291190016.52,333350.86281271104,337.5,345921509.3,-38389271.87,3370979.296118291,NORTHROP GRUMMAN SYSTEMS CORPORATION,Department of Defense,16291.19,13138056.464935483,13.14,601950.5622420928,39.41209677419355
2404,04,Glenn Ivey,Maryland 4th,Maryland ,D,1529 LHOB,(202) 225-8699,homeland_security|judiciary|ethics,0.0,0.0,0.0,0.0,0.0,0.0,1.0,0.0,0.0,0.0,0.0,0.0,0.0,1.0,0.0,0.0,0.0,0.0,0.0,0.0,0.0,0.0,0.0,1.0,0.0,0.0,93599,76900,1010,1153,61,7989634195.61,85360.25166518873,490.63,42125635.18,-20528181.82,782732.760053806,"KBR WYLE SERVICES, LLC",National Aeronautics and Space Administration,7989.63,7910528.906544554,7.91,103896.41346697009,92.67227722772277
2405,05,Steny Hoyer,Maryland 5th,Maryland ,D,1705 LHOB,(202) 225-4131,appropriations,1.0,0.0,0.0,0.0,0.0,0.0,0.0,0.0,0.0,0.0,0.0,0.0,0.0,0.0,0.0,0.0,0.0,0.0,0.0,0.0,0.0,0.0,0.0,0.0,0.0,0.0,23591,8656,894,1012,53,8219400462.32,348412.5497994998,2716.36,84219627.0,-13064130.49,1748509.5762323255,"INDYNE, INC.",Department of Defense,8219.4,9193960.248680089,9.19,949561.0515619223,26.38814317673378
2406,06,David Trone,Maryland 6th,Maryland ,D,2404 RHOB,(202) 225-2721,appropriations|budget,1.0,0.0,0.0,0.0,0.0,0.0,0.0,0.0,0.0,0.0,0.0,0.0,0.0,0.0,1.0,0.0,0.0,0.0,0.0,0.0,0.0,0.0,0.0,0.0,0.0,0.0,24187,12423,810,893,54,19964464817.62,825421.2931583081,904.04,2274157215.66,-439113832.71,20533823.19765933,"CONSOLIDATED NUCLEAR SECURITY, LLC",Department of Energy,19964.46,24647487.429160494,24.65,1607056.6544007084,29.860493827160493
2407,07,Kweisi Mfume,Maryland 7th,Maryland ,D,2263 RHOB,(202) 225-4741,oversight_and_accountability|small_business|select_subcommittee_on_the_coronavirus_pandemic,0.0,0.0,1.0,0.0,0.0,0.0,0.0,0.0,0.0,0.0,0.0,0.0,1.0,0.0,0.0,0.0,0.0,0.0,0.0,1.0,0.0,0.0,0.0,0.0,0.0,0.0,25257,17761,615,665,45,4706473360.21,186343.3250271212,86.97,240000000.0,-6898920.8,2748336.570450375,THE JOHNS HOPKINS MEDICAL SERVICES CORPORATION,Department of Defense,4706.47,7652802.211723577,7.65,264989.21007882437,41.06829268292683
2408,08,Jamie Raskin,Maryland 8th,Maryland ,D,2242 RHOB,(202) 225-5341,oversight_and_accountability,0.0,0.0,1.0,0.0,0.0,0.0,0.0,0.0,0.0,0.0,0.0,0.0,0.0,0.0,0.0,0.0,0.0,0.0,0.0,0.0,0.0,0.0,0.0,0.0,0.0,0.0,76620,41307,1795,2121,66,37114805375.35,484401.00985839206,1525.0,1793325708.71,-37979667.5,12790338.392425226,"OPTUM PUBLIC SECTOR SOLUTIONS, INC.",Department of Veterans Affairs,37114.81,20676771.796852365,20.68,898511.2783632313,42.68523676880223
2501,01,Richard Neal,Massachusetts 1st,Massachusetts ,D,372 CHOB,(202) 225-5601,joint_committee_on_taxation|ways_and_means,0.0,0.0,0.0,0.0,0.0,0.0,0.0,0.0,0.0,1.0,0.0,0.0,0.0,0.0,0.0,0.0,1.0,0.0,0.0,0.0,0.0,0.0,0.0,0.0,0.0,0.0,10501,8031,216,242,22,1494837576.7,142351.9261689363,351.63,144567360.65,-5348552.72,1906403.6649223596,"GENERAL DYNAMICS MISSION SYSTEMS, INC.",Department of Defense,1494.84,6920544.336574074,6.92,186133.43004607147,48.61574074074074
2502,02,James McGovern,Massachusetts 2nd,Massachusetts ,D,370 CHOB,(202) 225-6101,agriculture|Rules,0.0,1.0,0.0,0.0,0.0,0.0,0.0,0.0,0.0,0.0,0.0,0.0,0.0,0.0,0.0,0.0,0.0,0.0,0.0,0.0,0.0,0.0,0.0,0.0,1.0,0.0,9858,7479,288,322,25,1011064983.7,102562.8914282816,1207.58,44000000.0,-8730526.0,1094472.7426110227,"NATIONAL COLLEGIATE INVENTORS & INNOVATORS ALLIANCE, INC.",Department of Health and Human Services,1011.06,3510642.304513889,3.51,135187.18862147347,34.229166666666664
2503,03,Lori Trahan,Massachusetts 3rd,Massachusetts ,D,2439 RHOB,(202) 225-3411,energy_and_commerce,0.0,0.0,0.0,0.0,0.0,0.0,0.0,0.0,1.0,0.0,0.0,0.0,0.0,0.0,0.0,0.0,0.0,0.0,0.0,0.0,0.0,0.0,0.0,0.0,0.0,0.0,33156,26487,442,501,32,5171641178.53,155979.0438692846,635.285,677715432.86,-20007354.09,5290771.929923468,RAYTHEON COMPANY,Department of Defense,5171.64,11700545.652782805,11.7,195252.0549148639,75.01357466063348
2504,04,Jake Auchincloss,Massachusetts 4th,Massachusetts ,D,1524 LHOB,(202) 225-5931,transportation_and_infrastructure|select_sub_us_china,0.0,0.0,0.0,0.0,0.0,0.0,0.0,0.0,0.0,0.0,0.0,1.0,0.0,0.0,0.0,0.0,0.0,0.0,0.0,0.0,0.0,0.0,1.0,0.0,0.0,0.0,6507,4312,309,343,31,953406215.89,146520.08850315044,2584.12,83789463.0,-11454418.18,1781337.2468376392,"CONSIGLI CONSTRUCTION CO., INC.",Department of Defense,953.41,3085457.0093527506,3.09,221105.33763682746,21.058252427184467
2505,05,Katherine Clark,Massachusetts 5th,Massachusetts ,D,2368 RHOB,(202) 225-2836,0,0.0,0.0,0.0,0.0,0.0,0.0,0.0,0.0,0.0,0.0,0.0,0.0,0.0,0.0,0.0,0.0,0.0,0.0,0.0,0.0,0.0,0.0,0.0,0.0,0.0,,19016,9781,558,638,46,7640275506.2699995,401781.4212384308,940.5,350470804.56,-9401565.13,3690700.964370783,FRESENIUS MEDICAL CARE HOLDINGS INC,Department of Veterans Affairs,7640.28,13692250.011236558,13.69,781134.3938523668,34.07885304659498
2506,06,Seth Moulton,Massachusetts 6th,Massachusetts ,D,1126 LHOB,(202) 225-8020,armed_services|transportation_and_infrastructure|select_sub_us_china,0.0,0.0,0.0,1.0,0.0,0.0,0.0,0.0,0.0,0.0,0.0,1.0,0.0,0.0,0.0,0.0,0.0,0.0,0.0,0.0,0.0,0.0,1.0,0.0,0.0,0.0,22395,13478,484,574,46,15694718349.68,700813.5007671355,600.19,1225368567.01,-67718262.0,12523064.130429277,RAYTHEON COMPANY,Department of Defense,15694.72,32427104.028264463,32.43,1164469.3834159372,46.27066115702479
2507,07,Ayanna Pressley,Massachusetts 7th,Massachusetts ,D,402 CHOB,(202) 225-5111,financial_services,0.0,0.0,0.0,0.0,0.0,0.0,0.0,0.0,0.0,0.0,1.0,0.0,0.0,0.0,0.0,0.0,0.0,0.0,0.0,0.0,0.0,0.0,0.0,0.0,0.0,0.0,8446,5520,384,421,42,3590588298.1,425122.93370826426,1675.0,309512080.68,-236162621.0,6818782.617496362,"MODERNA US, INC.",Department of Health and Human Services,3590.59,9350490.359635416,9.35,650468.8945833333,21.994791666666668
2508,08,Stephen Lynch,Massachusetts 8th,Massachusetts ,D,2109 RHOB,(202) 225-8273,financial_services|select_subcommittee_on_the_weaponization_of_the_fed_govt|oversight_and_accountability,0.0,0.0,1.0,0.0,0.0,0.0,0.0,0.0,0.0,0.0,1.0,0.0,0.0,0.0,0.0,1.0,0.0,0.0,0.0,0.0,0.0,0.0,0.0,0.0,0.0,0.0,347323,331224,481,533,46,2663106788.12,7667.522128163122,132.06,83779202.0,-53725700.65,325901.4998873084,ULTRA ELECTRONICS OCEAN SYSTEMS INC.,Department of Defense,2663.11,5536604.549106029,5.54,8040.198741999372,722.0852390852391
2509,09,William Keating,Massachusetts 9th,Massachusetts ,D,2351 RHOB,(202) 225-3111,armed_services|foreign_affairs,0.0,0.0,0.0,1.0,0.0,1.0,0.0,0.0,0.0,0.0,0.0,0.0,0.0,0.0,0.0,0.0,0.0,0.0,0.0,0.0,0.0,0.0,0.0,0.0,0.0,0.0,116517,102760,273,297,26,3141531262.83,26961.999217539073,179.16,38660805.68,-5481143.04,396708.03316250845,"NOBLE SUPPLY & LOGISTICS, LLC",Department of Defense,3141.53,11507440.523186812,11.51,30571.538174678863,426.8021978021978
2601,01,Jack Bergman,Michigan 1st,Michigan ,R,566 CHOB,(202) 225-4735,armed_services|budget|veterans_affairs,0.0,0.0,0.0,1.0,0.0,0.0,0.0,0.0,0.0,0.0,0.0,0.0,0.0,0.0,1.0,0.0,0.0,0.0,0.0,0.0,0.0,1.0,0.0,0.0,0.0,0.0,4894,3024,303,339,19,702678989.78,143579.6873273396,1831.9650000000001,27948000.0,-3116259.91,810744.1237608122,"COASTAL CONSTRUCTION GROUP, LLC",Department of the Interior,702.68,2319072.573531353,2.32,232367.39080026455,16.151815181518153
2602,02,John Moolenaar,Michigan 2nd,Michigan ,R,246 CHOB,(202) 225-3561,appropriations|select_sub_us_china,1.0,0.0,0.0,0.0,0.0,0.0,0.0,0.0,0.0,0.0,0.0,0.0,0.0,0.0,0.0,0.0,0.0,0.0,0.0,0.0,0.0,0.0,1.0,0.0,0.0,0.0,3467,2741,90,97,14,318445383.35,91850.4134265936,1195.94,22817730.0,-2470293.21,658308.9793990427,"AAR MANUFACTURING, INC.",Department of Defense,318.45,3538282.0372222224,3.54,116178.54190076615,38.522222222222226
2603,03,Hillary Scholten,Michigan 3rd,Michigan ,D,1317 LHOB,(202) 225-3831,transportation_and_infrastructure|small_business,0.0,0.0,0.0,0.0,0.0,0.0,0.0,0.0,0.0,0.0,0.0,1.0,1.0,0.0,0.0,0.0,0.0,0.0,0.0,0.0,0.0,0.0,0.0,0.0,0.0,0.0,17377,14695,211,244,28,1096288060.76,63088.45374690683,737.06,101135946.0,-32405433.92,1291451.6784806335,RENK AMERICA LLC,Department of Defense,1096.29,5195678.013080569,5.2,74602.79419938754,82.35545023696683
2604,04,Bill Huizenga,Michigan 4th,Michigan ,R,2232 RHOB,(202) 225-4401,financial_services|foreign_affairs,0.0,0.0,0.0,0.0,0.0,1.0,0.0,0.0,0.0,0.0,1.0,0.0,0.0,0.0,0.0,0.0,0.0,0.0,0.0,0.0,0.0,0.0,0.0,0.0,0.0,0.0,7743,5806,155,181,29,353275018.84,45625.08315123337,1375.14,5497177.58,-3043135.84,252563.78044318163,CALHOUN COUNTY COMMUNITY MENTAL HEALTH AUTHORITY,Department of Veterans Affairs,353.28,2279193.6699354835,2.28,60846.541308990694,49.95483870967742
2605,05,Tim Walberg,Michigan 5th,Michigan ,R,2266 RHOB,(202) 225-6276,education_and_the_workforce|energy_and_commerce,0.0,0.0,0.0,0.0,0.0,0.0,0.0,1.0,1.0,0.0,0.0,0.0,0.0,0.0,0.0,0.0,0.0,0.0,0.0,0.0,0.0,0.0,0.0,0.0,0.0,0.0,6600,4722,79,84,17,204213168.69,30941.389195454543,3487.42,10703521.0,-1087636.0,242867.22896257177,"JAG INDUSTRIAL SERVICES, INC",Department of Defense,204.21,2584976.8188607595,2.58,43247.17676620076,83.54430379746836
2606,06,Debbie Dingell,Michigan 6th,Michigan ,D,102 CHOB,(202) 225-4071,energy_and_commerce|natural_resources|select_subcommittee_on_the_coronavirus_pandemic,0.0,0.0,0.0,0.0,1.0,0.0,0.0,0.0,1.0,0.0,0.0,0.0,0.0,0.0,0.0,0.0,0.0,0.0,0.0,1.0,0.0,0.0,0.0,0.0,0.0,0.0,84602,82028,329,357,39,1319934573.48,15601.694681922414,772.95,52661778.82,-7725917.98,383507.0279169241,LOC PERFORMANCE PRODUCTS LLC,Department of Defense,1319.93,4011959.1899088146,4.01,16091.268511727703,257.1489361702128
2607,07,Elissa Slotkin,Michigan 7th,Michigan ,D,2245 RHOB,(202) 225-4872,agriculture|armed_services,0.0,1.0,0.0,1.0,0.0,0.0,0.0,0.0,0.0,0.0,0.0,0.0,0.0,0.0,0.0,0.0,0.0,0.0,0.0,0.0,0.0,0.0,0.0,0.0,0.0,0.0,3001,2064,173,195,26,1281233161.1200001,426935.4085704766,1391.7,91378720.0,-3804802.44,3655267.1094747344,MVL USA INC,Department of Defense,1281.23,7405972.029595376,7.41,620752.5005426357,17.346820809248555
2608,08,Daniel Kildee,Michigan 8th,Michigan ,D,200 CHOB,(202) 225-3611,budget|ways_and_means,0.0,0.0,0.0,0.0,0.0,0.0,0.0,0.0,0.0,1.0,0.0,0.0,0.0,0.0,1.0,0.0,0.0,0.0,0.0,0.0,0.0,0.0,0.0,0.0,0.0,0.0,5672,5111,114,129,17,88982342.41,15688.001130112834,149.515,8674770.0,-2755848.98,186427.44995624668,SPENCE BROTHERS,Department of Defense,88.98,780546.863245614,0.78,17409.967209939347,49.75438596491228
2609,09,Lisa McClain,Michigan 9th,Michigan ,R,444 CHOB,(202) 225-2106,armed_services|budget|education_and_the_workforce|oversight_and_accountability,0.0,0.0,1.0,1.0,0.0,0.0,0.0,1.0,0.0,0.0,0.0,0.0,0.0,0.0,1.0,0.0,0.0,0.0,0.0,0.0,0.0,0.0,0.0,0.0,0.0,0.0,3442,2570,97,106,19,89481045.98,25996.81754212667,664.025,15063374.25,-2023751.05,322993.02716424264,EAST COAST POWERLINE LLC,Department of Energy,89.48,922485.0101030929,0.92,34817.52761867704,35.48453608247423
2610,10,John James,Michigan 10th,Michigan ,R,1319 LHOB,(202) 225-4961,education_and_the_workforce|foreign_affairs|transportation_and_infrastructure,0.0,0.0,0.0,0.0,0.0,1.0,0.0,1.0,0.0,0.0,0.0,1.0,0.0,0.0,0.0,0.0,0.0,0.0,0.0,0.0,0.0,0.0,0.0,0.0,0.0,0.0,187761,158949,182,201,17,8230406266.0,43834.48248571322,90.24,712349492.14,-484384223.82,3372543.4017870994,GENERAL DYNAMICS LAND SYSTEMS INC.,Department of Defense,8230.41,45222012.45054945,45.22,51780.170155207015,1031.6538461538462
2611,11,Haley Stevens,Michigan 11th,Michigan ,D,2411 RHOB,(202) 225-8171,education_and_the_workforce|science_space_and_technology|select_sub_us_china,0.0,0.0,0.0,0.0,0.0,0.0,0.0,1.0,0.0,0.0,0.0,0.0,0.0,0.0,0.0,0.0,0.0,0.0,0.0,0.0,1.0,0.0,1.0,0.0,0.0,0.0,25194,20540,315,358,33,1659547556.93,65870.74529372073,1721.145,77754385.0,-16171941.12,833431.5382987515,"DETROIT DEFENSE, INC.",Department of Defense,1659.55,5268404.942634921,5.27,80795.88884761442,79.98095238095237
2612,12,Rashida Tlaib,Michigan 12th,Michigan ,D,2438 RHOB,(202) 225-5126,financial_services|oversight_and_accountability,0.0,0.0,1.0,0.0,0.0,0.0,0.0,0.0,0.0,0.0,1.0,0.0,0.0,0.0,0.0,0.0,0.0,0.0,0.0,0.0,0.0,0.0,0.0,0.0,0.0,0.0,18566,16417,160,168,24,1298158165.15,69921.26280028009,42932.0,20616107.04,-2391427.48,392194.40726254677,TRILLAMED LLC,Department of Veterans Affairs,1298.16,8113488.532187501,8.11,79074.0187092648,116.0375
2613,13,Shri Thanedar,Michigan 13th,Michigan ,D,1039 LHOB,(202) 225-5802,homeland_security|small_business,0.0,0.0,0.0,0.0,0.0,0.0,1.0,0.0,0.0,0.0,0.0,0.0,1.0,0.0,0.0,0.0,0.0,0.0,0.0,0.0,0.0,0.0,0.0,0.0,0.0,0.0,7373,5510,144,162,25,764234534.17,103653.1309060084,34101.0,52910354.51,-9449985.96,1086791.2214275482,GM DEFENSE LLC,Department of State,764.23,5307184.265069444,5.31,138699.55248094373,51.201388888888886
2701,01,Brad Finstad,Minnesota 1st,Minnesota ,R,1605 LHOB,(202) 225-2472,agriculture|armed_services,0.0,1.0,0.0,1.0,0.0,0.0,0.0,0.0,0.0,0.0,0.0,0.0,0.0,0.0,0.0,0.0,0.0,0.0,0.0,0.0,0.0,0.0,0.0,0.0,0.0,0.0,2945,1808,133,147,16,574864770.66,195200.2616842105,748.96,70000000.0,-6199246.99,1750739.603223348,KATO ENGINEERING INC.,Department of Defense,574.86,4322291.508721804,4.32,317956.1784623894,22.142857142857142
2702,02,Angie Craig,Minnesota 2nd,Minnesota ,D,2442 RHOB,(202) 225-2271,agriculture|energy_and_commerce,0.0,1.0,0.0,0.0,0.0,0.0,0.0,0.0,1.0,0.0,0.0,0.0,0.0,0.0,0.0,0.0,0.0,0.0,0.0,0.0,0.0,0.0,0.0,0.0,0.0,0.0,22509,20582,177,194,61,884345358.94,39288.52276600471,222.54,50072400.0,-16066800.0,703320.8573213277,THE POVOLNY GROUP INC,Department of Veterans Affairs,884.35,4996301.462937853,5.0,42966.930275969295,127.16949152542372
2703,03,Dean Phillips,Minnesota 3rd,Minnesota ,D,2452 RHOB,(202) 225-2871,foreign_affairs|small_business,0.0,0.0,0.0,0.0,0.0,1.0,0.0,0.0,0.0,0.0,0.0,0.0,1.0,0.0,0.0,0.0,0.0,0.0,0.0,0.0,0.0,0.0,0.0,0.0,0.0,0.0,21437,17784,394,449,37,2802302788.58,130722.71253347017,227.82,123365784.35,-17806679.0,2165136.9502857234,NORTHROP GRUMMAN SYSTEMS CORPORATION,Department of Defense,2802.3,7112443.625837564,7.11,157574.3808243365,54.40862944162436
2704,04,Betty McCollum,Minnesota 4th,Minnesota ,D,2426 RHOB,(202) 225-6631,appropriations,1.0,0.0,0.0,0.0,0.0,0.0,0.0,0.0,0.0,0.0,0.0,0.0,0.0,0.0,0.0,0.0,0.0,0.0,0.0,0.0,0.0,0.0,0.0,0.0,0.0,0.0,11293,9520,221,256,28,496235036.75,43941.82562206677,562.3,94124479.38,-7654778.77,1037724.2960074816,"MCGOUGH CONSTRUCTION CO., LLC",General Services Administration,496.24,2245407.4061085973,2.25,52125.52907037815,51.09954751131222
2705,05,Ilhan Omar,Minnesota 5th,Minnesota ,D,1730 LHOB,(202) 225-4755,budget|education_and_the_workforce,0.0,0.0,0.0,0.0,0.0,0.0,0.0,1.0,0.0,0.0,0.0,0.0,0.0,0.0,1.0,0.0,0.0,0.0,0.0,0.0,0.0,0.0,0.0,0.0,0.0,0.0,11588,8507,276,335,39,2196346945.55,189536.32598809115,3019.705,132485525.0,-5339090.01,2340414.70527573,BAE SYSTEMS LAND & ARMAMENTS L.P.,Department of Defense,2196.35,7957778.788224638,7.96,258181.13853885038,41.98550724637681
2706,06,Tom Emmer,Minnesota 6th,Minnesota ,R,464 CHOB,(202) 225-2331,financial_services,0.0,0.0,0.0,0.0,0.0,0.0,0.0,0.0,0.0,0.0,1.0,0.0,0.0,0.0,0.0,0.0,0.0,0.0,0.0,0.0,0.0,0.0,0.0,0.0,0.0,0.0,2924,1926,154,162,22,722073484.34,246947.15606703146,5501.115,66772171.9,-3315883.18,2005717.809806328,"S.J. LOUIS CONSTRUCTION, INC",Department of the Interior,722.07,4688788.85935065,4.69,374908.35116303223,18.98701298701299
2707,07,Michelle Fischbach,Minnesota 7th,Minnesota ,R,1004 LHOB,(202) 225-2165,budget|Rules|ethics|ways_and_means,0.0,0.0,0.0,0.0,0.0,0.0,0.0,0.0,0.0,1.0,0.0,0.0,0.0,0.0,1.0,0.0,0.0,0.0,0.0,0.0,0.0,0.0,0.0,1.0,1.0,0.0,28092,27335,154,164,19,307273655.79,10938.119599530117,67.27,34886149.66,-2260732.73,354350.16442971386,JENNIE-O TURKEY STORE INC,Department of Agriculture,307.27,1995283.4791558443,2.0,11241.033685385039,182.41558441558442
2708,08,Pete Stauber,Minnesota 8th,Minnesota ,R,145 CHOB,(202) 225-6211,natural_resources|transportation_and_infrastructure|small_business,0.0,0.0,0.0,0.0,1.0,0.0,0.0,0.0,0.0,0.0,0.0,1.0,1.0,0.0,0.0,0.0,0.0,0.0,0.0,0.0,0.0,0.0,0.0,0.0,0.0,0.0,4901,3492,299,327,20,132023208.4,26938.014364415427,579.68,13018720.39,-552758.0,302742.4666086139,PARMLY ON THE LAKE LLC,Department of Veterans Affairs,132.02,441549.1919732442,0.44,37807.333447880876,16.391304347826086
2801,01,Trent Kelly,Mississippi 1st,Mississippi ,R,2243 RHOB,(202) 225-4306,agriculture|armed_services|Intelligence,0.0,1.0,0.0,1.0,0.0,0.0,0.0,0.0,0.0,0.0,0.0,0.0,0.0,0.0,0.0,0.0,0.0,0.0,1.0,0.0,0.0,0.0,0.0,0.0,0.0,0.0,19733,18633,157,167,14,441236752.89,22360.34829422794,88.91,64441277.29,-1351805.35,887938.9160059298,"OLIN WINCHESTER, LLC",Department of Defense,441.24,2810425.177643312,2.81,23680.392469811624,125.68789808917198
2802,02,Bennie Thompson,Mississippi 2nd,Mississippi ,D,2466 RHOB,(202) 225-5876,homeland_security,0.0,0.0,0.0,0.0,0.0,0.0,1.0,0.0,0.0,0.0,0.0,0.0,0.0,0.0,0.0,0.0,0.0,0.0,0.0,0.0,0.0,0.0,0.0,0.0,0.0,0.0,10057,8982,220,249,18,665170152.21,66140.01712339664,434.03,120263190.0,-6924071.17,1431987.3477657074,"R. C. CONSTRUCTION CO., INC.",Department of Defense,665.17,3023500.6918636365,3.02,74055.90650300602,45.71363636363636
2803,03,Michael Guest,Mississippi 3rd,Mississippi ,R,450 CHOB,(202) 225-5031,appropriations|homeland_security|ethics,1.0,0.0,0.0,0.0,0.0,0.0,1.0,0.0,0.0,0.0,0.0,0.0,0.0,0.0,0.0,0.0,0.0,0.0,0.0,0.0,0.0,0.0,0.0,1.0,0.0,0.0,6922,3999,218,249,21,2939173965.57,424613.4015559087,1407.0549999999998,103305221.0,-14567711.0,3318160.1587101067,W. G. YATES & SONS CONSTRUCTION COMPANY,Department of Defense,2939.17,13482449.383348625,13.48,734977.2357014254,31.75229357798165
2804,04,Mike Ezell,Mississippi 4th,Mississippi ,R,443 CHOB,(202) 225-5772,homeland_security|transportation_and_infrastructure,0.0,0.0,0.0,0.0,0.0,0.0,1.0,0.0,0.0,0.0,0.0,1.0,0.0,0.0,0.0,0.0,0.0,0.0,0.0,0.0,0.0,0.0,0.0,0.0,0.0,0.0,18868,15288,262,289,19,10533627785.550001,558280.039513992,1018.44,1375093946.0,-141697680.0,22074548.705867648,HUNTINGTON INGALLS INCORPORATED,Department of Defense,10533.63,40204686.20438932,40.2,689012.8064854789,72.01526717557252
2901,01,Cori Bush,Missouri 1st,Missouri ,D,2463 RHOB,(202) 225-2406,oversight_and_accountability|judiciary,0.0,0.0,1.0,0.0,0.0,0.0,0.0,0.0,0.0,0.0,0.0,0.0,0.0,1.0,0.0,0.0,0.0,0.0,0.0,0.0,0.0,0.0,0.0,0.0,0.0,0.0,26604,15961,388,419,34,23160556288.37,870566.6925413471,824.04,2223793610.3,-67091396.72,20492585.754823882,THE BOEING COMPANY,Department of Defense,23160.56,59692155.38239691,59.69,1451071.7554269782,68.56701030927834
2902,02,Ann Wagner,Missouri 2nd,Missouri ,R,2350 RHOB,(202) 225-1621,financial_services|foreign_affairs,0.0,0.0,0.0,0.0,0.0,1.0,0.0,0.0,0.0,0.0,1.0,0.0,0.0,0.0,0.0,0.0,0.0,0.0,0.0,0.0,0.0,0.0,0.0,0.0,0.0,0.0,25972,20842,281,297,34,2503268667.05,96383.36158362853,1502.78,169455196.0,-22791154.16,1589379.8439798479,"MCCARTHY BUILDING COMPANIES, INC.",Department of Defense,2503.27,8908429.420106763,8.91,120106.9315348815,92.42704626334519
2903,03,Blaine Luetkemeyer,Missouri 3rd,Missouri ,R,2230 RHOB,(202) 225-2956,financial_services|small_business|select_sub_us_china,0.0,0.0,0.0,0.0,0.0,0.0,0.0,0.0,0.0,0.0,1.0,0.0,1.0,0.0,0.0,0.0,0.0,0.0,0.0,0.0,0.0,0.0,1.0,0.0,0.0,0.0,7820,6673,156,167,21,417731565.95,53418.35881713555,459.985,42971864.0,-36796643.9,895401.3293196898,"OCCI, INC.",Department of Defense,417.73,2677766.4483974357,2.68,62600.26464109096,50.12820512820513
2904,04,Mark Alford,Missouri 4th,Missouri ,R,1516 LHOB,(202) 225-2876,agriculture|armed_services|small_business,0.0,1.0,0.0,1.0,0.0,0.0,0.0,0.0,0.0,0.0,0.0,0.0,1.0,0.0,0.0,0.0,0.0,0.0,0.0,0.0,0.0,0.0,0.0,0.0,0.0,0.0,3396,2383,223,245,17,429302053.98,126414.03238515902,10942.05,39026964.0,-2490530.0,866894.8990796913,"R.E.D. CONSTRUCTION SERVICES, LLC",Department of Veterans Affairs,429.3,1925121.3182959643,1.93,180151.93201007135,15.228699551569507
2905,05,Emanuel Cleaver,Missouri 5th,Missouri ,D,2217 RHOB,(202) 225-4535,financial_services,0.0,0.0,0.0,0.0,0.0,0.0,0.0,0.0,0.0,0.0,1.0,0.0,0.0,0.0,0.0,0.0,0.0,0.0,0.0,0.0,0.0,0.0,0.0,0.0,0.0,0.0,7691,4103,316,355,29,7332209361.0199995,953349.2863112729,316.59,906082830.55,-46676286.0,15554414.678034877,"HONEYWELL FEDERAL MANUFACTURING & TECHNOLOGIES, LLC",Department of Energy,7332.21,23203194.180443037,23.2,1787036.1591567146,24.338607594936708
2906,06,Sam Graves,Missouri 6th,Missouri ,R,1135 LHOB,(202) 225-7041,armed_services|transportation_and_infrastructure,0.0,0.0,0.0,1.0,0.0,0.0,0.0,0.0,0.0,0.0,0.0,1.0,0.0,0.0,0.0,0.0,0.0,0.0,0.0,0.0,0.0,0.0,0.0,0.0,0.0,0.0,3999,3051,150,163,16,185804609.69,46462.76811452863,388.5,9864325.0,-986461.87,360787.09982508275,DAX/GBAB JV LLC,Department of Veterans Affairs,185.8,1238697.3979333334,1.24,60899.57708620124,26.66
2907,07,Eric Burlison,Missouri 7th,Missouri ,R,1108 LHOB,(202) 225-6536,education_and_the_workforce|oversight_and_accountability|transportation_and_infrastructure,0.0,0.0,1.0,0.0,0.0,0.0,0.0,1.0,0.0,0.0,0.0,1.0,0.0,0.0,0.0,0.0,0.0,0.0,0.0,0.0,0.0,0.0,0.0,0.0,0.0,0.0,20667,19203,183,202,17,305753903.86,14794.305117336819,408.5,12816947.28,-3566804.71,201309.84299613812,WALGA ROSS GROUP 3 JV,Department of Defense,305.75,1670786.3598907106,1.67,15922.194649794304,112.93442622950819
2908,08,Jason Smith,Missouri 8th,Missouri ,R,1011 LHOB,(202) 225-4404,joint_committee_on_taxation|ways_and_means,0.0,0.0,0.0,0.0,0.0,0.0,0.0,0.0,0.0,1.0,0.0,0.0,0.0,0.0,0.0,0.0,1.0,0.0,0.0,0.0,0.0,0.0,0.0,0.0,0.0,0.0,9272,8072,226,237,19,431243422.91,46510.2915131579,4906.14,17057733.76,-1441441.48,393870.1191031183,CELEEN LLC,Department of Defense,431.24,1908156.738539823,1.91,53424.60640609515,41.02654867256637
3001,01,Ryan Zinke,Montana 1st,Montana ,R,512 CHOB,(202) 225-5628,appropriations|science_space_and_technology,1.0,0.0,0.0,0.0,0.0,0.0,0.0,0.0,0.0,0.0,0.0,0.0,0.0,0.0,0.0,0.0,0.0,0.0,0.0,0.0,1.0,0.0,0.0,0.0,0.0,0.0,38212,32293,942,1043,22,1694704202.93,44350.05241625667,163.2,266285875.0,-220328192.01,2491862.5580973774,BARNARD SPENCER JOINT VENTURE,Department of Homeland Security,1694.7,1799049.0476963907,1.8,52478.995538661635,40.56475583864119
3002,02,Matthew Rosendale,Montana 2nd,Montana ,R,1023 LHOB,(202) 225-3211,natural_resources|veterans_affairs,0.0,0.0,0.0,0.0,1.0,0.0,0.0,0.0,0.0,0.0,0.0,0.0,0.0,0.0,0.0,0.0,0.0,0.0,0.0,0.0,0.0,1.0,0.0,0.0,0.0,0.0,11819,9100,645,712,20,430382755.85,36414.48141551739,1569.59,11936941.3,-1940657.33,271517.3022627463,HARDRIVES CONSTRUCTION INC,Department of Transportation,430.38,667260.0865891473,0.67,47294.80833516484,18.324031007751937
3101,01,Mike Flood,Nebraska 1st,Nebraska ,R,343 CHOB,(202) 225-4806,financial_services,0.0,0.0,0.0,0.0,0.0,0.0,0.0,0.0,0.0,0.0,1.0,0.0,0.0,0.0,0.0,0.0,0.0,0.0,0.0,0.0,0.0,0.0,0.0,0.0,0.0,0.0,7246,5386,197,223,33,1717280838.51,236997.07956251726,180.075,112465331.29,-30903938.15,3186272.622394441,NELNET SERVICING LLC,Department of Education,1717.28,8717161.616802031,8.72,318841.59645562567,36.78172588832487
3102,02,Don Bacon,Nebraska 2nd,Nebraska ,R,2104 RHOB,(202) 225-4155,agriculture|armed_services,0.0,1.0,0.0,1.0,0.0,0.0,0.0,0.0,0.0,0.0,0.0,0.0,0.0,0.0,0.0,0.0,0.0,0.0,0.0,0.0,0.0,0.0,0.0,0.0,0.0,0.0,9709,8016,227,250,25,1404799263.58,144690.4175074673,378.35,395017082.0,-5039017.46,5125439.929705826,381 CONSTRUCTORS,Department of Defense,1404.8,6188543.011365638,6.19,175249.4091292415,42.77092511013216
3103,03,Adrian Smith,Nebraska 3rd,Nebraska ,R,502 CHOB,(202) 225-6435,joint_committee_on_taxation|ways_and_means,0.0,0.0,0.0,0.0,0.0,0.0,0.0,0.0,0.0,1.0,0.0,0.0,0.0,0.0,0.0,0.0,1.0,0.0,0.0,0.0,0.0,0.0,0.0,0.0,0.0,0.0,19830,17416,219,224,25,717117976.22,36163.28674836107,526.345,26500000.0,-4731954.37,397821.0921315923,FIRE CREEK COMPANY,Department of State,717.12,3274511.3069406394,3.27,41175.81397680294,90.54794520547945
3201,01,Dina Titus,Nevada 1st,Nevada ,D,2464 RHOB,(202) 225-5965,foreign_affairs|homeland_security|transportation_and_infrastructure,0.0,0.0,0.0,0.0,0.0,1.0,1.0,0.0,0.0,0.0,0.0,1.0,0.0,0.0,0.0,0.0,0.0,0.0,0.0,0.0,0.0,0.0,0.0,0.0,0.0,0.0,2027,1084,155,179,25,365575335.48,180352.90354218057,3500.0,21213882.0,-4874426.48,1107894.6140186575,UBC NATIONAL JOB CORPS TRAINING FUND INC,Department of Labor,365.58,2358550.551483871,2.36,337246.6194464945,13.07741935483871
3202,02,Mark Amodei,Nevada 2nd,Nevada ,R,104 CHOB,(202) 225-6155,appropriations|joint_library,1.0,0.0,0.0,0.0,0.0,0.0,0.0,0.0,0.0,0.0,0.0,0.0,0.0,0.0,0.0,0.0,0.0,0.0,0.0,0.0,0.0,0.0,0.0,0.0,0.0,1.0,10379,6977,407,462,21,2311109197.77,222671.66372193853,1050.69,102491748.17,-13059604.0,2019105.1085307053,"SIERRA NEVADA COMPANY, LLC",National Aeronautics and Space Administration,2311.11,5678400.977321867,5.68,331246.83929625916,25.5012285012285
3203,03,Susie Lee,Nevada 3rd,Nevada ,D,365 CHOB,(202) 225-3252,appropriations|natural_resources,1.0,0.0,0.0,0.0,1.0,0.0,0.0,0.0,0.0,0.0,0.0,0.0,0.0,0.0,0.0,0.0,0.0,0.0,0.0,0.0,0.0,0.0,0.0,0.0,0.0,0.0,15344,12968,244,280,25,2121837516.79,138284.50969694994,34989.0,84972827.63,-12336501.34,1421154.803380345,JT4 LLC,Department of Defense,2121.84,8696055.396680327,8.7,163621.02998072177,62.885245901639344
3204,04,Steven Horsford,Nevada 4th,Nevada ,D,406 CHOB,(202) 225-9894,armed_services|financial_services,0.0,0.0,0.0,1.0,0.0,0.0,0.0,0.0,0.0,0.0,1.0,0.0,0.0,0.0,0.0,0.0,0.0,0.0,0.0,0.0,0.0,0.0,0.0,0.0,0.0,0.0,5729,4447,191,204,26,415507751.91,72527.09930354338,1230.0,52587200.0,-7443584.01,843745.5985520558,"TRADE WEST CONSTRUCTION, INC",Department of Defense,415.51,2175433.2560732984,2.18,93435.51875646504,29.994764397905758
3301,01,Chris Pappas,New Hampshire 1st,New Hampshire ,D,452 CHOB,(202) 225-5456,transportation_and_infrastructure|small_business|veterans_affairs,0.0,0.0,0.0,0.0,0.0,0.0,0.0,0.0,0.0,0.0,0.0,1.0,1.0,0.0,0.0,0.0,0.0,0.0,0.0,0.0,0.0,1.0,0.0,0.0,0.0,0.0,10252,7099,333,373,37,2137952799.56,208540.07018728054,8146.4,262939031.29,-6275601.6,3895938.9398183418,"L3 TECHNOLOGIES, INC.",Department of Defense,2137.95,6420278.677357357,6.42,301162.5298718129,30.786786786786788
3302,02,Ann Kuster,New Hampshire 2nd,New Hampshire ,D,2201 RHOB,(202) 225-5206,energy_and_commerce,0.0,0.0,0.0,0.0,0.0,0.0,0.0,0.0,1.0,0.0,0.0,0.0,0.0,0.0,0.0,0.0,0.0,0.0,0.0,0.0,0.0,0.0,0.0,0.0,0.0,0.0,9140,5413,350,400,45,3680140709.21,402641.2154496718,736.75,430849659.0,-13165000.0,5655683.228858619,BAE SYSTEMS INFORMATION & ELECTRONIC SYSTEMS INTEGRATION INC,Department of Defense,3680.14,10514687.7406,10.51,679870.8127119896,26.114285714285714
3401,01,Donald Norcross,New Jersey 1st,New Jersey ,D,2427 RHOB,(202) 225-6501,armed_services|education_and_the_workforce,0.0,0.0,0.0,1.0,0.0,0.0,0.0,1.0,0.0,0.0,0.0,0.0,0.0,0.0,0.0,0.0,0.0,0.0,0.0,0.0,0.0,0.0,0.0,0.0,0.0,0.0,12671,8546,238,281,24,1936834477.88,152855.69235892984,3300.0,58458365.0,-11588115.8,1128042.5289421524,"L3 TECHNOLOGIES, INC.",Department of Defense,1936.83,8137959.991092438,8.14,226636.37700444655,53.239495798319325
3402,02,Jefferson Van Drew,New Jersey 2nd,New Jersey ,R,2447 RHOB,(202) 225-6572,judiciary|transportation_and_infrastructure,0.0,0.0,0.0,0.0,0.0,0.0,0.0,0.0,0.0,0.0,0.0,1.0,0.0,1.0,0.0,0.0,0.0,0.0,0.0,0.0,0.0,0.0,0.0,0.0,0.0,0.0,129533,127984,196,215,17,454582479.47,3509.395130738885,396.45,20864374.85,-5741446.76,110957.93882359428,"PULLMAN SST, INC.",Department of the Interior,454.58,2319298.364642857,2.32,3551.8696045599454,660.8826530612245
3403,03,Andy Kim,New Jersey 3rd,New Jersey ,D,2444 RHOB,(202) 225-4765,armed_services|foreign_affairs|select_sub_us_china,0.0,0.0,0.0,1.0,0.0,1.0,0.0,0.0,0.0,0.0,0.0,0.0,0.0,0.0,0.0,0.0,0.0,0.0,0.0,0.0,0.0,0.0,1.0,0.0,0.0,0.0,20769,15370,336,396,35,6095378891.07,293484.46680485335,1259.28,196430910.55,-36538104.0,3570280.006692092,LOCKHEED MARTIN CORPORATION,Department of Defense,6095.38,18141008.604374997,18.14,396576.3754762524,61.8125
3404,04,Christopher Smith,New Jersey 4th,New Jersey ,R,2373 RHOB,(202) 225-3765,foreign_affairs,0.0,0.0,0.0,0.0,0.0,1.0,0.0,0.0,0.0,0.0,0.0,0.0,0.0,0.0,0.0,0.0,0.0,0.0,0.0,0.0,0.0,0.0,0.0,0.0,0.0,0.0,7628,4823,198,240,26,2536192723.37,332484.62550734135,1283.62,115270651.17,-24712000.0,3285345.4752895683,BOOZ ALLEN HAMILTON INC,Department of Veterans Affairs,2536.19,12809054.158434343,12.81,525853.7680634459,38.525252525252526
3405,05,Josh Gottheimer,New Jersey 5th,New Jersey ,D,203 CHOB,(202) 225-4465,financial_services|Intelligence,0.0,0.0,0.0,0.0,0.0,0.0,0.0,0.0,0.0,0.0,1.0,0.0,0.0,0.0,0.0,0.0,0.0,0.0,1.0,0.0,0.0,0.0,0.0,0.0,0.0,0.0,14879,13166,220,250,28,767137833.74,51558.42689293635,5338.11,192844000.0,-9267119.84,1630480.2417485737,KIEWIT INFRASTRUCTURE CO.,Department of Defense,767.14,3486990.153363636,3.49,58266.5831490202,67.63181818181818
3406,06,Frank Pallone,New Jersey 6th,New Jersey ,D,2107 RHOB,(202) 225-4671,energy_and_commerce,0.0,0.0,0.0,0.0,0.0,0.0,0.0,0.0,1.0,0.0,0.0,0.0,0.0,0.0,0.0,0.0,0.0,0.0,0.0,0.0,0.0,0.0,0.0,0.0,0.0,0.0,18989,16380,234,262,35,896075059.55,47189.16528253199,2487.96,47012773.56,-4408780.97,505738.8525641528,BOOZ ALLEN HAMILTON INC,Department of Veterans Affairs,896.08,3829380.596367521,3.83,54705.43709096459,81.14957264957265
3407,07,Thomas Kean,New Jersey 7th,New Jersey ,R,251 CHOB,(202) 225-5361,foreign_affairs|transportation_and_infrastructure|science_space_and_technology,0.0,0.0,0.0,0.0,0.0,1.0,0.0,0.0,0.0,0.0,0.0,1.0,0.0,0.0,0.0,0.0,0.0,0.0,0.0,0.0,1.0,0.0,0.0,0.0,0.0,0.0,20257,12101,299,355,49,6309717790.28,311483.3287396949,933.8,686683980.61,-241626561.0,11953440.81521069,MERCK SHARP & DOHME LLC,Department of Health and Human Services,6309.72,21102735.084548496,21.1,521421.1875283034,67.74916387959867
3408,08,Robert Menendez,New Jersey 8th,New Jersey ,D,1007 LHOB,(202) 225-7919,homeland_security|transportation_and_infrastructure,0.0,0.0,0.0,0.0,0.0,0.0,1.0,0.0,0.0,0.0,0.0,1.0,0.0,0.0,0.0,0.0,0.0,0.0,0.0,0.0,0.0,0.0,0.0,0.0,0.0,0.0,1938,1228,101,114,26,343622554.58,177307.81970072238,1355.905,27993000.0,-762694.82,1370996.9404956002,BETHEL INDUSTRIES INC,Department of Defense,343.62,3402203.510693069,3.4,279822.92718241044,19.18811881188119
3409,09,Bill Pascrell,New Jersey 9th,New Jersey ,D,2409 RHOB,(202) 225-5751,ways_and_means,0.0,0.0,0.0,0.0,0.0,0.0,0.0,0.0,0.0,1.0,0.0,0.0,0.0,0.0,0.0,0.0,0.0,0.0,0.0,0.0,0.0,0.0,0.0,0.0,0.0,0.0,101131,85034,199,215,26,818034279.4300001,8088.85781244129,73.9,41143567.0,-19197479.5,299217.4512114321,"L3HARRIS TECHNOLOGIES, INC.",Department of Defense,818.03,4110725.0222613066,4.11,9620.084665310347,508.1959798994975
3410,10,Donald Payne,New Jersey 10th,New Jersey ,D,106 CHOB,(202) 225-3436,homeland_security|transportation_and_infrastructure,0.0,0.0,0.0,0.0,0.0,0.0,1.0,0.0,0.0,0.0,0.0,1.0,0.0,0.0,0.0,0.0,0.0,0.0,0.0,0.0,0.0,0.0,0.0,0.0,0.0,0.0,179849,178158,130,141,28,624712119.72,3473.536798758959,501.5,45713700.0,-6217922.0,175510.2603783175,"DONJON MARINE CO., LLC",Department of Defense,624.71,4805477.8440000005,4.81,3506.506133432122,1383.4538461538461
3411,11,Mikie Sherrill,New Jersey 11th,New Jersey ,D,1427 LHOB,(202) 225-5034,armed_services|select_sub_us_china,0.0,0.0,0.0,1.0,0.0,0.0,0.0,0.0,0.0,0.0,0.0,0.0,0.0,0.0,0.0,0.0,0.0,0.0,0.0,0.0,0.0,0.0,1.0,0.0,0.0,0.0,719057,694838,421,488,43,3588459955.33,4990.508339853447,250.71,84971820.0,-55065963.0,255811.31274486354,BAE SYSTEMS INFORMATION AND ELECTRONIC SYSTEMS INTEGRATION INC.,Department of Defense,3588.46,8523657.851140141,8.52,5164.455535434158,1707.9738717339667
3412,12,Bonnie Watson Coleman,New Jersey 12th,New Jersey ,D,168 CHOB,(202) 225-5801,appropriations,1.0,0.0,0.0,0.0,0.0,0.0,0.0,0.0,0.0,0.0,0.0,0.0,0.0,0.0,0.0,0.0,0.0,0.0,0.0,0.0,0.0,0.0,0.0,0.0,0.0,0.0,5892,3193,310,371,44,1841936250.21,312616.47152240324,35.0,143161884.47,-6126054.0,2795861.1117290077,"MODERNA US, INC.",Department of Health and Human Services,1841.94,5941729.839387096,5.94,576866.9746977764,19.006451612903227
3501,01,Melanie Stansbury,New Mexico 1st,New Mexico ,D,1421 LHOB,(202) 225-6316,oversight_and_accountability|natural_resources,0.0,0.0,1.0,0.0,1.0,0.0,0.0,0.0,0.0,0.0,0.0,0.0,0.0,0.0,0.0,0.0,0.0,0.0,0.0,0.0,0.0,0.0,0.0,0.0,0.0,0.0,13209,6254,628,702,44,13219069527.99,1000762.3232636838,300.0,2127190866.54,-48524941.28,26478419.940822974,"NATIONAL TECHNOLOGY & ENGINEERING SOLUTIONS OF SANDIA, LLC",Department of Energy,13219.07,21049473.77068471,21.05,2113698.357529581,21.03343949044586
3502,02,Gabe Vasquez,New Mexico 2nd,New Mexico ,D,1517 LHOB,(202) 225-2365,agriculture|armed_services,0.0,1.0,0.0,1.0,0.0,0.0,0.0,0.0,0.0,0.0,0.0,0.0,0.0,0.0,0.0,0.0,0.0,0.0,0.0,0.0,0.0,0.0,0.0,0.0,0.0,0.0,8014,5228,341,380,18,722194033.81,90116.55026328923,4112.0,31064381.36,-15864760.0,737635.8221304337,SOUTHWEST RANGE SERVICES LLC,Department of Defense,722.19,2117871.0668914956,2.12,138139.6392138485,23.501466275659823
3503,03,Teresa Leger Fernandez,New Mexico 3rd,New Mexico ,D,1510 LHOB,(202) 225-6190,education_and_the_workforce|natural_resources|Rules,0.0,0.0,0.0,0.0,1.0,0.0,0.0,1.0,0.0,0.0,0.0,0.0,0.0,0.0,0.0,0.0,0.0,0.0,0.0,0.0,0.0,0.0,0.0,0.0,1.0,0.0,4610,2447,418,476,27,434542670.5,94260.88297180043,6735.0,20927534.07,-7981302.0,663439.0689852899,LAM CORPORATION,Department of Health and Human Services,434.54,1039575.7667464114,1.04,177581.80241111564,11.028708133971293
3601,01,Nick LaLota,New York 1st,New York ,R,1530 LHOB,(202) 225-3826,armed_services|homeland_security|small_business,0.0,0.0,0.0,1.0,0.0,0.0,1.0,0.0,0.0,0.0,0.0,0.0,1.0,0.0,0.0,0.0,0.0,0.0,0.0,0.0,0.0,0.0,0.0,0.0,0.0,0.0,88954,82260,276,307,26,2625429894.2,29514.466962699822,176.16,277593357.0,-3149426.0,1555987.6531814816,BROOKHAVEN SCIENCE ASSOCIATES LLC,Department of Energy,2625.43,9512427.15289855,9.51,31916.239900316068,322.2971014492754
3602,02,Andrew Garbarino,New York 2nd,New York ,R,2344 RHOB,(202) 225-7896,financial_services|homeland_security|ethics,0.0,0.0,0.0,0.0,0.0,0.0,1.0,0.0,0.0,0.0,1.0,0.0,0.0,0.0,0.0,0.0,0.0,0.0,0.0,0.0,0.0,0.0,0.0,1.0,0.0,0.0,37241,28435,395,463,20,779468196.34,20930.37771112484,1515.0,58019929.56,-57112280.69,569905.1976770888,"TWO ONE TWO NEW YORK, INC.",Department of Health and Human Services,779.47,1973337.2059240506,1.97,27412.280511341658,94.28101265822785
3603,03,George Santos,New York 3rd,New York ,R,1117 LHOB,(202) 225-3335,0,0.0,0.0,0.0,0.0,0.0,0.0,0.0,0.0,0.0,0.0,0.0,0.0,0.0,0.0,0.0,0.0,0.0,0.0,0.0,0.0,0.0,0.0,0.0,0.0,0.0,,34265,29233,252,288,33,1331157351.51,38848.893959141984,392.45,42621837.0,-7826006.3,452595.1292247192,"E.W. HOWELL CO., LLC",Department of Defense,1331.16,5282370.4425,5.28,45536.11847945815,135.97222222222223
3604,04,Anthony D'Esposito,New York 4th,New York ,R,1508 LHOB,(202) 225-5516,house_administration|homeland_security|transportation_and_infrastructure,0.0,0.0,0.0,0.0,0.0,0.0,1.0,0.0,0.0,0.0,0.0,1.0,0.0,0.0,0.0,0.0,0.0,1.0,0.0,0.0,0.0,0.0,0.0,0.0,0.0,0.0,5073,3350,138,140,24,695992860.87,137195.5176167948,454.8,44749743.0,-1595375.0,1380238.2981921374,LOCKHEED MARTIN CORPORATION,Department of Defense,695.99,5043426.528043479,5.04,207759.06294626865,36.76086956521739
3605,05,Gregory Meeks,New York 5th,New York ,D,2310 RHOB,(202) 225-3461,financial_services|foreign_affairs,0.0,0.0,0.0,0.0,0.0,1.0,0.0,0.0,0.0,0.0,1.0,0.0,0.0,0.0,0.0,0.0,0.0,0.0,0.0,0.0,0.0,0.0,0.0,0.0,0.0,0.0,536,332,46,56,17,30214267.990000002,56369.90296641792,674.23,1956041.32,-234973.44,205095.67670923087,PURVIS SYSTEMS INC,Department of Health and Human Services,30.21,656831.912826087,0.66,91006.83129518073,11.652173913043478
3606,06,Grace Meng,New York 6th,New York ,D,2209 RHOB,(202) 225-2601,appropriations,1.0,0.0,0.0,0.0,0.0,0.0,0.0,0.0,0.0,0.0,0.0,0.0,0.0,0.0,0.0,0.0,0.0,0.0,0.0,0.0,0.0,0.0,0.0,0.0,0.0,0.0,586,424,49,58,18,12011630.74,20497.663378839592,829.98,1900000.0,-268675.0,124135.61488141856,"AEROCINE VENTURES, INC.",Department of Defense,12.01,245135.3212244898,0.25,28329.31778301887,11.959183673469388
3607,07,Nydia Velazquez,New York 7th,New York ,D,2302 RHOB,(202) 225-2361,financial_services|natural_resources|small_business,0.0,0.0,0.0,0.0,1.0,0.0,0.0,0.0,0.0,0.0,1.0,0.0,1.0,0.0,0.0,0.0,0.0,0.0,0.0,0.0,0.0,0.0,0.0,0.0,0.0,0.0,11899,10303,159,177,23,232452805.13,19535.4908084713,357.44,12658441.0,-16000000.0,300551.7042425001,FOS DEVELOPMENT CORP,Department of Defense,232.45,1461967.3278616352,1.46,22561.662149859265,74.83647798742139
3608,08,Hakeem Jeffries,New York 8th,New York ,D,2433 RHOB,(202) 225-5936,0,0.0,0.0,0.0,0.0,0.0,0.0,0.0,0.0,0.0,0.0,0.0,0.0,0.0,0.0,0.0,0.0,0.0,0.0,0.0,0.0,0.0,0.0,0.0,0.0,0.0,,42270,40416,43,51,23,83296866.55,1970.590644665247,181.5,2435920.0,-456000.0,20719.435774765523,PRIME RIV LLC,Department of Homeland Security,83.3,1937136.4313953489,1.94,2060.987394843626,983.0232558139535
3609,09,Yvette Clarke,New York 9th,New York ,D,2058 RHOB,(202) 225-6231,homeland_security|energy_and_commerce,0.0,0.0,0.0,0.0,0.0,0.0,1.0,0.0,1.0,0.0,0.0,0.0,0.0,0.0,0.0,0.0,0.0,0.0,0.0,0.0,0.0,0.0,0.0,0.0,0.0,0.0,1620,939,77,90,22,33845284.45,20892.15089506173,137.72,1882393.0,-464398.0,90752.66627312731,FOCUS CAMERA LLC,Department of Defense,33.85,439549.14870129875,0.44,36043.96640042599,21.038961038961038
3610,10,Daniel Goldman,New York 10th,New York ,D,245 CHOB,(202) 225-7944,select_subcommittee_on_the_weaponization_of_the_fed_govt|oversight_and_accountability|homeland_security,0.0,0.0,1.0,0.0,0.0,0.0,1.0,0.0,0.0,0.0,0.0,0.0,0.0,0.0,0.0,1.0,0.0,0.0,0.0,0.0,0.0,0.0,0.0,0.0,0.0,0.0,7483,4118,435,507,48,3020037306.0,403586.43672323937,218.05,500811292.5,-379472866.6,10362261.841252832,PFIZER INC,Department of Health and Human Services,3020.04,6942614.496551724,6.94,733374.770762506,17.202298850574714
3611,11,Nicole Malliotakis,New York 11th,New York ,R,351 CHOB,(202) 225-3371,select_subcommittee_on_the_coronavirus_pandemic|ways_and_means,0.0,0.0,0.0,0.0,0.0,0.0,0.0,0.0,0.0,1.0,0.0,0.0,0.0,0.0,0.0,0.0,0.0,0.0,0.0,1.0,0.0,0.0,0.0,0.0,0.0,0.0,739,323,61,68,18,48278152.18,65329.028660351825,0.0,5784000.0,-263176.0,334885.5395917199,SYNTHESIS INC,General Services Administration,48.28,791445.117704918,0.79,149467.96340557275,12.114754098360656
3612,12,Jerrold Nadler,New York 12th,New York ,D,2132 RHOB,(202) 225-5635,judiciary,0.0,0.0,0.0,0.0,0.0,0.0,0.0,0.0,0.0,0.0,0.0,0.0,0.0,1.0,0.0,0.0,0.0,0.0,0.0,0.0,0.0,0.0,0.0,0.0,0.0,0.0,142547,126305,792,982,56,4602149732.8,32285.139166730973,119.0,388957123.0,-253961809.18,2058919.3962473464,TURNER CONSTRUCTION COMPANY,Department of Defense,4602.15,5810795.117171718,5.81,36436.79769446974,179.98358585858585
3613,13,Adriano Espaillat,New York 13th,New York ,D,2332 RHOB,(202) 225-4365,appropriations|budget,1.0,0.0,0.0,0.0,0.0,0.0,0.0,0.0,0.0,0.0,0.0,0.0,0.0,0.0,1.0,0.0,0.0,0.0,0.0,0.0,0.0,0.0,0.0,0.0,0.0,0.0,1270,491,65,76,27,1200048494.65,944920.0745275591,31.735,62298955.1,-6947598.84,4342546.708063165,ERNST & YOUNG LLP,Department of Defense,1200.05,18462284.533076923,18.46,2444090.620468432,19.53846153846154
3614,14,Alexandria Ocasio-Cortez,New York 14th,New York ,D,250 CHOB,(202) 225-3965,oversight_and_accountability|natural_resources,0.0,0.0,1.0,0.0,1.0,0.0,0.0,0.0,0.0,0.0,0.0,0.0,0.0,0.0,0.0,0.0,0.0,0.0,0.0,0.0,0.0,0.0,0.0,0.0,0.0,0.0,4831,4215,53,58,17,352173865.74,72898.75092941421,149.45,146778932.0,-1030605.12,2857118.8079197006,SKANSKA USA CIVIL NORTHEAST INC,Department of Defense,352.17,6644789.919622642,6.64,83552.51856227758,91.15094339622641
3615,15,Ritchie Torres,New York 15th,New York ,D,1414 LHOB,(202) 225-4361,financial_services|select_sub_us_china,0.0,0.0,0.0,0.0,0.0,0.0,0.0,0.0,0.0,0.0,1.0,0.0,0.0,0.0,0.0,0.0,0.0,0.0,0.0,0.0,0.0,0.0,1.0,0.0,0.0,0.0,1102,799,41,46,15,45869394.63,41623.770081669696,5359.139999999999,9305480.0,-202282.4,326851.2834522948,"JOHNSON SECURITY BUREAU, INC",Department of Homeland Security,45.87,1118765.7226829268,1.12,57408.50391739675,26.878048780487806
3616,16,Jamaal Bowman,New York 16th,New York ,D,345 CHOB,(202) 225-2464,education_and_the_workforce|science_space_and_technology,0.0,0.0,0.0,0.0,0.0,0.0,0.0,1.0,0.0,0.0,0.0,0.0,0.0,0.0,0.0,0.0,0.0,0.0,0.0,0.0,1.0,0.0,0.0,0.0,0.0,0.0,17882,16211,165,181,31,1025991150.0600001,57375.637515937815,499.9,326475498.0,-116695946.82,2804783.199388081,REGENERON PHARMACEUTICALS INC,Department of Health and Human Services,1025.99,6218128.182181818,6.22,63289.81247671335,108.37575757575758
3617,17,Michael Lawler,New York 17th,New York ,R,1013 LHOB,(202) 225-6506,financial_services|foreign_affairs,0.0,0.0,0.0,0.0,0.0,1.0,0.0,0.0,0.0,0.0,1.0,0.0,0.0,0.0,0.0,0.0,0.0,0.0,0.0,0.0,0.0,0.0,0.0,0.0,0.0,0.0,29963,27355,209,225,27,627535950.91,20943.695588225477,388.42,69329590.6,-3426882.45,519152.4577001601,INTERNATIONAL BUSINESS MACHINES CORPORATION,Department of Veterans Affairs,627.54,3002564.3584210523,3.0,22940.447849022115,143.36363636363637
3618,18,Patrick Ryan,New York 18th,New York ,D,1030 LHOB,(202) 225-5614,armed_services|transportation_and_infrastructure,0.0,0.0,0.0,1.0,0.0,0.0,0.0,0.0,0.0,0.0,0.0,1.0,0.0,0.0,0.0,0.0,0.0,0.0,0.0,0.0,0.0,0.0,0.0,0.0,0.0,0.0,11832,10581,181,194,23,257312211.85999998,21747.14434246112,109.75,17661081.0,-2954476.74,301867.0830744633,OCS INDUSTRIES INC,Department of Veterans Affairs,257.31,1421614.4301657458,1.42,24318.326420943198,65.37016574585635
3619,19,Marcus Molinaro,New York 19th,New York ,R,1207 LHOB,(202) 225-5441,agriculture|transportation_and_infrastructure|small_business,0.0,1.0,0.0,0.0,0.0,0.0,0.0,0.0,0.0,0.0,0.0,1.0,1.0,0.0,0.0,0.0,0.0,0.0,0.0,0.0,0.0,0.0,0.0,0.0,0.0,0.0,8969,5880,158,177,25,3479512078.54,387948.720987847,68.4,379577128.0,-56912534.44,8097532.431839682,LOCKHEED MARTIN CORPORATION,Department of Defense,3479.51,22022228.345189873,22.02,591753.7548537415,56.765822784810126
3620,20,Paul Tonko,New York 20th,New York ,D,2369 RHOB,(202) 225-5076,energy_and_commerce|science_space_and_technology,0.0,0.0,0.0,0.0,0.0,0.0,0.0,0.0,1.0,0.0,0.0,0.0,0.0,0.0,0.0,0.0,0.0,0.0,0.0,0.0,1.0,0.0,0.0,0.0,0.0,0.0,6423,4494,271,304,21,478016296.65,74422.59016814572,1530.0,28316696.0,-2300000.0,568590.4622749046,"GE MEDICAL SYSTEMS INFORMATION TECHNOLOGIES, INC.",Department of Health and Human Services,478.02,1763897.7736162362,1.76,106367.66725634178,23.70110701107011
3621,21,Elise Stefanik,New York 21st,New York ,R,2211 RHOB,(202) 225-4611,armed_services|education_and_the_workforce|select_subcommittee_on_the_weaponization_of_the_fed_govt|Intelligence,0.0,0.0,0.0,1.0,0.0,0.0,0.0,1.0,0.0,0.0,0.0,0.0,0.0,0.0,0.0,1.0,0.0,0.0,1.0,0.0,0.0,0.0,0.0,0.0,0.0,0.0,1752,1125,187,197,23,106512754.74,60794.95133561644,4794.855,11241000.0,-924723.54,340450.0934250522,VMJR COMPANIES LLC,Department of Defense,106.51,569586.9237433155,0.57,94678.00421333333,9.368983957219251
3622,22,Brandon Williams,New York 22nd,New York ,R,1022 LHOB,(202) 225-3701,education_and_the_workforce|transportation_and_infrastructure|science_space_and_technology,0.0,0.0,0.0,0.0,0.0,0.0,0.0,1.0,0.0,0.0,0.0,1.0,0.0,0.0,0.0,0.0,0.0,0.0,0.0,0.0,1.0,0.0,0.0,0.0,0.0,0.0,26844,19857,301,357,35,8393601253.78,312680.72022723884,1391.73,343967457.08,-178500045.0,4662590.497440809,LOCKHEED MARTIN CORPORATION,Department of Defense,8393.6,27885718.451096345,27.89,422702.3847398902,89.1827242524917
3623,23,Nicholas Langworthy,New York 23rd,New York ,R,1630 LHOB,(202) 225-3161,agriculture|oversight_and_accountability|Rules,0.0,1.0,1.0,0.0,0.0,0.0,0.0,0.0,0.0,0.0,0.0,0.0,0.0,0.0,0.0,0.0,0.0,0.0,0.0,0.0,0.0,0.0,0.0,0.0,1.0,0.0,8752,6189,183,200,21,742721109.24,84863.01522394881,363.0,50141526.06,-32783068.81,1175345.9763209994,"SENECA STRATEGIC PARTNERS, LLC",Department of the Interior,742.72,4058585.296393443,4.06,120006.64230731945,47.82513661202186
3624,24,Claudia Tenney,New York 24th,New York ,R,2349 RHOB,(202) 225-3665,science_space_and_technology|ways_and_means,0.0,0.0,0.0,0.0,0.0,0.0,0.0,0.0,0.0,1.0,0.0,0.0,0.0,0.0,0.0,0.0,0.0,0.0,0.0,0.0,1.0,0.0,0.0,0.0,0.0,0.0,11859,10371,201,221,21,405770083.55,34216.21414537482,185.48,48290991.81,-34429305.95,759267.6895846112,LITE COMS LLC,Department of Defense,405.77,2018756.6345771146,2.02,39125.45401118504,59.0
3625,25,Joseph Morelle,New York 25th,New York ,D,570 CHOB,(202) 225-3615,appropriations|house_administration|joint_library,1.0,0.0,0.0,0.0,0.0,0.0,0.0,0.0,0.0,0.0,0.0,0.0,0.0,0.0,0.0,0.0,0.0,1.0,0.0,0.0,0.0,0.0,0.0,0.0,0.0,1.0,14429,11485,257,299,28,4615624114.41,319885.239060919,2510.97,234056440.03,-9110837.0,4479659.913958665,"L3HARRIS GLOBAL COMMUNICATIONS, INC.",Department of Defense,4615.62,17959626.904319067,17.96,401882.81361863296,56.143968871595334
3626,26,Brian Higgins,New York 26th,New York ,D,2269 RHOB,(202) 225-3306,budget|ways_and_means,0.0,0.0,0.0,0.0,0.0,0.0,0.0,0.0,0.0,1.0,0.0,0.0,0.0,0.0,1.0,0.0,0.0,0.0,0.0,0.0,0.0,0.0,0.0,0.0,0.0,0.0,31590,29787,297,326,38,1218694197.5,38578.4804526749,386.595,180000000.0,-6045825.19,1229787.9310477274,"SEVENSON ENVIRONMENTAL SERVICES, INC.",Department of Defense,1218.69,4103347.466329966,4.1,40913.62666599523,106.36363636363636
3701,01,Donald Davis,North Carolina 1st,North Carolina ,D,1123 LHOB,(202) 225-3101,agriculture|armed_services,0.0,1.0,0.0,1.0,0.0,0.0,0.0,0.0,0.0,0.0,0.0,0.0,0.0,0.0,0.0,0.0,0.0,0.0,0.0,0.0,0.0,0.0,0.0,0.0,0.0,0.0,83297,81719,135,153,20,473901813.03000003,5689.302292159382,82.5,13169708.64,-4973866.74,138169.80987653442,"VALIANT SOLUTIONS, LLC",Department of Education,473.9,3510383.800222222,3.51,5799.163144801087,617.0148148148148
3702,02,Deborah Ross,North Carolina 2nd,North Carolina ,D,1221 LHOB,(202) 225-3032,judiciary|ethics|science_space_and_technology|select_subcommittee_on_the_coronavirus_pandemic,0.0,0.0,0.0,0.0,0.0,0.0,0.0,0.0,0.0,0.0,0.0,0.0,0.0,1.0,0.0,0.0,0.0,0.0,0.0,1.0,1.0,0.0,0.0,1.0,0.0,0.0,16779,13568,410,469,41,883389602.3100001,52648.52507956375,3368.57,24491594.07,-17420349.74,420508.6987676383,"DUKE ENERGY PROGRESS, LLC",Department of Defense,883.39,2154608.7861219514,2.15,65108.31384949882,40.92439024390244
3703,03,Gregory Murphy,North Carolina 3rd,North Carolina ,R,407 CHOB,(202) 225-3415,house_administration|veterans_affairs|ways_and_means,0.0,0.0,0.0,0.0,0.0,0.0,0.0,0.0,0.0,1.0,0.0,0.0,0.0,0.0,0.0,0.0,0.0,1.0,0.0,0.0,0.0,1.0,0.0,0.0,0.0,0.0,18523,16756,236,265,17,859154740.1899999,46383.13125249689,616.04,20363660.18,-3012103.11,550647.6748179611,"DSC-EMI MAINTENANCE SOLUTIONS, LLC",Department of Defense,859.15,3640486.1872457624,3.64,51274.453341489614,78.48728813559322
3704,04,Valerie Foushee,North Carolina 4th,North Carolina ,D,1716 LHOB,(202) 225-1784,transportation_and_infrastructure|science_space_and_technology,0.0,0.0,0.0,0.0,0.0,0.0,0.0,0.0,0.0,0.0,0.0,1.0,0.0,0.0,0.0,0.0,0.0,0.0,0.0,0.0,1.0,0.0,0.0,0.0,0.0,0.0,114651,106971,305,354,35,5055384306.45,44093.67826229165,339.8,324500000.0,-25294800.0,2055522.784273305,THALLE CONSTRUCTION CO INC,Department of Defense,5055.38,16575030.512950819,16.58,47259.39092324088,375.9049180327869
3705,05,Virginia Foxx,North Carolina 5th,North Carolina ,R,2462 RHOB,(202) 225-2071,education_and_the_workforce|oversight_and_accountability,0.0,0.0,1.0,0.0,0.0,0.0,0.0,1.0,0.0,0.0,0.0,0.0,0.0,0.0,0.0,0.0,0.0,0.0,0.0,0.0,0.0,0.0,0.0,0.0,0.0,0.0,4994,4094,122,145,26,286751739.15999997,57419.250933119736,483.41999999999996,36638243.26,-1230008.89,732129.5907046872,WINSTON-SALEM INDUSTRIES FOR THE BLIND INC,Department of Defense,286.75,2350424.0914754095,2.35,70041.94898876404,40.9344262295082
3706,06,Kathy Manning,North Carolina 6th,North Carolina ,D,307 CHOB,(202) 225-3065,education_and_the_workforce|foreign_affairs,0.0,0.0,0.0,0.0,0.0,1.0,0.0,1.0,0.0,0.0,0.0,0.0,0.0,0.0,0.0,0.0,0.0,0.0,0.0,0.0,0.0,0.0,0.0,0.0,0.0,0.0,70476,69350,187,216,25,420446885.3,5965.816523355469,271.78,27853464.0,-6568783.43,191024.3004732531,CENTRAL LAKE ARMOR EXPRESS INC,Department of Defense,420.45,2248379.065775401,2.25,6062.6803936553715,376.8770053475936
3707,07,David Rouzer,North Carolina 7th,North Carolina ,R,2333 RHOB,(202) 225-2731,agriculture|transportation_and_infrastructure,0.0,1.0,0.0,0.0,0.0,0.0,0.0,0.0,0.0,0.0,0.0,1.0,0.0,0.0,0.0,0.0,0.0,0.0,0.0,0.0,0.0,0.0,0.0,0.0,0.0,0.0,13677,10995,299,336,24,963172823.83,70422.81376252102,2033.28,126485055.0,-23597169.19,1576363.722901883,PPD DEVELOPMENT LP,Department of Health and Human Services,963.17,3221313.7920735786,3.22,87600.98443201455,45.74247491638796
3708,08,Dan Bishop,North Carolina 8th,North Carolina ,R,2459 RHOB,(202) 225-1976,select_subcommittee_on_the_weaponization_of_the_fed_govt|homeland_security|judiciary,0.0,0.0,0.0,0.0,0.0,0.0,1.0,0.0,0.0,0.0,0.0,0.0,0.0,1.0,0.0,1.0,0.0,0.0,0.0,0.0,0.0,0.0,0.0,0.0,0.0,0.0,4994,4367,104,118,23,165636298.33,33167.0601381658,285.0,12880696.0,-5770148.8,308077.918386311,CIRCOR PUMPS NORTH AMERICA LLC,Department of Defense,165.64,1592656.7147115385,1.59,37929.081367071216,48.01923076923077
3709,09,Richard Hudson,North Carolina 9th,North Carolina ,R,2112 RHOB,(202) 225-3715,energy_and_commerce,0.0,0.0,0.0,0.0,0.0,0.0,0.0,0.0,1.0,0.0,0.0,0.0,0.0,0.0,0.0,0.0,0.0,0.0,0.0,0.0,0.0,0.0,0.0,0.0,0.0,0.0,5853,4152,190,210,23,407940728.92,69697.71551682898,1915.2,21913881.17,-3352457.19,469523.3842855719,VALIANT GOVERNMENT SERVICES LLC,Department of Defense,407.94,2147056.468,2.15,98251.62064547207,30.805263157894736
3710,10,Patrick McHenry,North Carolina 10th,North Carolina ,R,2134 RHOB,(202) 225-2576,financial_services,0.0,0.0,0.0,0.0,0.0,0.0,0.0,0.0,0.0,0.0,1.0,0.0,0.0,0.0,0.0,0.0,0.0,0.0,0.0,0.0,0.0,0.0,0.0,0.0,0.0,0.0,2481,1631,158,174,16,291064575.77,117317.44287384118,391.5,51075625.0,-814241.06,1121271.665399025,HEALTH SUPPLY US LLC,Department of Health and Human Services,291.06,1842180.8593037974,1.84,178457.74112201104,15.70253164556962
3711,11,Chuck Edwards,North Carolina 11th,North Carolina ,R,1505 LHOB,(202) 225-6401,budget|oversight_and_accountability|transportation_and_infrastructure,0.0,0.0,1.0,0.0,0.0,0.0,0.0,0.0,0.0,0.0,0.0,1.0,0.0,0.0,1.0,0.0,0.0,0.0,0.0,0.0,0.0,0.0,0.0,0.0,0.0,0.0,4917,3014,241,266,34,715568967.82,145529.58466951395,1575.0,30259448.35,-15928647.04,1066097.4295828086,EPSILON INC,Department of Defense,715.57,2969165.841576764,2.97,237415.05236230924,20.402489626556015
3712,12,Alma Adams,North Carolina 12th,North Carolina ,D,2436 RHOB,(202) 225-1510,agriculture|education_and_the_workforce,0.0,1.0,0.0,0.0,0.0,0.0,0.0,1.0,0.0,0.0,0.0,0.0,0.0,0.0,0.0,0.0,0.0,0.0,0.0,0.0,0.0,0.0,0.0,0.0,0.0,0.0,106577,101454,141,160,26,452110684.04,4242.103681282078,318.26,81623642.48,-2843873.34,263504.7468208701,ANDRITZ HYDRO CORP,Department of Defense,452.11,3206458.752056738,3.21,4456.312063003923,755.8652482269504
3713,13,Wiley Nickel,North Carolina 13th,North Carolina ,D,1133 LHOB,(202) 225-4531,financial_services,0.0,0.0,0.0,0.0,0.0,0.0,0.0,0.0,0.0,0.0,1.0,0.0,0.0,0.0,0.0,0.0,0.0,0.0,0.0,0.0,0.0,0.0,0.0,0.0,0.0,0.0,8054,6238,236,255,28,852884444.13,105895.75914204122,4066.76,121407470.0,-3092861.69,2029810.0770043354,SEQIRUS INC,Department of Health and Human Services,852.88,3613917.1361440676,3.61,136724.02118146842,34.1271186440678
3714,14,Jeff Jackson,North Carolina 14th,North Carolina ,D,1318 LHOB,(202) 225-5634,armed_services|science_space_and_technology,0.0,0.0,0.0,1.0,0.0,0.0,0.0,0.0,0.0,0.0,0.0,0.0,0.0,0.0,0.0,0.0,0.0,0.0,0.0,0.0,1.0,0.0,0.0,0.0,0.0,0.0,4894,3188,274,328,28,806490959.21,164791.7775255415,3474.365,207849000.0,-186860713.0,4996017.4176981,THE LANE CONSTRUCTION CORPORATION,Department of Defense,806.49,2943397.6613503653,2.94,252977.08883626098,17.861313868613138
3800,00,Kelly Armstrong,North Dakota ,North Dakota ,R,2235 RHOB,(202) 225-2611,select_subcommittee_on_the_weaponization_of_the_fed_govt|oversight_and_accountability|energy_and_commerce,0.0,0.0,1.0,0.0,0.0,0.0,0.0,0.0,1.0,0.0,0.0,0.0,0.0,0.0,0.0,1.0,0.0,0.0,0.0,0.0,0.0,0.0,0.0,0.0,0.0,0.0,13031,10446,477,533,23,1231362034.15,94494.82266518303,1431.35,56221881.0,-29275622.22,1362594.1088519779,"NORIDIAN HEALTHCARE SOLUTIONS, LLC",Department of Health and Human Services,1231.36,2581471.7697064993,2.58,117878.80855351331,27.31865828092243
3901,01,Greg Landsman,Ohio 1st,Ohio ,D,1432 LHOB,(202) 225-2216,small_business|veterans_affairs,0.0,0.0,0.0,0.0,0.0,0.0,0.0,0.0,0.0,0.0,0.0,0.0,1.0,0.0,0.0,0.0,0.0,0.0,0.0,0.0,0.0,1.0,0.0,0.0,0.0,0.0,15194,11331,308,345,40,3963089883.18,260832.55779781492,2337.6,266685208.0,-100000000.0,4854363.57224056,GENERAL ELECTRIC COMPANY,Department of Defense,3963.09,12867174.94538961,12.87,349756.41012973257,49.33116883116883
3902,02,Brad Wenstrup,Ohio 2nd,Ohio ,R,2335 RHOB,(202) 225-3164,Intelligence|select_subcommittee_on_the_coronavirus_pandemic|ways_and_means,0.0,0.0,0.0,0.0,0.0,0.0,0.0,0.0,0.0,1.0,0.0,0.0,0.0,0.0,0.0,0.0,0.0,0.0,1.0,1.0,0.0,0.0,0.0,0.0,0.0,0.0,5529,4575,120,127,13,1688177544.33,305331.44227346714,2567.16,149415237.18,-12360065.82,4349359.539972044,AIR TRANSPORT INTERNATIONAL INC,Department of Defense,1688.18,14068146.20275,14.07,369000.5561377049,46.075
3903,03,Joyce Beatty,Ohio 3rd,Ohio ,D,2079 RHOB,(202) 225-4324,financial_services,0.0,0.0,0.0,0.0,0.0,0.0,0.0,0.0,0.0,0.0,1.0,0.0,0.0,0.0,0.0,0.0,0.0,0.0,0.0,0.0,0.0,0.0,0.0,0.0,0.0,0.0,10297,6455,286,307,31,13237113739.84,1285531.1003049433,2468.0,3022389954.76,-15684981.07,40442022.5423977,"TRIAD NATIONAL SECURITY, LLC",Department of Energy,13237.11,46283614.474965036,46.28,2050676.0247622,36.00349650349651
3904,04,Jim Jordan,Ohio 4th,Ohio ,R,2056 RHOB,(202) 225-2676,select_subcommittee_on_the_weaponization_of_the_fed_govt|oversight_and_accountability|judiciary,0.0,0.0,1.0,0.0,0.0,0.0,0.0,0.0,0.0,0.0,0.0,0.0,0.0,1.0,0.0,1.0,0.0,0.0,0.0,0.0,0.0,0.0,0.0,0.0,0.0,0.0,5250,4034,159,175,20,356053223.58,67819.66163428572,2673.0,61236000.0,-800000.0,1020889.9511280729,"AZURE MEDICAL, INC.",Department of Health and Human Services,356.05,2239328.450188679,2.24,88263.06980168566,33.0188679245283
3905,05,Robert Latta,Ohio 5th,Ohio ,R,2467 RHOB,(202) 225-6405,energy_and_commerce,0.0,0.0,0.0,0.0,0.0,0.0,0.0,0.0,1.0,0.0,0.0,0.0,0.0,0.0,0.0,0.0,0.0,0.0,0.0,0.0,0.0,0.0,0.0,0.0,0.0,0.0,3226,2147,101,112,14,1306369748.52,404950.32502169866,7709.5,24692405.33,-22409320.75,2057447.9976891843,CONCORDANCE HEALTHCARE SOLUTIONS LLC,Department of Veterans Affairs,1306.37,12934353.945742574,12.93,608462.8544573823,31.940594059405942
3906,06,Bill Johnson,Ohio 6th,Ohio ,R,2082 RHOB,(202) 225-5705,energy_and_commerce,0.0,0.0,0.0,0.0,0.0,0.0,0.0,0.0,1.0,0.0,0.0,0.0,0.0,0.0,0.0,0.0,0.0,0.0,0.0,0.0,0.0,0.0,0.0,0.0,0.0,0.0,2687,2121,123,130,21,147800983.8,55005.94856717529,5020.0,7999400.0,-1159554.58,294478.32420460484,QBS INC,Department of Defense,147.8,1201634.0146341464,1.2,69684.57510608205,21.84552845528455
3907,07,Max Miller,Ohio 7th,Ohio ,R,143 CHOB,(202) 225-3876,agriculture|science_space_and_technology,0.0,1.0,0.0,0.0,0.0,0.0,0.0,0.0,0.0,0.0,0.0,0.0,0.0,0.0,0.0,0.0,0.0,0.0,0.0,0.0,1.0,0.0,0.0,0.0,0.0,0.0,9082,6570,287,320,24,1333571087.55,146836.7196157234,3850.0,327568914.0,-32000000.0,4744345.839188605,"ICON GOVERNMENT AND PUBLIC HEALTH SOLUTIONS, INC.",Department of Health and Human Services,1333.57,4646589.15522648,4.65,202978.8565525114,31.644599303135887
3908,08,Warren Davidson,Ohio 8th,Ohio ,R,2113 RHOB,(202) 225-6205,financial_services|foreign_affairs,0.0,0.0,0.0,0.0,0.0,1.0,0.0,0.0,0.0,0.0,1.0,0.0,0.0,0.0,0.0,0.0,0.0,0.0,0.0,0.0,0.0,0.0,0.0,0.0,0.0,0.0,5900,4036,169,190,35,1628829807.81,276072.84878135595,2232.17,57717317.5,-6232650.0,2108886.501810059,CFM INTERNATIONAL INC,Department of Defense,1628.83,9638046.200059172,9.64,403575.2744821605,34.9112426035503
3909,09,Marcy Kaptur,Ohio 9th,Ohio ,D,2186 RHOB,(202) 225-4146,appropriations,1.0,0.0,0.0,0.0,0.0,0.0,0.0,0.0,0.0,0.0,0.0,0.0,0.0,0.0,0.0,0.0,0.0,0.0,0.0,0.0,0.0,0.0,0.0,0.0,0.0,0.0,1946,1171,151,154,19,338089475.87,173735.59911099693,119.56,32967075.0,-21022219.37,1288547.5054025366,ACCIONA CMS PHILIPPINES LLC,Department of Defense,338.09,2239003.1514569535,2.24,288718.59596071736,12.887417218543046
3910,10,Michael Turner,Ohio 10th,Ohio ,R,2183 RHOB,(202) 225-6465,armed_services|oversight_and_accountability|Intelligence,0.0,0.0,1.0,1.0,0.0,0.0,0.0,0.0,0.0,0.0,0.0,0.0,0.0,0.0,0.0,0.0,0.0,0.0,1.0,0.0,0.0,0.0,0.0,0.0,0.0,0.0,72065,61275,455,553,49,5726101402.42,79457.4537212239,412.35,42428541.44,-8938409.23,657926.1387412301,JJR SOLUTIONS LLC,Department of Defense,5726.1,12584838.247076923,12.58,93449.22729367606,158.3846153846154
3911,11,Shontel Brown,Ohio 11th,Ohio ,D,449 CHOB,(202) 225-7032,agriculture|oversight_and_accountability|select_sub_us_china,0.0,1.0,1.0,0.0,0.0,0.0,0.0,0.0,0.0,0.0,0.0,0.0,0.0,0.0,0.0,0.0,0.0,0.0,0.0,0.0,0.0,0.0,1.0,0.0,0.0,0.0,6779,4426,275,305,26,642586669.3,94790.77582239268,1097.36,48821744.82,-2962891.84,1036666.7873553424,"URS FEDERAL SERVICES INTERNATIONAL, INC",Department of Defense,642.59,2336678.7974545453,2.34,145184.51633529144,24.650909090909092
3912,12,Troy Balderson,Ohio 12th,Ohio ,R,2429 RHOB,(202) 225-5355,energy_and_commerce,0.0,0.0,0.0,0.0,0.0,0.0,0.0,0.0,1.0,0.0,0.0,0.0,0.0,0.0,0.0,0.0,0.0,0.0,0.0,0.0,0.0,0.0,0.0,0.0,0.0,0.0,1500,796,112,123,17,908835198.74,605890.1324933333,0.0,164482582.0,-3842265.0,5745262.11353484,IMT DEFENSE CORP,Department of Defense,908.84,8114599.9887500005,8.11,1141752.762236181,13.392857142857142
3913,13,Emilia Sykes,Ohio 13th,Ohio ,D,1217 LHOB,(202) 225-6265,transportation_and_infrastructure|science_space_and_technology,0.0,0.0,0.0,0.0,0.0,0.0,0.0,0.0,0.0,0.0,0.0,1.0,0.0,0.0,0.0,0.0,0.0,0.0,0.0,0.0,1.0,0.0,0.0,0.0,0.0,0.0,6713,4469,207,221,26,329810683.06,49130.14793088038,3528.63,27664477.28,-490417.84,413288.3880821332,MEGGITT AIRCRAFT BRAKING SYSTEMS CORPORATION,Department of Defense,329.81,1593288.3239613527,1.59,73799.66056388454,32.429951690821255
3914,14,David Joyce,Ohio 14th,Ohio ,R,2065 RHOB,(202) 225-5731,appropriations|ethics,1.0,0.0,0.0,0.0,0.0,0.0,0.0,0.0,0.0,0.0,0.0,0.0,0.0,0.0,0.0,0.0,0.0,0.0,0.0,0.0,0.0,0.0,0.0,1.0,0.0,0.0,10987,9017,212,226,21,448895263.49,40856.94579867116,720.6,54964162.0,-1833142.76,611439.8746656723,"RMI TITANIUM COMPANY, LLC",Department of Defense,448.9,2117430.4881603774,2.12,49783.216534324056,51.825471698113205
3915,15,Mike Carey,Ohio 15th,Ohio ,R,1433 LHOB,(202) 225-2015,house_administration|joint_library|ways_and_means,0.0,0.0,0.0,0.0,0.0,0.0,0.0,0.0,0.0,1.0,0.0,0.0,0.0,0.0,0.0,0.0,0.0,1.0,0.0,0.0,0.0,0.0,0.0,0.0,0.0,1.0,26267,24029,222,245,34,1038994158.68,39555.11320973084,229.57,34653480.0,-3302670.0,539332.1459519806,GOODRICH CORPORATION,Department of Defense,1038.99,4680153.8679279275,4.68,43239.17594073827,118.31981981981981
4001,01,Kevin Hern,Oklahoma 1st,Oklahoma ,R,1019 LHOB,(202) 225-2211,ways_and_means,0.0,0.0,0.0,0.0,0.0,0.0,0.0,0.0,0.0,1.0,0.0,0.0,0.0,0.0,0.0,0.0,0.0,0.0,0.0,0.0,0.0,0.0,0.0,0.0,0.0,0.0,18274,11612,346,419,26,4034771496.18,220793.01172047717,852.2,122077465.72,-207904560.41,2593910.5799625157,PATRIOT TEAM,Department of Defense,4034.77,11661189.295317918,11.66,347465.68172407855,52.8150289017341
4002,02,Josh Brecheen,Oklahoma 2nd,Oklahoma ,R,1208 LHOB,(202) 225-2701,budget|homeland_security,0.0,0.0,0.0,0.0,0.0,0.0,1.0,0.0,0.0,0.0,0.0,0.0,0.0,0.0,1.0,0.0,0.0,0.0,0.0,0.0,0.0,0.0,0.0,0.0,0.0,0.0,6930,4942,261,279,17,471415230.83,68025.28583405483,2740.54,21800787.51,-3387248.36,548511.4696699359,CHOCTAW DEFENSE SERVICES INC,Department of Homeland Security,471.42,1806188.6238697318,1.81,95389.56512140833,26.551724137931036
4003,03,Frank Lucas,Oklahoma 3rd,Oklahoma ,R,2405 RHOB,(202) 225-5565,agriculture|financial_services|science_space_and_technology,0.0,1.0,0.0,0.0,0.0,0.0,0.0,0.0,0.0,0.0,1.0,0.0,0.0,0.0,0.0,0.0,0.0,0.0,0.0,0.0,1.0,0.0,0.0,0.0,0.0,0.0,16121,12698,347,383,26,1299124310.04,80585.8389702872,1196.62,36473887.0,-2153790.0,694761.1636739642,SGS LLC,Department of Defense,1299.12,3743874.0923342938,3.74,102309.36446999527,46.45821325648415
4004,04,Tom Cole,Oklahoma 4th,Oklahoma ,R,2207 RHOB,(202) 225-6165,appropriations|Rules,1.0,0.0,0.0,0.0,0.0,0.0,0.0,0.0,0.0,0.0,0.0,0.0,0.0,0.0,0.0,0.0,0.0,0.0,0.0,0.0,0.0,0.0,0.0,0.0,1.0,0.0,7936,3805,298,323,23,4758790131.45,599645.9339024697,408.555,140000000.0,-8085367.48,4278548.035361488,THE BOEING COMPANY,Department of Defense,4758.79,15969094.400838926,15.97,1250667.5772536136,26.630872483221477
4005,05,Stephanie Bice,Oklahoma 5th,Oklahoma ,R,2437 RHOB,(202) 225-2132,appropriations|budget|house_administration|science_space_and_technology,1.0,0.0,0.0,0.0,0.0,0.0,0.0,0.0,0.0,0.0,0.0,0.0,0.0,0.0,1.0,0.0,0.0,1.0,0.0,0.0,1.0,0.0,0.0,0.0,0.0,0.0,14303,10581,365,427,24,1536379522.83,107416.5925211494,3438.98,27581947.73,-2991587.12,784565.4816606621,DEPARTMENT OF REHABILITATION SERVICES,Department of Defense,1536.38,4209258.966657534,4.21,145201.73167280975,39.18630136986302
4101,01,Suzanne Bonamici,Oregon 1st,Oregon ,D,2231 RHOB,(202) 225-0855,education_and_the_workforce|science_space_and_technology,0.0,0.0,0.0,0.0,0.0,0.0,0.0,1.0,0.0,0.0,0.0,0.0,0.0,0.0,0.0,0.0,0.0,0.0,0.0,0.0,1.0,0.0,0.0,0.0,0.0,0.0,6642,3921,337,386,42,1177374554.54,177262.0527762722,2816.915,57905600.0,-5749490.08,1317379.2795195559,"IDENTITY THEFT GUARD SOLUTIONS, INC.",Office of Personnel Management,1177.37,3493693.0401780414,3.49,300274.05114511604,19.70919881305638
4102,02,Cliff Bentz,Oregon 2nd,Oregon ,R,409 CHOB,(202) 225-6730,natural_resources|judiciary,0.0,0.0,0.0,0.0,1.0,0.0,0.0,0.0,0.0,0.0,0.0,0.0,0.0,1.0,0.0,0.0,0.0,0.0,0.0,0.0,0.0,0.0,0.0,0.0,0.0,0.0,16202,11031,945,1038,19,987060532.68,60922.14125910381,12845.4,13075520.0,-5129736.25,264913.7326736761,WARM SPRINGS CONSTRUCTION ENTERPRISE,Department of Agriculture,987.06,1044508.5001904762,1.04,89480.60308947512,17.144973544973546
4103,03,Earl Blumenauer,Oregon 3rd,Oregon ,D,1111 LHOB,(202) 225-4811,budget|ways_and_means,0.0,0.0,0.0,0.0,0.0,0.0,0.0,0.0,0.0,1.0,0.0,0.0,0.0,0.0,1.0,0.0,0.0,0.0,0.0,0.0,0.0,0.0,0.0,0.0,0.0,0.0,6028,4516,272,289,24,1275204586.51,211546.87898307896,373.385,135735137.0,-29181597.61,3318500.6435644203,VIGOR MARINE LLC,Department of Defense,1275.2,4688252.156286765,4.69,282374.7977214349,22.16176470588235
4104,04,Val Hoyle,Oregon 4th,Oregon ,D,1620 LHOB,(202) 225-6416,natural_resources|transportation_and_infrastructure,0.0,0.0,0.0,0.0,1.0,0.0,0.0,0.0,0.0,0.0,0.0,1.0,0.0,0.0,0.0,0.0,0.0,0.0,0.0,0.0,0.0,0.0,0.0,0.0,0.0,0.0,5775,3507,488,532,23,506695078.2,87739.40748051948,10293.9,33203279.7,-1014104.42,685496.3974034686,T1-RJS JOINT VENTURE LLC,General Services Administration,506.7,1038309.5864754098,1.04,144481.0602224123,11.834016393442623
4105,05,Lori Chavez-DeRemer,Oregon 5th,Oregon ,R,1722 LHOB,(202) 225-5711,agriculture|education_and_the_workforce|transportation_and_infrastructure,0.0,1.0,0.0,0.0,0.0,0.0,0.0,1.0,0.0,0.0,0.0,1.0,0.0,0.0,0.0,0.0,0.0,0.0,0.0,0.0,0.0,0.0,0.0,0.0,0.0,0.0,4698,2916,358,390,23,951879739.94,202613.82289059175,9744.575,61451667.0,-6576838.09,2133561.8745205435,VIGOR WORKS LLC,Department of Defense,951.88,2658881.955139665,2.66,326433.38132373116,13.12290502793296
4106,06,Andrea Salinas,Oregon 6th,Oregon ,D,109 CHOB,(202) 225-5643,agriculture|science_space_and_technology,0.0,1.0,0.0,0.0,0.0,0.0,0.0,0.0,0.0,0.0,0.0,0.0,0.0,0.0,0.0,0.0,0.0,0.0,0.0,0.0,1.0,0.0,0.0,0.0,0.0,0.0,26220,23864,348,384,27,984401544.42,37543.91855148741,726.9100000000001,41330850.0,-2053928.77,520793.88439432054,"IDENTITY THEFT GUARD SOLUTIONS, INC.",Office of Personnel Management,984.4,2828740.0701724137,2.83,41250.48375879986,75.34482758620689
4201,01,Brian Fitzpatrick,Pennsylvania 1st,Pennsylvania ,R,271 CHOB,(202) 225-4276,Intelligence|ways_and_means,0.0,0.0,0.0,0.0,0.0,0.0,0.0,0.0,0.0,1.0,0.0,0.0,0.0,0.0,0.0,0.0,0.0,0.0,1.0,0.0,0.0,0.0,0.0,0.0,0.0,0.0,62569,53338,375,426,28,1747216080.39,27924.62849638,861.0,67368000.0,-17515514.13,600834.5335978072,ACTION MANUFACTURING COMPANY,Department of Defense,1747.22,4659242.88104,4.66,32757.435231729727,166.85066666666665
4202,02,Brendan Boyle,Pennsylvania 2nd,Pennsylvania ,D,1502 LHOB,(202) 225-6111,budget,0.0,0.0,0.0,0.0,0.0,0.0,0.0,0.0,0.0,0.0,0.0,0.0,0.0,0.0,1.0,0.0,0.0,0.0,0.0,0.0,0.0,0.0,0.0,0.0,0.0,0.0,11633,9996,153,176,28,727200838.14,62511.89187140032,290.0,191986091.51,-1800000.0,1906510.301012475,INSPIRITEC INC,General Services Administration,727.2,4752946.654509804,4.75,72749.18348739496,76.0326797385621
4203,03,Dwight Evans,Pennsylvania 3rd,Pennsylvania ,D,1105 LHOB,(202) 225-4001,ways_and_means,0.0,0.0,0.0,0.0,0.0,0.0,0.0,0.0,0.0,1.0,0.0,0.0,0.0,0.0,0.0,0.0,0.0,0.0,0.0,0.0,0.0,0.0,0.0,0.0,0.0,0.0,5438,2827,224,256,42,670049227.08,123216.11384332475,4372.75,14688039.36,-2344428.01,533587.5104279239,PHILADELPHIA MACARONI COMPANY,Department of Agriculture,670.05,2991291.1923214286,2.99,237017.76691899542,24.276785714285715
4204,04,Madeleine Dean,Pennsylvania 4th,Pennsylvania ,D,150 CHOB,(202) 225-4731,foreign_affairs|judiciary,0.0,0.0,0.0,0.0,0.0,1.0,0.0,0.0,0.0,0.0,0.0,0.0,0.0,1.0,0.0,0.0,0.0,0.0,0.0,0.0,0.0,0.0,0.0,0.0,0.0,0.0,534942,528329,406,460,40,12286104076.56,22967.170415783392,1398.95,119280294.0,-15424391.12,388578.7773100755,TIMKEN GEARS & SERVICES INC.,Department of Defense,12286.1,30261340.09004926,30.26,23254.64639752881,1317.5911330049262
4205,05,Mary Scanlon,Pennsylvania 5th,Pennsylvania ,D,1227 LHOB,(202) 225-2011,judiciary|Rules,0.0,0.0,0.0,0.0,0.0,0.0,0.0,0.0,0.0,0.0,0.0,0.0,0.0,1.0,0.0,0.0,0.0,0.0,0.0,0.0,0.0,0.0,0.0,0.0,1.0,0.0,57457,52964,317,364,32,3735435651.62,65012.71649442191,194.92,396755001.0,-14843000.0,2765952.017595035,THE BOEING COMPANY,Department of Defense,3735.44,11783708.680189274,11.78,70527.82364662789,181.25236593059938
4206,06,Chrissy Houlahan,Pennsylvania 6th,Pennsylvania ,D,1727 LHOB,(202) 225-4315,armed_services|Intelligence,0.0,0.0,0.0,1.0,0.0,0.0,0.0,0.0,0.0,0.0,0.0,0.0,0.0,0.0,0.0,0.0,0.0,0.0,1.0,0.0,0.0,0.0,0.0,0.0,0.0,0.0,517158,511566,339,399,33,5766665301.25,11150.683739302109,1017.635,522837996.34,-15066891.44,1079049.4044714407,WESTON SOLUTIONS INC,Department of Defense,5766.67,17010812.098082595,17.01,11272.573433828675,1525.5398230088495
4207,07,Susan Wild,Pennsylvania 7th,Pennsylvania ,D,1027 LHOB,(202) 225-6411,education_and_the_workforce|foreign_affairs|ethics,0.0,0.0,0.0,0.0,0.0,1.0,0.0,1.0,0.0,0.0,0.0,0.0,0.0,0.0,0.0,0.0,0.0,0.0,0.0,0.0,0.0,0.0,0.0,1.0,0.0,0.0,5463,3112,177,196,22,981494792.87,179662.23556104704,1250.0,81417084.15,-30875951.0,1771209.9295524203,MACK DEFENSE LLC,Department of Defense,981.49,5545168.321299435,5.55,315390.3576060411,30.864406779661017
4208,08,Matt Cartwright,Pennsylvania 8th,Pennsylvania ,D,2102 RHOB,(202) 225-5546,appropriations,1.0,0.0,0.0,0.0,0.0,0.0,0.0,0.0,0.0,0.0,0.0,0.0,0.0,0.0,0.0,0.0,0.0,0.0,0.0,0.0,0.0,0.0,0.0,0.0,0.0,0.0,49147,47743,176,191,17,4363044227.16,88775.39274340244,227.37,595563471.64,-43187148.0,4274773.182791931,SANOFI VACCINES US INC.,Department of Health and Human Services,4363.04,24790024.017954543,24.79,91386.05087991957,279.2443181818182
4209,09,Daniel Meuser,Pennsylvania 9th,Pennsylvania ,R,350 CHOB,(202) 225-6511,financial_services|small_business,0.0,0.0,0.0,0.0,0.0,0.0,0.0,0.0,0.0,0.0,1.0,0.0,1.0,0.0,0.0,0.0,0.0,0.0,0.0,0.0,0.0,0.0,0.0,0.0,0.0,0.0,3713,3162,133,149,16,144432843.35,38899.23063560463,258.4,9372044.0,-1675041.14,332845.36923677375,STELLANT SYSTEMS INC,Department of Defense,144.43,1085961.2281954887,1.09,45677.6860689437,27.917293233082706
4210,10,Scott Perry,Pennsylvania 10th,Pennsylvania ,R,2160 RHOB,(202) 225-5836,foreign_affairs|oversight_and_accountability|transportation_and_infrastructure,0.0,0.0,1.0,0.0,0.0,1.0,0.0,0.0,0.0,0.0,0.0,1.0,0.0,0.0,0.0,0.0,0.0,0.0,0.0,0.0,0.0,0.0,0.0,0.0,0.0,0.0,24909,20977,331,357,30,6821028808.76,273837.9223878919,365.68,754335634.0,-33199196.31,8576671.093041431,BAE SYSTEMS LAND & ARMAMENTS L.P.,Department of Defense,6821.03,20607337.79081571,20.61,325167.03097487724,75.25377643504531
4211,11,Lloyd Smucker,Pennsylvania 11th,Pennsylvania ,R,302 CHOB,(202) 225-2411,budget|education_and_the_workforce|ways_and_means,0.0,0.0,0.0,0.0,0.0,0.0,0.0,1.0,0.0,1.0,0.0,0.0,0.0,0.0,1.0,0.0,0.0,0.0,0.0,0.0,0.0,0.0,0.0,0.0,0.0,0.0,2904,1725,176,192,24,346096059.63,119179.0838946281,1743.6599999999999,14805528.22,-824499.0,654369.3294265313,SECHAN ELECTRONICS INC,Department of Defense,346.1,1966454.8842613637,1.97,200635.39688695653,16.5
4212,12,Summer Lee,Pennsylvania 12th,Pennsylvania ,D,243 CHOB,(202) 225-2135,oversight_and_accountability|science_space_and_technology,0.0,0.0,1.0,0.0,0.0,0.0,0.0,0.0,0.0,0.0,0.0,0.0,0.0,0.0,0.0,0.0,0.0,0.0,0.0,0.0,1.0,0.0,0.0,0.0,0.0,0.0,7951,5166,309,371,28,6438384688.900001,809757.8529618917,4455.0,876608528.0,-9265724.0,20532849.10003144,"BECHTEL PLANT MACHINERY, INC.",Department of Defense,6438.38,20836196.40420712,20.84,1246299.784920635,25.73139158576052
4213,13,John Joyce,Pennsylvania 13th,Pennsylvania ,R,152 CHOB,(202) 225-2431,energy_and_commerce|select_subcommittee_on_the_coronavirus_pandemic,0.0,0.0,0.0,0.0,0.0,0.0,0.0,0.0,1.0,0.0,0.0,0.0,0.0,0.0,0.0,0.0,0.0,0.0,0.0,1.0,0.0,0.0,0.0,0.0,0.0,0.0,11662,9118,220,236,26,1086857463.07,93196.48971617217,1553.94,54103158.3,-1648005.13,985526.1765598122,LAUREL TECHNOLOGIES PARTNERSHIP,Department of Defense,1086.86,4940261.195772727,4.94,119199.10759706075,53.00909090909091
4214,14,Guy Reschenthaler,Pennsylvania 14th,Pennsylvania ,R,342 CHOB,(202) 225-2065,appropriations|Rules,1.0,0.0,0.0,0.0,0.0,0.0,0.0,0.0,0.0,0.0,0.0,0.0,0.0,0.0,0.0,0.0,0.0,0.0,0.0,0.0,0.0,0.0,0.0,0.0,1.0,0.0,4101,2594,194,197,22,319660867.15,77947.05368202877,4331.12,9197165.0,-1575253.8,454947.3995621937,NATIONAL CENTER FOR DEFENSE MANUFACTURING AND MACHINING,Department of Defense,319.66,1647736.4286082473,1.65,123230.86628758673,21.13917525773196
4215,15,Glenn Thompson,Pennsylvania 15th,Pennsylvania ,R,400 CHOB,(202) 225-5121,agriculture|education_and_the_workforce,0.0,1.0,0.0,0.0,0.0,0.0,0.0,1.0,0.0,0.0,0.0,0.0,0.0,0.0,0.0,0.0,0.0,0.0,0.0,0.0,0.0,0.0,0.0,0.0,0.0,0.0,5417,4047,209,228,20,809245845.15,149390.03971755583,155.4,38647168.0,-3167847.0,944247.3094463143,THE PENNSYLVANIA STATE UNIVERSITY,Department of Defense,809.25,3871989.6897129184,3.87,199961.90885841363,25.91866028708134
4216,16,Mike Kelly,Pennsylvania 16th,Pennsylvania ,R,1707 LHOB,(202) 225-5406,ways_and_means,0.0,0.0,0.0,0.0,0.0,0.0,0.0,0.0,0.0,1.0,0.0,0.0,0.0,0.0,0.0,0.0,0.0,0.0,0.0,0.0,0.0,0.0,0.0,0.0,0.0,0.0,7446,4867,226,242,24,757093859.68,101677.92904646789,442.0,40266044.0,-1620383.86,887227.8686303897,ERIE FORGE & STEEL INC,Department of Defense,757.09,3349972.8304424775,3.35,155556.57688103552,32.94690265486726
4217,17,Christopher Deluzio,Pennsylvania 17th,Pennsylvania ,D,1222 LHOB,(202) 225-2301,armed_services|veterans_affairs,0.0,0.0,0.0,1.0,0.0,0.0,0.0,0.0,0.0,0.0,0.0,0.0,0.0,0.0,0.0,0.0,0.0,0.0,0.0,0.0,0.0,1.0,0.0,0.0,0.0,0.0,63279,60367,353,396,31,1753680051.71,27713.460258695617,247.05,44314587.0,-10307436.93,600710.4188755748,CURTISS-WRIGHT ELECTRO-MECHANICAL CORPORATION,Department of Defense,1753.68,4967932.157818697,4.97,29050.309800221978,179.26062322946174
4401,01,Gabe Amo,Rhode Island 1st,Rhode Island ,D,2233 RHOB,(202) 225-4911,0,0.0,0.0,0.0,0.0,0.0,0.0,0.0,0.0,0.0,0.0,0.0,0.0,0.0,0.0,0.0,0.0,0.0,0.0,0.0,0.0,0.0,0.0,0.0,0.0,0.0,,8963,6523,202,235,23,841673639.17,93905.34856298113,122.6,120773016.68,-85000000.0,1684543.6689333606,"CVS PHARMACY, INC",Department of Health and Human Services,841.67,4166701.184009901,4.17,129031.67854821401,44.37128712871287
4402,02,Seth Magaziner,Rhode Island 2nd,Rhode Island ,D,1218 LHOB,(202) 225-2735,homeland_security|natural_resources,0.0,0.0,0.0,0.0,1.0,0.0,1.0,0.0,0.0,0.0,0.0,0.0,0.0,0.0,0.0,0.0,0.0,0.0,0.0,0.0,0.0,0.0,0.0,0.0,0.0,0.0,5998,4901,225,242,24,452082339.59999996,75372.18066022007,325.7,63839170.0,-2816897.15,1155075.8749571112,GILBANE-EXYTE A JOINT VENTURE,Department of Defense,452.08,2009254.8426666665,2.01,92242.87688226892,26.657777777777778
4501,01,Nancy Mace,South Carolina 1st,South Carolina ,R,1728 LHOB,(202) 225-3176,armed_services|oversight_and_accountability|veterans_affairs,0.0,0.0,1.0,1.0,0.0,0.0,0.0,0.0,0.0,0.0,0.0,0.0,0.0,0.0,0.0,0.0,0.0,0.0,0.0,0.0,0.0,1.0,0.0,0.0,0.0,0.0,6617,4170,292,334,29,5221152778.33,789051.3493017984,2680.0,855600000.0,-8103142.0,16259095.221912745,ADVANCED TECHNOLOGY INTERNATIONAL,Department of Health and Human Services,5221.15,17880660.199760273,17.88,1252075.006793765,22.660958904109588
4502,02,Joe Wilson,South Carolina 2nd,South Carolina ,R,1436 LHOB,(202) 225-2452,armed_services|education_and_the_workforce|foreign_affairs,0.0,0.0,0.0,1.0,0.0,1.0,0.0,1.0,0.0,0.0,0.0,0.0,0.0,0.0,0.0,0.0,0.0,0.0,0.0,0.0,0.0,0.0,0.0,0.0,0.0,0.0,151848,150369,195,206,21,7580259891.01,49920.05091282072,500.08,1746291822.45,-1706082904.55,8245670.575501397,SAVANNAH RIVER NUCLEAR SOLUTIONS LLC,Department of Energy,7580.26,38873127.64620513,38.87,50411.054745393005,778.7076923076924
4503,03,Jeff Duncan,South Carolina 3rd,South Carolina ,R,2229 RHOB,(202) 225-5301,energy_and_commerce,0.0,0.0,0.0,0.0,0.0,0.0,0.0,0.0,1.0,0.0,0.0,0.0,0.0,0.0,0.0,0.0,0.0,0.0,0.0,0.0,0.0,0.0,0.0,0.0,0.0,0.0,1532,1047,94,106,14,168760130.44,110156.74310704961,6200.360000000001,22983723.0,-444339.0,992842.5726112438,"CHANDLER CONSTRUCTION SERVICES, INC.",Department of Defense,168.76,1795320.5365957445,1.8,161184.46078319006,16.29787234042553
4504,04,William Timmons,South Carolina 4th,South Carolina ,R,267 CHOB,(202) 225-6030,financial_services|oversight_and_accountability,0.0,0.0,1.0,0.0,0.0,0.0,0.0,0.0,0.0,0.0,1.0,0.0,0.0,0.0,0.0,0.0,0.0,0.0,0.0,0.0,0.0,0.0,0.0,0.0,0.0,0.0,16658,14465,172,203,32,7981794831.62,479156.8514599592,300.02,1536076436.0,-50000000.0,15711837.98674321,"FLUOR MARINE PROPULSION, LLC",Department of Energy,7981.79,46405783.90476744,46.41,551800.5414185966,96.84883720930233
4505,05,Ralph Norman,South Carolina 5th,South Carolina ,R,569 CHOB,(202) 225-5501,financial_services|budget|Rules,0.0,0.0,0.0,0.0,0.0,0.0,0.0,0.0,0.0,0.0,1.0,0.0,0.0,0.0,1.0,0.0,0.0,0.0,0.0,0.0,0.0,0.0,0.0,0.0,1.0,0.0,3417,2460,119,129,23,171086490.21,50069.209894644424,901.6,23463149.0,-456930.36,533829.1700334327,"MSI-DEFENCE SYSTEMS US, LLC",Department of Defense,171.09,1437701.5984033614,1.44,69547.35374390244,28.714285714285715
4506,06,James Clyburn,South Carolina 6th,South Carolina ,D,274 CHOB,(202) 225-3315,0,0.0,0.0,0.0,0.0,0.0,0.0,0.0,0.0,0.0,0.0,0.0,0.0,0.0,0.0,0.0,0.0,0.0,0.0,0.0,0.0,0.0,0.0,0.0,0.0,0.0,,9875,5974,373,436,26,2469997487.17,250126.32781468355,797.92,127805769.0,-55924189.63,2414609.396808861,"PALMETTO GBA, LLC",Department of Health and Human Services,2470.0,6621977.177399464,6.62,413457.8987562772,26.474530831099194
4507,07,Russell Fry,South Carolina 7th,South Carolina ,R,1626 LHOB,(202) 225-9895,oversight_and_accountability|judiciary,0.0,0.0,1.0,0.0,0.0,0.0,0.0,0.0,0.0,0.0,0.0,0.0,0.0,1.0,0.0,0.0,0.0,0.0,0.0,0.0,0.0,0.0,0.0,0.0,0.0,0.0,4788,4059,108,121,23,648506982.33,135444.23189849625,1495.505,130230000.0,-4986385.92,2920217.221042185,"SO-PAK-CO, INC",Department of Defense,648.51,6004694.280833334,6.0,159770.13607538803,44.333333333333336
4600,00,Dusty Johnson,South Dakota ,South Dakota ,R,1714 LHOB,(202) 225-2801,agriculture|transportation_and_infrastructure|select_sub_us_china,0.0,1.0,0.0,0.0,0.0,0.0,0.0,0.0,0.0,0.0,0.0,1.0,0.0,0.0,0.0,0.0,0.0,0.0,0.0,0.0,0.0,0.0,1.0,0.0,0.0,0.0,13113,8882,682,758,50,1319379974.99,100616.18050713032,7466.72,23720000.0,-6090245.6,573118.589306509,"R.C.S. CONSTRUCTION, INC.",Department of the Interior,1319.38,1934574.7433870968,1.93,148545.36984800722,19.227272727272727
4701,01,Diana Harshbarger,Tennessee 1st,Tennessee ,R,167 CHOB,(202) 225-6356,energy_and_commerce,0.0,0.0,0.0,0.0,0.0,0.0,0.0,0.0,1.0,0.0,0.0,0.0,0.0,0.0,0.0,0.0,0.0,0.0,0.0,0.0,0.0,0.0,0.0,0.0,0.0,0.0,1264,704,111,124,20,841014999.52,665359.9679746835,5082.0,69701980.77,-4032000.0,3528126.07096575,BAE SYSTEMS ORDNANCE SYSTEMS INC.,Department of Defense,841.01,7576711.707387387,7.58,1194623.5788636364,11.387387387387387
4702,02,Tim Burchett,Tennessee 2nd,Tennessee ,R,1122 LHOB,(202) 225-5435,foreign_affairs|oversight_and_accountability|transportation_and_infrastructure,0.0,0.0,1.0,0.0,0.0,1.0,0.0,0.0,0.0,0.0,0.0,1.0,0.0,0.0,0.0,0.0,0.0,0.0,0.0,0.0,0.0,0.0,0.0,0.0,0.0,0.0,7072,4685,238,256,27,1156033066.3,163466.2141261312,1346.55,54552972.93,-12790368.73,1487320.3235570644,EDFINANCIAL SERVICES LLC,Department of Education,1156.03,4857281.79117647,4.86,246751.98853788685,29.714285714285715
4703,03,Charles Fleischmann,Tennessee 3rd,Tennessee ,R,2187 RHOB,(202) 225-3271,appropriations|science_space_and_technology,1.0,0.0,0.0,0.0,0.0,0.0,0.0,0.0,0.0,0.0,0.0,0.0,0.0,0.0,0.0,0.0,0.0,0.0,0.0,0.0,1.0,0.0,0.0,0.0,0.0,0.0,9379,4746,239,258,23,3439017827.07,366672.1214489818,2802.96,71671392.25,-13471528.68,2105656.5985356164,"OAK RIDGE ASSOCIATED UNIVERSITIES, INCORPORATED",Department of Energy,3439.02,14389195.92916318,14.39,724613.9542920354,39.24267782426778
4704,04,Scott DesJarlais,Tennessee 4th,Tennessee ,R,2304 RHOB,(202) 225-6831,agriculture|armed_services,0.0,1.0,0.0,1.0,0.0,0.0,0.0,0.0,0.0,0.0,0.0,0.0,0.0,0.0,0.0,0.0,0.0,0.0,0.0,0.0,0.0,0.0,0.0,0.0,0.0,0.0,5338,2168,114,126,15,5136725662.23,962294.0543705507,3309.57,110978800.0,-25585961.51,5331528.020795308,IDAHO ENVIRONMENTAL COALITION LLC,Department of Energy,5136.73,45058997.03710526,45.06,2369338.405087638,46.824561403508774
4705,05,Andrew Ogles,Tennessee 5th,Tennessee ,R,151 CHOB,(202) 225-4311,financial_services,0.0,0.0,0.0,0.0,0.0,0.0,0.0,0.0,0.0,0.0,1.0,0.0,0.0,0.0,0.0,0.0,0.0,0.0,0.0,0.0,0.0,0.0,0.0,0.0,0.0,0.0,9291,7354,148,174,22,1458906388.08,157023.61296738777,12630.34,107890314.0,-6319318.02,1905004.5436244668,"CORECIVIC, INC.",Department of Justice,1458.91,9857475.595135134,9.86,198382.70166983953,62.777027027027025
4706,06,John Rose,Tennessee 6th,Tennessee ,R,2238 RHOB,(202) 225-4231,agriculture|financial_services,0.0,1.0,0.0,0.0,0.0,0.0,0.0,0.0,0.0,0.0,1.0,0.0,0.0,0.0,0.0,0.0,0.0,0.0,0.0,0.0,0.0,0.0,0.0,0.0,0.0,0.0,2699,1351,149,164,21,677179480.91,250900.14113004814,1534.5,63203872.0,-10164261.0,2637761.533275843,"CGS ADMINISTRATORS, LLC",Department of Health and Human Services,677.18,4544828.730939597,4.54,501243.1390895633,18.114093959731544
4707,07,Mark Green,Tennessee 7th,Tennessee ,R,2446 RHOB,(202) 225-2811,foreign_affairs|homeland_security,0.0,0.0,0.0,0.0,0.0,1.0,1.0,0.0,0.0,0.0,0.0,0.0,0.0,0.0,0.0,0.0,0.0,0.0,0.0,0.0,0.0,0.0,0.0,0.0,0.0,0.0,10140,7388,256,285,22,1640035914.5,161739.24206114397,4664.860000000001,54427998.16,-17820742.45,1341815.7591258439,"BOEING SIKORSKY AIRCRAFT SUPPORT, LLC",Department of Defense,1640.04,6406390.291015625,6.41,221986.45296426638,39.609375
4708,08,David Kustoff,Tennessee 8th,Tennessee ,R,560 CHOB,(202) 225-4714,ways_and_means,0.0,0.0,0.0,0.0,0.0,0.0,0.0,0.0,0.0,1.0,0.0,0.0,0.0,0.0,0.0,0.0,0.0,0.0,0.0,0.0,0.0,0.0,0.0,0.0,0.0,0.0,2073,1381,135,148,19,478687680.3,230915.42706222867,11846.13,30347517.0,-6790875.0,1369011.9833807077,"SOUTHERN CONTRACTING, LLC",Department of Defense,478.69,3545834.668888889,3.55,346623.95387400436,15.355555555555556
4709,09,Steve Cohen,Tennessee 9th,Tennessee ,D,2268 RHOB,(202) 225-3265,judiciary|transportation_and_infrastructure,0.0,0.0,0.0,0.0,0.0,0.0,0.0,0.0,0.0,0.0,0.0,1.0,0.0,1.0,0.0,0.0,0.0,0.0,0.0,0.0,0.0,0.0,0.0,0.0,0.0,0.0,33898,28925,181,210,33,1324765203.8000002,39080.92524042717,134.78,134204380.43,-654561465.17,4919762.309498343,FEDERAL EXPRESS CORPORATION,Department of Defense,1324.77,7319144.772375692,7.32,45800.00704580813,187.28176795580112
4801,01,Nathaniel Moran,Texas 1st,Texas ,R,1541 LHOB,(202) 225-3035,education_and_the_workforce|foreign_affairs|judiciary,0.0,0.0,0.0,0.0,0.0,1.0,0.0,1.0,0.0,0.0,0.0,0.0,0.0,1.0,0.0,0.0,0.0,0.0,0.0,0.0,0.0,0.0,0.0,0.0,0.0,0.0,7729,7163,148,160,17,240382361.12,31101.353489455298,256.41,25818351.66,-2231574.0,475252.421641235,ALTECH INC,Department of Defense,240.38,1624205.1427027027,1.62,33558.89447438224,52.222972972972975
4802,02,Dan Crenshaw,Texas 2nd,Texas ,R,248 CHOB,(202) 225-6565,energy_and_commerce|Intelligence,0.0,0.0,0.0,0.0,0.0,0.0,0.0,0.0,1.0,0.0,0.0,0.0,0.0,0.0,0.0,0.0,0.0,0.0,1.0,0.0,0.0,0.0,0.0,0.0,0.0,0.0,1465,892,118,142,19,469907051.9,320755.66682593856,767.8,29289279.6,-7171881.67,2165279.8367569614,EXXON MOBIL CORPORATION,Department of Defense,469.91,3982263.1516949153,3.98,526801.6276905829,12.415254237288135
4803,03,Keith Self,Texas 3rd,Texas ,R,1113 LHOB,(202) 225-4201,foreign_affairs|veterans_affairs,0.0,0.0,0.0,0.0,0.0,1.0,0.0,0.0,0.0,0.0,0.0,0.0,0.0,0.0,0.0,0.0,0.0,0.0,0.0,0.0,0.0,1.0,0.0,0.0,0.0,0.0,4763,2481,162,179,23,4953982198.12,1040097.0392861641,570.0,236713656.83,-9880147.0,7080733.701049566,RAYTHEON COMPANY,Department of Defense,4953.98,30580137.0254321,30.58,1996768.3184683595,29.401234567901234
4804,04,Pat Fallon,Texas 4th,Texas ,R,2416 RHOB,(202) 225-6673,armed_services|oversight_and_accountability,0.0,0.0,1.0,1.0,0.0,0.0,0.0,0.0,0.0,0.0,0.0,0.0,0.0,0.0,0.0,0.0,0.0,0.0,0.0,0.0,0.0,0.0,0.0,0.0,0.0,0.0,3505,2169,214,236,25,760804747.23,217062.69535805992,2362.08,51921490.0,-30471629.84,2177819.7674864214,L3HARRIS TECHNOLOGIES INTEGRATED SYSTEMS L.P.,Department of Defense,760.8,3555162.3702336447,3.56,350762.9078976487,16.378504672897197
4805,05,Lance Gooden,Texas 5th,Texas ,R,2431 RHOB,(202) 225-3484,judiciary|transportation_and_infrastructure,0.0,0.0,0.0,0.0,0.0,0.0,0.0,0.0,0.0,0.0,0.0,1.0,0.0,1.0,0.0,0.0,0.0,0.0,0.0,0.0,0.0,0.0,0.0,0.0,0.0,0.0,846,567,69,78,16,340253717.64000005,402191.1556028369,546.0,202931644.86,-6196169.52,7256780.432795168,"GENERAL DYNAMICS ORDNANCE & TACTICAL SYSTEMS, INC.",Department of Defense,340.25,4931213.299130435,4.93,600094.7401058202,12.26086956521739
4806,06,Jake Ellzey,Texas 6th,Texas ,R,1721 LHOB,(202) 225-2002,appropriations|small_business,1.0,0.0,0.0,0.0,0.0,0.0,0.0,0.0,0.0,0.0,0.0,0.0,1.0,0.0,0.0,0.0,0.0,0.0,0.0,0.0,0.0,0.0,0.0,0.0,0.0,0.0,17851,10986,171,186,20,19997261505.63,1120232.004124699,1333.0,1047972071.68,-42000000.0,28590938.10951223,MCKESSON CORPORATION,Department of Veterans Affairs,19997.26,116943049.74052632,116.94,1820249.5453877663,104.39181286549707
4807,07,Lizzie Fletcher,Texas 7th,Texas ,D,346 CHOB,(202) 225-2571,energy_and_commerce,0.0,0.0,0.0,0.0,0.0,0.0,0.0,0.0,1.0,0.0,0.0,0.0,0.0,0.0,0.0,0.0,0.0,0.0,0.0,0.0,0.0,0.0,0.0,0.0,0.0,0.0,10397,7245,255,274,39,3569054410.16,343277.33097624313,1200.0,126000000.0,-41623060.57,4199768.2863283325,"VETERANS EVALUATION SERVICES, INC",Department of Veterans Affairs,3569.05,13996291.80454902,14.0,492623.1069924085,40.772549019607844
4808,08,Morgan Luttrell,Texas 8th,Texas ,R,1320 LHOB,(202) 225-4901,armed_services|homeland_security|veterans_affairs,0.0,0.0,0.0,1.0,0.0,0.0,1.0,0.0,0.0,0.0,0.0,0.0,0.0,0.0,0.0,0.0,0.0,0.0,0.0,0.0,0.0,1.0,0.0,0.0,0.0,0.0,3356,2339,160,175,23,814954020.78,242834.92871871273,867.2049999999999,72560681.0,-16421489.97,2189006.251596525,"COTTON COMMERCIAL USA, INC.",Department of Homeland Security,814.95,5093462.629875,5.09,348419.84642154764,20.975
4809,09,Al Green,Texas 9th,Texas ,D,2347 RHOB,(202) 225-7508,financial_services,0.0,0.0,0.0,0.0,0.0,0.0,0.0,0.0,0.0,0.0,1.0,0.0,0.0,0.0,0.0,0.0,0.0,0.0,0.0,0.0,0.0,0.0,0.0,0.0,0.0,0.0,25434,23242,197,221,21,514497543.6,20228.73097428639,110.64,21354991.0,-3321925.81,315130.83656529227,PIKA-INSIGHT JV LLC,Department of Defense,514.5,2611662.6578680202,2.61,22136.543481628087,129.10659898477158
4810,10,Michael McCaul,Texas 10th,Texas ,R,2300 RHOB,(202) 225-2401,foreign_affairs|homeland_security,0.0,0.0,0.0,0.0,0.0,1.0,1.0,0.0,0.0,0.0,0.0,0.0,0.0,0.0,0.0,0.0,0.0,0.0,0.0,0.0,0.0,0.0,0.0,0.0,0.0,0.0,14873,12603,258,301,31,1277815342.69,85915.10406037787,512.85,503100000.0,-2286243.99,4198286.4225386325,BLUEFORGE ALLIANCE,Department of Defense,1277.82,4952772.646085272,4.95,101389.77566373086,57.64728682170543
4811,11,August Pfluger,Texas 11th,Texas ,R,1124 LHOB,(202) 225-3605,homeland_security|energy_and_commerce,0.0,0.0,0.0,0.0,0.0,0.0,1.0,0.0,1.0,0.0,0.0,0.0,0.0,0.0,0.0,0.0,0.0,0.0,0.0,0.0,0.0,0.0,0.0,0.0,0.0,0.0,6729,4397,112,119,15,997386329.64,148222.07306286224,150.18,123488000.0,-8885471.91,2858759.134711583,GUYCO INC,Department of Defense,997.39,8905235.086071428,8.91,226833.37039799863,60.080357142857146
4812,12,Kay Granger,Texas 12th,Texas ,R,2308 RHOB,(202) 225-5071,appropriations,1.0,0.0,0.0,0.0,0.0,0.0,0.0,0.0,0.0,0.0,0.0,0.0,0.0,0.0,0.0,0.0,0.0,0.0,0.0,0.0,0.0,0.0,0.0,0.0,0.0,0.0,40573,31491,266,305,25,48168726192.32,1187211.3521879083,511.84,7795532764.0,-938831341.46,56253554.31142427,LOCKHEED MARTIN CORPORATION,Department of Defense,48168.73,181085436.81323308,181.09,1529602.9402788098,152.5300751879699
4813,13,Ronny Jackson,Texas 13th,Texas ,R,446 CHOB,(202) 225-3706,agriculture|armed_services|foreign_affairs|select_subcommittee_on_the_coronavirus_pandemic,0.0,1.0,0.0,1.0,0.0,1.0,0.0,0.0,0.0,0.0,0.0,0.0,0.0,0.0,0.0,0.0,0.0,0.0,0.0,1.0,0.0,0.0,0.0,0.0,0.0,0.0,8692,5657,156,164,16,3909987627.74,449837.5089438564,1754.5300000000002,338920769.0,-135738381.0,7504393.001213364,BELL BOEING JOINT PROJECT OFFICE,Department of Defense,3909.99,25064023.254743587,25.06,691176.8831076542,55.717948717948715
4814,14,Randy Weber,Texas 14th,Texas ,R,107 CHOB,(202) 225-2831,energy_and_commerce|science_space_and_technology,0.0,0.0,0.0,0.0,0.0,0.0,0.0,0.0,1.0,0.0,0.0,0.0,0.0,0.0,0.0,0.0,0.0,0.0,0.0,0.0,1.0,0.0,0.0,0.0,0.0,0.0,2125,1250,134,150,16,757926148.6700001,356671.1287858824,837.38,300000000.0,-279460572.82,11599488.952433506,"SLSCO, LTD.",Department of Homeland Security,757.93,5656165.28858209,5.66,606340.9189360001,15.85820895522388
4815,15,Monica De La Cruz,Texas 15th,Texas ,R,1415 LHOB,(202) 225-9901,agriculture|financial_services,0.0,1.0,0.0,0.0,0.0,0.0,0.0,0.0,0.0,0.0,1.0,0.0,0.0,0.0,0.0,0.0,0.0,0.0,0.0,0.0,0.0,0.0,0.0,0.0,0.0,0.0,1806,1489,94,103,13,57012553.19,31568.412619047616,1182.6,7043912.8,-1651874.82,273451.35849909665,AVENUE PLANNERS CORP,Department of Defense,57.01,606516.5232978723,0.61,38289.15593687038,19.21276595744681
4816,16,Veronica Escobar,Texas 16th,Texas ,D,2448 RHOB,(202) 225-4831,armed_services|judiciary|ethics,0.0,0.0,0.0,1.0,0.0,0.0,0.0,0.0,0.0,0.0,0.0,0.0,0.0,1.0,0.0,0.0,0.0,0.0,0.0,0.0,0.0,0.0,0.0,1.0,0.0,0.0,32648,29804,262,304,16,789517535.76,24182.722854692478,463.28,41155078.48,-12427222.0,446177.1859175084,READYONE INDUSTRIES INC,Department of Defense,789.52,3013425.7090076334,3.01,26490.321291101864,124.61068702290076
4817,17,Pete Sessions,Texas 17th,Texas ,R,2204 RHOB,(202) 225-6105,financial_services|oversight_and_accountability,0.0,0.0,1.0,0.0,0.0,0.0,0.0,0.0,0.0,0.0,1.0,0.0,0.0,0.0,0.0,0.0,0.0,0.0,0.0,0.0,0.0,0.0,0.0,0.0,0.0,0.0,3449,2097,155,172,27,1113551443.81,322862.1176601913,1822.62,271320000.0,-2115142.79,6780533.09231613,L3HARRIS TECHNOLOGIES INTEGRATED SYSTEMS L.P.,Department of Defense,1113.55,7184202.863290322,7.18,531021.193996185,22.251612903225805
4818,18,Sheila Jackson Lee,Texas 18th,Texas ,D,2314 RHOB,(202) 225-3816,budget|homeland_security|judiciary,0.0,0.0,0.0,0.0,0.0,0.0,1.0,0.0,0.0,0.0,0.0,0.0,0.0,1.0,1.0,0.0,0.0,0.0,0.0,0.0,0.0,0.0,0.0,0.0,0.0,0.0,8854,5781,257,285,24,3137403341.4900002,354348.6945437091,2397.395,339567186.62,-84144805.73,5461378.696030618,"KBR SERVICES, LLC",Department of Defense,3137.4,12207795.10307393,12.21,542709.4519097043,34.45136186770428
4819,19,Jodey Arrington,Texas 19th,Texas ,R,1107 LHOB,(202) 225-4005,budget|ways_and_means,0.0,0.0,0.0,0.0,0.0,0.0,0.0,0.0,0.0,1.0,0.0,0.0,0.0,0.0,1.0,0.0,0.0,0.0,0.0,0.0,0.0,0.0,0.0,0.0,0.0,0.0,5879,5404,122,130,13,39733091.6,6758.477904405511,498.13,1115520.0,-542676.23,43326.9516519133,G B AERIAL APPLICATIONS INC,Department of the Interior,39.73,325681.0786885246,0.33,7352.533604737232,48.18852459016394
4820,20,Joaquin Castro,Texas 20th,Texas ,D,2241 RHOB,(202) 225-3236,foreign_affairs|Intelligence,0.0,0.0,0.0,0.0,0.0,1.0,0.0,0.0,0.0,0.0,0.0,0.0,0.0,0.0,0.0,0.0,0.0,0.0,1.0,0.0,0.0,0.0,0.0,0.0,0.0,0.0,13844,8574,245,280,37,5021888837.0,362748.3990898584,447.3,357854800.16,-83210848.32,4199729.860296417,"FAMILY ENDEAVORS, INC.",Department of the Interior,5021.89,20497505.457142856,20.5,585711.3175880569,56.50612244897959
4821,21,Chip Roy,Texas 21st,Texas ,R,103 CHOB,(202) 225-4236,budget|judiciary|Rules,0.0,0.0,0.0,0.0,0.0,0.0,0.0,0.0,0.0,0.0,0.0,0.0,0.0,1.0,1.0,0.0,0.0,0.0,0.0,0.0,0.0,0.0,0.0,0.0,1.0,0.0,21934,14604,486,555,34,3451420970.45,157354.8358917662,1820.65,69561774.61,-23610003.23,1118707.776980737,"ACTIVE DEPLOYMENT SYSTEMS, LLC",Department of Homeland Security,3451.42,7101689.239609053,7.1,236333.94757943027,45.13168724279836
4822,22,Troy Nehls,Texas 22nd,Texas ,R,1104 LHOB,(202) 225-5951,judiciary|transportation_and_infrastructure,0.0,0.0,0.0,0.0,0.0,0.0,0.0,0.0,0.0,0.0,0.0,1.0,0.0,1.0,0.0,0.0,0.0,0.0,0.0,0.0,0.0,0.0,0.0,0.0,0.0,0.0,2350,1363,157,167,20,227577934.45,96841.67423404256,3617.175,15700000.0,-1744777.82,509959.56893396017,"MIQUIN, L.L.C.",Department of Defense,227.58,1449540.9837579618,1.45,166968.40385179748,14.968152866242038
4823,23,Tony Gonzales,Texas 23rd,Texas ,R,2244 RHOB,(202) 225-4511,appropriations|homeland_security,1.0,0.0,0.0,0.0,0.0,0.0,1.0,0.0,0.0,0.0,0.0,0.0,0.0,0.0,0.0,0.0,0.0,0.0,0.0,0.0,0.0,0.0,0.0,0.0,0.0,0.0,3370,1815,214,231,17,777318004.27,230658.16150445104,739.4100000000001,122650933.8,-2957315.08,2349116.0198753197,SHORE TERMINALS LLC,Department of Defense,777.32,3632327.122757009,3.63,428274.3825179063,15.74766355140187
4824,24,Beth Van Duyne,Texas 24th,Texas ,R,1725 LHOB,(202) 225-6605,small_business|ways_and_means,0.0,0.0,0.0,0.0,0.0,0.0,0.0,0.0,0.0,1.0,0.0,0.0,1.0,0.0,0.0,0.0,0.0,0.0,0.0,0.0,0.0,0.0,0.0,0.0,0.0,0.0,10477,7469,343,396,33,1422529194.31,135776.38582704973,1152.16,145235149.05,-129800000.04,2514975.897161796,SELENE FINANCE LP,Department of Housing and Urban Development,1422.53,4147315.435306122,4.15,190457.7847516401,30.545189504373177
4825,25,Roger Williams,Texas 25th,Texas ,R,2336 RHOB,(202) 225-9896,financial_services|small_business,0.0,0.0,0.0,0.0,0.0,0.0,0.0,0.0,0.0,0.0,1.0,0.0,1.0,0.0,0.0,0.0,0.0,0.0,0.0,0.0,0.0,0.0,0.0,0.0,0.0,0.0,8863,6079,136,161,25,1065135996.89,120177.81754372109,1822.65,60216424.0,-3872948.1,1215093.2946932658,CAE USA INC.,Department of Defense,1065.14,7831882.330073529,7.83,175215.6599588748,65.16911764705883
4826,26,Michael Burgess,Texas 26th,Texas ,R,2161 RHOB,(202) 225-7772,budget|energy_and_commerce|Rules,0.0,0.0,0.0,0.0,0.0,0.0,0.0,0.0,1.0,0.0,0.0,0.0,0.0,0.0,1.0,0.0,0.0,0.0,0.0,0.0,0.0,0.0,0.0,0.0,1.0,0.0,9903,8749,194,210,20,674089080.32,68069.17906896901,1145.72,63921719.84,-36605463.28,1518537.7296231287,"HERITAGE HEALTH SOLUTIONS, INC.",Department of Justice,674.09,3474685.981030928,3.47,77047.55747171106,51.04639175257732
4827,27,Michael Cloud,Texas 27th,Texas ,R,171 CHOB,(202) 225-7742,appropriations|select_subcommittee_on_the_coronavirus_pandemic,1.0,0.0,0.0,0.0,0.0,0.0,0.0,0.0,0.0,0.0,0.0,0.0,0.0,0.0,0.0,0.0,0.0,0.0,0.0,1.0,0.0,0.0,0.0,0.0,0.0,0.0,1354,781,134,145,16,134801545.31,99558.00983013294,3254.5,4393737.6,-599215.0,348762.6926080696,WESTSTAR FOOD CO LLC,Department of Agriculture,134.8,1005981.6814179105,1.01,172601.2103841229,10.104477611940299
4828,28,Henry Cuellar,Texas 28th,Texas ,D,2372 RHOB,(202) 225-1640,appropriations,1.0,0.0,0.0,0.0,0.0,0.0,0.0,0.0,0.0,0.0,0.0,0.0,0.0,0.0,0.0,0.0,0.0,0.0,0.0,0.0,0.0,0.0,0.0,0.0,0.0,0.0,19107,18116,130,132,15,430206691.62,22515.658743915843,86.4,16249937.91,-4491909.0,315303.42293688405,"ROTHE ARES JV, LLC",National Aeronautics and Space Administration,430.21,3309282.2432307694,3.31,23747.333385957165,146.97692307692307
4829,29,Sylvia Garcia,Texas 29th,Texas ,D,2419 RHOB,(202) 225-1688,financial_services|select_subcommittee_on_the_weaponization_of_the_fed_govt,0.0,0.0,0.0,0.0,0.0,0.0,0.0,0.0,0.0,0.0,1.0,0.0,0.0,0.0,0.0,1.0,0.0,0.0,0.0,0.0,0.0,0.0,0.0,0.0,0.0,0.0,106339,105629,123,134,15,801333183.87,7535.647164915977,286.99,343209637.0,-25575858.66,1087529.5640079118,ALLUCENT GOVERNMENT SERVICES (US) LLC,Department of Health and Human Services,801.33,6514903.933902439,6.51,7586.299064366794,864.5447154471544
4830,30,Jasmine Crockett,Texas 30th,Texas ,D,1616 LHOB,(202) 225-8885,agriculture|oversight_and_accountability,0.0,1.0,1.0,0.0,0.0,0.0,0.0,0.0,0.0,0.0,0.0,0.0,0.0,0.0,0.0,0.0,0.0,0.0,0.0,0.0,0.0,0.0,0.0,0.0,0.0,0.0,11099,9004,186,211,27,680326321.62,61296.1817839445,252.76,130000000.0,-4235281.84,1598707.8600332798,JACOBS PROJECT MANAGEMENT CO.,Department of the Interior,680.33,3657668.395806452,3.66,75558.23207685474,59.67204301075269
4831,31,John Carter,Texas 31st,Texas ,R,2208 RHOB,(202) 225-3864,appropriations,1.0,0.0,0.0,0.0,0.0,0.0,0.0,0.0,0.0,0.0,0.0,0.0,0.0,0.0,0.0,0.0,0.0,0.0,0.0,0.0,0.0,0.0,0.0,0.0,0.0,0.0,2783,1560,201,223,22,642061975.27,230708.57896873876,1400.0,33453000.0,-4014218.42,1230027.9342173368,FIREFLY AEROSPACE INC.,National Aeronautics and Space Administration,642.06,3194338.1854228857,3.19,411578.189275641,13.845771144278608
4832,32,Colin Allred,Texas 32nd,Texas ,D,348 CHOB,(202) 225-2231,foreign_affairs|select_subcommittee_on_the_weaponization_of_the_fed_govt|transportation_and_infrastructure,0.0,0.0,0.0,0.0,0.0,1.0,0.0,0.0,0.0,0.0,0.0,1.0,0.0,0.0,0.0,1.0,0.0,0.0,0.0,0.0,0.0,0.0,0.0,0.0,0.0,0.0,65104,62479,350,406,28,796501513.87,12234.294572837307,460.35,30380715.49,-8846974.72,243237.1062658587,CONTINENTAL ELECTRONICS CORP,Department of Defense,796.5,2275718.6110571427,2.28,12748.307653291506,186.01142857142858
4833,33,Marc Veasey,Texas 33rd,Texas ,D,2348 RHOB,(202) 225-9897,armed_services|energy_and_commerce,0.0,0.0,0.0,1.0,0.0,0.0,0.0,0.0,1.0,0.0,0.0,0.0,0.0,0.0,0.0,0.0,0.0,0.0,0.0,0.0,0.0,0.0,0.0,0.0,0.0,0.0,13903,9722,227,243,22,15267438720.4,1098139.877753003,857.62,1361764787.87,-97480926.0,23995269.385961927,LOCKHEED MARTIN CORPORATION,Department of Defense,15267.44,67257439.29691629,67.26,1570401.0204073235,61.24669603524229
4834,34,Vicente Gonzalez,Texas 34th,Texas ,D,154 CHOB,(202) 225-2531,financial_services,0.0,0.0,0.0,0.0,0.0,0.0,0.0,0.0,0.0,0.0,1.0,0.0,0.0,0.0,0.0,0.0,0.0,0.0,0.0,0.0,0.0,0.0,0.0,0.0,0.0,0.0,432,261,87,93,13,109999499.7,254628.4715277778,5047.5,12214430.0,-4769030.7,1163770.6909733613,TEXAS A & M UNIVERSITY KINGSVILLE,Department of the Interior,110.0,1264362.0655172414,1.26,421454.0218390805,4.9655172413793105
4835,35,Greg Casar,Texas 35th,Texas ,D,1339 LHOB,(202) 225-5645,agriculture|oversight_and_accountability,0.0,1.0,1.0,0.0,0.0,0.0,0.0,0.0,0.0,0.0,0.0,0.0,0.0,0.0,0.0,0.0,0.0,0.0,0.0,0.0,0.0,0.0,0.0,0.0,0.0,0.0,25717,22335,323,364,24,1470370497.3700001,57175.039754637015,4078.79,56116000.0,-49685269.74,912157.5591132983,"CERRIS BUILDERS, INC",Department of Defense,1470.37,4552230.642012385,4.55,65832.57207835237,79.61919504643963
4836,36,Brian Babin,Texas 36th,Texas ,R,2236 RHOB,(202) 225-1555,transportation_and_infrastructure|science_space_and_technology,0.0,0.0,0.0,0.0,0.0,0.0,0.0,0.0,0.0,0.0,0.0,1.0,0.0,0.0,0.0,0.0,0.0,0.0,0.0,0.0,1.0,0.0,0.0,0.0,0.0,0.0,7155,5129,175,206,18,3598526789.23,502938.7546093641,1693.66,86804585.43,-68564490.0,3356553.495090032,THE BOEING COMPANY,National Aeronautics and Space Administration,3598.53,20563010.22417143,20.56,701603.9752836811,40.885714285714286
4837,37,Lloyd Doggett,Texas 37th,Texas ,D,2307 RHOB,(202) 225-4865,budget|joint_committee_on_taxation|ways_and_means,0.0,0.0,0.0,0.0,0.0,0.0,0.0,0.0,0.0,1.0,0.0,0.0,0.0,0.0,1.0,0.0,1.0,0.0,0.0,0.0,0.0,0.0,0.0,0.0,0.0,0.0,10049,6528,443,546,38,2109503391.32,209921.722690815,10574.5,72226120.0,-12389777.12,1475617.004290931,GSD&M LLC,Department of Defense,2109.5,4761858.671151241,4.76,323146.96558210783,22.68397291196388
4838,38,Wesley Hunt,Texas 38th,Texas ,R,1520 LHOB,(202) 225-5646,natural_resources|judiciary|small_business,0.0,0.0,0.0,0.0,1.0,0.0,0.0,0.0,0.0,0.0,0.0,0.0,1.0,1.0,0.0,0.0,0.0,0.0,0.0,0.0,0.0,0.0,0.0,0.0,0.0,0.0,10395,7075,285,306,26,2517428843.11,242176.8968840789,996.08,219108350.0,-12770352.0,3354817.4390014443,"GREAT LAKES DREDGE & DOCK CO, LLC",Department of Defense,2517.43,8833083.660035089,8.83,355820.3311816255,36.473684210526315
4901,01,Blake Moore,Utah 1st,Utah ,R,1131 LHOB,(202) 225-0453,budget|ways_and_means,0.0,0.0,0.0,0.0,0.0,0.0,0.0,0.0,0.0,1.0,0.0,0.0,0.0,0.0,1.0,0.0,0.0,0.0,0.0,0.0,0.0,0.0,0.0,0.0,0.0,0.0,11239,6121,375,435,27,9458340232.73,841564.2168102143,2784.0,2100000000.0,-15799999.98,27405229.5188886,NORTHROP GRUMMAN SYSTEMS CORP,Department of Defense,9458.34,25222240.620613333,25.22,1545227.9419588302,29.970666666666666
4902,02,Chris- Vacancy Stewart,Utah 2nd,Utah ,166 CHOB,(202) 225-9730,0,0,0.0,0.0,0.0,0.0,0.0,0.0,0.0,0.0,0.0,0.0,0.0,0.0,0.0,0.0,0.0,0.0,0.0,0.0,0.0,0.0,0.0,0.0,0.0,0.0,,,9450,5707,480,547,31,2792699499.71,295523.7565830688,976.735,121790680.0,-10700749.49,2153608.465853569,"L3 TECHNOLOGIES, INC.",Department of Defense,2792.7,5818123.957729166,5.82,489346.3290187489,19.6875
4903,03,John Curtis,Utah 3rd,Utah ,R,2323 RHOB,(202) 225-7751,energy_and_commerce|natural_resources,0.0,0.0,0.0,0.0,1.0,0.0,0.0,0.0,1.0,0.0,0.0,0.0,0.0,0.0,0.0,0.0,0.0,0.0,0.0,0.0,0.0,0.0,0.0,0.0,0.0,0.0,5437,3203,343,394,52,631652240.09,116176.61211881552,2000.0,46661483.0,-23967293.46,1285526.3456955259,NH1 JV,Department of Defense,631.65,1841551.720379009,1.84,197206.44398688732,15.85131195335277
4904,04,Burgess Owens,Utah 4th,Utah ,R,309 CHOB,(202) 225-3011,education_and_the_workforce|transportation_and_infrastructure,0.0,0.0,0.0,0.0,0.0,0.0,0.0,1.0,0.0,0.0,0.0,1.0,0.0,0.0,0.0,0.0,0.0,0.0,0.0,0.0,0.0,0.0,0.0,0.0,0.0,0.0,11999,10498,249,284,27,464870956.57,38742.47492041004,189.0,13893791.51,-3678758.43,359361.523093061,BIOFIRE DEFENSE LLC,Department of Health and Human Services,464.87,1866951.632811245,1.87,44281.85907506192,48.18875502008032
5000,00,Becca Balint,Vermont ,Vermont ,D,1408 LHOB,(202) 225-4115,budget|judiciary,0.0,0.0,0.0,0.0,0.0,0.0,0.0,0.0,0.0,0.0,0.0,0.0,0.0,1.0,1.0,0.0,0.0,0.0,0.0,0.0,0.0,0.0,0.0,0.0,0.0,0.0,13269,9857,302,339,25,1672173191.74,126021.04090285629,350.4,191191997.67,-6697665.23,2376988.6497982205,"GENERAL DYNAMICS-OTS, INC.",Department of Defense,1672.17,5536997.323642384,5.54,169643.21717966927,43.937086092715234
5101,01,Robert Wittman,Virginia 1st,Virginia ,R,2055 RHOB,(202) 225-4261,armed_services|natural_resources|select_sub_us_china,0.0,0.0,0.0,1.0,1.0,0.0,0.0,0.0,0.0,0.0,0.0,0.0,0.0,0.0,0.0,0.0,0.0,0.0,0.0,0.0,0.0,0.0,1.0,0.0,0.0,0.0,313900,308730,407,462,40,1159374769.08,3693.4525934374,250.02,51138600.0,-58773617.52,201028.13414500948,MCKESSON MEDICAL-SURGICAL GOVERNMENT SOLUTIONS LLC,Department of Health and Human Services,1159.37,2848586.656216216,2.85,3755.3032393353415,771.2530712530712
5102,02,Jennifer Kiggans,Virginia 2nd,Virginia ,R,1037 LHOB,(202) 225-4215,armed_services|natural_resources|veterans_affairs,0.0,0.0,0.0,1.0,1.0,0.0,0.0,0.0,0.0,0.0,0.0,0.0,0.0,0.0,0.0,0.0,0.0,0.0,0.0,0.0,0.0,1.0,0.0,0.0,0.0,0.0,197550,184354,573,709,54,15203541361.71,76960.47259787394,199.15,104910377.5,-55014432.42,928252.8503237492,"ATLANTIC DIVING SUPPLY, INC.",Department of Defense,15203.54,26533230.997748688,26.53,82469.27846268592,344.76439790575915
5103,03,Robert Scott,Virginia 3rd,Virginia ,D,2328 RHOB,(202) 225-8351,budget|education_and_the_workforce,0.0,0.0,0.0,0.0,0.0,0.0,0.0,1.0,0.0,0.0,0.0,0.0,0.0,0.0,1.0,0.0,0.0,0.0,0.0,0.0,0.0,0.0,0.0,0.0,0.0,0.0,57345,39572,779,901,29,15709852878.34,273953.31551730755,878.0,686240483.0,-16611846.39,6136383.606949095,HUNTINGTON INGALLS INC,Department of Defense,15709.85,20166691.756534018,20.17,396994.1594647731,73.61360718870347
5104,04,Jennifer McClellan,Virginia 4th,Virginia ,D,2417 RHOB,(202) 225-6365,armed_services|science_space_and_technology,0.0,0.0,0.0,1.0,0.0,0.0,0.0,0.0,0.0,0.0,0.0,0.0,0.0,0.0,0.0,0.0,0.0,0.0,0.0,0.0,1.0,0.0,0.0,0.0,0.0,0.0,9719,6487,349,378,36,1066436039.55,109726.93070789175,1011.06,52271774.0,-6943366.43,1046086.4019283103,PHLOW CORP.,Department of Health and Human Services,1066.44,3055690.6577363894,3.06,164395.8747572067,27.84813753581662
5105,05,Bob Good,Virginia 5th,Virginia ,R,461 CHOB,(202) 225-4711,budget|education_and_the_workforce,0.0,0.0,0.0,0.0,0.0,0.0,0.0,1.0,0.0,0.0,0.0,0.0,0.0,0.0,1.0,0.0,0.0,0.0,0.0,0.0,0.0,0.0,0.0,0.0,0.0,0.0,14823,10041,282,313,53,4174158684.51,281600.12713418336,1960.0,494886986.6,-27717500.0,6033584.553299172,"PANTEXAS DETERRENCE, LLC",Department of Energy,4174.16,14801981.150744682,14.8,415711.45149985066,52.56382978723404
5106,06,Ben Cline,Virginia 6th,Virginia ,R,2443 RHOB,(202) 225-5431,appropriations|budget|judiciary,1.0,0.0,0.0,0.0,0.0,0.0,0.0,0.0,0.0,0.0,0.0,0.0,0.0,1.0,1.0,0.0,0.0,0.0,0.0,0.0,0.0,0.0,0.0,0.0,0.0,0.0,7932,5281,293,331,31,1430838381.79,180388.09654437721,310.005,139226938.03,-4848284.38,2470323.4212909816,ELBIT SYSTEMS OF AMERICA - NIGHT VISION LLC,Department of Defense,1430.84,4883407.4463822525,4.88,270940.8032171937,27.071672354948806
5107,07,Abigail Spanberger,Virginia 7th,Virginia ,D,562 CHOB,(202) 225-2815,agriculture|Intelligence,0.0,1.0,0.0,0.0,0.0,0.0,0.0,0.0,0.0,0.0,0.0,0.0,0.0,0.0,0.0,0.0,0.0,0.0,1.0,0.0,0.0,0.0,0.0,0.0,0.0,0.0,21389,9118,698,793,54,4783217028.97,223629.76431670485,1246.02,131855597.2,-48877320.48,1622582.8681222,"SIGNATURE CHOICE II, LLC",Department of Veterans Affairs,4783.22,6852746.459842407,6.85,524590.5932189077,30.643266475644698
5108,08,Donald Beyer,Virginia 8th,Virginia ,D,1119 LHOB,(202) 225-4376,ways_and_means,0.0,0.0,0.0,0.0,0.0,0.0,0.0,0.0,0.0,1.0,0.0,0.0,0.0,0.0,0.0,0.0,0.0,0.0,0.0,0.0,0.0,0.0,0.0,0.0,0.0,0.0,654289,591191,2494,2839,67,50507873172.84,77195.05168639545,108.23,332505152.0,-131045014.04,1278605.123537278,"BALFOUR BEATTY CONSTRUCTION, LLC",Department of Defense,50507.87,20251753.477481954,20.25,85434.10365320175,262.34522854851645
5109,09,H. Griffith,Virginia 9th,Virginia ,R,2202 RHOB,(202) 225-3861,house_administration|energy_and_commerce,0.0,0.0,0.0,0.0,0.0,0.0,0.0,0.0,1.0,0.0,0.0,0.0,0.0,0.0,0.0,0.0,0.0,1.0,0.0,0.0,0.0,0.0,0.0,0.0,0.0,0.0,7448,5917,181,206,19,2010504713.46,269938.87130236306,192.18,224726260.73,-3452648.03,4442696.237811455,NORTHROP GRUMMAN SYSTEMS CORPORATION,Department of Defense,2010.5,11107760.847845305,11.11,339784.4707554504,41.149171270718234
5110,10,Jennifer Wexton,Virginia 10th,Virginia ,D,1210 LHOB,(202) 225-5136,appropriations|budget,1.0,0.0,0.0,0.0,0.0,0.0,0.0,0.0,0.0,0.0,0.0,0.0,0.0,0.0,1.0,0.0,0.0,0.0,0.0,0.0,0.0,0.0,0.0,0.0,0.0,0.0,62456,32440,1586,1757,65,17473229771.7,279768.6334651595,254.0,193206000.0,-85141277.24,2833231.906822669,NORTHROP GRUMMAN SYSTEMS CORPORATION,National Aeronautics and Space Administration,17473.23,11017168.834615385,11.02,538632.2371054254,39.37957124842371
5111,11,Gerald Connolly,Virginia 11th,Virginia ,D,2265 RHOB,(202) 225-1492,foreign_affairs|select_subcommittee_on_the_weaponization_of_the_fed_govt|oversight_and_accountability,0.0,0.0,1.0,0.0,0.0,1.0,0.0,0.0,0.0,0.0,0.0,0.0,0.0,0.0,0.0,1.0,0.0,0.0,0.0,0.0,0.0,0.0,0.0,0.0,0.0,0.0,350465,162512,3422,3757,67,163262956958.87,465846.6807209564,805.0,498639878.0,-162836758.15,3739372.353997968,XATOR LLC,Department of State,163262.96,47709806.24163355,47.71,1004620.9323549645,102.41525423728814
5301,01,Suzan DelBene,Washington 1st,Washington ,D,2330 RHOB,(202) 225-6311,ways_and_means,0.0,0.0,0.0,0.0,0.0,0.0,0.0,0.0,0.0,1.0,0.0,0.0,0.0,0.0,0.0,0.0,0.0,0.0,0.0,0.0,0.0,0.0,0.0,0.0,0.0,0.0,13986,9572,276,314,33,2091508681.64,149543.0202802803,1950.0,56645449.77,-2526624.67,1272763.8778429155,MICROSOFT CORPORATION,Department of Defense,2091.51,7577930.005942029,7.58,218502.78746761387,50.67391304347826
5302,02,Rick Larsen,Washington 2nd,Washington ,D,2163 RHOB,(202) 225-2605,transportation_and_infrastructure,0.0,0.0,0.0,0.0,0.0,0.0,0.0,0.0,0.0,0.0,0.0,1.0,0.0,0.0,0.0,0.0,0.0,0.0,0.0,0.0,0.0,0.0,0.0,0.0,0.0,0.0,28958,27328,340,371,22,498222705.15,17205.010883002968,586.88,16457494.0,-2500000.0,228512.38524735466,"DERIAN, INC.",Department of Defense,498.22,1465360.8975,1.47,18231.217255196134,85.17058823529412
5303,03,Marie Perez,Washington 3rd,Washington ,D,1431 LHOB,(202) 225-3536,agriculture|small_business,0.0,1.0,0.0,0.0,0.0,0.0,0.0,0.0,0.0,0.0,0.0,0.0,1.0,0.0,0.0,0.0,0.0,0.0,0.0,0.0,0.0,0.0,0.0,0.0,0.0,0.0,8959,6408,294,333,20,1555497653.99,173624.0265643487,346.5,108281936.0,-75000000.0,2711739.5843239184,PACIFIC TECH CONSTRUCTION INC,Department of Defense,1555.5,5290808.346904762,5.29,242743.07958645443,30.472789115646258
5304,04,Dan Newhouse,Washington 4th,Washington ,R,504 CHOB,(202) 225-5816,appropriations|select_sub_us_china,1.0,0.0,0.0,0.0,0.0,0.0,0.0,0.0,0.0,0.0,0.0,0.0,0.0,0.0,0.0,0.0,0.0,0.0,0.0,0.0,0.0,0.0,1.0,0.0,0.0,0.0,5335,3356,364,392,20,4963090391.69,930288.733212746,7306.38,223590920.86,-7816474.83,7177147.367759688,BATTELLE MEMORIAL INSTITUTE,Department of Energy,4963.09,13634863.713434065,13.63,1478870.7960935635,14.656593406593407
5305,05,Cathy Rodgers,Washington 5th,Washington ,R,2188 RHOB,(202) 225-2006,energy_and_commerce,0.0,0.0,0.0,0.0,0.0,0.0,0.0,0.0,1.0,0.0,0.0,0.0,0.0,0.0,0.0,0.0,0.0,0.0,0.0,0.0,0.0,0.0,0.0,0.0,0.0,0.0,5180,2806,407,450,24,812298335.35,156814.35045366795,2000.0,56839500.0,-3511006.0,1488743.3893666286,"KNIGHT CONST. & SUPPLY, INC",Department of Defense,812.3,1995819.0057739557,2.0,289486.2207234498,12.727272727272727
5306,06,Derek Kilmer,Washington 6th,Washington ,D,1226 LHOB,(202) 225-5916,appropriations|house_administration,1.0,0.0,0.0,0.0,0.0,0.0,0.0,0.0,0.0,0.0,0.0,0.0,0.0,0.0,0.0,0.0,0.0,1.0,0.0,0.0,0.0,0.0,0.0,0.0,0.0,0.0,31201,26729,417,481,24,1619611007.68,51908.94547226051,338.1,43066072.93,-6387188.75,645624.6912634103,METRO MACHINE CORP,Department of Defense,1619.61,3883959.2510311753,3.88,60593.77483931311,74.82254196642685
5307,07,Pramila Jayapal,Washington 7th,Washington ,D,2346 RHOB,(202) 225-3106,education_and_the_workforce|judiciary,0.0,0.0,0.0,0.0,0.0,0.0,0.0,1.0,0.0,0.0,0.0,0.0,0.0,1.0,0.0,0.0,0.0,0.0,0.0,0.0,0.0,0.0,0.0,0.0,0.0,0.0,77078,72203,516,575,39,13829062499.85,179416.46773203768,450.07,2389323828.0,-18400000.0,15370514.523202173,THE BOEING COMPANY,Department of Defense,13829.06,26800508.720639534,26.8,191530.3034479177,149.37596899224806
5308,08,Kim Schrier,Washington 8th,Washington ,D,1110 LHOB,(202) 225-7761,energy_and_commerce,0.0,0.0,0.0,0.0,0.0,0.0,0.0,0.0,1.0,0.0,0.0,0.0,0.0,0.0,0.0,0.0,0.0,0.0,0.0,0.0,0.0,0.0,0.0,0.0,0.0,0.0,4483,3408,204,213,18,183609551.68,40956.848467544056,1620.42,41947471.0,-579502.71,664999.7649291117,JABEZ-ABSHER SMALL BUSINESS JOINT VENTURE,Department of Defense,183.61,900046.8219607844,0.9,53876.04215962441,21.975490196078432
5309,09,Adam Smith,Washington 9th,Washington ,D,2264 RHOB,(202) 225-8901,armed_services,0.0,0.0,0.0,1.0,0.0,0.0,0.0,0.0,0.0,0.0,0.0,0.0,0.0,0.0,0.0,0.0,0.0,0.0,0.0,0.0,0.0,0.0,0.0,0.0,0.0,0.0,27864,25350,313,344,33,2028722318.68,72808.00741745622,420.1,340010000.0,-8044867.43,2906910.2083333675,"BLUE ORIGIN WASHINGTON, LLC",National Aeronautics and Space Administration,2028.72,6481540.954249201,6.48,80028.49383353058,89.0223642172524
5310,10,Marilyn Strickland,Washington 10th,Washington ,D,1708 LHOB,(202) 225-9740,armed_services|transportation_and_infrastructure,0.0,0.0,0.0,1.0,0.0,0.0,0.0,0.0,0.0,0.0,0.0,1.0,0.0,0.0,0.0,0.0,0.0,0.0,0.0,0.0,0.0,0.0,0.0,0.0,0.0,0.0,2930,1972,222,234,23,600356392.01,204899.79249488053,2120.885,145267000.0,-592808.72,3114352.4153958075,ABSHER CONSTRUCTION CO,Department of Defense,600.36,2704308.0721171172,2.7,304440.36105983774,13.198198198198199
5401,01,Carol Miller,West Virginia 1st,West Virginia ,R,465 CHOB,(202) 225-3452,ways_and_means,0.0,0.0,0.0,0.0,0.0,0.0,0.0,0.0,0.0,1.0,0.0,0.0,0.0,0.0,0.0,0.0,0.0,0.0,0.0,0.0,0.0,0.0,0.0,0.0,0.0,0.0,4513,2983,234,264,18,468888016.8,103897.1896299579,3392.0,28278649.08,-1416688.68,836531.2608420942,GREENBRIER GOVERNMENT SOLUTIONS INC,Department of Defense,468.89,2003794.9435897437,2.0,157186.7304056319,19.286324786324787
5402,02,Alexander Mooney,West Virginia 2nd,West Virginia ,R,2228 RHOB,(202) 225-2711,financial_services,0.0,0.0,0.0,0.0,0.0,0.0,0.0,0.0,0.0,0.0,1.0,0.0,0.0,0.0,0.0,0.0,0.0,0.0,0.0,0.0,0.0,0.0,0.0,0.0,0.0,0.0,10661,7251,285,321,34,1608157894.15,150844.9389503799,1112.22,133197622.02,-2966805.12,2073507.8452046872,NORTHROP GRUMMAN SYSTEMS CORP,Department of Defense,1608.16,5642659.277719298,5.64,221784.29101503242,37.40701754385965
5501,01,Bryan Steil,Wisconsin 1st,Wisconsin ,R,1526 LHOB,(202) 225-3031,financial_services|house_administration|joint_library,0.0,0.0,0.0,0.0,0.0,0.0,0.0,0.0,0.0,0.0,1.0,0.0,0.0,0.0,0.0,0.0,0.0,1.0,0.0,0.0,0.0,0.0,0.0,0.0,0.0,1.0,33998,29033,131,144,21,1347874887.58,39645.7111471263,94.4,116840000.0,-19221282.64,1370505.2642629957,AMTEC CORPORATION,Department of Defense,1347.87,10289121.27923664,10.29,46425.615250921364,259.5267175572519
5502,02,Mark Pocan,Wisconsin 2nd,Wisconsin ,D,1026 LHOB,(202) 225-2906,appropriations,1.0,0.0,0.0,0.0,0.0,0.0,0.0,0.0,0.0,0.0,0.0,0.0,0.0,0.0,0.0,0.0,0.0,0.0,0.0,0.0,0.0,0.0,0.0,0.0,0.0,0.0,12746,9467,322,370,33,832614545.83,65323.59531068571,2345.955,48388346.0,-29529101.48,982486.5087767987,WISCONSIN PHYSICIANS SERVICE INSURANCE CORP.,Department of Health and Human Services,832.61,2585759.459099379,2.59,87949.14395584662,39.58385093167702
5503,03,Derrick Van Orden,Wisconsin 3rd,Wisconsin ,R,1513 LHOB,(202) 225-5506,agriculture|transportation_and_infrastructure|veterans_affairs,0.0,1.0,0.0,0.0,0.0,0.0,0.0,0.0,0.0,0.0,0.0,1.0,0.0,0.0,0.0,0.0,0.0,0.0,0.0,0.0,0.0,1.0,0.0,0.0,0.0,0.0,4232,3008,204,214,18,23715281000.27,5603799.858286862,60.9,1365317619.33,-34000000.0,57838057.16782881,"OPTUM PUBLIC SECTOR SOLUTIONS, INC.",Department of Veterans Affairs,23715.28,116251377.45230393,116.25,7884069.48147274,20.745098039215687
5504,04,Gwen Moore,Wisconsin 4th,Wisconsin ,D,2252 RHOB,(202) 225-4572,ways_and_means,0.0,0.0,0.0,0.0,0.0,0.0,0.0,0.0,0.0,1.0,0.0,0.0,0.0,0.0,0.0,0.0,0.0,0.0,0.0,0.0,0.0,0.0,0.0,0.0,0.0,0.0,19593,13151,245,239,32,1388856597.27,70885.34666819783,600.0,45624446.0,-2932309.89,659437.7566961674,SILVER LAKE CONSTRUCTION LLC,Department of Energy,1388.86,5668802.437836735,5.67,105608.44021519276,79.97142857142858
5505,05,Scott Fitzgerald,Wisconsin 5th,Wisconsin ,R,1507 LHOB,(202) 225-5101,financial_services|judiciary,0.0,0.0,0.0,0.0,0.0,0.0,0.0,0.0,0.0,0.0,1.0,0.0,0.0,1.0,0.0,0.0,0.0,0.0,0.0,0.0,0.0,0.0,0.0,0.0,0.0,0.0,11763,8500,260,299,22,938515362.53,79785.37469438068,3333.95,48476094.0,-4018688.67,736914.3270256616,"KONECRANES NUCLEAR EQUIPMENT & SERVICES, LLC",Department of Defense,938.52,3609674.471269231,3.61,110413.57206235293,45.24230769230769
5506,06,Glenn Grothman,Wisconsin 6th,Wisconsin ,R,1511 LHOB,(202) 225-2476,budget|education_and_the_workforce|oversight_and_accountability,0.0,0.0,1.0,0.0,0.0,0.0,0.0,1.0,0.0,0.0,0.0,0.0,0.0,0.0,1.0,0.0,0.0,0.0,0.0,0.0,0.0,0.0,0.0,0.0,0.0,0.0,89369,83828,142,151,18,3487036975.81,39018.41774899574,509.09,208890271.3,-12730779.86,1530632.4503468971,OSHKOSH DEFENSE LLC,Department of Defense,3487.04,24556598.421197183,24.56,41597.52082609629,629.3591549295775
5507,07,Thomas Tiffany,Wisconsin 7th,Wisconsin ,R,451 CHOB,(202) 225-3365,natural_resources|judiciary,0.0,0.0,0.0,0.0,1.0,0.0,0.0,0.0,0.0,0.0,0.0,0.0,0.0,1.0,0.0,0.0,0.0,0.0,0.0,0.0,0.0,0.0,0.0,0.0,0.0,0.0,2059,1460,208,226,19,141748044.13,68843.14916464302,2718.56,21056500.0,-1042022.0,590710.3174972599,"ALLIANCE STEEL CONSTRUCTION, INC.",Department of the Interior,141.75,681480.9813942307,0.68,97087.7014589041,9.899038461538462
5508,08,Mike Gallagher,Wisconsin 8th,Wisconsin ,R,1211 LHOB,(202) 225-5665,armed_services|Intelligence|select_sub_us_china,0.0,0.0,0.0,1.0,0.0,0.0,0.0,0.0,0.0,0.0,0.0,0.0,0.0,0.0,0.0,0.0,0.0,0.0,1.0,0.0,0.0,0.0,1.0,0.0,0.0,0.0,36271,35334,145,161,17,2249238473.92,62012.03368862176,245.96,1044529113.0,-5096900.96,6162972.445024366,MARINETTE MARINE CORPORATION,Department of Defense,2249.24,15511989.475310346,15.51,63656.49159223411,250.1448275862069
5600,00,Harriet Hageman,Wyoming ,Wyoming ,R,1531 LHOB,(202) 225-2311,select_subcommittee_on_the_weaponization_of_the_fed_govt|natural_resources|judiciary,0.0,0.0,0.0,0.0,1.0,0.0,0.0,0.0,0.0,0.0,0.0,0.0,0.0,1.0,0.0,1.0,0.0,0.0,0.0,0.0,0.0,0.0,0.0,0.0,0.0,0.0,6123,4341,482,518,23,430284133.21999997,70273.41715172301,990.0,10332852.95,-5688652.74,475297.14274368325,INNOVET HEALTH LLC,Department of Veterans Affairs,430.28,892705.6705809128,0.89,99120.97056438608,12.703319502074688
6098,98,Aumua Amata Radewagen,American Samoa,american samoa,R,2001 RHOB,(202) 225-8577,foreign affairs|natural_resources|veterans_affairs,0.0,0.0,0.0,0.0,1.0,0.0,0.0,0.0,0.0,0.0,0.0,0.0,0.0,0.0,0.0,0.0,0.0,0.0,0.0,0.0,0.0,1.0,0.0,0.0,0.0,0.0,79,43,16,21,6,6002911.15,75986.2170886076,7200.0,1205280.0,-94265.0,216732.08639301837,AST TELECOM LLC,Department of Veterans Affairs,6.0,375181.946875,0.38,139602.58488372093,4.9375
6698,98,James Moylan,Guam,Guam,R,1628 LHOB,(202) 225-1188,armed_services|natural_resources,0.0,0.0,0.0,1.0,1.0,0.0,0.0,0.0,0.0,0.0,0.0,0.0,0.0,0.0,0.0,0.0,0.0,0.0,0.0,0.0,0.0,0.0,0.0,0.0,0.0,0.0,33756,31704,228,305,13,2689251738.12,79667.36989335228,257.26,216876249.0,-74409403.62,2367267.154136989,CORE TECH INTERNATIONAL CORPORATION,Department of Defense,2689.25,11794963.76368421,11.79,84823.73637774414,148.05263157894737
6998,98,Gregorio Sablan,Northern Mariana Islands,Northern Mariana Islands,D,2267 RHOB,(202) 225-2646,education_and_the_workforce|natural_resources,0.0,0.0,0.0,0.0,1.0,0.0,0.0,1.0,0.0,0.0,0.0,0.0,0.0,0.0,0.0,0.0,0.0,0.0,0.0,0.0,0.0,0.0,0.0,0.0,0.0,0.0,404,236,36,58,10,63533492.75,157261.12066831684,6328.085,5826464.0,-911284.28,596976.3154869268,GPPC INC,Department of the Interior,63.53,1764819.2430555555,1.76,269209.7150423729,11.222222222222221
7298,98,Jenniffer Gonzalez-Colon,Puerto Rico,Puerto rico,R,2338 RHOB,(202) 225-2615,natural_resources|transportation_and_infrastructure,0.0,0.0,0.0,0.0,1.0,0.0,0.0,0.0,0.0,0.0,0.0,1.0,0.0,0.0,0.0,0.0,0.0,0.0,0.0,0.0,0.0,0.0,0.0,0.0,0.0,0.0,6693,3718,618,796,26,1282549022.54,191625.4329209622,3327.92,150656471.92,-3274715.25,2141070.5052189836,"FERROVIAL CONSTRUCCION PR, LLC",Department of Defense,1282.55,2075322.0429449838,2.08,344956.703211404,10.830097087378642
7898,98,Stacey Plaskett,Virgin Islands,Virgin Islands,D,2059 RHOB,(202) 225-1790,select_subcommittee_on_the_weaponization_of_the_fed_govt|intelligence,0.0,0.0,0.0,0.0,0.0,0.0,0.0,0.0,0.0,0.0,0.0,0.0,0.0,0.0,0.0,1.0,0.0,0.0,1.0,0.0,0.0,0.0,0.0,0.0,0.0,0.0,521,274,81,95,14,13599067.79,26101.857562380035,1591.8,2372539.0,-1446862.27,174181.22026304898,"PROFESSIONAL DESIGN/BUILDERS, INC.",Department of Transportation,13.6,167889.72580246913,0.17,49631.63427007299,6.432098765432099
