STATEFP20,GEOID20,CD118FP,NAMELSAD20,LSAD20,CDSESSN,MTFCC20,FUNCSTAT20,ALAND20,AWATER20,INTPTLAT20,INTPTLON20,layer,h_rep_name,h_district,h_state,h_party,h_office,h_phone,h_all_comm,h_appropri,h_agricult,h_oversigh,h_armed_se,h_natural_,h_foreign_,h_homeland,h_educatio,h_energy_a,h_ways_and,h_financia,h_transpor,h_small_bu,h_judiciar,h_budget,h_select_s,h_joint_co,h_house_ad,h_Intellig,h_select_1,h_science_,h_veterans,h_select_2,h_ethics,h_Rules,h_joint_li,OBJECTID,Agency,unit_name,link,SHAPE_Leng,SHAPE_Area
"01","0101","01",Congressional District 1,C2,"118",G5200,N,"14843688153","2267935444","+30.9818561","-087.8174031",tl_rd22_01_cd118,Jerry Carl,Alabama 1st,Alabama,R,1330 LHOB,(202) 225-4931,appropriations|natural_resources,"1","0","0","0","1","0","0","0","0","0","0","0","0","0","0","0","0","0","0","0","0","0","0","0","0","0","50872",Department of Defense,NOLF Summerdale,https://www.navy.mil/,0.006300615893612,0.000002093557739
"01","0101","01",Congressional District 1,C2,"118",G5200,N,"14843688153","2267935444","+30.9818561","-087.8174031",tl_rd22_01_cd118,Jerry Carl,Alabama 1st,Alabama,R,1330 LHOB,(202) 225-4931,appropriations|natural_resources,"1","0","0","0","1","0","0","0","0","0","0","0","0","0","0","0","0","0","0","0","0","0","0","0","0","0","50873",Department of Defense,NOLF Summerdale,https://www.navy.mil/,0.010498362701244,0.000005243721034
"01","0101","01",Congressional District 1,C2,"118",G5200,N,"14843688153","2267935444","+30.9818561","-087.8174031",tl_rd22_01_cd118,Jerry Carl,Alabama 1st,Alabama,R,1330 LHOB,(202) 225-4931,appropriations|natural_resources,"1","0","0","0","1","0","0","0","0","0","0","0","0","0","0","0","0","0","0","0","0","0","0","0","0","0","50874",Department of Defense,NOLF Summerdale,https://www.navy.mil/,0.000492075589739,0.000000005840496
"01","0101","01",Congressional District 1,C2,"118",G5200,N,"14843688153","2267935444","+30.9818561","-087.8174031",tl_rd22_01_cd118,Jerry Carl,Alabama 1st,Alabama,R,1330 LHOB,(202) 225-4931,appropriations|natural_resources,"1","0","0","0","1","0","0","0","0","0","0","0","0","0","0","0","0","0","0","0","0","0","0","0","0","0","50875",Department of Defense,NOLF Summerdale,https://www.navy.mil/,0.009815606737877,0.000002998754071
"01","0101","01",Congressional District 1,C2,"118",G5200,N,"14843688153","2267935444","+30.9818561","-087.8174031",tl_rd22_01_cd118,Jerry Carl,Alabama 1st,Alabama,R,1330 LHOB,(202) 225-4931,appropriations|natural_resources,"1","0","0","0","1","0","0","0","0","0","0","0","0","0","0","0","0","0","0","0","0","0","0","0","0","0","50876",Department of Defense,NOLF Summerdale,https://www.navy.mil/,0.002781381177693,0.000000221314318
"01","0101","01",Congressional District 1,C2,"118",G5200,N,"14843688153","2267935444","+30.9818561","-087.8174031",tl_rd22_01_cd118,Jerry Carl,Alabama 1st,Alabama,R,1330 LHOB,(202) 225-4931,appropriations|natural_resources,"1","0","0","0","1","0","0","0","0","0","0","0","0","0","0","0","0","0","0","0","0","0","0","0","0","0","50877",Department of Defense,NOLF Summerdale,https://www.navy.mil/,0.003983101749525,0.000000894629427
"01","0101","01",Congressional District 1,C2,"118",G5200,N,"14843688153","2267935444","+30.9818561","-087.8174031",tl_rd22_01_cd118,Jerry Carl,Alabama 1st,Alabama,R,1330 LHOB,(202) 225-4931,appropriations|natural_resources,"1","0","0","0","1","0","0","0","0","0","0","0","0","0","0","0","0","0","0","0","0","0","0","0","0","0","50878",Department of Defense,NOLF Summerdale,https://www.navy.mil/,0.013322800695402,0.000008450643441
"01","0101","01",Congressional District 1,C2,"118",G5200,N,"14843688153","2267935444","+30.9818561","-087.8174031",tl_rd22_01_cd118,Jerry Carl,Alabama 1st,Alabama,R,1330 LHOB,(202) 225-4931,appropriations|natural_resources,"1","0","0","0","1","0","0","0","0","0","0","0","0","0","0","0","0","0","0","0","0","0","0","0","0","0","50879",Department of Defense,NOLF Summerdale,https://www.navy.mil/,0.012737865178317,0.000003816100461
"01","0101","01",Congressional District 1,C2,"118",G5200,N,"14843688153","2267935444","+30.9818561","-087.8174031",tl_rd22_01_cd118,Jerry Carl,Alabama 1st,Alabama,R,1330 LHOB,(202) 225-4931,appropriations|natural_resources,"1","0","0","0","1","0","0","0","0","0","0","0","0","0","0","0","0","0","0","0","0","0","0","0","0","0","50880",Department of Defense,NOLF Summerdale,https://www.navy.mil/,0.091219199702547,0.000242836162369
"01","0101","01",Congressional District 1,C2,"118",G5200,N,"14843688153","2267935444","+30.9818561","-087.8174031",tl_rd22_01_cd118,Jerry Carl,Alabama 1st,Alabama,R,1330 LHOB,(202) 225-4931,appropriations|natural_resources,"1","0","0","0","1","0","0","0","0","0","0","0","0","0","0","0","0","0","0","0","0","0","0","0","0","0","50881",Department of Defense,NOLF Summerdale,https://www.navy.mil/,0.016059697425269,0.000012099360894
"01","0101","01",Congressional District 1,C2,"118",G5200,N,"14843688153","2267935444","+30.9818561","-087.8174031",tl_rd22_01_cd118,Jerry Carl,Alabama 1st,Alabama,R,1330 LHOB,(202) 225-4931,appropriations|natural_resources,"1","0","0","0","1","0","0","0","0","0","0","0","0","0","0","0","0","0","0","0","0","0","0","0","0","0","50892",Department of Defense,NOLF Wolf,https://www.navy.mil/,0.086934484587376,0.000159834615803
"01","0101","01",Congressional District 1,C2,"118",G5200,N,"14843688153","2267935444","+30.9818561","-087.8174031",tl_rd22_01_cd118,Jerry Carl,Alabama 1st,Alabama,R,1330 LHOB,(202) 225-4931,appropriations|natural_resources,"1","0","0","0","1","0","0","0","0","0","0","0","0","0","0","0","0","0","0","0","0","0","0","0","0","0","50948",Department of Defense,NOLF Silverhill,https://www.navy.mil/,0.073381820835125,0.000147307299805
"01","0101","01",Congressional District 1,C2,"118",G5200,N,"14843688153","2267935444","+30.9818561","-087.8174031",tl_rd22_01_cd118,Jerry Carl,Alabama 1st,Alabama,R,1330 LHOB,(202) 225-4931,appropriations|natural_resources,"1","0","0","0","1","0","0","0","0","0","0","0","0","0","0","0","0","0","0","0","0","0","0","0","0","0","50949",Department of Defense,NOLF Silverhill,https://www.navy.mil/,0.017497706507564,0.000006124673899
"01","0101","01",Congressional District 1,C2,"118",G5200,N,"14843688153","2267935444","+30.9818561","-087.8174031",tl_rd22_01_cd118,Jerry Carl,Alabama 1st,Alabama,R,1330 LHOB,(202) 225-4931,appropriations|natural_resources,"1","0","0","0","1","0","0","0","0","0","0","0","0","0","0","0","0","0","0","0","0","0","0","0","0","0","50980",Department of Defense,NOLF Brewton,https://www.navy.mil/,0.083178744336704,0.000255007890553
"01","0101","01",Congressional District 1,C2,"118",G5200,N,"14843688153","2267935444","+30.9818561","-087.8174031",tl_rd22_01_cd118,Jerry Carl,Alabama 1st,Alabama,R,1330 LHOB,(202) 225-4931,appropriations|natural_resources,"1","0","0","0","1","0","0","0","0","0","0","0","0","0","0","0","0","0","0","0","0","0","0","0","0","0","50990",Department of Defense,Barin Field,https://www.navy.mil/,0.018658100518167,0.000010101082204
"01","0101","01",Congressional District 1,C2,"118",G5200,N,"14843688153","2267935444","+30.9818561","-087.8174031",tl_rd22_01_cd118,Jerry Carl,Alabama 1st,Alabama,R,1330 LHOB,(202) 225-4931,appropriations|natural_resources,"1","0","0","0","1","0","0","0","0","0","0","0","0","0","0","0","0","0","0","0","0","0","0","0","0","0","50991",Department of Defense,Barin Field,https://www.navy.mil/,0.005221238370899,0.000001632377923
"01","0101","01",Congressional District 1,C2,"118",G5200,N,"14843688153","2267935444","+30.9818561","-087.8174031",tl_rd22_01_cd118,Jerry Carl,Alabama 1st,Alabama,R,1330 LHOB,(202) 225-4931,appropriations|natural_resources,"1","0","0","0","1","0","0","0","0","0","0","0","0","0","0","0","0","0","0","0","0","0","0","0","0","0","50992",Department of Defense,Barin Field,https://www.navy.mil/,0.006276121121087,0.000001064938027
"01","0101","01",Congressional District 1,C2,"118",G5200,N,"14843688153","2267935444","+30.9818561","-087.8174031",tl_rd22_01_cd118,Jerry Carl,Alabama 1st,Alabama,R,1330 LHOB,(202) 225-4931,appropriations|natural_resources,"1","0","0","0","1","0","0","0","0","0","0","0","0","0","0","0","0","0","0","0","0","0","0","0","0","0","50993",Department of Defense,Barin Field,https://www.navy.mil/,0.158474136436148,0.000374484710682
"01","0102","02",Congressional District 2,C2,"118",G5200,N,"26956094151","301598922","+31.7020846","-086.0768417",tl_rd22_01_cd118,Barry Moore,Alabama 2nd,Alabama,R,1504 LHOB,(202) 225-2901,agriculture|judiciary,"0","1","0","0","0","0","0","0","0","0","0","0","0","1","0","0","0","0","0","0","0","0","0","0","0","0","49951",Department of Defense,Allen Stagefield AL,https://www.army.mil/,0.026601585297450,0.000043292811822
"01","0102","02",Congressional District 2,C2,"118",G5200,N,"26956094151","301598922","+31.7020846","-086.0768417",tl_rd22_01_cd118,Barry Moore,Alabama 2nd,Alabama,R,1504 LHOB,(202) 225-2901,agriculture|judiciary,"0","1","0","0","0","0","0","0","0","0","0","0","0","1","0","0","0","0","0","0","0","0","0","0","0","0","49975",Department of Defense,Brown 4b Stagefield AL,https://www.army.mil/,0.032032878832220,0.000062641817310
"01","0102","02",Congressional District 2,C2,"118",G5200,N,"26956094151","301598922","+31.7020846","-086.0768417",tl_rd22_01_cd118,Barry Moore,Alabama 2nd,Alabama,R,1504 LHOB,(202) 225-2901,agriculture|judiciary,"0","1","0","0","0","0","0","0","0","0","0","0","0","1","0","0","0","0","0","0","0","0","0","0","0","0","49976",Department of Defense,Cairns Basefield AL,https://www.army.mil/,0.010314932658200,0.000003985603913
"01","0102","02",Congressional District 2,C2,"118",G5200,N,"26956094151","301598922","+31.7020846","-086.0768417",tl_rd22_01_cd118,Barry Moore,Alabama 2nd,Alabama,R,1504 LHOB,(202) 225-2901,agriculture|judiciary,"0","1","0","0","0","0","0","0","0","0","0","0","0","1","0","0","0","0","0","0","0","0","0","0","0","0","49977",Department of Defense,Cairns Basefield AL,https://www.army.mil/,0.107149106176821,0.000490564729112
"01","0102","02",Congressional District 2,C2,"118",G5200,N,"26956094151","301598922","+31.7020846","-086.0768417",tl_rd22_01_cd118,Barry Moore,Alabama 2nd,Alabama,R,1504 LHOB,(202) 225-2901,agriculture|judiciary,"0","1","0","0","0","0","0","0","0","0","0","0","0","1","0","0","0","0","0","0","0","0","0","0","0","0","50165",Department of Defense,Fort Rucker AL,https://www.army.mil/,0.946605459947961,0.022308706950865
"01","0102","02",Congressional District 2,C2,"118",G5200,N,"26956094151","301598922","+31.7020846","-086.0768417",tl_rd22_01_cd118,Barry Moore,Alabama 2nd,Alabama,R,1504 LHOB,(202) 225-2901,agriculture|judiciary,"0","1","0","0","0","0","0","0","0","0","0","0","0","1","0","0","0","0","0","0","0","0","0","0","0","0","50179",Department of Defense,Goldberg Stagefield AL,https://www.army.mil/,0.027073740391976,0.000039648564078
"01","0102","02",Congressional District 2,C2,"118",G5200,N,"26956094151","301598922","+31.7020846","-086.0768417",tl_rd22_01_cd118,Barry Moore,Alabama 2nd,Alabama,R,1504 LHOB,(202) 225-2901,agriculture|judiciary,"0","1","0","0","0","0","0","0","0","0","0","0","0","1","0","0","0","0","0","0","0","0","0","0","0","0","50198",Department of Defense,Highbluff Stagefield AL,https://www.army.mil/,0.038156924942519,0.000071578946621
"01","0102","02",Congressional District 2,C2,"118",G5200,N,"26956094151","301598922","+31.7020846","-086.0768417",tl_rd22_01_cd118,Barry Moore,Alabama 2nd,Alabama,R,1504 LHOB,(202) 225-2901,agriculture|judiciary,"0","1","0","0","0","0","0","0","0","0","0","0","0","1","0","0","0","0","0","0","0","0","0","0","0","0","50202",Department of Defense,Hunt Stagefield AL,https://www.army.mil/,0.029773943707751,0.000049201058887
"01","0102","02",Congressional District 2,C2,"118",G5200,N,"26956094151","301598922","+31.7020846","-086.0768417",tl_rd22_01_cd118,Barry Moore,Alabama 2nd,Alabama,R,1504 LHOB,(202) 225-2901,agriculture|judiciary,"0","1","0","0","0","0","0","0","0","0","0","0","0","1","0","0","0","0","0","0","0","0","0","0","0","0","50218",Department of Defense,NG Montgomery JFHQ AFRC / CSMS 01,https://www.nationalguard.mil/,0.020554107128495,0.000025885196831
"01","0102","02",Congressional District 2,C2,"118",G5200,N,"26956094151","301598922","+31.7020846","-086.0768417",tl_rd22_01_cd118,Barry Moore,Alabama 2nd,Alabama,R,1504 LHOB,(202) 225-2901,agriculture|judiciary,"0","1","0","0","0","0","0","0","0","0","0","0","0","1","0","0","0","0","0","0","0","0","0","0","0","0","50252",Department of Defense,Louisville Stagefield AL,https://www.army.mil/,0.028227527718194,0.000040072361180
"01","0102","02",Congressional District 2,C2,"118",G5200,N,"26956094151","301598922","+31.7020846","-086.0768417",tl_rd22_01_cd118,Barry Moore,Alabama 2nd,Alabama,R,1504 LHOB,(202) 225-2901,agriculture|judiciary,"0","1","0","0","0","0","0","0","0","0","0","0","0","1","0","0","0","0","0","0","0","0","0","0","0","0","50371",Department of Defense,Runkle Stagefield AL,https://www.army.mil/,0.045551241483223,0.000100502567070
"01","0102","02",Congressional District 2,C2,"118",G5200,N,"26956094151","301598922","+31.7020846","-086.0768417",tl_rd22_01_cd118,Barry Moore,Alabama 2nd,Alabama,R,1504 LHOB,(202) 225-2901,agriculture|judiciary,"0","1","0","0","0","0","0","0","0","0","0","0","0","1","0","0","0","0","0","0","0","0","0","0","0","0","50409",Department of Defense,Shell Basefield AL,https://www.army.mil/,0.038588895719568,0.000093788441266
"01","0102","02",Congressional District 2,C2,"118",G5200,N,"26956094151","301598922","+31.7020846","-086.0768417",tl_rd22_01_cd118,Barry Moore,Alabama 2nd,Alabama,R,1504 LHOB,(202) 225-2901,agriculture|judiciary,"0","1","0","0","0","0","0","0","0","0","0","0","0","1","0","0","0","0","0","0","0","0","0","0","0","0","50413",Department of Defense,Skelly Stagefield AL,https://www.army.mil/,0.036596260112371,0.000057148853995
"01","0102","02",Congressional District 2,C2,"118",G5200,N,"26956094151","301598922","+31.7020846","-086.0768417",tl_rd22_01_cd118,Barry Moore,Alabama 2nd,Alabama,R,1504 LHOB,(202) 225-2901,agriculture|judiciary,"0","1","0","0","0","0","0","0","0","0","0","0","0","1","0","0","0","0","0","0","0","0","0","0","0","0","50421",Department of Defense,Stinson 5AB Stagefield AL,https://www.army.mil/,0.033980775318709,0.000066527351922
"01","0102","02",Congressional District 2,C2,"118",G5200,N,"26956094151","301598922","+31.7020846","-086.0768417",tl_rd22_01_cd118,Barry Moore,Alabama 2nd,Alabama,R,1504 LHOB,(202) 225-2901,agriculture|judiciary,"0","1","0","0","0","0","0","0","0","0","0","0","0","1","0","0","0","0","0","0","0","0","0","0","0","0","50425",Department of Defense,Tac X Stagefield AL,https://www.army.mil/,0.026831431533266,0.000019459414710
"01","0102","02",Congressional District 2,C2,"118",G5200,N,"26956094151","301598922","+31.7020846","-086.0768417",tl_rd22_01_cd118,Barry Moore,Alabama 2nd,Alabama,R,1504 LHOB,(202) 225-2901,agriculture|judiciary,"0","1","0","0","0","0","0","0","0","0","0","0","0","1","0","0","0","0","0","0","0","0","0","0","0","0","50430",Department of Defense,Toth Stagefield AL,https://www.army.mil/,0.028989236099021,0.000046652507646
"01","0102","02",Congressional District 2,C2,"118",G5200,N,"26956094151","301598922","+31.7020846","-086.0768417",tl_rd22_01_cd118,Barry Moore,Alabama 2nd,Alabama,R,1504 LHOB,(202) 225-2901,agriculture|judiciary,"0","1","0","0","0","0","0","0","0","0","0","0","0","1","0","0","0","0","0","0","0","0","0","0","0","0","50564",Department of Defense,Maxwell AFB Gunter Annex,https://www.af.mil/,0.030413178347759,0.000027891188189
"01","0102","02",Congressional District 2,C2,"118",G5200,N,"26956094151","301598922","+31.7020846","-086.0768417",tl_rd22_01_cd118,Barry Moore,Alabama 2nd,Alabama,R,1504 LHOB,(202) 225-2901,agriculture|judiciary,"0","1","0","0","0","0","0","0","0","0","0","0","0","1","0","0","0","0","0","0","0","0","0","0","0","0","50565",Department of Defense,Maxwell AFB Gunter Annex,https://www.af.mil/,0.070417358294862,0.000118601692544
"01","0102","02",Congressional District 2,C2,"118",G5200,N,"26956094151","301598922","+31.7020846","-086.0768417",tl_rd22_01_cd118,Barry Moore,Alabama 2nd,Alabama,R,1504 LHOB,(202) 225-2901,agriculture|judiciary,"0","1","0","0","0","0","0","0","0","0","0","0","0","1","0","0","0","0","0","0","0","0","0","0","0","0","50982",Department of Defense,NOLF Evergreen,https://www.navy.mil/,0.110095039082449,0.000188900722881
"01","0102","02",Congressional District 2,C2,"118",G5200,N,"26956094151","301598922","+31.7020846","-086.0768417",tl_rd22_01_cd118,Barry Moore,Alabama 2nd,Alabama,R,1504 LHOB,(202) 225-2901,agriculture|judiciary,"0","1","0","0","0","0","0","0","0","0","0","0","0","1","0","0","0","0","0","0","0","0","0","0","0","0","50983",Department of Defense,NOLF Evergreen,https://www.navy.mil/,0.013406117511784,0.000010900028948
"01","0103","03",Congressional District 3,C2,"118",G5200,N,"21381394842","520777484","+33.1576070","-085.7621595",tl_rd22_01_cd118,Mike Rogers,Alabama 3rd,Alabama,R,2469 RHOB,(202) 225-3261,armed_services,"0","0","0","1","0","0","0","0","0","0","0","0","0","0","0","0","0","0","0","0","0","0","0","0","0","0","49952",Department of Defense,Anniston Army Depot,https://www.army.mil/,0.013208125097740,0.000006901519078
"01","0103","03",Congressional District 3,C2,"118",G5200,N,"21381394842","520777484","+33.1576070","-085.7621595",tl_rd22_01_cd118,Mike Rogers,Alabama 3rd,Alabama,R,2469 RHOB,(202) 225-3261,armed_services,"0","0","0","1","0","0","0","0","0","0","0","0","0","0","0","0","0","0","0","0","0","0","0","0","0","0","49953",Department of Defense,Anniston Army Depot,https://www.army.mil/,0.025429123206627,0.000014111451444
"01","0103","03",Congressional District 3,C2,"118",G5200,N,"21381394842","520777484","+33.1576070","-085.7621595",tl_rd22_01_cd118,Mike Rogers,Alabama 3rd,Alabama,R,2469 RHOB,(202) 225-3261,armed_services,"0","0","0","1","0","0","0","0","0","0","0","0","0","0","0","0","0","0","0","0","0","0","0","0","0","0","49954",Department of Defense,Anniston Army Depot,https://www.army.mil/,0.361317629472638,0.006106553738222
"01","0103","03",Congressional District 3,C2,"118",G5200,N,"21381394842","520777484","+33.1576070","-085.7621595",tl_rd22_01_cd118,Mike Rogers,Alabama 3rd,Alabama,R,2469 RHOB,(202) 225-3261,armed_services,"0","0","0","1","0","0","0","0","0","0","0","0","0","0","0","0","0","0","0","0","0","0","0","0","0","0","50075",Department of Defense,Fort Benning,https://www.army.mil/,0.472532839292776,0.004788078646903
"01","0103","03",Congressional District 3,C2,"118",G5200,N,"21381394842","520777484","+33.1576070","-085.7621595",tl_rd22_01_cd118,Mike Rogers,Alabama 3rd,Alabama,R,2469 RHOB,(202) 225-3261,armed_services,"0","0","0","1","0","0","0","0","0","0","0","0","0","0","0","0","0","0","0","0","0","0","0","0","0","0","50123",Department of Defense,NG Fort McClellan ARNG Tng Center,https://www.nationalguard.mil/,0.011887862493115,0.000008514388631
"01","0103","03",Congressional District 3,C2,"118",G5200,N,"21381394842","520777484","+33.1576070","-085.7621595",tl_rd22_01_cd118,Mike Rogers,Alabama 3rd,Alabama,R,2469 RHOB,(202) 225-3261,armed_services,"0","0","0","1","0","0","0","0","0","0","0","0","0","0","0","0","0","0","0","0","0","0","0","0","0","0","50124",Department of Defense,NG Fort McClellan ARNG Tng Center,https://www.nationalguard.mil/,0.080064514315637,0.000185957292084
"01","0103","03",Congressional District 3,C2,"118",G5200,N,"21381394842","520777484","+33.1576070","-085.7621595",tl_rd22_01_cd118,Mike Rogers,Alabama 3rd,Alabama,R,2469 RHOB,(202) 225-3261,armed_services,"0","0","0","1","0","0","0","0","0","0","0","0","0","0","0","0","0","0","0","0","0","0","0","0","0","0","50489",Department of Defense,NG Pelham Range Training Site - Fort McClellan,https://www.nationalguard.mil/,0.424674205991764,0.008748360273862
"01","0105","05",Congressional District 5,C2,"118",G5200,N,"8697664295","372394605","+34.7389779","-086.5910335",tl_rd22_01_cd118,Dale Strong,Alabama 5th,Alabama,R,1337 LHOB,(202) 225-4801,armed_services|homeland_security|science_space_and_technology,"0","0","0","1","0","0","1","0","0","0","0","0","0","0","0","0","0","0","0","0","1","0","0","0","0","0","50359",Department of Defense,Redstone Arsenal,https://www.army.mil/,0.565563262859688,0.015167279019895
"01","0105","05",Congressional District 5,C2,"118",G5200,N,"8697664295","372394605","+34.7389779","-086.5910335",tl_rd22_01_cd118,Dale Strong,Alabama 5th,Alabama,R,1337 LHOB,(202) 225-4801,armed_services|homeland_security|science_space_and_technology,"0","0","0","1","0","0","1","0","0","0","0","0","0","0","0","0","0","0","0","0","1","0","0","0","0","0","50360",Department of Defense,Redstone Arsenal,https://www.army.mil/,0.026907176922667,0.000022525357225
"01","0106","06",Congressional District 6,C2,"118",G5200,N,"8332760340","110034729","+33.3635545","-086.7792246",tl_rd22_01_cd118,Gary Palmer,Alabama 6th,Alabama,R,170 CHOB,(202) 225-4921,oversight_and_accountability|energy_and_commerce,"0","0","1","0","0","0","0","0","1","0","0","0","0","0","0","0","0","0","0","0","0","0","0","0","0","0","50713",Department of Defense,Birmingham Airport,https://www.ang.af.mil/,0.010038314933878,0.000002477272904
"01","0107","07",Congressional District 7,C2,"118",G5200,N,"28156455342","371230264","+32.4664487","-087.6079352",tl_rd22_01_cd118,Terri Sewell,Alabama 7th,Alabama,D,1035 LHOB,(202) 225-2665,armed_services|house_administration|joint_library|ways_and_means,"0","0","0","1","0","0","0","0","0","1","0","0","0","0","0","0","0","1","0","0","0","0","0","0","0","1","49950",Department of Defense,NG AASF02 Birmingham,https://www.nationalguard.mil/,0.012185641006037,0.000008748457822
"01","0107","07",Congressional District 7,C2,"118",G5200,N,"28156455342","371230264","+32.4664487","-087.6079352",tl_rd22_01_cd118,Terri Sewell,Alabama 7th,Alabama,D,1035 LHOB,(202) 225-2665,armed_services|house_administration|joint_library|ways_and_means,"0","0","0","1","0","0","0","0","0","1","0","0","0","0","0","0","0","1","0","0","0","0","0","0","0","1","50349",Department of Defense,NG RW Shepherd Hope Hull,https://www.nationalguard.mil/,0.033887340760935,0.000026800545597
"01","0107","07",Congressional District 7,C2,"118",G5200,N,"28156455342","371230264","+32.4664487","-087.6079352",tl_rd22_01_cd118,Terri Sewell,Alabama 7th,Alabama,D,1035 LHOB,(202) 225-2665,armed_services|house_administration|joint_library|ways_and_means,"0","0","0","1","0","0","0","0","0","1","0","0","0","0","0","0","0","1","0","0","0","0","0","0","0","1","50570",Department of Defense,Maxwell AFB,https://www.af.mil/,0.152125946558562,0.000868832976086
"01","0107","07",Congressional District 7,C2,"118",G5200,N,"28156455342","371230264","+32.4664487","-087.6079352",tl_rd22_01_cd118,Terri Sewell,Alabama 7th,Alabama,D,1035 LHOB,(202) 225-2665,armed_services|house_administration|joint_library|ways_and_means,"0","0","0","1","0","0","0","0","0","1","0","0","0","0","0","0","0","1","0","0","0","0","0","0","0","1","50712",Department of Defense,Birmingham Airport,https://www.ang.af.mil/,0.068142751609348,0.000052915773900
"01","0107","07",Congressional District 7,C2,"118",G5200,N,"28156455342","371230264","+32.4664487","-087.6079352",tl_rd22_01_cd118,Terri Sewell,Alabama 7th,Alabama,D,1035 LHOB,(202) 225-2665,armed_services|house_administration|joint_library|ways_and_means,"0","0","0","1","0","0","0","0","0","1","0","0","0","0","0","0","0","1","0","0","0","0","0","0","0","1","50713",Department of Defense,Birmingham Airport,https://www.ang.af.mil/,0.010038314933878,0.000002477272904
"01","0107","07",Congressional District 7,C2,"118",G5200,N,"28156455342","371230264","+32.4664487","-087.6079352",tl_rd22_01_cd118,Terri Sewell,Alabama 7th,Alabama,D,1035 LHOB,(202) 225-2665,armed_services|house_administration|joint_library|ways_and_means,"0","0","0","1","0","0","0","0","0","1","0","0","0","0","0","0","0","1","0","0","0","0","0","0","0","1","50728",Department of Defense,Montgomery Regional Airport ANGB,https://www.ang.af.mil/,0.033945554054865,0.000033721738302
"02","0200","00",Congressional District (at Large),C1,"118",G5200,N,"1478941109938","245380162784","+63.3473560","-152.8397334",tl_rd22_02_cd118,Mary Peltola,Alaska,Alaska,D,153 CHOB,(202) 225-5765,natural_resources|transportation_and_infrastructure,"0","0","0","0","1","0","0","0","0","0","0","1","0","0","0","0","0","0","0","0","0","0","0","0","0","0","50092",Department of Defense,Fort Greely,https://www.army.mil/,0.350169921498185,0.005062584116280
"02","0200","00",Congressional District (at Large),C1,"118",G5200,N,"1478941109938","245380162784","+63.3473560","-152.8397334",tl_rd22_02_cd118,Mary Peltola,Alaska,Alaska,D,153 CHOB,(202) 225-5765,natural_resources|transportation_and_infrastructure,"0","0","0","0","1","0","0","0","0","0","0","1","0","0","0","0","0","0","0","0","0","0","0","0","0","0","50168",Department of Defense,Fort Wainwright,https://www.army.mil/,5.398704158834752,0.499892273755294
"02","0200","00",Congressional District (at Large),C1,"118",G5200,N,"1478941109938","245380162784","+63.3473560","-152.8397334",tl_rd22_02_cd118,Mary Peltola,Alaska,Alaska,D,153 CHOB,(202) 225-5765,natural_resources|transportation_and_infrastructure,"0","0","0","0","1","0","0","0","0","0","0","1","0","0","0","0","0","0","0","0","0","0","0","0","0","0","50325",Department of Defense,NG Alcantra Armory Complex,https://www.nationalguard.mil/,0.075089761793728,0.000218994177064
"02","0200","00",Congressional District (at Large),C1,"118",G5200,N,"1478941109938","245380162784","+63.3473560","-152.8397334",tl_rd22_02_cd118,Mary Peltola,Alaska,Alaska,D,153 CHOB,(202) 225-5765,natural_resources|transportation_and_infrastructure,"0","0","0","0","1","0","0","0","0","0","0","1","0","0","0","0","0","0","0","0","0","0","0","0","0","0","50407",Department of Defense,Seward Recreation Area,https://www.army.mil/,0.011021578906870,0.000007579062473
"02","0200","00",Congressional District (at Large),C1,"118",G5200,N,"1478941109938","245380162784","+63.3473560","-152.8397334",tl_rd22_02_cd118,Mary Peltola,Alaska,Alaska,D,153 CHOB,(202) 225-5765,natural_resources|transportation_and_infrastructure,"0","0","0","0","1","0","0","0","0","0","0","1","0","0","0","0","0","0","0","0","0","0","0","0","0","0","50678",Department of Defense,Cape Newenham Long Range Radar Site,https://www.af.mil/,0.161341220686653,0.001422288082819
"02","0200","00",Congressional District (at Large),C1,"118",G5200,N,"1478941109938","245380162784","+63.3473560","-152.8397334",tl_rd22_02_cd118,Mary Peltola,Alaska,Alaska,D,153 CHOB,(202) 225-5765,natural_resources|transportation_and_infrastructure,"0","0","0","0","1","0","0","0","0","0","0","1","0","0","0","0","0","0","0","0","0","0","0","0","0","0","50679",Department of Defense,Fort Yukon Long Range Radar Site,https://www.af.mil/,0.048580727067192,0.000060715715591
"02","0200","00",Congressional District (at Large),C1,"118",G5200,N,"1478941109938","245380162784","+63.3473560","-152.8397334",tl_rd22_02_cd118,Mary Peltola,Alaska,Alaska,D,153 CHOB,(202) 225-5765,natural_resources|transportation_and_infrastructure,"0","0","0","0","1","0","0","0","0","0","0","1","0","0","0","0","0","0","0","0","0","0","0","0","0","0","50680",Department of Defense,Fort Yukon Long Range Radar Site,https://www.af.mil/,0.015111151098604,0.000007702556675
"02","0200","00",Congressional District (at Large),C1,"118",G5200,N,"1478941109938","245380162784","+63.3473560","-152.8397334",tl_rd22_02_cd118,Mary Peltola,Alaska,Alaska,D,153 CHOB,(202) 225-5765,natural_resources|transportation_and_infrastructure,"0","0","0","0","1","0","0","0","0","0","0","1","0","0","0","0","0","0","0","0","0","0","0","0","0","0","50681",Department of Defense,Point Barrow Long Range Radar Site,https://www.af.mil/,0.124898915401175,0.000267627991205
"02","0200","00",Congressional District (at Large),C1,"118",G5200,N,"1478941109938","245380162784","+63.3473560","-152.8397334",tl_rd22_02_cd118,Mary Peltola,Alaska,Alaska,D,153 CHOB,(202) 225-5765,natural_resources|transportation_and_infrastructure,"0","0","0","0","1","0","0","0","0","0","0","1","0","0","0","0","0","0","0","0","0","0","0","0","0","0","50682",Department of Defense,Oliktok Long Range Radar Site,https://www.af.mil/,0.186201424468626,0.000731187719456
"02","0200","00",Congressional District (at Large),C1,"118",G5200,N,"1478941109938","245380162784","+63.3473560","-152.8397334",tl_rd22_02_cd118,Mary Peltola,Alaska,Alaska,D,153 CHOB,(202) 225-5765,natural_resources|transportation_and_infrastructure,"0","0","0","0","1","0","0","0","0","0","0","1","0","0","0","0","0","0","0","0","0","0","0","0","0","0","50683",Department of Defense,Eareckson Air Force Station,https://www.af.mil/,0.347150486810755,0.001880527265860
"02","0200","00",Congressional District (at Large),C1,"118",G5200,N,"1478941109938","245380162784","+63.3473560","-152.8397334",tl_rd22_02_cd118,Mary Peltola,Alaska,Alaska,D,153 CHOB,(202) 225-5765,natural_resources|transportation_and_infrastructure,"0","0","0","0","1","0","0","0","0","0","0","1","0","0","0","0","0","0","0","0","0","0","0","0","0","0","50684",Department of Defense,Yukon Weapons Range,https://www.af.mil/,1.093901604167459,0.017429716697696
"02","0200","00",Congressional District (at Large),C1,"118",G5200,N,"1478941109938","245380162784","+63.3473560","-152.8397334",tl_rd22_02_cd118,Mary Peltola,Alaska,Alaska,D,153 CHOB,(202) 225-5765,natural_resources|transportation_and_infrastructure,"0","0","0","0","1","0","0","0","0","0","0","1","0","0","0","0","0","0","0","0","0","0","0","0","0","0","50685",Department of Defense,Birch Lake Recreation Annex,https://www.af.mil/,0.027279946952104,0.000036531579056
"02","0200","00",Congressional District (at Large),C1,"118",G5200,N,"1478941109938","245380162784","+63.3473560","-152.8397334",tl_rd22_02_cd118,Mary Peltola,Alaska,Alaska,D,153 CHOB,(202) 225-5765,natural_resources|transportation_and_infrastructure,"0","0","0","0","1","0","0","0","0","0","0","1","0","0","0","0","0","0","0","0","0","0","0","0","0","0","50686",Department of Defense,Joint Base Elmendorf-Richardson,https://www.af.mil/,0.007059007797356,0.000002536085936
"02","0200","00",Congressional District (at Large),C1,"118",G5200,N,"1478941109938","245380162784","+63.3473560","-152.8397334",tl_rd22_02_cd118,Mary Peltola,Alaska,Alaska,D,153 CHOB,(202) 225-5765,natural_resources|transportation_and_infrastructure,"0","0","0","0","1","0","0","0","0","0","0","1","0","0","0","0","0","0","0","0","0","0","0","0","0","0","50687",Department of Defense,Joint Base Elmendorf-Richardson,https://www.af.mil/,1.150349574032637,0.028830058144517
"02","0200","00",Congressional District (at Large),C1,"118",G5200,N,"1478941109938","245380162784","+63.3473560","-152.8397334",tl_rd22_02_cd118,Mary Peltola,Alaska,Alaska,D,153 CHOB,(202) 225-5765,natural_resources|transportation_and_infrastructure,"0","0","0","0","1","0","0","0","0","0","0","1","0","0","0","0","0","0","0","0","0","0","0","0","0","0","50688",Department of Defense,Joint Base Elmendorf-Richardson,https://www.af.mil/,0.887062903628914,0.020615766764730
"02","0200","00",Congressional District (at Large),C1,"118",G5200,N,"1478941109938","245380162784","+63.3473560","-152.8397334",tl_rd22_02_cd118,Mary Peltola,Alaska,Alaska,D,153 CHOB,(202) 225-5765,natural_resources|transportation_and_infrastructure,"0","0","0","0","1","0","0","0","0","0","0","1","0","0","0","0","0","0","0","0","0","0","0","0","0","0","50689",Department of Defense,Haarp Research Station,https://www.af.mil/,0.290001115306390,0.003813262612727
"02","0200","00",Congressional District (at Large),C1,"118",G5200,N,"1478941109938","245380162784","+63.3473560","-152.8397334",tl_rd22_02_cd118,Mary Peltola,Alaska,Alaska,D,153 CHOB,(202) 225-5765,natural_resources|transportation_and_infrastructure,"0","0","0","0","1","0","0","0","0","0","0","1","0","0","0","0","0","0","0","0","0","0","0","0","0","0","50694",Department of Defense,Clear Air Force Station,https://www.af.mil/,0.500134343371651,0.008605716979951
"02","0200","00",Congressional District (at Large),C1,"118",G5200,N,"1478941109938","245380162784","+63.3473560","-152.8397334",tl_rd22_02_cd118,Mary Peltola,Alaska,Alaska,D,153 CHOB,(202) 225-5765,natural_resources|transportation_and_infrastructure,"0","0","0","0","1","0","0","0","0","0","0","1","0","0","0","0","0","0","0","0","0","0","0","0","0","0","50931",Department of Defense,Southeast Alaska Acoustic Measurement Facility,https://www.navy.mil/,0.027793806444771,0.000004257811517
"02","0200","00",Congressional District (at Large),C1,"118",G5200,N,"1478941109938","245380162784","+63.3473560","-152.8397334",tl_rd22_02_cd118,Mary Peltola,Alaska,Alaska,D,153 CHOB,(202) 225-5765,natural_resources|transportation_and_infrastructure,"0","0","0","0","1","0","0","0","0","0","0","1","0","0","0","0","0","0","0","0","0","0","0","0","0","0","50932",Department of Defense,Southeast Alaska Acoustic Measurement Facility,https://www.navy.mil/,0.008074106997288,0.000002746892128
"02","0200","00",Congressional District (at Large),C1,"118",G5200,N,"1478941109938","245380162784","+63.3473560","-152.8397334",tl_rd22_02_cd118,Mary Peltola,Alaska,Alaska,D,153 CHOB,(202) 225-5765,natural_resources|transportation_and_infrastructure,"0","0","0","0","1","0","0","0","0","0","0","1","0","0","0","0","0","0","0","0","0","0","0","0","0","0","50933",Department of Defense,Kodiak Tracking Stations,https://www.navy.mil/,0.040372664531487,0.000078430740914
"02","0200","00",Congressional District (at Large),C1,"118",G5200,N,"1478941109938","245380162784","+63.3473560","-152.8397334",tl_rd22_02_cd118,Mary Peltola,Alaska,Alaska,D,153 CHOB,(202) 225-5765,natural_resources|transportation_and_infrastructure,"0","0","0","0","1","0","0","0","0","0","0","1","0","0","0","0","0","0","0","0","0","0","0","0","0","0","51355",Department of Defense,Eielson Air Force Base,https://www.af.mil/,0.979317401511915,0.015112218956089
"02","0200","00",Congressional District (at Large),C1,"118",G5200,N,"1478941109938","245380162784","+63.3473560","-152.8397334",tl_rd22_02_cd118,Mary Peltola,Alaska,Alaska,D,153 CHOB,(202) 225-5765,natural_resources|transportation_and_infrastructure,"0","0","0","0","1","0","0","0","0","0","0","1","0","0","0","0","0","0","0","0","0","0","0","0","0","0","51389",Department of Defense,King Salmon Air Force Station,https://www.af.mil/,0.078986435558915,0.000229544135979
"02","0200","00",Congressional District (at Large),C1,"118",G5200,N,"1478941109938","245380162784","+63.3473560","-152.8397334",tl_rd22_02_cd118,Mary Peltola,Alaska,Alaska,D,153 CHOB,(202) 225-5765,natural_resources|transportation_and_infrastructure,"0","0","0","0","1","0","0","0","0","0","0","1","0","0","0","0","0","0","0","0","0","0","0","0","0","0","51428",Department of Defense,NARL Barrow Camp Tr1,https://www.navy.mil/,0.116287047056293,0.000510558078857
"02","0200","00",Congressional District (at Large),C1,"118",G5200,N,"1478941109938","245380162784","+63.3473560","-152.8397334",tl_rd22_02_cd118,Mary Peltola,Alaska,Alaska,D,153 CHOB,(202) 225-5765,natural_resources|transportation_and_infrastructure,"0","0","0","0","1","0","0","0","0","0","0","1","0","0","0","0","0","0","0","0","0","0","0","0","0","0","51429",Department of Defense,NARL Barrow Camp Tr1,https://www.navy.mil/,0.091251909076706,0.000123753460761
"02","0200","00",Congressional District (at Large),C1,"118",G5200,N,"1478941109938","245380162784","+63.3473560","-152.8397334",tl_rd22_02_cd118,Mary Peltola,Alaska,Alaska,D,153 CHOB,(202) 225-5765,natural_resources|transportation_and_infrastructure,"0","0","0","0","1","0","0","0","0","0","0","1","0","0","0","0","0","0","0","0","0","0","0","0","0","0","51486",Department of Defense,Tin City Long Range Radar Site,https://www.af.mil/,0.005302698743341,0.000001650637805
"02","0200","00",Congressional District (at Large),C1,"118",G5200,N,"1478941109938","245380162784","+63.3473560","-152.8397334",tl_rd22_02_cd118,Mary Peltola,Alaska,Alaska,D,153 CHOB,(202) 225-5765,natural_resources|transportation_and_infrastructure,"0","0","0","0","1","0","0","0","0","0","0","1","0","0","0","0","0","0","0","0","0","0","0","0","0","0","51487",Department of Defense,Tin City Long Range Radar Site,https://www.af.mil/,0.280948051053672,0.000538910181773
"02","0200","00",Congressional District (at Large),C1,"118",G5200,N,"1478941109938","245380162784","+63.3473560","-152.8397334",tl_rd22_02_cd118,Mary Peltola,Alaska,Alaska,D,153 CHOB,(202) 225-5765,natural_resources|transportation_and_infrastructure,"0","0","0","0","1","0","0","0","0","0","0","1","0","0","0","0","0","0","0","0","0","0","0","0","0","0","51488",Department of Defense,Tin City Long Range Radar Site,https://www.af.mil/,0.010672858864547,0.000005115353608
"04","0401","01",Congressional District 1,C2,"118",G5200,N,"4137497652","43241683","+33.6988663","-111.6614783",tl_rd22_04_cd118,David Schweikert,Arizona 1st,Arizona,R,460 CHOB,(202) 225-2190,ways_and_means,"0","0","0","0","0","0","0","0","0","1","0","0","0","0","0","0","0","0","0","0","0","0","0","0","0","0","50338",Department of Defense,NG Papago Military Reservation,https://www.nationalguard.mil/,0.029176961581885,0.000035400727138
"04","0401","01",Congressional District 1,C2,"118",G5200,N,"4137497652","43241683","+33.6988663","-111.6614783",tl_rd22_04_cd118,David Schweikert,Arizona 1st,Arizona,R,460 CHOB,(202) 225-2190,ways_and_means,"0","0","0","0","0","0","0","0","0","1","0","0","0","0","0","0","0","0","0","0","0","0","0","0","0","0","50339",Department of Defense,NG Papago Military Reservation,https://www.nationalguard.mil/,0.048072021185210,0.000117854844791
"04","0402","02",Congressional District 2,C2,"118",G5200,N,"151134662058","355723411","+35.1172158","-111.0547718",tl_rd22_04_cd118,Elijah Crane,Arizona 2nd,Arizona,R,1229 LHOB,(202) 225-3361,homeland_security|small_business|veterans_affairs,"0","0","0","0","0","0","1","0","0","0","0","0","1","0","0","0","0","0","0","0","0","1","0","0","0","0","49998",Department of Defense,NG Camp Navajo,https://www.nationalguard.mil/,0.024269583531841,0.000009569198833
"04","0402","02",Congressional District 2,C2,"118",G5200,N,"151134662058","355723411","+35.1172158","-111.0547718",tl_rd22_04_cd118,Elijah Crane,Arizona 2nd,Arizona,R,1229 LHOB,(202) 225-3361,homeland_security|small_business|veterans_affairs,"0","0","0","0","0","0","1","0","0","0","0","0","1","0","0","0","0","0","0","0","0","1","0","0","0","0","49999",Department of Defense,NG Camp Navajo,https://www.nationalguard.mil/,0.492309545763981,0.011337711635717
"04","0402","02",Congressional District 2,C2,"118",G5200,N,"151134662058","355723411","+35.1172158","-111.0547718",tl_rd22_04_cd118,Elijah Crane,Arizona 2nd,Arizona,R,1229 LHOB,(202) 225-3361,homeland_security|small_business|veterans_affairs,"0","0","0","0","0","0","1","0","0","0","0","0","1","0","0","0","0","0","0","0","0","1","0","0","0","0","50061",Department of Defense,NG Florence Military Reservation,https://www.nationalguard.mil/,0.023775385367541,0.000029804650743
"04","0402","02",Congressional District 2,C2,"118",G5200,N,"151134662058","355723411","+35.1172158","-111.0547718",tl_rd22_04_cd118,Elijah Crane,Arizona 2nd,Arizona,R,1229 LHOB,(202) 225-3361,homeland_security|small_business|veterans_affairs,"0","0","0","0","0","0","1","0","0","0","0","0","1","0","0","0","0","0","0","0","0","1","0","0","0","0","50062",Department of Defense,NG Florence Military Reservation,https://www.nationalguard.mil/,0.119965926888233,0.000644615336852
"04","0402","02",Congressional District 2,C2,"118",G5200,N,"151134662058","355723411","+35.1172158","-111.0547718",tl_rd22_04_cd118,Elijah Crane,Arizona 2nd,Arizona,R,1229 LHOB,(202) 225-3361,homeland_security|small_business|veterans_affairs,"0","0","0","0","0","0","1","0","0","0","0","0","1","0","0","0","0","0","0","0","0","1","0","0","0","0","50063",Department of Defense,NG Florence Military Reservation,https://www.nationalguard.mil/,0.230173786801936,0.001815753094931
"04","0402","02",Congressional District 2,C2,"118",G5200,N,"151134662058","355723411","+35.1172158","-111.0547718",tl_rd22_04_cd118,Elijah Crane,Arizona 2nd,Arizona,R,1229 LHOB,(202) 225-3361,homeland_security|small_business|veterans_affairs,"0","0","0","0","0","0","1","0","0","0","0","0","1","0","0","0","0","0","0","0","0","1","0","0","0","0","51221",Department of Defense,NAVOBSSTA Flagstaff AZ,https://www.navy.mil/,0.002513906246932,0.000000230462936
"04","0402","02",Congressional District 2,C2,"118",G5200,N,"151134662058","355723411","+35.1172158","-111.0547718",tl_rd22_04_cd118,Elijah Crane,Arizona 2nd,Arizona,R,1229 LHOB,(202) 225-3361,homeland_security|small_business|veterans_affairs,"0","0","0","0","0","0","1","0","0","0","0","0","1","0","0","0","0","0","0","0","0","1","0","0","0","0","51222",Department of Defense,NAVOBSSTA Flagstaff AZ,https://www.navy.mil/,0.066257214989254,0.000114716253957
"04","0402","02",Congressional District 2,C2,"118",G5200,N,"151134662058","355723411","+35.1172158","-111.0547718",tl_rd22_04_cd118,Elijah Crane,Arizona 2nd,Arizona,R,1229 LHOB,(202) 225-3361,homeland_security|small_business|veterans_affairs,"0","0","0","0","0","0","1","0","0","0","0","0","1","0","0","0","0","0","0","0","0","1","0","0","0","0","51223",Department of Defense,NAVOBSSTA Flagstaff AZ,https://www.navy.mil/,0.001265474404775,0.000000038069073
"04","0403","03",Congressional District 3,C2,"118",G5200,N,"532928823","1838580","+33.4240875","-112.1217241",tl_rd22_04_cd118,Ruben Gallego,Arizona 3rd,Arizona,D,1114 LHOB,(202) 225-4065,armed_services|natural_resources,"0","0","0","1","1","0","0","0","0","0","0","0","0","0","0","0","0","0","0","0","0","0","0","0","0","0","50780",Department of Defense,Sky Harbor IAP,https://www.ang.af.mil/,0.023890334570263,0.000023637079787
"04","0406","06",Congressional District 6,C2,"118",G5200,N,"35458547147","53692141","+32.3738269","-109.9776441",tl_rd22_04_cd118,Juan Ciscomani,Arizona 6th,Arizona,R,1429 LHOB,(202) 225-2542,appropriations|veterans_affairs,"1","0","0","0","0","0","0","0","0","0","0","0","0","0","0","0","0","0","0","0","0","1","0","0","0","0","50094",Department of Defense,Fort Huachuca,https://www.army.mil/,1.088108832727297,0.031128725669117
"04","0406","06",Congressional District 6,C2,"118",G5200,N,"35458547147","53692141","+32.3738269","-109.9776441",tl_rd22_04_cd118,Juan Ciscomani,Arizona 6th,Arizona,R,1429 LHOB,(202) 225-2542,appropriations|veterans_affairs,"1","0","0","0","0","0","0","0","0","0","0","0","0","0","0","0","0","0","0","0","0","1","0","0","0","0","50342",Department of Defense,NG Picacho Aviation TS,https://www.nationalguard.mil/,0.048125693472769,0.000127895812198
"04","0406","06",Congressional District 6,C2,"118",G5200,N,"35458547147","53692141","+32.3738269","-109.9776441",tl_rd22_04_cd118,Juan Ciscomani,Arizona 6th,Arizona,R,1429 LHOB,(202) 225-2542,appropriations|veterans_affairs,"1","0","0","0","0","0","0","0","0","0","0","0","0","0","0","0","0","0","0","0","0","1","0","0","0","0","50411",Department of Defense,NG Silver Bell Army Heliport,https://www.nationalguard.mil/,0.035926372761139,0.000062238735282
"04","0406","06",Congressional District 6,C2,"118",G5200,N,"35458547147","53692141","+32.3738269","-109.9776441",tl_rd22_04_cd118,Juan Ciscomani,Arizona 6th,Arizona,R,1429 LHOB,(202) 225-2542,appropriations|veterans_affairs,"1","0","0","0","0","0","0","0","0","0","0","0","0","0","0","0","0","0","0","0","0","1","0","0","0","0","50513",Department of Defense,Davis-Monthan Air Force Base,https://www.af.mil/,0.392056716556809,0.004085176683787
"04","0407","07",Congressional District 7,C2,"118",G5200,N,"39931135328","13472301","+32.2613612","-112.3213640",tl_rd22_04_cd118,Raul Grijalva,Arizona 7th,Arizona,D,1203 LHOB,(202) 225-2435,education_and_the_workforce|natural_resources,"0","0","0","0","1","0","0","1","0","0","0","0","0","0","0","0","0","0","0","0","0","0","0","0","0","0","50513",Department of Defense,Davis-Monthan Air Force Base,https://www.af.mil/,0.392056716556809,0.004085176683787
"04","0407","07",Congressional District 7,C2,"118",G5200,N,"39931135328","13472301","+32.2613612","-112.3213640",tl_rd22_04_cd118,Raul Grijalva,Arizona 7th,Arizona,D,1203 LHOB,(202) 225-2435,education_and_the_workforce|natural_resources,"0","0","0","0","1","0","0","1","0","0","0","0","0","0","0","0","0","0","0","0","0","0","0","0","0","0","50554",Department of Defense,Gila Bend Air Force Auxiliary Field,https://www.af.mil/,0.117712084416705,0.000784676738787
"04","0407","07",Congressional District 7,C2,"118",G5200,N,"39931135328","13472301","+32.2613612","-112.3213640",tl_rd22_04_cd118,Raul Grijalva,Arizona 7th,Arizona,D,1203 LHOB,(202) 225-2435,education_and_the_workforce|natural_resources,"0","0","0","0","1","0","0","1","0","0","0","0","0","0","0","0","0","0","0","0","0","0","0","0","0","0","50556",Department of Defense,The Barry M Goldwater Air Force Range,https://www.af.mil/,3.829475327138158,0.408472206146323
"04","0407","07",Congressional District 7,C2,"118",G5200,N,"39931135328","13472301","+32.2613612","-112.3213640",tl_rd22_04_cd118,Raul Grijalva,Arizona 7th,Arizona,D,1203 LHOB,(202) 225-2435,education_and_the_workforce|natural_resources,"0","0","0","0","1","0","0","1","0","0","0","0","0","0","0","0","0","0","0","0","0","0","0","0","0","0","50865",Department of Defense,Marine Corps Air Station Yuma,https://www.marines.mil/,0.213557934909675,0.001846108371450
"04","0407","07",Congressional District 7,C2,"118",G5200,N,"39931135328","13472301","+32.2613612","-112.3213640",tl_rd22_04_cd118,Raul Grijalva,Arizona 7th,Arizona,D,1203 LHOB,(202) 225-2435,education_and_the_workforce|natural_resources,"0","0","0","0","1","0","0","1","0","0","0","0","0","0","0","0","0","0","0","0","0","0","0","0","0","0","50866",Department of Defense,Barry Goldwater Range,https://www.marines.mil/,2.709076355331354,0.269050039020749
"04","0407","07",Congressional District 7,C2,"118",G5200,N,"39931135328","13472301","+32.2613612","-112.3213640",tl_rd22_04_cd118,Raul Grijalva,Arizona 7th,Arizona,D,1203 LHOB,(202) 225-2435,education_and_the_workforce|natural_resources,"0","0","0","0","1","0","0","1","0","0","0","0","0","0","0","0","0","0","0","0","0","0","0","0","0","0","51275",Department of Defense,Tucson IAP,https://www.ang.af.mil/,0.029002346391544,0.000036313799407
"04","0407","07",Congressional District 7,C2,"118",G5200,N,"39931135328","13472301","+32.2613612","-112.3213640",tl_rd22_04_cd118,Raul Grijalva,Arizona 7th,Arizona,D,1203 LHOB,(202) 225-2435,education_and_the_workforce|natural_resources,"0","0","0","0","1","0","0","1","0","0","0","0","0","0","0","0","0","0","0","0","0","0","0","0","0","0","51284",Department of Defense,Air Force Plant 44,https://www.af.mil/,0.098196336119651,0.000495505154756
"04","0409","09",Congressional District 9,C2,"118",G5200,N,"60163607476","377975295","+34.6023415","-113.6633198",tl_rd22_04_cd118,Paul Gosar,Arizona 9th,Arizona,R,2057 RHOB,(202) 225-2315,oversight_and_accountability|natural_resources,"0","0","1","0","1","0","0","0","0","0","0","0","0","0","0","0","0","0","0","0","0","0","0","0","0","0","50326",Department of Defense,NG Buckeye TS,https://www.nationalguard.mil/,0.136757838258604,0.000588910417733
"04","0409","09",Congressional District 9,C2,"118",G5200,N,"60163607476","377975295","+34.6023415","-113.6633198",tl_rd22_04_cd118,Paul Gosar,Arizona 9th,Arizona,R,2057 RHOB,(202) 225-2315,oversight_and_accountability|natural_resources,"0","0","1","0","1","0","0","0","0","0","0","0","0","0","0","0","0","0","0","0","0","0","0","0","0","0","50476",Department of Defense,Yuma Proving Ground,https://www.army.mil/,4.274376348745889,0.327243062461846
"04","0409","09",Congressional District 9,C2,"118",G5200,N,"60163607476","377975295","+34.6023415","-113.6633198",tl_rd22_04_cd118,Paul Gosar,Arizona 9th,Arizona,R,2057 RHOB,(202) 225-2315,oversight_and_accountability|natural_resources,"0","0","1","0","1","0","0","0","0","0","0","0","0","0","0","0","0","0","0","0","0","0","0","0","0","0","50553",Department of Defense,Luke Air Force Auxiliary Field No 1,https://www.af.mil/,0.114956400792689,0.000433507137927
"04","0409","09",Congressional District 9,C2,"118",G5200,N,"60163607476","377975295","+34.6023415","-113.6633198",tl_rd22_04_cd118,Paul Gosar,Arizona 9th,Arizona,R,2057 RHOB,(202) 225-2315,oversight_and_accountability|natural_resources,"0","0","1","0","1","0","0","0","0","0","0","0","0","0","0","0","0","0","0","0","0","0","0","0","0","0","50555",Department of Defense,Luke Waste Annex,https://www.af.mil/,0.015702839885937,0.000015287070425
"04","0409","09",Congressional District 9,C2,"118",G5200,N,"60163607476","377975295","+34.6023415","-113.6633198",tl_rd22_04_cd118,Paul Gosar,Arizona 9th,Arizona,R,2057 RHOB,(202) 225-2315,oversight_and_accountability|natural_resources,"0","0","1","0","1","0","0","0","0","0","0","0","0","0","0","0","0","0","0","0","0","0","0","0","0","0","50556",Department of Defense,The Barry M Goldwater Air Force Range,https://www.af.mil/,3.829475327138158,0.408472206146323
"04","0409","09",Congressional District 9,C2,"118",G5200,N,"60163607476","377975295","+34.6023415","-113.6633198",tl_rd22_04_cd118,Paul Gosar,Arizona 9th,Arizona,R,2057 RHOB,(202) 225-2315,oversight_and_accountability|natural_resources,"0","0","1","0","1","0","0","0","0","0","0","0","0","0","0","0","0","0","0","0","0","0","0","0","0","0","50865",Department of Defense,Marine Corps Air Station Yuma,https://www.marines.mil/,0.213557934909675,0.001846108371450
"04","0409","09",Congressional District 9,C2,"118",G5200,N,"60163607476","377975295","+34.6023415","-113.6633198",tl_rd22_04_cd118,Paul Gosar,Arizona 9th,Arizona,R,2057 RHOB,(202) 225-2315,oversight_and_accountability|natural_resources,"0","0","1","0","1","0","0","0","0","0","0","0","0","0","0","0","0","0","0","0","0","0","0","0","0","0","50866",Department of Defense,Barry Goldwater Range,https://www.marines.mil/,2.709076355331354,0.269050039020749
"04","0409","09",Congressional District 9,C2,"118",G5200,N,"60163607476","377975295","+34.6023415","-113.6633198",tl_rd22_04_cd118,Paul Gosar,Arizona 9th,Arizona,R,2057 RHOB,(202) 225-2315,oversight_and_accountability|natural_resources,"0","0","1","0","1","0","0","0","0","0","0","0","0","0","0","0","0","0","0","0","0","0","0","0","0","0","51393",Department of Defense,Luke AFB,https://www.af.mil/,0.221923549050156,0.001100606938729
"04","0409","09",Congressional District 9,C2,"118",G5200,N,"60163607476","377975295","+34.6023415","-113.6633198",tl_rd22_04_cd118,Paul Gosar,Arizona 9th,Arizona,R,2057 RHOB,(202) 225-2315,oversight_and_accountability|natural_resources,"0","0","1","0","1","0","0","0","0","0","0","0","0","0","0","0","0","0","0","0","0","0","0","0","0","0","51394",Department of Defense,Luke AFB,https://www.af.mil/,0.031563982845651,0.000061479582472
"05","0502","02",Congressional District 2,C2,"118",G5200,N,"13731168944","361751718","+35.1678883","-092.3758376",tl_rd22_05_cd118,J. Hill,Arkansas 2nd,Arkansas,R,1533 LHOB,(202) 225-2506,financial_services|foreign_affairs|Intelligence,"0","0","0","0","0","1","0","0","0","0","1","0","0","0","0","0","0","0","1","0","0","0","0","0","0","0","49991",Department of Defense,NG Camp Joseph T Robinson,https://www.nationalguard.mil/,0.007403851526785,0.000001500627867
"05","0502","02",Congressional District 2,C2,"118",G5200,N,"13731168944","361751718","+35.1678883","-092.3758376",tl_rd22_05_cd118,J. Hill,Arkansas 2nd,Arkansas,R,1533 LHOB,(202) 225-2506,financial_services|foreign_affairs|Intelligence,"0","0","0","0","0","1","0","0","0","0","1","0","0","0","0","0","0","0","1","0","0","0","0","0","0","0","49992",Department of Defense,NG Camp Joseph T Robinson,https://www.nationalguard.mil/,0.601518553114192,0.013218690997408
"05","0502","02",Congressional District 2,C2,"118",G5200,N,"13731168944","361751718","+35.1678883","-092.3758376",tl_rd22_05_cd118,J. Hill,Arkansas 2nd,Arkansas,R,1533 LHOB,(202) 225-2506,financial_services|foreign_affairs|Intelligence,"0","0","0","0","0","1","0","0","0","0","1","0","0","0","0","0","0","0","1","0","0","0","0","0","0","0","50649",Department of Defense,Little Rock AFB,https://www.af.mil/,0.247354411208954,0.002481272302404
"05","0503","03",Congressional District 3,C2,"118",G5200,N,"10786538519","207821922","+36.0007166","-094.0298134",tl_rd22_05_cd118,Steve Womack,Arkansas 3rd,Arkansas,R,2412 RHOB,(202) 225-4301,appropriations,"1","0","0","0","0","0","0","0","0","0","0","0","0","0","0","0","0","0","0","0","0","0","0","0","0","0","50081",Department of Defense,NG Fort Chaffee MTC,https://www.nationalguard.mil/,0.679026965555432,0.017017794877424
"05","0503","03",Congressional District 3,C2,"118",G5200,N,"10786538519","207821922","+36.0007166","-094.0298134",tl_rd22_05_cd118,Steve Womack,Arkansas 3rd,Arkansas,R,2412 RHOB,(202) 225-4301,appropriations,"1","0","0","0","0","0","0","0","0","0","0","0","0","0","0","0","0","0","0","0","0","0","0","0","0","0","50082",Department of Defense,NG Fort Chaffee MTC,https://www.nationalguard.mil/,0.460058286050652,0.008116136177225
"05","0503","03",Congressional District 3,C2,"118",G5200,N,"10786538519","207821922","+36.0007166","-094.0298134",tl_rd22_05_cd118,Steve Womack,Arkansas 3rd,Arkansas,R,2412 RHOB,(202) 225-4301,appropriations,"1","0","0","0","0","0","0","0","0","0","0","0","0","0","0","0","0","0","0","0","0","0","0","0","0","0","50083",Department of Defense,NG Fort Chaffee MTC,https://www.nationalguard.mil/,0.152249637379671,0.000680784682469
"05","0503","03",Congressional District 3,C2,"118",G5200,N,"10786538519","207821922","+36.0007166","-094.0298134",tl_rd22_05_cd118,Steve Womack,Arkansas 3rd,Arkansas,R,2412 RHOB,(202) 225-4301,appropriations,"1","0","0","0","0","0","0","0","0","0","0","0","0","0","0","0","0","0","0","0","0","0","0","0","0","0","50084",Department of Defense,NG Fort Chaffee MTC,https://www.nationalguard.mil/,0.084675725898920,0.000287917714800
"05","0503","03",Congressional District 3,C2,"118",G5200,N,"10786538519","207821922","+36.0007166","-094.0298134",tl_rd22_05_cd118,Steve Womack,Arkansas 3rd,Arkansas,R,2412 RHOB,(202) 225-4301,appropriations,"1","0","0","0","0","0","0","0","0","0","0","0","0","0","0","0","0","0","0","0","0","0","0","0","0","0","50738",Department of Defense,Fort Smith Map,https://www.ang.af.mil/,0.088248681550140,0.000403036401897
"05","0503","03",Congressional District 3,C2,"118",G5200,N,"10786538519","207821922","+36.0007166","-094.0298134",tl_rd22_05_cd118,Steve Womack,Arkansas 3rd,Arkansas,R,2412 RHOB,(202) 225-4301,appropriations,"1","0","0","0","0","0","0","0","0","0","0","0","0","0","0","0","0","0","0","0","0","0","0","0","0","0","50739",Department of Defense,Fort Smith Map,https://www.ang.af.mil/,0.014758817941254,0.000011457500461
"05","0503","03",Congressional District 3,C2,"118",G5200,N,"10786538519","207821922","+36.0007166","-094.0298134",tl_rd22_05_cd118,Steve Womack,Arkansas 3rd,Arkansas,R,2412 RHOB,(202) 225-4301,appropriations,"1","0","0","0","0","0","0","0","0","0","0","0","0","0","0","0","0","0","0","0","0","0","0","0","0","0","50740",Department of Defense,Fort Smith Map,https://www.ang.af.mil/,0.029018853835481,0.000047175479780
"05","0504","04",Congressional District 4,C2,"118",G5200,N,"58732248715","1125227294","+34.2089834","-093.1424686",tl_rd22_05_cd118,Bruce Westerman,Arkansas 4th,Arkansas,R,202 CHOB,(202) 225-3772,natural_resources|transportation_and_infrastructure,"0","0","0","0","1","0","0","0","0","0","0","1","0","0","0","0","0","0","0","0","0","0","0","0","0","0","50081",Department of Defense,NG Fort Chaffee MTC,https://www.nationalguard.mil/,0.679026965555432,0.017017794877424
"05","0504","04",Congressional District 4,C2,"118",G5200,N,"58732248715","1125227294","+34.2089834","-093.1424686",tl_rd22_05_cd118,Bruce Westerman,Arkansas 4th,Arkansas,R,202 CHOB,(202) 225-3772,natural_resources|transportation_and_infrastructure,"0","0","0","0","1","0","0","0","0","0","0","1","0","0","0","0","0","0","0","0","0","0","0","0","0","0","51455",Department of Defense,Pine Bluff Arsenal,https://www.army.mil/,0.414190760575339,0.005124381466642
"06","0650","50",Congressional District 50,C2,"118",G5200,N,"664419699","402569160","+32.7139954","-117.2349647",tl_rd22_06_cd118,Scott Peters,California 50th,California,D,1201 LHOB,(202) 225-0508,budget|energy_and_commerce,"0","0","0","0","0","0","0","0","1","0","0","0","0","0","1","0","0","0","0","0","0","0","0","0","0","0","50861",Department of Defense,Former NTC,https://www.marines.mil/,0.028036485646853,0.000027866912998
"06","0650","50",Congressional District 50,C2,"118",G5200,N,"664419699","402569160","+32.7139954","-117.2349647",tl_rd22_06_cd118,Scott Peters,California 50th,California,D,1201 LHOB,(202) 225-0508,budget|energy_and_commerce,"0","0","0","0","0","0","0","0","1","0","0","0","0","0","1","0","0","0","0","0","0","0","0","0","0","0","50862",Department of Defense,MCRD San Diego,https://www.marines.mil/,0.069296625976281,0.000165852432025
"06","0650","50",Congressional District 50,C2,"118",G5200,N,"664419699","402569160","+32.7139954","-117.2349647",tl_rd22_06_cd118,Scott Peters,California 50th,California,D,1201 LHOB,(202) 225-0508,budget|energy_and_commerce,"0","0","0","0","0","0","0","0","1","0","0","0","0","0","1","0","0","0","0","0","0","0","0","0","0","0","50863",Department of Defense,Harbor Drive,https://www.marines.mil/,0.009640063637622,0.000003041353127
"06","0650","50",Congressional District 50,C2,"118",G5200,N,"664419699","402569160","+32.7139954","-117.2349647",tl_rd22_06_cd118,Scott Peters,California 50th,California,D,1201 LHOB,(202) 225-0508,budget|energy_and_commerce,"0","0","0","0","0","0","0","0","1","0","0","0","0","0","1","0","0","0","0","0","0","0","0","0","0","0","51105",Department of Defense,Naval Base Point Loma,https://www.navy.mil/,0.180314186490153,0.000446286499504
"06","0650","50",Congressional District 50,C2,"118",G5200,N,"664419699","402569160","+32.7139954","-117.2349647",tl_rd22_06_cd118,Scott Peters,California 50th,California,D,1201 LHOB,(202) 225-0508,budget|energy_and_commerce,"0","0","0","0","0","0","0","0","1","0","0","0","0","0","1","0","0","0","0","0","0","0","0","0","0","0","51130",Department of Defense,Old Town Site 1,https://www.navy.mil/,0.025504066361124,0.000018372575414
"06","0650","50",Congressional District 50,C2,"118",G5200,N,"664419699","402569160","+32.7139954","-117.2349647",tl_rd22_06_cd118,Scott Peters,California 50th,California,D,1201 LHOB,(202) 225-0508,budget|energy_and_commerce,"0","0","0","0","0","0","0","0","1","0","0","0","0","0","1","0","0","0","0","0","0","0","0","0","0","0","51131",Department of Defense,SPAWARS South,https://www.navy.mil/,0.023113531175912,0.000019322213748
"06","0650","50",Congressional District 50,C2,"118",G5200,N,"664419699","402569160","+32.7139954","-117.2349647",tl_rd22_06_cd118,Scott Peters,California 50th,California,D,1201 LHOB,(202) 225-0508,budget|energy_and_commerce,"0","0","0","0","0","0","0","0","1","0","0","0","0","0","1","0","0","0","0","0","0","0","0","0","0","0","51132",Department of Defense,NAVBASE Coronado,https://www.navy.mil/,0.147960567682238,0.001080211026736
"06","0650","50",Congressional District 50,C2,"118",G5200,N,"664419699","402569160","+32.7139954","-117.2349647",tl_rd22_06_cd118,Scott Peters,California 50th,California,D,1201 LHOB,(202) 225-0508,budget|energy_and_commerce,"0","0","0","0","0","0","0","0","1","0","0","0","0","0","1","0","0","0","0","0","0","0","0","0","0","0","51218",Department of Defense,Amphib Base Coronado West,https://www.navy.mil/,0.025722992516558,0.000028278990063
"06","0650","50",Congressional District 50,C2,"118",G5200,N,"664419699","402569160","+32.7139954","-117.2349647",tl_rd22_06_cd118,Scott Peters,California 50th,California,D,1201 LHOB,(202) 225-0508,budget|energy_and_commerce,"0","0","0","0","0","0","0","0","1","0","0","0","0","0","1","0","0","0","0","0","0","0","0","0","0","0","51219",Department of Defense,Silver Strand South,https://www.navy.mil/,0.066298297796766,0.000213497922737
"06","0650","50",Congressional District 50,C2,"118",G5200,N,"664419699","402569160","+32.7139954","-117.2349647",tl_rd22_06_cd118,Scott Peters,California 50th,California,D,1201 LHOB,(202) 225-0508,budget|energy_and_commerce,"0","0","0","0","0","0","0","0","1","0","0","0","0","0","1","0","0","0","0","0","0","0","0","0","0","0","51220",Department of Defense,Amphib Base Coronado East,https://www.navy.mil/,0.088007186136450,0.000192843435585
"06","0650","50",Congressional District 50,C2,"118",G5200,N,"664419699","402569160","+32.7139954","-117.2349647",tl_rd22_06_cd118,Scott Peters,California 50th,California,D,1201 LHOB,(202) 225-0508,budget|energy_and_commerce,"0","0","0","0","0","0","0","0","1","0","0","0","0","0","1","0","0","0","0","0","0","0","0","0","0","0","51226",Department of Defense,Broadway Complex,https://www.navy.mil/,0.010504044261181,0.000005948765257
"06","0650","50",Congressional District 50,C2,"118",G5200,N,"664419699","402569160","+32.7139954","-117.2349647",tl_rd22_06_cd118,Scott Peters,California 50th,California,D,1201 LHOB,(202) 225-0508,budget|energy_and_commerce,"0","0","0","0","0","0","0","0","1","0","0","0","0","0","1","0","0","0","0","0","0","0","0","0","0","0","51227",Department of Defense,Balboa Hospital,https://www.navy.mil/,0.024541509618352,0.000029473487806
"06","0652","52",Congressional District 52,C2,"118",G5200,N,"349854784","21271032","+32.6286787","-117.0353225",tl_rd22_06_cd118,Juan Vargas,California 52nd,California,D,2334 RHOB,(202) 225-8045,financial_services,"0","0","0","0","0","0","0","0","0","0","1","0","0","0","0","0","0","0","0","0","0","0","0","0","0","0","51104",Department of Defense,Dryside,https://www.navy.mil/,0.077000535258701,0.000126210596737
"06","0652","52",Congressional District 52,C2,"118",G5200,N,"349854784","21271032","+32.6286787","-117.0353225",tl_rd22_06_cd118,Juan Vargas,California 52nd,California,D,2334 RHOB,(202) 225-8045,financial_services,"0","0","0","0","0","0","0","0","0","0","1","0","0","0","0","0","0","0","0","0","0","0","0","0","0","0","51112",Department of Defense,National City,https://www.navy.mil/,0.011464088741730,0.000005523306786
"06","0652","52",Congressional District 52,C2,"118",G5200,N,"349854784","21271032","+32.6286787","-117.0353225",tl_rd22_06_cd118,Juan Vargas,California 52nd,California,D,2334 RHOB,(202) 225-8045,financial_services,"0","0","0","0","0","0","0","0","0","0","1","0","0","0","0","0","0","0","0","0","0","0","0","0","0","0","51128",Department of Defense,Naval Base San Diego,https://www.navy.mil/,0.091337062845789,0.000267654277704
"06","0652","52",Congressional District 52,C2,"118",G5200,N,"349854784","21271032","+32.6286787","-117.0353225",tl_rd22_06_cd118,Juan Vargas,California 52nd,California,D,2334 RHOB,(202) 225-8045,financial_services,"0","0","0","0","0","0","0","0","0","0","1","0","0","0","0","0","0","0","0","0","0","0","0","0","0","0","51215",Department of Defense,Imperial Beach NOLF,https://www.navy.mil/,0.124572880982220,0.000468054608983
"06","0652","52",Congressional District 52,C2,"118",G5200,N,"349854784","21271032","+32.6286787","-117.0353225",tl_rd22_06_cd118,Juan Vargas,California 52nd,California,D,2334 RHOB,(202) 225-8045,financial_services,"0","0","0","0","0","0","0","0","0","0","1","0","0","0","0","0","0","0","0","0","0","0","0","0","0","0","51216",Department of Defense,Imperial Beach NOLF,https://www.navy.mil/,0.001078945075030,0.000000062090296
"06","0652","52",Congressional District 52,C2,"118",G5200,N,"349854784","21271032","+32.6286787","-117.0353225",tl_rd22_06_cd118,Juan Vargas,California 52nd,California,D,2334 RHOB,(202) 225-8045,financial_services,"0","0","0","0","0","0","0","0","0","0","1","0","0","0","0","0","0","0","0","0","0","0","0","0","0","0","51219",Department of Defense,Silver Strand South,https://www.navy.mil/,0.066298297796766,0.000213497922737
"06","0610","10",Congressional District 10,C2,"118",G5200,N,"1391885471","61045761","+37.8910774","-121.8930556",tl_rd22_06_cd118,Mark DeSaulnier,California 10th,California,D,503 CHOB,(202) 225-2095,education_and_the_workforce|transportation_and_infrastructure|ethics,"0","0","0","0","0","0","0","1","0","0","0","1","0","0","0","0","0","0","0","0","0","0","0","1","0","0","50022",Department of Defense,Military Ocean Terminal Concord,https://www.army.mil/,0.036380648050950,0.000047750568598
"06","0610","10",Congressional District 10,C2,"118",G5200,N,"1391885471","61045761","+37.8910774","-121.8930556",tl_rd22_06_cd118,Mark DeSaulnier,California 10th,California,D,503 CHOB,(202) 225-2095,education_and_the_workforce|transportation_and_infrastructure|ethics,"0","0","0","0","0","0","0","1","0","0","0","1","0","0","0","0","0","0","0","0","0","0","0","1","0","0","50025",Department of Defense,Military Ocean Terminal Concord,https://www.army.mil/,0.113283636384705,0.000404364218330
"06","0610","10",Congressional District 10,C2,"118",G5200,N,"1391885471","61045761","+37.8910774","-121.8930556",tl_rd22_06_cd118,Mark DeSaulnier,California 10th,California,D,503 CHOB,(202) 225-2095,education_and_the_workforce|transportation_and_infrastructure|ethics,"0","0","0","0","0","0","0","1","0","0","0","1","0","0","0","0","0","0","0","0","0","0","0","1","0","0","50027",Department of Defense,Military Ocean Terminal Concord,https://www.army.mil/,0.074028808635230,0.000093843399723
"06","0610","10",Congressional District 10,C2,"118",G5200,N,"1391885471","61045761","+37.8910774","-121.8930556",tl_rd22_06_cd118,Mark DeSaulnier,California 10th,California,D,503 CHOB,(202) 225-2095,education_and_the_workforce|transportation_and_infrastructure|ethics,"0","0","0","0","0","0","0","1","0","0","0","1","0","0","0","0","0","0","0","0","0","0","0","1","0","0","50341",Department of Defense,Parks Reserve Forces Tng Area,https://www.usar.army.mil/,0.176419625507360,0.000944242334269
"06","0610","10",Congressional District 10,C2,"118",G5200,N,"1391885471","61045761","+37.8910774","-121.8930556",tl_rd22_06_cd118,Mark DeSaulnier,California 10th,California,D,503 CHOB,(202) 225-2095,education_and_the_workforce|transportation_and_infrastructure|ethics,"0","0","0","0","0","0","0","1","0","0","0","1","0","0","0","0","0","0","0","0","0","0","0","1","0","0","51144",Department of Defense,Det Concord (BRAC),https://www.navy.mil/,0.146141707196664,0.001184796436061
"06","0610","10",Congressional District 10,C2,"118",G5200,N,"1391885471","61045761","+37.8910774","-121.8930556",tl_rd22_06_cd118,Mark DeSaulnier,California 10th,California,D,503 CHOB,(202) 225-2095,education_and_the_workforce|transportation_and_infrastructure|ethics,"0","0","0","0","0","0","0","1","0","0","0","1","0","0","0","0","0","0","0","0","0","0","0","1","0","0","51145",Department of Defense,Det Concord (BRAC),https://www.navy.mil/,0.130184283726845,0.000499958327616
"06","0610","10",Congressional District 10,C2,"118",G5200,N,"1391885471","61045761","+37.8910774","-121.8930556",tl_rd22_06_cd118,Mark DeSaulnier,California 10th,California,D,503 CHOB,(202) 225-2095,education_and_the_workforce|transportation_and_infrastructure|ethics,"0","0","0","0","0","0","0","1","0","0","0","1","0","0","0","0","0","0","0","0","0","0","0","1","0","0","51146",Department of Defense,Det Concord (BRAC),https://www.navy.mil/,0.084287556810824,0.000368018919971
"06","0610","10",Congressional District 10,C2,"118",G5200,N,"1391885471","61045761","+37.8910774","-121.8930556",tl_rd22_06_cd118,Mark DeSaulnier,California 10th,California,D,503 CHOB,(202) 225-2095,education_and_the_workforce|transportation_and_infrastructure|ethics,"0","0","0","0","0","0","0","1","0","0","0","1","0","0","0","0","0","0","0","0","0","0","0","1","0","0","51147",Department of Defense,Det Concord (BRAC),https://www.navy.mil/,0.073299528588576,0.000146452000241
"06","0616","16",Congressional District 16,C2,"118",G5200,N,"1370323602","477751599","+37.3351737","-122.2876744",tl_rd22_06_cd118,Anna Eshoo,California 16th,California,D,272 CHOB,(202) 225-8104,energy_and_commerce,"0","0","0","0","0","0","0","0","1","0","0","0","0","0","0","0","0","0","0","0","0","0","0","0","0","0","50700",Department of Defense,Pillar Point AFS,https://www.af.mil/,0.031521068539080,0.000026172163194
"06","0619","19",Congressional District 19,C2,"118",G5200,N,"7294894534","1988253172","+36.8677125","-121.7525021",tl_rd22_06_cd118,Jimmy Panetta,California 19th,California,D,304 CHOB,(202) 225-2861,armed_services|budget|ways_and_means,"0","0","0","1","0","0","0","0","0","1","0","0","0","0","1","0","0","0","0","0","0","0","0","0","0","0","50095",Department of Defense,Fort Hunter Liggett,https://www.usar.army.mil/,1.979867874604180,0.064972991305720
"06","0619","19",Congressional District 19,C2,"118",G5200,N,"7294894534","1988253172","+36.8677125","-121.7525021",tl_rd22_06_cd118,Jimmy Panetta,California 19th,California,D,304 CHOB,(202) 225-2861,armed_services|budget|ways_and_means,"0","0","0","1","0","0","0","0","0","1","0","0","0","0","1","0","0","0","0","0","0","0","0","0","0","0","50300",Department of Defense,NG MTC-H Camp Roberts,https://www.nationalguard.mil/,0.693060826223546,0.017189910180321
"06","0619","19",Congressional District 19,C2,"118",G5200,N,"7294894534","1988253172","+36.8677125","-121.7525021",tl_rd22_06_cd118,Jimmy Panetta,California 19th,California,D,304 CHOB,(202) 225-2861,armed_services|budget|ways_and_means,"0","0","0","1","0","0","0","0","0","1","0","0","0","0","1","0","0","0","0","0","0","0","0","0","0","0","50345",Department of Defense,Presidio of Monterey,https://www.army.mil/,0.077677580968459,0.000159294333717
"06","0619","19",Congressional District 19,C2,"118",G5200,N,"7294894534","1988253172","+36.8677125","-121.7525021",tl_rd22_06_cd118,Jimmy Panetta,California 19th,California,D,304 CHOB,(202) 225-2861,armed_services|budget|ways_and_means,"0","0","0","1","0","0","0","0","0","1","0","0","0","0","1","0","0","0","0","0","0","0","0","0","0","0","51098",Department of Defense,Navy Annex,https://www.navy.mil/,0.040543763502033,0.000049463738831
"06","0619","19",Congressional District 19,C2,"118",G5200,N,"7294894534","1988253172","+36.8677125","-121.7525021",tl_rd22_06_cd118,Jimmy Panetta,California 19th,California,D,304 CHOB,(202) 225-2861,armed_services|budget|ways_and_means,"0","0","0","1","0","0","0","0","0","1","0","0","0","0","1","0","0","0","0","0","0","0","0","0","0","0","51113",Department of Defense,NAVSUPPACT Monterey CA,https://www.navy.mil/,0.032301796581835,0.000054220146712
"06","0620","20",Congressional District 20,C2,"118",G5200,N,"25052466939","128853638","+35.7564580","-118.6717298",tl_rd22_06_cd118,Kevin McCarthy,California 20th,California,R,2468 RHOB,(202) 225-2915,"0","0","0","0","0","0","0","0","0","0","0","0","0","0","0","0","0","0","0","0","0","0","0","0","0","0",,"51091",Department of Defense,Naval Air Weapons Station China Lake,https://www.navy.mil/,2.855219950018908,0.247608194575923
"06","0620","20",Congressional District 20,C2,"118",G5200,N,"25052466939","128853638","+35.7564580","-118.6717298",tl_rd22_06_cd118,Kevin McCarthy,California 20th,California,R,2468 RHOB,(202) 225-2915,"0","0","0","0","0","0","0","0","0","0","0","0","0","0","0","0","0","0","0","0","0","0","0","0","0","0",,"51214",Department of Defense,NAS Lemoore CA,https://www.navy.mil/,0.475557972351904,0.007455336021935
"06","0620","20",Congressional District 20,C2,"118",G5200,N,"25052466939","128853638","+35.7564580","-118.6717298",tl_rd22_06_cd118,Kevin McCarthy,California 20th,California,R,2468 RHOB,(202) 225-2915,"0","0","0","0","0","0","0","0","0","0","0","0","0","0","0","0","0","0","0","0","0","0","0","0","0","0",,"51354",Department of Defense,Edwards Air Force Base,https://www.af.mil/,1.810724644328121,0.123040558752584
"06","0618","18",Congressional District 18,C2,"118",G5200,N,"11843790535","90532180","+36.4786923","-121.1929124",tl_rd22_06_cd118,Zoe Lofgren,California 18th,California,D,1401 LHOB,(202) 225-3072,judiciary|science_space_and_technology,"0","0","0","0","0","0","0","0","0","0","0","0","0","1","0","0","0","0","0","0","1","0","0","0","0","0","50095",Department of Defense,Fort Hunter Liggett,https://www.usar.army.mil/,1.979867874604180,0.064972991305720
"06","0618","18",Congressional District 18,C2,"118",G5200,N,"11843790535","90532180","+36.4786923","-121.1929124",tl_rd22_06_cd118,Zoe Lofgren,California 18th,California,D,1401 LHOB,(202) 225-3072,judiciary|science_space_and_technology,"0","0","0","0","0","0","0","0","0","0","0","0","0","1","0","0","0","0","0","0","1","0","0","0","0","0","50300",Department of Defense,NG MTC-H Camp Roberts,https://www.nationalguard.mil/,0.693060826223546,0.017189910180321
"06","0623","23",Congressional District 23,C2,"118",G5200,N,"46533032983","48601319","+34.9425038","-116.4363096",tl_rd22_06_cd118,Jay Obernolte,California 23rd,California,R,1029 LHOB,(202) 225-5861,energy_and_commerce|science_space_and_technology,"0","0","0","0","0","0","0","0","1","0","0","0","0","0","0","0","0","0","0","0","1","0","0","0","0","0","50332",Department of Defense,Fort Irwin,https://www.army.mil/,0.091487014309647,0.000490780391760
"06","0623","23",Congressional District 23,C2,"118",G5200,N,"46533032983","48601319","+34.9425038","-116.4363096",tl_rd22_06_cd118,Jay Obernolte,California 23rd,California,R,1029 LHOB,(202) 225-5861,energy_and_commerce|science_space_and_technology,"0","0","0","0","0","0","0","0","1","0","0","0","0","0","0","0","0","0","0","0","1","0","0","0","0","0","50333",Department of Defense,Fort Irwin,https://www.army.mil/,2.757647803437049,0.302646292848561
"06","0623","23",Congressional District 23,C2,"118",G5200,N,"46533032983","48601319","+34.9425038","-116.4363096",tl_rd22_06_cd118,Jay Obernolte,California 23rd,California,R,1029 LHOB,(202) 225-5861,energy_and_commerce|science_space_and_technology,"0","0","0","0","0","0","0","0","1","0","0","0","0","0","0","0","0","0","0","0","1","0","0","0","0","0","50830",Department of Defense,MCLB Barstow,https://www.marines.mil/,0.224226857602638,0.001507985080772
"06","0623","23",Congressional District 23,C2,"118",G5200,N,"46533032983","48601319","+34.9425038","-116.4363096",tl_rd22_06_cd118,Jay Obernolte,California 23rd,California,R,1029 LHOB,(202) 225-5861,energy_and_commerce|science_space_and_technology,"0","0","0","0","0","0","0","0","1","0","0","0","0","0","0","0","0","0","0","0","1","0","0","0","0","0","50831",Department of Defense,Yermo Area,https://www.marines.mil/,0.149381513824012,0.000674724366106
"06","0623","23",Congressional District 23,C2,"118",G5200,N,"46533032983","48601319","+34.9425038","-116.4363096",tl_rd22_06_cd118,Jay Obernolte,California 23rd,California,R,1029 LHOB,(202) 225-5861,energy_and_commerce|science_space_and_technology,"0","0","0","0","0","0","0","0","1","0","0","0","0","0","0","0","0","0","0","0","1","0","0","0","0","0","50864",Department of Defense,Marine Corps Air Ground Combat Center Twentynine Palms,https://www.marines.mil/,3.157010213069189,0.302382999382654
"06","0623","23",Congressional District 23,C2,"118",G5200,N,"46533032983","48601319","+34.9425038","-116.4363096",tl_rd22_06_cd118,Jay Obernolte,California 23rd,California,R,1029 LHOB,(202) 225-5861,energy_and_commerce|science_space_and_technology,"0","0","0","0","0","0","0","0","1","0","0","0","0","0","0","0","0","0","0","0","1","0","0","0","0","0","51089",Department of Defense,Randsburg Wash Area,https://www.navy.mil/,2.426854209362245,0.212466982464357
"06","0623","23",Congressional District 23,C2,"118",G5200,N,"46533032983","48601319","+34.9425038","-116.4363096",tl_rd22_06_cd118,Jay Obernolte,California 23rd,California,R,1029 LHOB,(202) 225-5861,energy_and_commerce|science_space_and_technology,"0","0","0","0","0","0","0","0","1","0","0","0","0","0","0","0","0","0","0","0","1","0","0","0","0","0","51090",Department of Defense,Naval Air Weapons Station China Lake,https://www.navy.mil/,0.032684089840895,0.000065999360299
"06","0623","23",Congressional District 23,C2,"118",G5200,N,"46533032983","48601319","+34.9425038","-116.4363096",tl_rd22_06_cd118,Jay Obernolte,California 23rd,California,R,1029 LHOB,(202) 225-5861,energy_and_commerce|science_space_and_technology,"0","0","0","0","0","0","0","0","1","0","0","0","0","0","0","0","0","0","0","0","1","0","0","0","0","0","51091",Department of Defense,Naval Air Weapons Station China Lake,https://www.navy.mil/,2.855219950018908,0.247608194575923
"06","0623","23",Congressional District 23,C2,"118",G5200,N,"46533032983","48601319","+34.9425038","-116.4363096",tl_rd22_06_cd118,Jay Obernolte,California 23rd,California,R,1029 LHOB,(202) 225-5861,energy_and_commerce|science_space_and_technology,"0","0","0","0","0","0","0","0","1","0","0","0","0","0","0","0","0","0","0","0","1","0","0","0","0","0","51280",Department of Defense,George AFB,https://www.af.mil/,0.285837355138250,0.002097118201953
"06","0623","23",Congressional District 23,C2,"118",G5200,N,"46533032983","48601319","+34.9425038","-116.4363096",tl_rd22_06_cd118,Jay Obernolte,California 23rd,California,R,1029 LHOB,(202) 225-5861,energy_and_commerce|science_space_and_technology,"0","0","0","0","0","0","0","0","1","0","0","0","0","0","0","0","0","0","0","0","1","0","0","0","0","0","51354",Department of Defense,Edwards Air Force Base,https://www.af.mil/,1.810724644328121,0.123040558752584
"06","0625","25",Congressional District 25,C2,"118",G5200,N,"30965475658","1026251179","+33.6133112","-115.3445501",tl_rd22_06_cd118,Raul Ruiz,California 25th,California,D,2342 RHOB,(202) 225-5330,energy_and_commerce|select_subcommittee_on_the_coronavirus_pandemic,"0","0","0","0","0","0","0","0","1","0","0","0","0","0","0","0","0","0","0","1","0","0","0","0","0","0","50867",Department of Defense,Choc Mt Air Gnry Rng,https://www.marines.mil/,0.004472125739216,0.000000880261105
"06","0625","25",Congressional District 25,C2,"118",G5200,N,"30965475658","1026251179","+33.6133112","-115.3445501",tl_rd22_06_cd118,Raul Ruiz,California 25th,California,D,2342 RHOB,(202) 225-5330,energy_and_commerce|select_subcommittee_on_the_coronavirus_pandemic,"0","0","0","0","0","0","0","0","1","0","0","0","0","0","0","0","0","0","0","1","0","0","0","0","0","0","50868",Department of Defense,Choc Mt Air Gnry Rng,https://www.marines.mil/,2.813895981128257,0.179521934228228
"06","0625","25",Congressional District 25,C2,"118",G5200,N,"30965475658","1026251179","+33.6133112","-115.3445501",tl_rd22_06_cd118,Raul Ruiz,California 25th,California,D,2342 RHOB,(202) 225-5330,energy_and_commerce|select_subcommittee_on_the_coronavirus_pandemic,"0","0","0","0","0","0","0","0","1","0","0","0","0","0","0","0","0","0","0","1","0","0","0","0","0","0","50869",Department of Defense,Choc Mt Air Gnry Rng,https://www.marines.mil/,0.054103265915327,0.000067724758178
"06","0625","25",Congressional District 25,C2,"118",G5200,N,"30965475658","1026251179","+33.6133112","-115.3445501",tl_rd22_06_cd118,Raul Ruiz,California 25th,California,D,2342 RHOB,(202) 225-5330,energy_and_commerce|select_subcommittee_on_the_coronavirus_pandemic,"0","0","0","0","0","0","0","0","1","0","0","0","0","0","0","0","0","0","0","1","0","0","0","0","0","0","51096",Department of Defense,NAF El Centro,https://www.navy.mil/,0.196593620175758,0.001043795337695
"06","0625","25",Congressional District 25,C2,"118",G5200,N,"30965475658","1026251179","+33.6133112","-115.3445501",tl_rd22_06_cd118,Raul Ruiz,California 25th,California,D,2342 RHOB,(202) 225-5330,energy_and_commerce|select_subcommittee_on_the_coronavirus_pandemic,"0","0","0","0","0","0","0","0","1","0","0","0","0","0","0","0","0","0","0","1","0","0","0","0","0","0","51224",Department of Defense,Target 101 Shade Tree,https://www.navy.mil/,0.501240535125037,0.007505283743473
"06","0625","25",Congressional District 25,C2,"118",G5200,N,"30965475658","1026251179","+33.6133112","-115.3445501",tl_rd22_06_cd118,Raul Ruiz,California 25th,California,D,2342 RHOB,(202) 225-5330,energy_and_commerce|select_subcommittee_on_the_coronavirus_pandemic,"0","0","0","0","0","0","0","0","1","0","0","0","0","0","0","0","0","0","0","1","0","0","0","0","0","0","51225",Department of Defense,Holtville Carrier LS,https://www.navy.mil/,0.339785206641811,0.000472744652188
"06","0626","26",Congressional District 26,C2,"118",G5200,N,"4441526448","311329572","+34.4549598","-119.0699499",tl_rd22_06_cd118,Julia Brownley,California 26th,California,D,2262 RHOB,(202) 225-5811,transportation_and_infrastructure|veterans_affairs,"0","0","0","0","0","0","0","0","0","0","0","1","0","0","0","0","0","0","0","0","0","1","0","0","0","0","50769",Department of Defense,Channel Islands ANG Station,https://www.ang.af.mil/,0.035831305785148,0.000072427420767
"06","0626","26",Congressional District 26,C2,"118",G5200,N,"4441526448","311329572","+34.4549598","-119.0699499",tl_rd22_06_cd118,Julia Brownley,California 26th,California,D,2262 RHOB,(202) 225-5811,transportation_and_infrastructure|veterans_affairs,"0","0","0","0","0","0","0","0","0","0","0","1","0","0","0","0","0","0","0","0","0","1","0","0","0","0","51106",Department of Defense,Naval Base Ventura County – Point Mugu Operating Facility,https://www.navy.mil/,0.253781140193871,0.001768968665567
"06","0626","26",Congressional District 26,C2,"118",G5200,N,"4441526448","311329572","+34.4549598","-119.0699499",tl_rd22_06_cd118,Julia Brownley,California 26th,California,D,2262 RHOB,(202) 225-5811,transportation_and_infrastructure|veterans_affairs,"0","0","0","0","0","0","0","0","0","0","0","1","0","0","0","0","0","0","0","0","0","1","0","0","0","0","51143",Department of Defense,Naval Base Ventura County – Port Hueneme Operating Facility,https://www.navy.mil/,0.128150324273504,0.000636878919252
"06","0622","22",Congressional District 22,C2,"118",G5200,N,"11170772596","19759439","+35.7735727","-119.5297371",tl_rd22_06_cd118,David Valadao,California 22nd,California,R,2465 RHOB,(202) 225-4695,appropriations|budget,"1","0","0","0","0","0","0","0","0","0","0","0","0","0","1","0","0","0","0","0","0","0","0","0","0","0","51148",Department of Defense,Sewage Evaporation Pond,https://www.navy.mil/,0.062700742827189,0.000174812500371
"06","0622","22",Congressional District 22,C2,"118",G5200,N,"11170772596","19759439","+35.7735727","-119.5297371",tl_rd22_06_cd118,David Valadao,California 22nd,California,R,2465 RHOB,(202) 225-4695,appropriations|budget,"1","0","0","0","0","0","0","0","0","0","0","0","0","0","1","0","0","0","0","0","0","0","0","0","0","0","51214",Department of Defense,NAS Lemoore CA,https://www.navy.mil/,0.475557972351904,0.007455336021935
"06","0627","27",Congressional District 27,C2,"118",G5200,N,"3926639580","32081994","+34.6066288","-118.3582840",tl_rd22_06_cd118,Mike Garcia,California 27th,California,R,144 CHOB,(202) 225-1956,appropriations|Intelligence|science_space_and_technology,"1","0","0","0","0","0","0","0","0","0","0","0","0","0","0","0","0","0","1","0","1","0","0","0","0","0","51295",Department of Defense,Air Force Plant 42,https://www.af.mil/,0.266170327924025,0.002071414378010
"06","0627","27",Congressional District 27,C2,"118",G5200,N,"3926639580","32081994","+34.6066288","-118.3582840",tl_rd22_06_cd118,Mike Garcia,California 27th,California,R,144 CHOB,(202) 225-1956,appropriations|Intelligence|science_space_and_technology,"1","0","0","0","0","0","0","0","0","0","0","0","0","0","0","0","0","0","1","0","1","0","0","0","0","0","51354",Department of Defense,Edwards Air Force Base,https://www.af.mil/,1.810724644328121,0.123040558752584
"06","0636","36",Congressional District 36,C2,"118",G5200,N,"251540870","252514261","+33.8698189","-118.4052955",tl_rd22_06_cd118,Ted Lieu,California 36th,California,D,2454 RHOB,(202) 225-3976,foreign_affairs|judiciary|science_space_and_technology,"0","0","0","0","0","1","0","0","0","0","0","0","0","1","0","0","0","0","0","0","1","0","0","0","0","0","51138",Department of Defense,San Pedro Fuel Depot,https://www.navy.mil/,0.058492117289019,0.000132527578301
"06","0636","36",Congressional District 36,C2,"118",G5200,N,"251540870","252514261","+33.8698189","-118.4052955",tl_rd22_06_cd118,Ted Lieu,California 36th,California,D,2454 RHOB,(202) 225-3976,foreign_affairs|judiciary|science_space_and_technology,"0","0","0","0","0","1","0","0","0","0","0","0","0","1","0","0","0","0","0","0","1","0","0","0","0","0","51392",Department of Defense,Los Angeles Air Force Base,https://www.af.mil/,0.019218755675001,0.000020574106601
"06","0641","41",Congressional District 41,C2,"118",G5200,N,"3437064855","48013406","+33.6304178","-116.5822901",tl_rd22_06_cd118,Ken Calvert,California 41st,California,R,2205 RHOB,(202) 225-1986,appropriations,"1","0","0","0","0","0","0","0","0","0","0","0","0","0","0","0","0","0","0","0","0","0","0","0","0","0","51119",Department of Defense,Naval Weapons Station Seal Beach Detachment Norco,https://www.navy.mil/,0.058731141343932,0.000096201968555
"06","0639","39",Congressional District 39,C2,"118",G5200,N,"736282049","4217611","+33.9061987","-117.3163532",tl_rd22_06_cd118,Mark Takano,California 39th,California,D,2078 RHOB,(202) 225-2305,education_and_the_workforce|veterans_affairs,"0","0","0","0","0","0","0","1","0","0","0","0","0","0","0","0","0","0","0","0","0","1","0","0","0","0","51396",Department of Defense,March ARB,https://www.afrc.af.mil/,0.007904496170671,0.000003752206897
"06","0639","39",Congressional District 39,C2,"118",G5200,N,"736282049","4217611","+33.9061987","-117.3163532",tl_rd22_06_cd118,Mark Takano,California 39th,California,D,2078 RHOB,(202) 225-2305,education_and_the_workforce|veterans_affairs,"0","0","0","0","0","0","0","1","0","0","0","0","0","0","0","0","0","0","0","0","0","1","0","0","0","0","51397",Department of Defense,March ARB,https://www.afrc.af.mil/,0.406257861855873,0.002710731329234
"06","0642","42",Congressional District 42,C2,"118",G5200,N,"549970949","1171866547","+33.3673364","-118.4807090",tl_rd22_06_cd118,Robert Garcia,California 42nd,California,D,1305 LHOB,(202) 225-7924,oversight_and_accountability|homeland_security|select_subcommittee_on_the_coronavirus_pandemic,"0","0","1","0","0","0","1","0","0","0","0","0","0","0","0","0","0","0","0","1","0","0","0","0","0","0","51115",Department of Defense,Long Beach Fuel Complex,https://www.navy.mil/,0.013194118156634,0.000004367189047
"06","0642","42",Congressional District 42,C2,"118",G5200,N,"549970949","1171866547","+33.3673364","-118.4807090",tl_rd22_06_cd118,Robert Garcia,California 42nd,California,D,1305 LHOB,(202) 225-7924,oversight_and_accountability|homeland_security|select_subcommittee_on_the_coronavirus_pandemic,"0","0","1","0","0","0","1","0","0","0","0","0","0","0","0","0","0","0","0","1","0","0","0","0","0","0","51228",Department of Defense,San Clemente IS NALF,https://www.navy.mil/,0.904216018331084,0.014072641775690
"06","0642","42",Congressional District 42,C2,"118",G5200,N,"549970949","1171866547","+33.3673364","-118.4807090",tl_rd22_06_cd118,Robert Garcia,California 42nd,California,D,1305 LHOB,(202) 225-7924,oversight_and_accountability|homeland_security|select_subcommittee_on_the_coronavirus_pandemic,"0","0","1","0","0","0","1","0","0","0","0","0","0","0","0","0","0","0","0","1","0","0","0","0","0","0","51229",Department of Defense,San Clemente IS NALF,https://www.navy.mil/,0.003928074165825,0.000000761330119
"06","0642","42",Congressional District 42,C2,"118",G5200,N,"549970949","1171866547","+33.3673364","-118.4807090",tl_rd22_06_cd118,Robert Garcia,California 42nd,California,D,1305 LHOB,(202) 225-7924,oversight_and_accountability|homeland_security|select_subcommittee_on_the_coronavirus_pandemic,"0","0","1","0","0","0","1","0","0","0","0","0","0","0","0","0","0","0","0","1","0","0","0","0","0","0","51230",Department of Defense,San Clemente IS NALF,https://www.navy.mil/,0.003024792166642,0.000000526181207
"06","0642","42",Congressional District 42,C2,"118",G5200,N,"549970949","1171866547","+33.3673364","-118.4807090",tl_rd22_06_cd118,Robert Garcia,California 42nd,California,D,1305 LHOB,(202) 225-7924,oversight_and_accountability|homeland_security|select_subcommittee_on_the_coronavirus_pandemic,"0","0","1","0","0","0","1","0","0","0","0","0","0","0","0","0","0","0","0","1","0","0","0","0","0","0","51231",Department of Defense,San Clemente IS NALF,https://www.navy.mil/,0.001918408388708,0.000000215347185
"06","0642","42",Congressional District 42,C2,"118",G5200,N,"549970949","1171866547","+33.3673364","-118.4807090",tl_rd22_06_cd118,Robert Garcia,California 42nd,California,D,1305 LHOB,(202) 225-7924,oversight_and_accountability|homeland_security|select_subcommittee_on_the_coronavirus_pandemic,"0","0","1","0","0","0","1","0","0","0","0","0","0","0","0","0","0","0","0","1","0","0","0","0","0","0","51232",Department of Defense,San Clemente IS NALF,https://www.navy.mil/,0.001583569876439,0.000000119855863
"06","0642","42",Congressional District 42,C2,"118",G5200,N,"549970949","1171866547","+33.3673364","-118.4807090",tl_rd22_06_cd118,Robert Garcia,California 42nd,California,D,1305 LHOB,(202) 225-7924,oversight_and_accountability|homeland_security|select_subcommittee_on_the_coronavirus_pandemic,"0","0","1","0","0","0","1","0","0","0","0","0","0","0","0","0","0","0","0","1","0","0","0","0","0","0","51233",Department of Defense,San Clemente IS NALF,https://www.navy.mil/,0.001694322578582,0.000000113888759
"06","0642","42",Congressional District 42,C2,"118",G5200,N,"549970949","1171866547","+33.3673364","-118.4807090",tl_rd22_06_cd118,Robert Garcia,California 42nd,California,D,1305 LHOB,(202) 225-7924,oversight_and_accountability|homeland_security|select_subcommittee_on_the_coronavirus_pandemic,"0","0","1","0","0","0","1","0","0","0","0","0","0","0","0","0","0","0","0","1","0","0","0","0","0","0","51234",Department of Defense,San Clemente IS NALF,https://www.navy.mil/,0.001246837246383,0.000000103663397
"06","0642","42",Congressional District 42,C2,"118",G5200,N,"549970949","1171866547","+33.3673364","-118.4807090",tl_rd22_06_cd118,Robert Garcia,California 42nd,California,D,1305 LHOB,(202) 225-7924,oversight_and_accountability|homeland_security|select_subcommittee_on_the_coronavirus_pandemic,"0","0","1","0","0","0","1","0","0","0","0","0","0","0","0","0","0","0","0","1","0","0","0","0","0","0","51235",Department of Defense,San Clemente IS NALF,https://www.navy.mil/,0.000872935426637,0.000000040020111
"06","0644","44",Congressional District 44,C2,"118",G5200,N,"236115399","66125935","+33.8069363","-118.2410007",tl_rd22_06_cd118,Nanette Barragan,California 44th,California,D,2312 RHOB,(202) 225-8220,energy_and_commerce,"0","0","0","0","0","0","0","0","1","0","0","0","0","0","0","0","0","0","0","0","0","0","0","0","0","0","50697",Department of Defense,Los Angeles Air Force Annex No4,https://www.af.mil/,0.005285844281667,0.000001630165551
"06","0644","44",Congressional District 44,C2,"118",G5200,N,"236115399","66125935","+33.8069363","-118.2410007",tl_rd22_06_cd118,Nanette Barragan,California 44th,California,D,2312 RHOB,(202) 225-8220,energy_and_commerce,"0","0","0","0","0","0","0","0","1","0","0","0","0","0","0","0","0","0","0","0","0","0","0","0","0","0","51138",Department of Defense,San Pedro Fuel Depot,https://www.navy.mil/,0.058492117289019,0.000132527578301
"06","0601","01",Congressional District 1,C2,"118",G5200,N,"68358218250","1696593727","+40.7590582","-121.7085861",tl_rd22_06_cd118,Doug LaMalfa,California 1st,California,R,408 CHOB,(202) 225-3076,agriculture|natural_resources|transportation_and_infrastructure,"0","1","0","0","1","0","0","0","0","0","0","1","0","0","0","0","0","0","0","0","0","0","0","0","0","0","50410",Department of Defense,Sierra Army Depot,https://www.army.mil/,0.475688101193234,0.011126523777459
"06","0601","01",Congressional District 1,C2,"118",G5200,N,"68358218250","1696593727","+40.7590582","-121.7085861",tl_rd22_06_cd118,Doug LaMalfa,California 1st,California,R,408 CHOB,(202) 225-3076,agriculture|natural_resources|transportation_and_infrastructure,"0","1","0","0","1","0","0","0","0","0","0","1","0","0","0","0","0","0","0","0","0","0","0","0","0","0","51337",Department of Defense,Beale Air Force Base,https://www.af.mil/,0.509035049095755,0.010061970247359
"06","0602","02",Congressional District 2,C2,"118",G5200,N,"33770033510","4120407730","+40.0715357","-123.4644363",tl_rd22_06_cd118,Jared Huffman,California 2nd,California,D,2445 RHOB,(202) 225-5161,natural_resources|transportation_and_infrastructure,"0","0","0","0","1","0","0","0","0","0","0","1","0","0","0","0","0","0","0","0","0","0","0","0","0","0","51289",Department of Defense,Point Arena Air Force Station,https://www.af.mil/,0.048099830843835,0.000033662573613
"06","0602","02",Congressional District 2,C2,"118",G5200,N,"33770033510","4120407730","+40.0715357","-123.4644363",tl_rd22_06_cd118,Jared Huffman,California 2nd,California,D,2445 RHOB,(202) 225-5161,natural_resources|transportation_and_infrastructure,"0","0","0","0","1","0","0","0","0","0","0","1","0","0","0","0","0","0","0","0","0","0","0","0","0","0","51336",Department of Defense,Beale Air Force Base,https://www.af.mil/,0.048099830843835,0.000033662573613
"06","0603","03",Congressional District 3,C2,"118",G5200,N,"56116624869","988907286","+37.8264603","-118.8597634",tl_rd22_06_cd118,Kevin Kiley,California 3rd,California,R,1032 LHOB,(202) 225-2523,education_and_the_workforce|judiciary,"0","0","0","0","0","0","0","1","0","0","0","0","0","1","0","0","0","0","0","0","0","0","0","0","0","0","51089",Department of Defense,Randsburg Wash Area,https://www.navy.mil/,2.426854209362245,0.212466982464357
"06","0603","03",Congressional District 3,C2,"118",G5200,N,"56116624869","988907286","+37.8264603","-118.8597634",tl_rd22_06_cd118,Kevin Kiley,California 3rd,California,R,1032 LHOB,(202) 225-2523,education_and_the_workforce|judiciary,"0","0","0","0","0","0","0","1","0","0","0","0","0","1","0","0","0","0","0","0","0","0","0","0","0","0","51091",Department of Defense,Naval Air Weapons Station China Lake,https://www.navy.mil/,2.855219950018908,0.247608194575923
"06","0603","03",Congressional District 3,C2,"118",G5200,N,"56116624869","988907286","+37.8264603","-118.8597634",tl_rd22_06_cd118,Kevin Kiley,California 3rd,California,R,1032 LHOB,(202) 225-2523,education_and_the_workforce|judiciary,"0","0","0","0","0","0","0","1","0","0","0","0","0","1","0","0","0","0","0","0","0","0","0","0","0","0","51283",Department of Defense,Bridgeport,https://www.marines.mil/,1.068215952382594,0.025823863604370
"06","0603","03",Congressional District 3,C2,"118",G5200,N,"56116624869","988907286","+37.8264603","-118.8597634",tl_rd22_06_cd118,Kevin Kiley,California 3rd,California,R,1032 LHOB,(202) 225-2523,education_and_the_workforce|judiciary,"0","0","0","0","0","0","0","1","0","0","0","0","0","1","0","0","0","0","0","0","0","0","0","0","0","0","51337",Department of Defense,Beale Air Force Base,https://www.af.mil/,0.509035049095755,0.010061970247359
"06","0604","04",Congressional District 4,C2,"118",G5200,N,"9790547922","380216350","+38.7356196","-122.3311846",tl_rd22_06_cd118,Mike Thompson,California 4th,California,D,268 CHOB,(202) 225-3311,ways_and_means,"0","0","0","0","0","0","0","0","0","1","0","0","0","0","0","0","0","0","0","0","0","0","0","0","0","0","51490",Department of Defense,Travis Water System Annex No 2,https://www.af.mil/,0.044752170341691,0.000086518918857
"06","0605","05",Congressional District 5,C2,"118",G5200,N,"25401552982","414545673","+37.7133001","-119.8504285",tl_rd22_06_cd118,Tom McClintock,California 5th,California,R,2256 RHOB,(202) 225-2511,budget|natural_resources|judiciary,"0","0","0","0","1","0","0","0","0","0","0","0","0","1","1","0","0","0","0","0","0","0","0","0","0","0","50367",Department of Defense,Riverbank AAP,https://www.army.mil/,0.032369130979630,0.000053643581540
"06","0605","05",Congressional District 5,C2,"118",G5200,N,"25401552982","414545673","+37.7133001","-119.8504285",tl_rd22_06_cd118,Tom McClintock,California 5th,California,R,2256 RHOB,(202) 225-2511,budget|natural_resources|judiciary,"0","0","0","0","1","0","0","0","0","0","0","0","0","1","1","0","0","0","0","0","0","0","0","0","0","0","50368",Department of Defense,Riverbank AAP,https://www.army.mil/,0.016807232109323,0.000012015946672
"06","0605","05",Congressional District 5,C2,"118",G5200,N,"25401552982","414545673","+37.7133001","-119.8504285",tl_rd22_06_cd118,Tom McClintock,California 5th,California,R,2256 RHOB,(202) 225-2511,budget|natural_resources|judiciary,"0","0","0","0","1","0","0","0","0","0","0","0","0","1","1","0","0","0","0","0","0","0","0","0","0","0","51283",Department of Defense,Bridgeport,https://www.marines.mil/,1.068215952382594,0.025823863604370
"06","0606","06",Congressional District 6,C2,"118",G5200,N,"651422070","7104132","+38.6317192","-121.3709208",tl_rd22_06_cd118,Ami Bera,California 6th,California,D,172 CHOB,(202) 225-5716,foreign_affairs|Intelligence|select_subcommittee_on_the_coronavirus_pandemic,"0","0","0","0","0","1","0","0","0","0","0","0","0","0","0","0","0","0","1","1","0","0","0","0","0","0","51285",Department of Defense,McClellan AFB,https://www.af.mil/,0.221468864977857,0.001208162964652
"06","0606","06",Congressional District 6,C2,"118",G5200,N,"651422070","7104132","+38.6317192","-121.3709208",tl_rd22_06_cd118,Ami Bera,California 6th,California,D,172 CHOB,(202) 225-5716,foreign_affairs|Intelligence|select_subcommittee_on_the_coronavirus_pandemic,"0","0","0","0","0","1","0","0","0","0","0","0","0","0","0","0","0","0","1","1","0","0","0","0","0","0","51335",Department of Defense,Beale Air Force Base,https://www.af.mil/,0.221468864977857,0.001208162964652
"06","0608","08",Congressional District 8,C2,"118",G5200,N,"1246646258","346768961","+38.1132046","-122.1197077",tl_rd22_06_cd118,John Garamendi,California 8th,California,D,2004 RHOB,(202) 225-1880,armed_services|select_subcommittee_on_the_weaponization_of_the_fed_govt|transportation_and_infrastructure,"0","0","0","1","0","0","0","0","0","0","0","1","0","0","0","1","0","0","0","0","0","0","0","0","0","0","50022",Department of Defense,Military Ocean Terminal Concord,https://www.army.mil/,0.036380648050950,0.000047750568598
"06","0608","08",Congressional District 8,C2,"118",G5200,N,"1246646258","346768961","+38.1132046","-122.1197077",tl_rd22_06_cd118,John Garamendi,California 8th,California,D,2004 RHOB,(202) 225-1880,armed_services|select_subcommittee_on_the_weaponization_of_the_fed_govt|transportation_and_infrastructure,"0","0","0","1","0","0","0","0","0","0","0","1","0","0","0","1","0","0","0","0","0","0","0","0","0","0","50023",Department of Defense,Military Ocean Terminal Concord,https://www.army.mil/,0.000529504294797,0.000000012395032
"06","0608","08",Congressional District 8,C2,"118",G5200,N,"1246646258","346768961","+38.1132046","-122.1197077",tl_rd22_06_cd118,John Garamendi,California 8th,California,D,2004 RHOB,(202) 225-1880,armed_services|select_subcommittee_on_the_weaponization_of_the_fed_govt|transportation_and_infrastructure,"0","0","0","1","0","0","0","0","0","0","0","1","0","0","0","1","0","0","0","0","0","0","0","0","0","0","50024",Department of Defense,Military Ocean Terminal Concord,https://www.army.mil/,0.024390838050572,0.000017928315182
"06","0608","08",Congressional District 8,C2,"118",G5200,N,"1246646258","346768961","+38.1132046","-122.1197077",tl_rd22_06_cd118,John Garamendi,California 8th,California,D,2004 RHOB,(202) 225-1880,armed_services|select_subcommittee_on_the_weaponization_of_the_fed_govt|transportation_and_infrastructure,"0","0","0","1","0","0","0","0","0","0","0","1","0","0","0","1","0","0","0","0","0","0","0","0","0","0","50025",Department of Defense,Military Ocean Terminal Concord,https://www.army.mil/,0.113283636384705,0.000404364218330
"06","0608","08",Congressional District 8,C2,"118",G5200,N,"1246646258","346768961","+38.1132046","-122.1197077",tl_rd22_06_cd118,John Garamendi,California 8th,California,D,2004 RHOB,(202) 225-1880,armed_services|select_subcommittee_on_the_weaponization_of_the_fed_govt|transportation_and_infrastructure,"0","0","0","1","0","0","0","0","0","0","0","1","0","0","0","1","0","0","0","0","0","0","0","0","0","0","50026",Department of Defense,Military Ocean Terminal Concord,https://www.army.mil/,0.007392215561011,0.000000668131340
"06","0608","08",Congressional District 8,C2,"118",G5200,N,"1246646258","346768961","+38.1132046","-122.1197077",tl_rd22_06_cd118,John Garamendi,California 8th,California,D,2004 RHOB,(202) 225-1880,armed_services|select_subcommittee_on_the_weaponization_of_the_fed_govt|transportation_and_infrastructure,"0","0","0","1","0","0","0","0","0","0","0","1","0","0","0","1","0","0","0","0","0","0","0","0","0","0","50027",Department of Defense,Military Ocean Terminal Concord,https://www.army.mil/,0.074028808635230,0.000093843399723
"06","0608","08",Congressional District 8,C2,"118",G5200,N,"1246646258","346768961","+38.1132046","-122.1197077",tl_rd22_06_cd118,John Garamendi,California 8th,California,D,2004 RHOB,(202) 225-1880,armed_services|select_subcommittee_on_the_weaponization_of_the_fed_govt|transportation_and_infrastructure,"0","0","0","1","0","0","0","0","0","0","0","1","0","0","0","1","0","0","0","0","0","0","0","0","0","0","50028",Department of Defense,Military Ocean Terminal Concord,https://www.army.mil/,0.069116495538576,0.000109523684773
"06","0608","08",Congressional District 8,C2,"118",G5200,N,"1246646258","346768961","+38.1132046","-122.1197077",tl_rd22_06_cd118,John Garamendi,California 8th,California,D,2004 RHOB,(202) 225-1880,armed_services|select_subcommittee_on_the_weaponization_of_the_fed_govt|transportation_and_infrastructure,"0","0","0","1","0","0","0","0","0","0","0","1","0","0","0","1","0","0","0","0","0","0","0","0","0","0","50029",Department of Defense,Military Ocean Terminal Concord,https://www.army.mil/,0.031805042038963,0.000049104120856
"06","0608","08",Congressional District 8,C2,"118",G5200,N,"1246646258","346768961","+38.1132046","-122.1197077",tl_rd22_06_cd118,John Garamendi,California 8th,California,D,2004 RHOB,(202) 225-1880,armed_services|select_subcommittee_on_the_weaponization_of_the_fed_govt|transportation_and_infrastructure,"0","0","0","1","0","0","0","0","0","0","0","1","0","0","0","1","0","0","0","0","0","0","0","0","0","0","50030",Department of Defense,Military Ocean Terminal Concord,https://www.army.mil/,0.150260291494312,0.000346515807363
"06","0608","08",Congressional District 8,C2,"118",G5200,N,"1246646258","346768961","+38.1132046","-122.1197077",tl_rd22_06_cd118,John Garamendi,California 8th,California,D,2004 RHOB,(202) 225-1880,armed_services|select_subcommittee_on_the_weaponization_of_the_fed_govt|transportation_and_infrastructure,"0","0","0","1","0","0","0","0","0","0","0","1","0","0","0","1","0","0","0","0","0","0","0","0","0","0","50031",Department of Defense,Military Ocean Terminal Concord,https://www.army.mil/,0.054276965305599,0.000040485714730
"06","0608","08",Congressional District 8,C2,"118",G5200,N,"1246646258","346768961","+38.1132046","-122.1197077",tl_rd22_06_cd118,John Garamendi,California 8th,California,D,2004 RHOB,(202) 225-1880,armed_services|select_subcommittee_on_the_weaponization_of_the_fed_govt|transportation_and_infrastructure,"0","0","0","1","0","0","0","0","0","0","0","1","0","0","0","1","0","0","0","0","0","0","0","0","0","0","50032",Department of Defense,Military Ocean Terminal Concord,https://www.army.mil/,0.031392104326198,0.000055671721263
"06","0608","08",Congressional District 8,C2,"118",G5200,N,"1246646258","346768961","+38.1132046","-122.1197077",tl_rd22_06_cd118,John Garamendi,California 8th,California,D,2004 RHOB,(202) 225-1880,armed_services|select_subcommittee_on_the_weaponization_of_the_fed_govt|transportation_and_infrastructure,"0","0","0","1","0","0","0","0","0","0","0","1","0","0","0","1","0","0","0","0","0","0","0","0","0","0","50033",Department of Defense,Military Ocean Terminal Concord,https://www.army.mil/,0.016936322122053,0.000007112521015
"06","0608","08",Congressional District 8,C2,"118",G5200,N,"1246646258","346768961","+38.1132046","-122.1197077",tl_rd22_06_cd118,John Garamendi,California 8th,California,D,2004 RHOB,(202) 225-1880,armed_services|select_subcommittee_on_the_weaponization_of_the_fed_govt|transportation_and_infrastructure,"0","0","0","1","0","0","0","0","0","0","0","1","0","0","0","1","0","0","0","0","0","0","0","0","0","0","50034",Department of Defense,Military Ocean Terminal Concord,https://www.army.mil/,0.156531952321154,0.000641408203301
"06","0608","08",Congressional District 8,C2,"118",G5200,N,"1246646258","346768961","+38.1132046","-122.1197077",tl_rd22_06_cd118,John Garamendi,California 8th,California,D,2004 RHOB,(202) 225-1880,armed_services|select_subcommittee_on_the_weaponization_of_the_fed_govt|transportation_and_infrastructure,"0","0","0","1","0","0","0","0","0","0","0","1","0","0","0","1","0","0","0","0","0","0","0","0","0","0","50035",Department of Defense,Military Ocean Terminal Concord,https://www.army.mil/,0.014226818940002,0.000003377435211
"06","0608","08",Congressional District 8,C2,"118",G5200,N,"1246646258","346768961","+38.1132046","-122.1197077",tl_rd22_06_cd118,John Garamendi,California 8th,California,D,2004 RHOB,(202) 225-1880,armed_services|select_subcommittee_on_the_weaponization_of_the_fed_govt|transportation_and_infrastructure,"0","0","0","1","0","0","0","0","0","0","0","1","0","0","0","1","0","0","0","0","0","0","0","0","0","0","50036",Department of Defense,Military Ocean Terminal Concord,https://www.army.mil/,0.008364082078364,0.000001469877529
"06","0608","08",Congressional District 8,C2,"118",G5200,N,"1246646258","346768961","+38.1132046","-122.1197077",tl_rd22_06_cd118,John Garamendi,California 8th,California,D,2004 RHOB,(202) 225-1880,armed_services|select_subcommittee_on_the_weaponization_of_the_fed_govt|transportation_and_infrastructure,"0","0","0","1","0","0","0","0","0","0","0","1","0","0","0","1","0","0","0","0","0","0","0","0","0","0","50037",Department of Defense,Military Ocean Terminal Concord,https://www.army.mil/,0.058835163312639,0.000106531232421
"06","0608","08",Congressional District 8,C2,"118",G5200,N,"1246646258","346768961","+38.1132046","-122.1197077",tl_rd22_06_cd118,John Garamendi,California 8th,California,D,2004 RHOB,(202) 225-1880,armed_services|select_subcommittee_on_the_weaponization_of_the_fed_govt|transportation_and_infrastructure,"0","0","0","1","0","0","0","0","0","0","0","1","0","0","0","1","0","0","0","0","0","0","0","0","0","0","50038",Department of Defense,Military Ocean Terminal Concord,https://www.army.mil/,0.018182174889685,0.000012822053229
"06","0608","08",Congressional District 8,C2,"118",G5200,N,"1246646258","346768961","+38.1132046","-122.1197077",tl_rd22_06_cd118,John Garamendi,California 8th,California,D,2004 RHOB,(202) 225-1880,armed_services|select_subcommittee_on_the_weaponization_of_the_fed_govt|transportation_and_infrastructure,"0","0","0","1","0","0","0","0","0","0","0","1","0","0","0","1","0","0","0","0","0","0","0","0","0","0","50039",Department of Defense,Military Ocean Terminal Concord,https://www.army.mil/,0.034623816230210,0.000045518590625
"06","0608","08",Congressional District 8,C2,"118",G5200,N,"1246646258","346768961","+38.1132046","-122.1197077",tl_rd22_06_cd118,John Garamendi,California 8th,California,D,2004 RHOB,(202) 225-1880,armed_services|select_subcommittee_on_the_weaponization_of_the_fed_govt|transportation_and_infrastructure,"0","0","0","1","0","0","0","0","0","0","0","1","0","0","0","1","0","0","0","0","0","0","0","0","0","0","50040",Department of Defense,Military Ocean Terminal Concord,https://www.army.mil/,0.134049033434645,0.000398876055202
"06","0608","08",Congressional District 8,C2,"118",G5200,N,"1246646258","346768961","+38.1132046","-122.1197077",tl_rd22_06_cd118,John Garamendi,California 8th,California,D,2004 RHOB,(202) 225-1880,armed_services|select_subcommittee_on_the_weaponization_of_the_fed_govt|transportation_and_infrastructure,"0","0","0","1","0","0","0","0","0","0","0","1","0","0","0","1","0","0","0","0","0","0","0","0","0","0","51144",Department of Defense,Det Concord (BRAC),https://www.navy.mil/,0.146141707196664,0.001184796436061
"06","0608","08",Congressional District 8,C2,"118",G5200,N,"1246646258","346768961","+38.1132046","-122.1197077",tl_rd22_06_cd118,John Garamendi,California 8th,California,D,2004 RHOB,(202) 225-1880,armed_services|select_subcommittee_on_the_weaponization_of_the_fed_govt|transportation_and_infrastructure,"0","0","0","1","0","0","0","0","0","0","0","1","0","0","0","1","0","0","0","0","0","0","0","0","0","0","51145",Department of Defense,Det Concord (BRAC),https://www.navy.mil/,0.130184283726845,0.000499958327616
"06","0608","08",Congressional District 8,C2,"118",G5200,N,"1246646258","346768961","+38.1132046","-122.1197077",tl_rd22_06_cd118,John Garamendi,California 8th,California,D,2004 RHOB,(202) 225-1880,armed_services|select_subcommittee_on_the_weaponization_of_the_fed_govt|transportation_and_infrastructure,"0","0","0","1","0","0","0","0","0","0","0","1","0","0","0","1","0","0","0","0","0","0","0","0","0","0","51147",Department of Defense,Det Concord (BRAC),https://www.navy.mil/,0.073299528588576,0.000146452000241
"06","0608","08",Congressional District 8,C2,"118",G5200,N,"1246646258","346768961","+38.1132046","-122.1197077",tl_rd22_06_cd118,John Garamendi,California 8th,California,D,2004 RHOB,(202) 225-1880,armed_services|select_subcommittee_on_the_weaponization_of_the_fed_govt|transportation_and_infrastructure,"0","0","0","1","0","0","0","0","0","0","0","1","0","0","0","1","0","0","0","0","0","0","0","0","0","0","51453",Department of Defense,Ozol Defense Fuel Support Point,https://www.af.mil/,0.012456274253238,0.000005855887000
"06","0608","08",Congressional District 8,C2,"118",G5200,N,"1246646258","346768961","+38.1132046","-122.1197077",tl_rd22_06_cd118,John Garamendi,California 8th,California,D,2004 RHOB,(202) 225-1880,armed_services|select_subcommittee_on_the_weaponization_of_the_fed_govt|transportation_and_infrastructure,"0","0","0","1","0","0","0","0","0","0","0","1","0","0","0","1","0","0","0","0","0","0","0","0","0","0","51454",Department of Defense,Ozol Defense Fuel Support Point,https://www.af.mil/,0.016956106748194,0.000015477113070
"06","0608","08",Congressional District 8,C2,"118",G5200,N,"1246646258","346768961","+38.1132046","-122.1197077",tl_rd22_06_cd118,John Garamendi,California 8th,California,D,2004 RHOB,(202) 225-1880,armed_services|select_subcommittee_on_the_weaponization_of_the_fed_govt|transportation_and_infrastructure,"0","0","0","1","0","0","0","0","0","0","0","1","0","0","0","1","0","0","0","0","0","0","0","0","0","0","51489",Department of Defense,Travis Air Force Base,https://www.af.mil/,0.359336195093448,0.002555772625452
"06","0608","08",Congressional District 8,C2,"118",G5200,N,"1246646258","346768961","+38.1132046","-122.1197077",tl_rd22_06_cd118,John Garamendi,California 8th,California,D,2004 RHOB,(202) 225-1880,armed_services|select_subcommittee_on_the_weaponization_of_the_fed_govt|transportation_and_infrastructure,"0","0","0","1","0","0","0","0","0","0","0","1","0","0","0","1","0","0","0","0","0","0","0","0","0","0","51490",Department of Defense,Travis Water System Annex No 2,https://www.af.mil/,0.044752170341691,0.000086518918857
"06","0613","13",Congressional District 13,C2,"118",G5200,N,"16297771998","146700035","+36.9176544","-120.5768234",tl_rd22_06_cd118,John Duarte,California 13th,California,R,1535 LHOB,(202) 225-1947,agriculture|natural_resources|transportation_and_infrastructure,"0","1","0","0","1","0","0","0","0","0","0","1","0","0","0","0","0","0","0","0","0","0","0","0","0","0","51214",Department of Defense,NAS Lemoore CA,https://www.navy.mil/,0.475557972351904,0.007455336021935
"06","0617","17",Congressional District 17,C2,"118",G5200,N,"464449304","21713076","+37.4260511","-121.9649511",tl_rd22_06_cd118,Ro Khanna,California 17th,California,D,306 CHOB,(202) 225-2631,armed_services|oversight_and_accountability|select_sub_us_china,"0","0","1","1","0","0","0","0","0","0","0","0","0","0","0","0","0","0","0","0","0","0","1","0","0","0","51139",Department of Defense,NAVPMOSSP Mtn View,https://www.navy.mil/,0.018262857179645,0.000020362231569
"06","0621","21",Congressional District 21,C2,"118",G5200,N,"2308460371","5731272","+36.5538762","-119.4732987",tl_rd22_06_cd118,Jim Costa,California 21st,California,D,2081 RHOB,(202) 225-3341,agriculture|foreign_affairs,"0","1","0","0","0","1","0","0","0","0","0","0","0","0","0","0","0","0","0","0","0","0","0","0","0","0","50731",Department of Defense,Fresno Yosemite International ANG,https://www.ang.af.mil/,0.031818204300277,0.000031500728037
"06","0621","21",Congressional District 21,C2,"118",G5200,N,"2308460371","5731272","+36.5538762","-119.4732987",tl_rd22_06_cd118,Jim Costa,California 21st,California,D,2081 RHOB,(202) 225-3341,agriculture|foreign_affairs,"0","1","0","0","0","1","0","0","0","0","0","0","0","0","0","0","0","0","0","0","0","0","0","0","0","0","50732",Department of Defense,Fresno Yosemite International ANG,https://www.ang.af.mil/,0.010375169834206,0.000006207315734
"06","0621","21",Congressional District 21,C2,"118",G5200,N,"2308460371","5731272","+36.5538762","-119.4732987",tl_rd22_06_cd118,Jim Costa,California 21st,California,D,2081 RHOB,(202) 225-3341,agriculture|foreign_affairs,"0","1","0","0","0","1","0","0","0","0","0","0","0","0","0","0","0","0","0","0","0","0","0","0","0","0","50733",Department of Defense,Fresno Yosemite International ANG,https://www.ang.af.mil/,0.013317642787331,0.000010400450321
"06","0624","24",Congressional District 24,C2,"118",G5200,N,"12655064578","3811592124","+34.7248434","-120.0579053",tl_rd22_06_cd118,Salud Carbajal,California 24th,California,D,2331 RHOB,(202) 225-3601,agriculture|armed_services|transportation_and_infrastructure,"0","1","0","1","0","0","0","0","0","0","0","1","0","0","0","0","0","0","0","0","0","0","0","0","0","0","50207",Department of Defense,NG ITC Camp San Luis Obisbo,https://www.nationalguard.mil/,0.006184789005384,0.000000512273124
"06","0624","24",Congressional District 24,C2,"118",G5200,N,"12655064578","3811592124","+34.7248434","-120.0579053",tl_rd22_06_cd118,Salud Carbajal,California 24th,California,D,2331 RHOB,(202) 225-3601,agriculture|armed_services|transportation_and_infrastructure,"0","1","0","1","0","0","0","0","0","0","0","1","0","0","0","0","0","0","0","0","0","0","0","0","0","0","50208",Department of Defense,NG ITC Camp San Luis Obisbo,https://www.nationalguard.mil/,0.176139519762406,0.000520945511900
"06","0624","24",Congressional District 24,C2,"118",G5200,N,"12655064578","3811592124","+34.7248434","-120.0579053",tl_rd22_06_cd118,Salud Carbajal,California 24th,California,D,2331 RHOB,(202) 225-3601,agriculture|armed_services|transportation_and_infrastructure,"0","1","0","1","0","0","0","0","0","0","0","1","0","0","0","0","0","0","0","0","0","0","0","0","0","0","50209",Department of Defense,NG ITC Camp San Luis Obisbo,https://www.nationalguard.mil/,0.206210171101663,0.001692679444249
"06","0624","24",Congressional District 24,C2,"118",G5200,N,"12655064578","3811592124","+34.7248434","-120.0579053",tl_rd22_06_cd118,Salud Carbajal,California 24th,California,D,2331 RHOB,(202) 225-3601,agriculture|armed_services|transportation_and_infrastructure,"0","1","0","1","0","0","0","0","0","0","0","1","0","0","0","0","0","0","0","0","0","0","0","0","0","0","50699",Department of Defense,Vandenberg Main Base,https://www.af.mil/,1.594754165931338,0.039445471469297
"06","0624","24",Congressional District 24,C2,"118",G5200,N,"12655064578","3811592124","+34.7248434","-120.0579053",tl_rd22_06_cd118,Salud Carbajal,California 24th,California,D,2331 RHOB,(202) 225-3601,agriculture|armed_services|transportation_and_infrastructure,"0","1","0","1","0","0","0","0","0","0","0","1","0","0","0","0","0","0","0","0","0","0","0","0","0","0","51099",Department of Defense,Santa Cruz Island,https://www.navy.mil/,0.010928361083310,0.000002711322806
"06","0624","24",Congressional District 24,C2,"118",G5200,N,"12655064578","3811592124","+34.7248434","-120.0579053",tl_rd22_06_cd118,Salud Carbajal,California 24th,California,D,2331 RHOB,(202) 225-3601,agriculture|armed_services|transportation_and_infrastructure,"0","1","0","1","0","0","0","0","0","0","0","1","0","0","0","0","0","0","0","0","0","0","0","0","0","0","51100",Department of Defense,Santa Cruz Island,https://www.navy.mil/,0.002722810873851,0.000000408046947
"06","0624","24",Congressional District 24,C2,"118",G5200,N,"12655064578","3811592124","+34.7248434","-120.0579053",tl_rd22_06_cd118,Salud Carbajal,California 24th,California,D,2331 RHOB,(202) 225-3601,agriculture|armed_services|transportation_and_infrastructure,"0","1","0","1","0","0","0","0","0","0","0","1","0","0","0","0","0","0","0","0","0","0","0","0","0","0","51101",Department of Defense,Santa Cruz Island,https://www.navy.mil/,0.000628217221409,0.000000017931349
"06","0624","24",Congressional District 24,C2,"118",G5200,N,"12655064578","3811592124","+34.7248434","-120.0579053",tl_rd22_06_cd118,Salud Carbajal,California 24th,California,D,2331 RHOB,(202) 225-3601,agriculture|armed_services|transportation_and_infrastructure,"0","1","0","1","0","0","0","0","0","0","0","1","0","0","0","0","0","0","0","0","0","0","0","0","0","0","51102",Department of Defense,Santa Cruz Island,https://www.navy.mil/,0.000234429682640,0.000000003412055
"06","0624","24",Congressional District 24,C2,"118",G5200,N,"12655064578","3811592124","+34.7248434","-120.0579053",tl_rd22_06_cd118,Salud Carbajal,California 24th,California,D,2331 RHOB,(202) 225-3601,agriculture|armed_services|transportation_and_infrastructure,"0","1","0","1","0","0","0","0","0","0","0","1","0","0","0","0","0","0","0","0","0","0","0","0","0","0","51117",Department of Defense,San Nicolas Island,https://www.navy.mil/,0.410639858530614,0.006820020563950
"06","0638","38",Congressional District 38,C2,"118",G5200,N,"386764873","3545095","+33.9688250","-117.9710968",tl_rd22_06_cd118,Linda Sanchez,California 38th,California,D,2428 RHOB,(202) 225-6676,select_subcommittee_on_the_weaponization_of_the_fed_govt|ways_and_means,"0","0","0","0","0","0","0","0","0","1","0","0","0","0","0","1","0","0","0","0","0","0","0","0","0","0","50623",Department of Defense,Norwalk 2,https://www.afrc.af.mil/,0.018205764709327,0.000019739874139
"06","0645","45",Congressional District 45,C2,"118",G5200,N,"268365857","911143","+33.8816648","-118.0351994",tl_rd22_06_cd118,Michelle Steel,California 45th,California,R,1127 LHOB,(202) 225-2415,education_and_the_workforce|ways_and_means|select_sub_us_china,"0","0","0","0","0","0","0","1","0","1","0","0","0","0","0","0","0","0","0","0","0","0","1","0","0","0","50431",Department of Defense,NG Los Alamitos JFTB,https://www.nationalguard.mil/,0.111692065330157,0.000520156722079
"06","0645","45",Congressional District 45,C2,"118",G5200,N,"268365857","911143","+33.8816648","-118.0351994",tl_rd22_06_cd118,Michelle Steel,California 45th,California,R,1127 LHOB,(202) 225-2415,education_and_the_workforce|ways_and_means|select_sub_us_china,"0","0","0","0","0","0","0","1","0","1","0","0","0","0","0","0","0","0","0","0","0","0","1","0","0","0","51120",Department of Defense,NAVWPNSTA Seal Beach,https://www.navy.mil/,0.254520088926596,0.001885927298360
"06","0647","47",Congressional District 47,C2,"118",G5200,N,"448265490","286957123","+33.6342393","-117.8919200",tl_rd22_06_cd118,Katie Porter,California 47th,California,D,1233 LHOB,(202) 225-5611,oversight_and_accountability|natural_resources,"0","0","1","0","1","0","0","0","0","0","0","0","0","0","0","0","0","0","0","0","0","0","0","0","0","0","51120",Department of Defense,NAVWPNSTA Seal Beach,https://www.navy.mil/,0.254520088926596,0.001885927298360
"06","0647","47",Congressional District 47,C2,"118",G5200,N,"448265490","286957123","+33.6342393","-117.8919200",tl_rd22_06_cd118,Katie Porter,California 47th,California,D,1233 LHOB,(202) 225-5611,oversight_and_accountability|natural_resources,"0","0","1","0","1","0","0","0","0","0","0","0","0","0","0","0","0","0","0","0","0","0","0","0","0","0","51121",Department of Defense,NAVWPNSTA Seal Beach,https://www.navy.mil/,0.001579162529109,0.000000105087465
"06","0647","47",Congressional District 47,C2,"118",G5200,N,"448265490","286957123","+33.6342393","-117.8919200",tl_rd22_06_cd118,Katie Porter,California 47th,California,D,1233 LHOB,(202) 225-5611,oversight_and_accountability|natural_resources,"0","0","1","0","1","0","0","0","0","0","0","0","0","0","0","0","0","0","0","0","0","0","0","0","0","0","51122",Department of Defense,NAVWPNSTA Seal Beach,https://www.navy.mil/,0.001611049312318,0.000000094350529
"06","0647","47",Congressional District 47,C2,"118",G5200,N,"448265490","286957123","+33.6342393","-117.8919200",tl_rd22_06_cd118,Katie Porter,California 47th,California,D,1233 LHOB,(202) 225-5611,oversight_and_accountability|natural_resources,"0","0","1","0","1","0","0","0","0","0","0","0","0","0","0","0","0","0","0","0","0","0","0","0","0","0","51123",Department of Defense,NAVWPNSTA Seal Beach,https://www.navy.mil/,0.001518436324465,0.000000086666801
"06","0647","47",Congressional District 47,C2,"118",G5200,N,"448265490","286957123","+33.6342393","-117.8919200",tl_rd22_06_cd118,Katie Porter,California 47th,California,D,1233 LHOB,(202) 225-5611,oversight_and_accountability|natural_resources,"0","0","1","0","1","0","0","0","0","0","0","0","0","0","0","0","0","0","0","0","0","0","0","0","0","0","51124",Department of Defense,NAVWPNSTA Seal Beach,https://www.navy.mil/,0.001298638682213,0.000000073749298
"06","0647","47",Congressional District 47,C2,"118",G5200,N,"448265490","286957123","+33.6342393","-117.8919200",tl_rd22_06_cd118,Katie Porter,California 47th,California,D,1233 LHOB,(202) 225-5611,oversight_and_accountability|natural_resources,"0","0","1","0","1","0","0","0","0","0","0","0","0","0","0","0","0","0","0","0","0","0","0","0","0","0","51125",Department of Defense,NAVWPNSTA Seal Beach,https://www.navy.mil/,0.001087658285356,0.000000062374723
"06","0647","47",Congressional District 47,C2,"118",G5200,N,"448265490","286957123","+33.6342393","-117.8919200",tl_rd22_06_cd118,Katie Porter,California 47th,California,D,1233 LHOB,(202) 225-5611,oversight_and_accountability|natural_resources,"0","0","1","0","1","0","0","0","0","0","0","0","0","0","0","0","0","0","0","0","0","0","0","0","0","0","51126",Department of Defense,NAVWPNSTA Seal Beach,https://www.navy.mil/,0.000162952286926,0.000000001073695
"06","0647","47",Congressional District 47,C2,"118",G5200,N,"448265490","286957123","+33.6342393","-117.8919200",tl_rd22_06_cd118,Katie Porter,California 47th,California,D,1233 LHOB,(202) 225-5611,oversight_and_accountability|natural_resources,"0","0","1","0","1","0","0","0","0","0","0","0","0","0","0","0","0","0","0","0","0","0","0","0","0","0","51127",Department of Defense,NAVWPNSTA Seal Beach,https://www.navy.mil/,0.000129869968806,0.000000000671041
"06","0648","48",Congressional District 48,C2,"118",G5200,N,"9362060937","51036279","+33.0837505","-116.6376897",tl_rd22_06_cd118,Darrell Issa,California 48th,California,R,2108 RHOB,(202) 225-5672,foreign_affairs|select_subcommittee_on_the_weaponization_of_the_fed_govt|judiciary|science_space_and_technology,"0","0","0","0","0","1","0","0","0","0","0","0","0","1","0","1","0","0","0","0","1","0","0","0","0","0","50824",Department of Defense,Marine Corps Air Station Miramar,https://www.marines.mil/,0.739494490302722,0.008804502623005
"06","0648","48",Congressional District 48,C2,"118",G5200,N,"9362060937","51036279","+33.0837505","-116.6376897",tl_rd22_06_cd118,Darrell Issa,California 48th,California,R,2108 RHOB,(202) 225-5672,foreign_affairs|select_subcommittee_on_the_weaponization_of_the_fed_govt|judiciary|science_space_and_technology,"0","0","0","0","0","1","0","0","0","0","0","0","0","1","0","1","0","0","0","0","1","0","0","0","0","0","51109",Department of Defense,Camp Michael Monsoor,https://www.navy.mil/,0.285700488783253,0.001316006169783
"06","0648","48",Congressional District 48,C2,"118",G5200,N,"9362060937","51036279","+33.0837505","-116.6376897",tl_rd22_06_cd118,Darrell Issa,California 48th,California,R,2108 RHOB,(202) 225-5672,foreign_affairs|select_subcommittee_on_the_weaponization_of_the_fed_govt|judiciary|science_space_and_technology,"0","0","0","0","0","1","0","0","0","0","0","0","0","1","0","1","0","0","0","0","1","0","0","0","0","0","51116",Department of Defense,Camp Morena,https://www.navy.mil/,0.020991660786353,0.000024681493449
"06","0648","48",Congressional District 48,C2,"118",G5200,N,"9362060937","51036279","+33.0837505","-116.6376897",tl_rd22_06_cd118,Darrell Issa,California 48th,California,R,2108 RHOB,(202) 225-5672,foreign_affairs|select_subcommittee_on_the_weaponization_of_the_fed_govt|judiciary|science_space_and_technology,"0","0","0","0","0","1","0","0","0","0","0","0","0","1","0","1","0","0","0","0","1","0","0","0","0","0","51140",Department of Defense,Fallbrook California,https://www.navy.mil/,0.266310179108227,0.003490806098135
"06","0648","48",Congressional District 48,C2,"118",G5200,N,"9362060937","51036279","+33.0837505","-116.6376897",tl_rd22_06_cd118,Darrell Issa,California 48th,California,R,2108 RHOB,(202) 225-5672,foreign_affairs|select_subcommittee_on_the_weaponization_of_the_fed_govt|judiciary|science_space_and_technology,"0","0","0","0","0","1","0","0","0","0","0","0","0","1","0","1","0","0","0","0","1","0","0","0","0","0","51217",Department of Defense,Warner Springs Rts,https://www.navy.mil/,0.252696834496722,0.001755473516293
"06","0649","49",Congressional District 49,C2,"118",G5200,N,"1284523371","454048816","+33.3164154","-117.4258680",tl_rd22_06_cd118,Mike Levin,California 49th,California,D,2352 RHOB,(202) 225-3906,natural_resources|veterans_affairs,"0","0","0","0","1","0","0","0","0","0","0","0","0","0","0","0","0","0","0","0","0","1","0","0","0","0","50444",Department of Defense,Marine Corps Base Camp Pendleton,https://www.usar.army.mil/,0.009205981336758,0.000004497229529
"06","0649","49",Congressional District 49,C2,"118",G5200,N,"1284523371","454048816","+33.3164154","-117.4258680",tl_rd22_06_cd118,Mike Levin,California 49th,California,D,2352 RHOB,(202) 225-3906,natural_resources|veterans_affairs,"0","0","0","0","1","0","0","0","0","0","0","0","0","0","0","0","0","0","0","0","0","1","0","0","0","0","51140",Department of Defense,Fallbrook California,https://www.navy.mil/,0.266310179108227,0.003490806098135
"06","0651","51",Congressional District 51,C2,"118",G5200,N,"491909238","2916068","+32.8347562","-117.0831936",tl_rd22_06_cd118,Sara Jacobs,California 51st,California,D,1314 LHOB,(202) 225-2040,armed_services|foreign_affairs,"0","0","0","1","0","1","0","0","0","0","0","0","0","0","0","0","0","0","0","0","0","0","0","0","0","0","50824",Department of Defense,Marine Corps Air Station Miramar,https://www.marines.mil/,0.739494490302722,0.008804502623005
"06","0651","51",Congressional District 51,C2,"118",G5200,N,"491909238","2916068","+32.8347562","-117.0831936",tl_rd22_06_cd118,Sara Jacobs,California 51st,California,D,1314 LHOB,(202) 225-2040,armed_services|foreign_affairs,"0","0","0","1","0","1","0","0","0","0","0","0","0","0","0","0","0","0","0","0","0","0","0","0","0","0","51088",Department of Defense,Mission Gorge Rec Area,https://www.navy.mil/,0.079478144166591,0.000174234385078
"06","0651","51",Congressional District 51,C2,"118",G5200,N,"491909238","2916068","+32.8347562","-117.0831936",tl_rd22_06_cd118,Sara Jacobs,California 51st,California,D,1314 LHOB,(202) 225-2040,armed_services|foreign_affairs,"0","0","0","1","0","1","0","0","0","0","0","0","0","0","0","0","0","0","0","0","0","0","0","0","0","0","51129",Department of Defense,Naval Base San Diego,https://www.navy.mil/,0.001439025845883,0.000000105370041
"08","0803","03",Congressional District 3,C2,"118",G5200,N,"129370965177","353178303","+38.4582100","-106.8835657",tl_rd22_08_cd118,Lauren Boebert,Colorado 3rd,Colorado,R,1713 LHOB,(202) 225-4761,oversight_and_accountability|natural_resources,"0","0","1","0","1","0","0","0","0","0","0","0","0","0","0","0","0","0","0","0","0","0","0","0","0","0","49947",Department of Defense,Piñon Canyon Maneuver Site,https://www.army.mil/,1.777001161911647,0.097108658344503
"08","0803","03",Congressional District 3,C2,"118",G5200,N,"129370965177","353178303","+38.4582100","-106.8835657",tl_rd22_08_cd118,Lauren Boebert,Colorado 3rd,Colorado,R,1713 LHOB,(202) 225-4761,oversight_and_accountability|natural_resources,"0","0","1","0","1","0","0","0","0","0","0","0","0","0","0","0","0","0","0","0","0","0","0","0","0","0","50080",Department of Defense,Fort Carson,https://www.army.mil/,1.160027209286662,0.057693949507550
"08","0803","03",Congressional District 3,C2,"118",G5200,N,"129370965177","353178303","+38.4582100","-106.8835657",tl_rd22_08_cd118,Lauren Boebert,Colorado 3rd,Colorado,R,1713 LHOB,(202) 225-4761,oversight_and_accountability|natural_resources,"0","0","1","0","1","0","0","0","0","0","0","0","0","0","0","0","0","0","0","0","0","0","0","0","0","0","50347",Department of Defense,Pueblo Chemical Depot,https://www.army.mil/,0.430753483178164,0.009514884798593
"08","0804","04",Congressional District 4,C2,"118",G5200,N,"83237478531","408669885","+39.3183492","-103.2487264",tl_rd22_08_cd118,Ken Buck,Colorado 4th,Colorado,R,2455 RHOB,(202) 225-4676,foreign_affairs|judiciary,"0","0","0","0","0","1","0","0","0","0","0","0","0","1","0","0","0","0","0","0","0","0","0","0","0","0","50573",Department of Defense,USAF Academy Auxiliary Airfield,https://www.af.mil/,0.100012628251418,0.000082556554544
"08","0805","05",Congressional District 5,C2,"118",G5200,N,"3811807055","6619377","+38.8072738","-104.6617431",tl_rd22_08_cd118,Doug Lamborn,Colorado 5th,Colorado,R,2371 RHOB,(202) 225-4422,armed_services|natural_resources,"0","0","0","1","1","0","0","0","0","0","0","0","0","0","0","0","0","0","0","0","0","0","0","0","0","0","50080",Department of Defense,Fort Carson,https://www.army.mil/,1.160027209286662,0.057693949507550
"08","0805","05",Congressional District 5,C2,"118",G5200,N,"3811807055","6619377","+38.8072738","-104.6617431",tl_rd22_08_cd118,Doug Lamborn,Colorado 5th,Colorado,R,2371 RHOB,(202) 225-4422,armed_services|natural_resources,"0","0","0","1","1","0","0","0","0","0","0","0","0","0","0","0","0","0","0","0","0","0","0","0","0","0","50572",Department of Defense,The Farish Memorial Recreational Annex,https://www.af.mil/,0.101923419135728,0.000283949741334
"08","0805","05",Congressional District 5,C2,"118",G5200,N,"3811807055","6619377","+38.8072738","-104.6617431",tl_rd22_08_cd118,Doug Lamborn,Colorado 5th,Colorado,R,2371 RHOB,(202) 225-4422,armed_services|natural_resources,"0","0","0","1","1","0","0","0","0","0","0","0","0","0","0","0","0","0","0","0","0","0","0","0","0","0","50573",Department of Defense,USAF Academy Auxiliary Airfield,https://www.af.mil/,0.100012628251418,0.000082556554544
"08","0805","05",Congressional District 5,C2,"118",G5200,N,"3811807055","6619377","+38.8072738","-104.6617431",tl_rd22_08_cd118,Doug Lamborn,Colorado 5th,Colorado,R,2371 RHOB,(202) 225-4422,armed_services|natural_resources,"0","0","0","1","1","0","0","0","0","0","0","0","0","0","0","0","0","0","0","0","0","0","0","0","0","0","50574",Department of Defense,USAF Academy,https://www.af.mil/,0.339532197579228,0.005680567286820
"08","0805","05",Congressional District 5,C2,"118",G5200,N,"3811807055","6619377","+38.8072738","-104.6617431",tl_rd22_08_cd118,Doug Lamborn,Colorado 5th,Colorado,R,2371 RHOB,(202) 225-4422,armed_services|natural_resources,"0","0","0","1","1","0","0","0","0","0","0","0","0","0","0","0","0","0","0","0","0","0","0","0","0","0","50696",Department of Defense,Schriever Air Force Base,https://www.af.mil/,0.201793934196907,0.002275558972238
"08","0805","05",Congressional District 5,C2,"118",G5200,N,"3811807055","6619377","+38.8072738","-104.6617431",tl_rd22_08_cd118,Doug Lamborn,Colorado 5th,Colorado,R,2371 RHOB,(202) 225-4422,armed_services|natural_resources,"0","0","0","1","1","0","0","0","0","0","0","0","0","0","0","0","0","0","0","0","0","0","0","0","0","0","50698",Department of Defense,Peterson Air Force Base,https://www.af.mil/,0.217680933265745,0.000684813940863
"08","0805","05",Congressional District 5,C2,"118",G5200,N,"3811807055","6619377","+38.8072738","-104.6617431",tl_rd22_08_cd118,Doug Lamborn,Colorado 5th,Colorado,R,2371 RHOB,(202) 225-4422,armed_services|natural_resources,"0","0","0","1","1","0","0","0","0","0","0","0","0","0","0","0","0","0","0","0","0","0","0","0","0","0","51348",Department of Defense,Cheyenne Mountain Air Force Station,https://www.af.mil/,0.082516787607964,0.000206889992469
"08","0806","06",Congressional District 6,C2,"118",G5200,N,"794099833","11213344","+39.6805811","-104.7841143",tl_rd22_08_cd118,Jason Crow,Colorado 6th,Colorado,D,1323 LHOB,(202) 225-7882,foreign_affairs|Intelligence,"0","0","0","0","0","1","0","0","0","0","0","0","0","0","0","0","0","0","1","0","0","0","0","0","0","0","51338",Department of Defense,Buckley Air Force Base,https://www.af.mil/,0.206320451386082,0.001403363291291
"08","0807","07",Congressional District 7,C2,"118",G5200,N,"18547350651","100876431","+38.8868093","-105.6358333",tl_rd22_08_cd118,Brittany Pettersen,Colorado 7th,Colorado,D,1230 LHOB,(202) 225-2645,financial_services,"0","0","0","0","0","0","0","0","0","0","1","0","0","0","0","0","0","0","0","0","0","0","0","0","0","0","50080",Department of Defense,Fort Carson,https://www.army.mil/,1.160027209286662,0.057693949507550
"08","0808","08",Congressional District 8,C2,"118",G5200,N,"2615896744","55612462","+40.1777459","-104.8094619",tl_rd22_08_cd118,Yadira Caraveo,Colorado 8th,Colorado,D,1024 LHOB,(202) 225-5625,agriculture|science_space_and_technology,"0","1","0","0","0","0","0","0","0","0","0","0","0","0","0","0","0","0","0","0","1","0","0","0","0","0","51458",Department of Defense,Rocky Mountain Arsenal,https://www.army.mil/,0.068598087584577,0.000294161014547
"08","0808","08",Congressional District 8,C2,"118",G5200,N,"2615896744","55612462","+40.1777459","-104.8094619",tl_rd22_08_cd118,Yadira Caraveo,Colorado 8th,Colorado,D,1024 LHOB,(202) 225-5625,agriculture|science_space_and_technology,"0","1","0","0","0","0","0","0","0","0","0","0","0","0","0","0","0","0","0","0","1","0","0","0","0","0","51459",Department of Defense,Rocky Mountain Arsenal,https://www.army.mil/,0.026916227456445,0.000019112921103
"08","0808","08",Congressional District 8,C2,"118",G5200,N,"2615896744","55612462","+40.1777459","-104.8094619",tl_rd22_08_cd118,Yadira Caraveo,Colorado 8th,Colorado,D,1024 LHOB,(202) 225-5625,agriculture|science_space_and_technology,"0","1","0","0","0","0","0","0","0","0","0","0","0","0","0","0","0","0","0","0","1","0","0","0","0","0","51460",Department of Defense,Rocky Mountain Arsenal,https://www.army.mil/,0.300337231576131,0.001203148273420
"08","0808","08",Congressional District 8,C2,"118",G5200,N,"2615896744","55612462","+40.1777459","-104.8094619",tl_rd22_08_cd118,Yadira Caraveo,Colorado 8th,Colorado,D,1024 LHOB,(202) 225-5625,agriculture|science_space_and_technology,"0","1","0","0","0","0","0","0","0","0","0","0","0","0","0","0","0","0","0","0","1","0","0","0","0","0","51461",Department of Defense,Rocky Mountain Arsenal,https://www.army.mil/,0.030323675167334,0.000019956951171
"08","0808","08",Congressional District 8,C2,"118",G5200,N,"2615896744","55612462","+40.1777459","-104.8094619",tl_rd22_08_cd118,Yadira Caraveo,Colorado 8th,Colorado,D,1024 LHOB,(202) 225-5625,agriculture|science_space_and_technology,"0","1","0","0","0","0","0","0","0","0","0","0","0","0","0","0","0","0","0","0","1","0","0","0","0","0","51462",Department of Defense,Rocky Mountain Arsenal,https://www.army.mil/,0.021566668717068,0.000013951690506
"08","0808","08",Congressional District 8,C2,"118",G5200,N,"2615896744","55612462","+40.1777459","-104.8094619",tl_rd22_08_cd118,Yadira Caraveo,Colorado 8th,Colorado,D,1024 LHOB,(202) 225-5625,agriculture|science_space_and_technology,"0","1","0","0","0","0","0","0","0","0","0","0","0","0","0","0","0","0","0","0","1","0","0","0","0","0","51463",Department of Defense,Rocky Mountain Arsenal,https://www.army.mil/,0.034205433847992,0.000030100503188
"09","0901","01",Congressional District 1,C2,"118",G5200,N,"1700135226","51159603","+41.9286112","-073.0176292",tl_rd22_09_cd118,John Larson,Connecticut 1st,Connecticut,D,1501 LHOB,(202) 225-2265,ways_and_means,"0","0","0","0","0","0","0","0","0","1","0","0","0","0","0","0","0","0","0","0","0","0","0","0","0","0","49990",Department of Defense,NG Camp Hartell,https://www.nationalguard.mil/,0.026270412115248,0.000025588521571
"09","0901","01",Congressional District 1,C2,"118",G5200,N,"1700135226","51159603","+41.9286112","-073.0176292",tl_rd22_09_cd118,John Larson,Connecticut 1st,Connecticut,D,1501 LHOB,(202) 225-2265,ways_and_means,"0","0","0","0","0","0","0","0","0","1","0","0","0","0","0","0","0","0","0","0","0","0","0","0","0","0","50714",Department of Defense,Bradley IAP,https://www.ang.af.mil/,0.041348355290508,0.000064860357376
"09","0902","02",Congressional District 2,C2,"118",G5200,N,"5234730729","298619161","+41.6536870","-072.2065086",tl_rd22_09_cd118,Joe Courtney,Connecticut 2nd,Connecticut,D,2449 RHOB,(202) 225-2076,armed_services|education_and_the_workforce,"0","0","0","1","0","0","0","1","0","0","0","0","0","0","0","0","0","0","0","0","0","0","0","0","0","0","50003",Department of Defense,NG Camp Nett,https://www.nationalguard.mil/,0.038702593557754,0.000035530956609
"09","0902","02",Congressional District 2,C2,"118",G5200,N,"5234730729","298619161","+41.6536870","-072.2065086",tl_rd22_09_cd118,Joe Courtney,Connecticut 2nd,Connecticut,D,2449 RHOB,(202) 225-2076,armed_services|education_and_the_workforce,"0","0","0","1","0","0","0","1","0","0","0","0","0","0","0","0","0","0","0","0","0","0","0","0","0","0","50422",Department of Defense,NG Stones Ranch Military Res,https://www.nationalguard.mil/,0.016229578470120,0.000017774690617
"09","0902","02",Congressional District 2,C2,"118",G5200,N,"5234730729","298619161","+41.6536870","-072.2065086",tl_rd22_09_cd118,Joe Courtney,Connecticut 2nd,Connecticut,D,2449 RHOB,(202) 225-2076,armed_services|education_and_the_workforce,"0","0","0","1","0","0","0","1","0","0","0","0","0","0","0","0","0","0","0","0","0","0","0","0","0","0","50423",Department of Defense,NG Stones Ranch Military Res,https://www.nationalguard.mil/,0.028781756944600,0.000047073149497
"09","0902","02",Congressional District 2,C2,"118",G5200,N,"5234730729","298619161","+41.6536870","-072.2065086",tl_rd22_09_cd118,Joe Courtney,Connecticut 2nd,Connecticut,D,2449 RHOB,(202) 225-2076,armed_services|education_and_the_workforce,"0","0","0","1","0","0","0","1","0","0","0","0","0","0","0","0","0","0","0","0","0","0","0","0","0","0","50424",Department of Defense,NG Stones Ranch Military Res,https://www.nationalguard.mil/,0.193096794167655,0.000746955234535
"09","0902","02",Congressional District 2,C2,"118",G5200,N,"5234730729","298619161","+41.6536870","-072.2065086",tl_rd22_09_cd118,Joe Courtney,Connecticut 2nd,Connecticut,D,2449 RHOB,(202) 225-2076,armed_services|education_and_the_workforce,"0","0","0","1","0","0","0","1","0","0","0","0","0","0","0","0","0","0","0","0","0","0","0","0","0","0","51243",Department of Defense,Naval Submarine Base New London,https://www.navy.mil/,0.013041858828923,0.000005804911682
"09","0902","02",Congressional District 2,C2,"118",G5200,N,"5234730729","298619161","+41.6536870","-072.2065086",tl_rd22_09_cd118,Joe Courtney,Connecticut 2nd,Connecticut,D,2449 RHOB,(202) 225-2076,armed_services|education_and_the_workforce,"0","0","0","1","0","0","0","1","0","0","0","0","0","0","0","0","0","0","0","0","0","0","0","0","0","0","51244",Department of Defense,Naval Submarine Base New London,https://www.navy.mil/,0.087621338304752,0.000294105168170
"10","1000","00",Congressional District (at Large),C1,"118",G5200,N,"5046731558","1399179670","+38.9985661","-075.4416440",tl_rd22_10_cd118,Lisa Blunt Rochester,Delaware,Delaware,D,1724 LHOB,(202) 225-4165,energy_and_commerce,"0","0","0","0","0","0","0","0","1","0","0","0","0","0","0","0","0","0","0","0","0","0","0","0","0","0","50328",Department of Defense,NG River Road Training Site,https://www.nationalguard.mil/,0.040029448591505,0.000080986418145
"10","1000","00",Congressional District (at Large),C1,"118",G5200,N,"5046731558","1399179670","+38.9985661","-075.4416440",tl_rd22_10_cd118,Lisa Blunt Rochester,Delaware,Delaware,D,1724 LHOB,(202) 225-4165,energy_and_commerce,"0","0","0","0","0","0","0","0","1","0","0","0","0","0","0","0","0","0","0","0","0","0","0","0","0","0","50432",Department of Defense,NG Bethany Beach Training Site,https://www.nationalguard.mil/,0.026732017158745,0.000041774631117
"10","1000","00",Congressional District (at Large),C1,"118",G5200,N,"5046731558","1399179670","+38.9985661","-075.4416440",tl_rd22_10_cd118,Lisa Blunt Rochester,Delaware,Delaware,D,1724 LHOB,(202) 225-4165,energy_and_commerce,"0","0","0","0","0","0","0","0","1","0","0","0","0","0","0","0","0","0","0","0","0","0","0","0","0","0","50640",Department of Defense,Dover AFB,https://www.af.mil/,0.015583618987053,0.000009938210692
"10","1000","00",Congressional District (at Large),C1,"118",G5200,N,"5046731558","1399179670","+38.9985661","-075.4416440",tl_rd22_10_cd118,Lisa Blunt Rochester,Delaware,Delaware,D,1724 LHOB,(202) 225-4165,energy_and_commerce,"0","0","0","0","0","0","0","0","1","0","0","0","0","0","0","0","0","0","0","0","0","0","0","0","0","0","50641",Department of Defense,Dover AFB,https://www.af.mil/,0.036777265846217,0.000077343217644
"10","1000","00",Congressional District (at Large),C1,"118",G5200,N,"5046731558","1399179670","+38.9985661","-075.4416440",tl_rd22_10_cd118,Lisa Blunt Rochester,Delaware,Delaware,D,1724 LHOB,(202) 225-4165,energy_and_commerce,"0","0","0","0","0","0","0","0","1","0","0","0","0","0","0","0","0","0","0","0","0","0","0","0","0","0","50642",Department of Defense,Dover AFB,https://www.af.mil/,0.066705096935177,0.000184695072257
"10","1000","00",Congressional District (at Large),C1,"118",G5200,N,"5046731558","1399179670","+38.9985661","-075.4416440",tl_rd22_10_cd118,Lisa Blunt Rochester,Delaware,Delaware,D,1724 LHOB,(202) 225-4165,energy_and_commerce,"0","0","0","0","0","0","0","0","1","0","0","0","0","0","0","0","0","0","0","0","0","0","0","0","0","0","50643",Department of Defense,Dover AFB,https://www.af.mil/,0.183685313462204,0.001062819063347
"10","1000","00",Congressional District (at Large),C1,"118",G5200,N,"5046731558","1399179670","+38.9985661","-075.4416440",tl_rd22_10_cd118,Lisa Blunt Rochester,Delaware,Delaware,D,1724 LHOB,(202) 225-4165,energy_and_commerce,"0","0","0","0","0","0","0","0","1","0","0","0","0","0","0","0","0","0","0","0","0","0","0","0","0","0","50806",Department of Defense,New Castle Airport,https://www.ang.af.mil/,0.034726712474407,0.000032848550223
"11","1198","98",Delegate District (at Large),C4,"118",G5200,N,"158316124","18709762","+38.9042474","-077.0165167",tl_rd22_11_cd118,Eleanor Norton,District of Columbia,District of Columbia,D,2136 RHOB,(202) 225-8050,oversight_and_accountability|transportation_and_infrastructure,"0","0","1","0","0","0","0","0","0","0","0","1","0","0","0","0","0","0","0","0","0","0","0","0","0","0","50145",Department of Defense,Joint Base Myer-Henderson Hall,https://www.army.mil/,0.030754704464363,0.000045290896129
"11","1198","98",Delegate District (at Large),C4,"118",G5200,N,"158316124","18709762","+38.9042474","-077.0165167",tl_rd22_11_cd118,Eleanor Norton,District of Columbia,District of Columbia,D,2136 RHOB,(202) 225-8050,oversight_and_accountability|transportation_and_infrastructure,"0","0","1","0","0","0","0","0","0","0","0","1","0","0","0","0","0","0","0","0","0","0","0","0","0","0","50927",Department of Defense,Naval Research Laboratory,https://www.navy.mil/,0.037230656226204,0.000056046243830
"11","1198","98",Delegate District (at Large),C4,"118",G5200,N,"158316124","18709762","+38.9042474","-077.0165167",tl_rd22_11_cd118,Eleanor Norton,District of Columbia,District of Columbia,D,2136 RHOB,(202) 225-8050,oversight_and_accountability|transportation_and_infrastructure,"0","0","1","0","0","0","0","0","0","0","0","1","0","0","0","0","0","0","0","0","0","0","0","0","0","0","50934",Department of Defense,Naval Support Activity Wash,https://www.navy.mil/,0.025367412874919,0.000032489417883
"11","1198","98",Delegate District (at Large),C4,"118",G5200,N,"158316124","18709762","+38.9042474","-077.0165167",tl_rd22_11_cd118,Eleanor Norton,District of Columbia,District of Columbia,D,2136 RHOB,(202) 225-8050,oversight_and_accountability|transportation_and_infrastructure,"0","0","1","0","0","0","0","0","0","0","0","1","0","0","0","0","0","0","0","0","0","0","0","0","0","0","50976",Department of Defense,Naval Observatory,https://www.navy.mil/,0.019773235263009,0.000030317483178
"11","1198","98",Delegate District (at Large),C4,"118",G5200,N,"158316124","18709762","+38.9042474","-077.0165167",tl_rd22_11_cd118,Eleanor Norton,District of Columbia,District of Columbia,D,2136 RHOB,(202) 225-8050,oversight_and_accountability|transportation_and_infrastructure,"0","0","1","0","0","0","0","0","0","0","0","1","0","0","0","0","0","0","0","0","0","0","0","0","0","0","51268",Department of Defense,Pentagon,https://www.whs.mil/,0.043473690777514,0.000031315995898
"11","1198","98",Delegate District (at Large),C4,"118",G5200,N,"158316124","18709762","+38.9042474","-077.0165167",tl_rd22_11_cd118,Eleanor Norton,District of Columbia,District of Columbia,D,2136 RHOB,(202) 225-8050,oversight_and_accountability|transportation_and_infrastructure,"0","0","1","0","0","0","0","0","0","0","0","1","0","0","0","0","0","0","0","0","0","0","0","0","0","0","51500",Department of Defense,Joint Base Anacostia-Bolling,https://www.navy.mil/,0.108741534502917,0.000414650884269
"12","1201","01",Congressional District 1,C2,"118",G5200,N,"8282787998","3154787141","+30.6154042","-086.8170127",tl_rd22_12_cd118,Matt Gaetz,Florida 1st,Florida,R,2021 RHOB,(202) 225-4136,armed_services|select_subcommittee_on_the_weaponization_of_the_fed_govt|judiciary,"0","0","0","1","0","0","0","0","0","0","0","0","0","1","0","1","0","0","0","0","0","0","0","0","0","0","50054",Department of Defense,Destin Moreno Point,https://www.army.mil/,0.009561501798975,0.000004861863153
"12","1201","01",Congressional District 1,C2,"118",G5200,N,"8282787998","3154787141","+30.6154042","-086.8170127",tl_rd22_12_cd118,Matt Gaetz,Florida 1st,Florida,R,2021 RHOB,(202) 225-4136,armed_services|select_subcommittee_on_the_weaponization_of_the_fed_govt|judiciary,"0","0","0","1","0","0","0","0","0","0","0","0","0","1","0","1","0","0","0","0","0","0","0","0","0","0","50590",Department of Defense,Eglin Air Force Auxiliary Field 3 Duke Fld,https://www.af.mil/,0.132978092288609,0.000741491284227
"12","1201","01",Congressional District 1,C2,"118",G5200,N,"8282787998","3154787141","+30.6154042","-086.8170127",tl_rd22_12_cd118,Matt Gaetz,Florida 1st,Florida,R,2021 RHOB,(202) 225-4136,armed_services|select_subcommittee_on_the_weaponization_of_the_fed_govt|judiciary,"0","0","0","1","0","0","0","0","0","0","0","0","0","1","0","1","0","0","0","0","0","0","0","0","0","0","50591",Department of Defense,Eglin Air Force Auxiliary Field 6,https://www.af.mil/,0.099009700662792,0.000325581787644
"12","1201","01",Congressional District 1,C2,"118",G5200,N,"8282787998","3154787141","+30.6154042","-086.8170127",tl_rd22_12_cd118,Matt Gaetz,Florida 1st,Florida,R,2021 RHOB,(202) 225-4136,armed_services|select_subcommittee_on_the_weaponization_of_the_fed_govt|judiciary,"0","0","0","1","0","0","0","0","0","0","0","0","0","1","0","1","0","0","0","0","0","0","0","0","0","0","50593",Department of Defense,Eglin Air Force Base,https://www.af.mil/,3.799802300717712,0.171243598058520
"12","1201","01",Congressional District 1,C2,"118",G5200,N,"8282787998","3154787141","+30.6154042","-086.8170127",tl_rd22_12_cd118,Matt Gaetz,Florida 1st,Florida,R,2021 RHOB,(202) 225-4136,armed_services|select_subcommittee_on_the_weaponization_of_the_fed_govt|judiciary,"0","0","0","1","0","0","0","0","0","0","0","0","0","1","0","1","0","0","0","0","0","0","0","0","0","0","50596",Department of Defense,Eglin AFB Site 2 Santa Rosa Island,https://www.af.mil/,0.560091651562840,0.001210150363145
"12","1201","01",Congressional District 1,C2,"118",G5200,N,"8282787998","3154787141","+30.6154042","-086.8170127",tl_rd22_12_cd118,Matt Gaetz,Florida 1st,Florida,R,2021 RHOB,(202) 225-4136,armed_services|select_subcommittee_on_the_weaponization_of_the_fed_govt|judiciary,"0","0","0","1","0","0","0","0","0","0","0","0","0","1","0","1","0","0","0","0","0","0","0","0","0","0","50633",Department of Defense,Hurlburt Field,https://www.af.mil/,0.246641682527586,0.002425072620936
"12","1201","01",Congressional District 1,C2,"118",G5200,N,"8282787998","3154787141","+30.6154042","-086.8170127",tl_rd22_12_cd118,Matt Gaetz,Florida 1st,Florida,R,2021 RHOB,(202) 225-4136,armed_services|select_subcommittee_on_the_weaponization_of_the_fed_govt|judiciary,"0","0","0","1","0","0","0","0","0","0","0","0","0","1","0","1","0","0","0","0","0","0","0","0","0","0","50871",Department of Defense,Corry Station,https://www.navy.mil/,0.064837613235602,0.000231840204496
"12","1201","01",Congressional District 1,C2,"118",G5200,N,"8282787998","3154787141","+30.6154042","-086.8170127",tl_rd22_12_cd118,Matt Gaetz,Florida 1st,Florida,R,2021 RHOB,(202) 225-4136,armed_services|select_subcommittee_on_the_weaponization_of_the_fed_govt|judiciary,"0","0","0","1","0","0","0","0","0","0","0","0","0","1","0","1","0","0","0","0","0","0","0","0","0","0","50882",Department of Defense,NOLF Choctaw,https://www.navy.mil/,0.123985534213840,0.000566813907368
"12","1201","01",Congressional District 1,C2,"118",G5200,N,"8282787998","3154787141","+30.6154042","-086.8170127",tl_rd22_12_cd118,Matt Gaetz,Florida 1st,Florida,R,2021 RHOB,(202) 225-4136,armed_services|select_subcommittee_on_the_weaponization_of_the_fed_govt|judiciary,"0","0","0","1","0","0","0","0","0","0","0","0","0","1","0","1","0","0","0","0","0","0","0","0","0","0","50884",Department of Defense,NAS Pensacola FL,https://www.navy.mil/,0.007109600122105,0.000001906674018
"12","1201","01",Congressional District 1,C2,"118",G5200,N,"8282787998","3154787141","+30.6154042","-086.8170127",tl_rd22_12_cd118,Matt Gaetz,Florida 1st,Florida,R,2021 RHOB,(202) 225-4136,armed_services|select_subcommittee_on_the_weaponization_of_the_fed_govt|judiciary,"0","0","0","1","0","0","0","0","0","0","0","0","0","1","0","1","0","0","0","0","0","0","0","0","0","0","50885",Department of Defense,NAS Pensacola FL,https://www.navy.mil/,0.021537879658589,0.000016670226377
"12","1201","01",Congressional District 1,C2,"118",G5200,N,"8282787998","3154787141","+30.6154042","-086.8170127",tl_rd22_12_cd118,Matt Gaetz,Florida 1st,Florida,R,2021 RHOB,(202) 225-4136,armed_services|select_subcommittee_on_the_weaponization_of_the_fed_govt|judiciary,"0","0","0","1","0","0","0","0","0","0","0","0","0","1","0","1","0","0","0","0","0","0","0","0","0","0","50886",Department of Defense,NAS Pensacola FL,https://www.navy.mil/,0.000169580875578,0.000000001148746
"12","1201","01",Congressional District 1,C2,"118",G5200,N,"8282787998","3154787141","+30.6154042","-086.8170127",tl_rd22_12_cd118,Matt Gaetz,Florida 1st,Florida,R,2021 RHOB,(202) 225-4136,armed_services|select_subcommittee_on_the_weaponization_of_the_fed_govt|judiciary,"0","0","0","1","0","0","0","0","0","0","0","0","0","1","0","1","0","0","0","0","0","0","0","0","0","0","50887",Department of Defense,NAS Pensacola FL,https://www.navy.mil/,0.455030236509721,0.002178831963565
"12","1201","01",Congressional District 1,C2,"118",G5200,N,"8282787998","3154787141","+30.6154042","-086.8170127",tl_rd22_12_cd118,Matt Gaetz,Florida 1st,Florida,R,2021 RHOB,(202) 225-4136,armed_services|select_subcommittee_on_the_weaponization_of_the_fed_govt|judiciary,"0","0","0","1","0","0","0","0","0","0","0","0","0","1","0","1","0","0","0","0","0","0","0","0","0","0","50888",Department of Defense,NAS Pensacola FL,https://www.navy.mil/,0.001532514389601,0.000000026177108
"12","1201","01",Congressional District 1,C2,"118",G5200,N,"8282787998","3154787141","+30.6154042","-086.8170127",tl_rd22_12_cd118,Matt Gaetz,Florida 1st,Florida,R,2021 RHOB,(202) 225-4136,armed_services|select_subcommittee_on_the_weaponization_of_the_fed_govt|judiciary,"0","0","0","1","0","0","0","0","0","0","0","0","0","1","0","1","0","0","0","0","0","0","0","0","0","0","50889",Department of Defense,NAS Pensacola FL,https://www.navy.mil/,0.003870118783715,0.000000701661019
"12","1201","01",Congressional District 1,C2,"118",G5200,N,"8282787998","3154787141","+30.6154042","-086.8170127",tl_rd22_12_cd118,Matt Gaetz,Florida 1st,Florida,R,2021 RHOB,(202) 225-4136,armed_services|select_subcommittee_on_the_weaponization_of_the_fed_govt|judiciary,"0","0","0","1","0","0","0","0","0","0","0","0","0","1","0","1","0","0","0","0","0","0","0","0","0","0","50890",Department of Defense,NAS Pensacola FL,https://www.navy.mil/,0.005116747428122,0.000001143765306
"12","1201","01",Congressional District 1,C2,"118",G5200,N,"8282787998","3154787141","+30.6154042","-086.8170127",tl_rd22_12_cd118,Matt Gaetz,Florida 1st,Florida,R,2021 RHOB,(202) 225-4136,armed_services|select_subcommittee_on_the_weaponization_of_the_fed_govt|judiciary,"0","0","0","1","0","0","0","0","0","0","0","0","0","1","0","1","0","0","0","0","0","0","0","0","0","0","50891",Department of Defense,NOLF Santa Rosa,https://www.navy.mil/,0.088213208091223,0.000284431551108
"12","1201","01",Congressional District 1,C2,"118",G5200,N,"8282787998","3154787141","+30.6154042","-086.8170127",tl_rd22_12_cd118,Matt Gaetz,Florida 1st,Florida,R,2021 RHOB,(202) 225-4136,armed_services|select_subcommittee_on_the_weaponization_of_the_fed_govt|judiciary,"0","0","0","1","0","0","0","0","0","0","0","0","0","1","0","1","0","0","0","0","0","0","0","0","0","0","50977",Department of Defense,NOLF Spencer,https://www.navy.mil/,0.062360554501845,0.000241570385055
"12","1201","01",Congressional District 1,C2,"118",G5200,N,"8282787998","3154787141","+30.6154042","-086.8170127",tl_rd22_12_cd118,Matt Gaetz,Florida 1st,Florida,R,2021 RHOB,(202) 225-4136,armed_services|select_subcommittee_on_the_weaponization_of_the_fed_govt|judiciary,"0","0","0","1","0","0","0","0","0","0","0","0","0","1","0","1","0","0","0","0","0","0","0","0","0","0","50981",Department of Defense,Saufley Field,https://www.navy.mil/,0.084776254889924,0.000329775646610
"12","1201","01",Congressional District 1,C2,"118",G5200,N,"8282787998","3154787141","+30.6154042","-086.8170127",tl_rd22_12_cd118,Matt Gaetz,Florida 1st,Florida,R,2021 RHOB,(202) 225-4136,armed_services|select_subcommittee_on_the_weaponization_of_the_fed_govt|judiciary,"0","0","0","1","0","0","0","0","0","0","0","0","0","1","0","1","0","0","0","0","0","0","0","0","0","0","50985",Department of Defense,NOLF Holley,https://www.navy.mil/,0.076981781208092,0.000266898062209
"12","1201","01",Congressional District 1,C2,"118",G5200,N,"8282787998","3154787141","+30.6154042","-086.8170127",tl_rd22_12_cd118,Matt Gaetz,Florida 1st,Florida,R,2021 RHOB,(202) 225-4136,armed_services|select_subcommittee_on_the_weaponization_of_the_fed_govt|judiciary,"0","0","0","1","0","0","0","0","0","0","0","0","0","1","0","1","0","0","0","0","0","0","0","0","0","0","50987",Department of Defense,OLF Bronson,https://www.navy.mil/,0.095639406870180,0.000386949545283
"12","1201","01",Congressional District 1,C2,"118",G5200,N,"8282787998","3154787141","+30.6154042","-086.8170127",tl_rd22_12_cd118,Matt Gaetz,Florida 1st,Florida,R,2021 RHOB,(202) 225-4136,armed_services|select_subcommittee_on_the_weaponization_of_the_fed_govt|judiciary,"0","0","0","1","0","0","0","0","0","0","0","0","0","1","0","1","0","0","0","0","0","0","0","0","0","0","51431",Department of Defense,NAS Whiting Field Milton FL,https://www.navy.mil/,0.023138183024732,0.000031273355213
"12","1201","01",Congressional District 1,C2,"118",G5200,N,"8282787998","3154787141","+30.6154042","-086.8170127",tl_rd22_12_cd118,Matt Gaetz,Florida 1st,Florida,R,2021 RHOB,(202) 225-4136,armed_services|select_subcommittee_on_the_weaponization_of_the_fed_govt|judiciary,"0","0","0","1","0","0","0","0","0","0","0","0","0","1","0","1","0","0","0","0","0","0","0","0","0","0","51432",Department of Defense,NAS Whiting Field Milton FL,https://www.navy.mil/,0.359795182787992,0.001774117357746
"12","1201","01",Congressional District 1,C2,"118",G5200,N,"8282787998","3154787141","+30.6154042","-086.8170127",tl_rd22_12_cd118,Matt Gaetz,Florida 1st,Florida,R,2021 RHOB,(202) 225-4136,armed_services|select_subcommittee_on_the_weaponization_of_the_fed_govt|judiciary,"0","0","0","1","0","0","0","0","0","0","0","0","0","1","0","1","0","0","0","0","0","0","0","0","0","0","51433",Department of Defense,NAS Whiting Field Milton FL,https://www.navy.mil/,0.030098043526740,0.000046206750989
"12","1202","02",Congressional District 2,C2,"118",G5200,N,"25521122275","7730564234","+30.2457471","-084.7776353",tl_rd22_12_cd118,Neal Dunn,Florida 2nd,Florida,R,466 CHOB,(202) 225-5235,energy_and_commerce|select_sub_us_china,"0","0","0","0","0","0","0","0","1","0","0","0","0","0","0","0","0","0","0","0","0","0","1","0","0","0","50521",Department of Defense,Tyndall Air Force Base,https://www.af.mil/,1.922131227815344,0.010959945944725
"12","1202","02",Congressional District 2,C2,"118",G5200,N,"25521122275","7730564234","+30.2457471","-084.7776353",tl_rd22_12_cd118,Neal Dunn,Florida 2nd,Florida,R,466 CHOB,(202) 225-5235,energy_and_commerce|select_sub_us_china,"0","0","0","0","0","0","0","0","1","0","0","0","0","0","0","0","0","0","0","0","0","0","1","0","0","0","51044",Department of Defense,Naval Support Activity Panama City,https://www.navy.mil/,0.126223727723137,0.000254421053908
"12","1204","04",Congressional District 4,C2,"118",G5200,N,"4615499591","514064674","+30.3307087","-081.7772565",tl_rd22_12_cd118,Aaron Bean,Florida 4th,Florida,R,1239 LHOB,(202) 225-0123,education_and_the_workforce|transportation_and_infrastructure|small_business,"0","0","0","0","0","0","0","1","0","0","0","1","1","0","0","0","0","0","0","0","0","0","0","0","0","0","50801",Department of Defense,Jacksonville IAP,https://www.ang.af.mil/,0.037371463352651,0.000076199327521
"12","1204","04",Congressional District 4,C2,"118",G5200,N,"4615499591","514064674","+30.3307087","-081.7772565",tl_rd22_12_cd118,Aaron Bean,Florida 4th,Florida,R,1239 LHOB,(202) 225-0123,education_and_the_workforce|transportation_and_infrastructure|small_business,"0","0","0","0","0","0","0","1","0","0","0","1","1","0","0","0","0","0","0","0","0","0","0","0","0","0","50802",Department of Defense,Jacksonville IAP,https://www.ang.af.mil/,0.057139082155463,0.000130154606220
"12","1204","04",Congressional District 4,C2,"118",G5200,N,"4615499591","514064674","+30.3307087","-081.7772565",tl_rd22_12_cd118,Aaron Bean,Florida 4th,Florida,R,1239 LHOB,(202) 225-0123,education_and_the_workforce|transportation_and_infrastructure|small_business,"0","0","0","0","0","0","0","1","0","0","0","1","1","0","0","0","0","0","0","0","0","0","0","0","0","0","50825",Department of Defense,Jacksonville FL Maint,https://www.marforres.marines.mil/,0.040137100596800,0.000044705967051
"12","1204","04",Congressional District 4,C2,"118",G5200,N,"4615499591","514064674","+30.3307087","-081.7772565",tl_rd22_12_cd118,Aaron Bean,Florida 4th,Florida,R,1239 LHOB,(202) 225-0123,education_and_the_workforce|transportation_and_infrastructure|small_business,"0","0","0","0","0","0","0","1","0","0","0","1","1","0","0","0","0","0","0","0","0","0","0","0","0","0","50852",Department of Defense,MCSF Blount Island (FL),https://www.marines.mil/,0.085965965660040,0.000346391041343
"12","1204","04",Congressional District 4,C2,"118",G5200,N,"4615499591","514064674","+30.3307087","-081.7772565",tl_rd22_12_cd118,Aaron Bean,Florida 4th,Florida,R,1239 LHOB,(202) 225-0123,education_and_the_workforce|transportation_and_infrastructure|small_business,"0","0","0","0","0","0","0","1","0","0","0","1","1","0","0","0","0","0","0","0","0","0","0","0","0","0","50955",Department of Defense,FLC Fuel Depot Heckscher,https://www.navy.mil/,0.054087197359567,0.000062780241301
"12","1204","04",Congressional District 4,C2,"118",G5200,N,"4615499591","514064674","+30.3307087","-081.7772565",tl_rd22_12_cd118,Aaron Bean,Florida 4th,Florida,R,1239 LHOB,(202) 225-0123,education_and_the_workforce|transportation_and_infrastructure|small_business,"0","0","0","0","0","0","0","1","0","0","0","1","1","0","0","0","0","0","0","0","0","0","0","0","0","0","51039",Department of Defense,OLF Whitehouse,https://www.navy.mil/,0.007974084950894,0.000003584395653
"12","1204","04",Congressional District 4,C2,"118",G5200,N,"4615499591","514064674","+30.3307087","-081.7772565",tl_rd22_12_cd118,Aaron Bean,Florida 4th,Florida,R,1239 LHOB,(202) 225-0123,education_and_the_workforce|transportation_and_infrastructure|small_business,"0","0","0","0","0","0","0","1","0","0","0","1","1","0","0","0","0","0","0","0","0","0","0","0","0","0","51040",Department of Defense,OLF Whitehouse,https://www.navy.mil/,0.053818169516859,0.000116325874275
"12","1204","04",Congressional District 4,C2,"118",G5200,N,"4615499591","514064674","+30.3307087","-081.7772565",tl_rd22_12_cd118,Aaron Bean,Florida 4th,Florida,R,1239 LHOB,(202) 225-0123,education_and_the_workforce|transportation_and_infrastructure|small_business,"0","0","0","0","0","0","0","1","0","0","0","1","1","0","0","0","0","0","0","0","0","0","0","0","0","0","51041",Department of Defense,OLF Whitehouse,https://www.navy.mil/,0.006849178547233,0.000000876807131
"12","1204","04",Congressional District 4,C2,"118",G5200,N,"4615499591","514064674","+30.3307087","-081.7772565",tl_rd22_12_cd118,Aaron Bean,Florida 4th,Florida,R,1239 LHOB,(202) 225-0123,education_and_the_workforce|transportation_and_infrastructure|small_business,"0","0","0","0","0","0","0","1","0","0","0","1","1","0","0","0","0","0","0","0","0","0","0","0","0","0","51042",Department of Defense,OLF Whitehouse,https://www.navy.mil/,0.018176304475348,0.000013234699566
"12","1204","04",Congressional District 4,C2,"118",G5200,N,"4615499591","514064674","+30.3307087","-081.7772565",tl_rd22_12_cd118,Aaron Bean,Florida 4th,Florida,R,1239 LHOB,(202) 225-0123,education_and_the_workforce|transportation_and_infrastructure|small_business,"0","0","0","0","0","0","0","1","0","0","0","1","1","0","0","0","0","0","0","0","0","0","0","0","0","0","51043",Department of Defense,OLF Whitehouse,https://www.navy.mil/,0.372144867800825,0.001805511063797
"12","1204","04",Congressional District 4,C2,"118",G5200,N,"4615499591","514064674","+30.3307087","-081.7772565",tl_rd22_12_cd118,Aaron Bean,Florida 4th,Florida,R,1239 LHOB,(202) 225-0123,education_and_the_workforce|transportation_and_infrastructure|small_business,"0","0","0","0","0","0","0","1","0","0","0","1","1","0","0","0","0","0","0","0","0","0","0","0","0","0","51057",Department of Defense,NAS Jacksonville FL,https://www.navy.mil/,0.000408704272398,0.000000009412901
"12","1204","04",Congressional District 4,C2,"118",G5200,N,"4615499591","514064674","+30.3307087","-081.7772565",tl_rd22_12_cd118,Aaron Bean,Florida 4th,Florida,R,1239 LHOB,(202) 225-0123,education_and_the_workforce|transportation_and_infrastructure|small_business,"0","0","0","0","0","0","0","1","0","0","0","1","1","0","0","0","0","0","0","0","0","0","0","0","0","0","51058",Department of Defense,NAS Jacksonville FL,https://www.navy.mil/,0.229401117188941,0.001282405123205
"12","1204","04",Congressional District 4,C2,"118",G5200,N,"4615499591","514064674","+30.3307087","-081.7772565",tl_rd22_12_cd118,Aaron Bean,Florida 4th,Florida,R,1239 LHOB,(202) 225-0123,education_and_the_workforce|transportation_and_infrastructure|small_business,"0","0","0","0","0","0","0","1","0","0","0","1","1","0","0","0","0","0","0","0","0","0","0","0","0","0","51073",Department of Defense,NAVSTA Mayport FL,https://www.navy.mil/,0.190888295322577,0.001060692042276
"12","1205","05",Congressional District 5,C2,"118",G5200,N,"1533278055","613893435","+30.1016127","-081.4596712",tl_rd22_12_cd118,John Rutherford,Florida 5th,Florida,R,1711 LHOB,(202) 225-2501,appropriations|ethics,"1","0","0","0","0","0","0","0","0","0","0","0","0","0","0","0","0","0","0","0","0","0","0","1","0","0","51063",Department of Defense,NAVSTA Mayport FL,https://www.navy.mil/,0.002248329311718,0.000000002247244
"12","1205","05",Congressional District 5,C2,"118",G5200,N,"1533278055","613893435","+30.1016127","-081.4596712",tl_rd22_12_cd118,John Rutherford,Florida 5th,Florida,R,1711 LHOB,(202) 225-2501,appropriations|ethics,"1","0","0","0","0","0","0","0","0","0","0","0","0","0","0","0","0","0","0","0","0","0","0","1","0","0","51064",Department of Defense,NAVSTA Mayport FL,https://www.navy.mil/,0.081397793586319,0.000327392241095
"12","1205","05",Congressional District 5,C2,"118",G5200,N,"1533278055","613893435","+30.1016127","-081.4596712",tl_rd22_12_cd118,John Rutherford,Florida 5th,Florida,R,1711 LHOB,(202) 225-2501,appropriations|ethics,"1","0","0","0","0","0","0","0","0","0","0","0","0","0","0","0","0","0","0","0","0","0","0","1","0","0","51065",Department of Defense,NAVSTA Mayport FL,https://www.navy.mil/,0.012324689883639,0.000001572219329
"12","1205","05",Congressional District 5,C2,"118",G5200,N,"1533278055","613893435","+30.1016127","-081.4596712",tl_rd22_12_cd118,John Rutherford,Florida 5th,Florida,R,1711 LHOB,(202) 225-2501,appropriations|ethics,"1","0","0","0","0","0","0","0","0","0","0","0","0","0","0","0","0","0","0","0","0","0","0","1","0","0","51066",Department of Defense,NAVSTA Mayport FL,https://www.navy.mil/,0.006620119176741,0.000001220503018
"12","1205","05",Congressional District 5,C2,"118",G5200,N,"1533278055","613893435","+30.1016127","-081.4596712",tl_rd22_12_cd118,John Rutherford,Florida 5th,Florida,R,1711 LHOB,(202) 225-2501,appropriations|ethics,"1","0","0","0","0","0","0","0","0","0","0","0","0","0","0","0","0","0","0","0","0","0","0","1","0","0","51067",Department of Defense,NAVSTA Mayport FL,https://www.navy.mil/,0.003167275881138,0.000000229916707
"12","1205","05",Congressional District 5,C2,"118",G5200,N,"1533278055","613893435","+30.1016127","-081.4596712",tl_rd22_12_cd118,John Rutherford,Florida 5th,Florida,R,1711 LHOB,(202) 225-2501,appropriations|ethics,"1","0","0","0","0","0","0","0","0","0","0","0","0","0","0","0","0","0","0","0","0","0","0","1","0","0","51068",Department of Defense,NAVSTA Mayport FL,https://www.navy.mil/,0.001530158518297,0.000000137890165
"12","1205","05",Congressional District 5,C2,"118",G5200,N,"1533278055","613893435","+30.1016127","-081.4596712",tl_rd22_12_cd118,John Rutherford,Florida 5th,Florida,R,1711 LHOB,(202) 225-2501,appropriations|ethics,"1","0","0","0","0","0","0","0","0","0","0","0","0","0","0","0","0","0","0","0","0","0","0","1","0","0","51069",Department of Defense,NAVSTA Mayport FL,https://www.navy.mil/,0.002458679933980,0.000000374619863
"12","1205","05",Congressional District 5,C2,"118",G5200,N,"1533278055","613893435","+30.1016127","-081.4596712",tl_rd22_12_cd118,John Rutherford,Florida 5th,Florida,R,1711 LHOB,(202) 225-2501,appropriations|ethics,"1","0","0","0","0","0","0","0","0","0","0","0","0","0","0","0","0","0","0","0","0","0","0","1","0","0","51070",Department of Defense,NAVSTA Mayport FL,https://www.navy.mil/,0.003292063029584,0.000000649005941
"12","1205","05",Congressional District 5,C2,"118",G5200,N,"1533278055","613893435","+30.1016127","-081.4596712",tl_rd22_12_cd118,John Rutherford,Florida 5th,Florida,R,1711 LHOB,(202) 225-2501,appropriations|ethics,"1","0","0","0","0","0","0","0","0","0","0","0","0","0","0","0","0","0","0","0","0","0","0","1","0","0","51071",Department of Defense,NAVSTA Mayport FL,https://www.navy.mil/,0.001939829913123,0.000000220823858
"12","1205","05",Congressional District 5,C2,"118",G5200,N,"1533278055","613893435","+30.1016127","-081.4596712",tl_rd22_12_cd118,John Rutherford,Florida 5th,Florida,R,1711 LHOB,(202) 225-2501,appropriations|ethics,"1","0","0","0","0","0","0","0","0","0","0","0","0","0","0","0","0","0","0","0","0","0","0","1","0","0","51072",Department of Defense,NAVSTA Mayport FL,https://www.navy.mil/,0.004412654381923,0.000001022534186
"12","1205","05",Congressional District 5,C2,"118",G5200,N,"1533278055","613893435","+30.1016127","-081.4596712",tl_rd22_12_cd118,John Rutherford,Florida 5th,Florida,R,1711 LHOB,(202) 225-2501,appropriations|ethics,"1","0","0","0","0","0","0","0","0","0","0","0","0","0","0","0","0","0","0","0","0","0","0","1","0","0","51073",Department of Defense,NAVSTA Mayport FL,https://www.navy.mil/,0.190888295322577,0.001060692042276
"12","1208","08",Congressional District 8,C2,"118",G5200,N,"4248309328","1706457324","+28.1490558","-080.6817876",tl_rd22_12_cd118,Bill Posey,Florida 8th,Florida,R,2150 RHOB,(202) 225-3671,financial_services|science_space_and_technology,"0","0","0","0","0","0","0","0","0","0","1","0","0","0","0","0","0","0","0","0","1","0","0","0","0","0","50701",Department of Defense,Patrick Air Force Base,https://www.af.mil/,0.015351325735309,0.000007520209265
"12","1208","08",Congressional District 8,C2,"118",G5200,N,"4248309328","1706457324","+28.1490558","-080.6817876",tl_rd22_12_cd118,Bill Posey,Florida 8th,Florida,R,2150 RHOB,(202) 225-3671,financial_services|science_space_and_technology,"0","0","0","0","0","0","0","0","0","0","1","0","0","0","0","0","0","0","0","0","1","0","0","0","0","0","50702",Department of Defense,Patrick Air Force Base,https://www.af.mil/,0.001328221403038,0.000000102772961
"12","1208","08",Congressional District 8,C2,"118",G5200,N,"4248309328","1706457324","+28.1490558","-080.6817876",tl_rd22_12_cd118,Bill Posey,Florida 8th,Florida,R,2150 RHOB,(202) 225-3671,financial_services|science_space_and_technology,"0","0","0","0","0","0","0","0","0","0","1","0","0","0","0","0","0","0","0","0","1","0","0","0","0","0","50703",Department of Defense,Patrick Air Force Base,https://www.af.mil/,0.007593567080714,0.000002463576068
"12","1208","08",Congressional District 8,C2,"118",G5200,N,"4248309328","1706457324","+28.1490558","-080.6817876",tl_rd22_12_cd118,Bill Posey,Florida 8th,Florida,R,2150 RHOB,(202) 225-3671,financial_services|science_space_and_technology,"0","0","0","0","0","0","0","0","0","0","1","0","0","0","0","0","0","0","0","0","1","0","0","0","0","0","50704",Department of Defense,Patrick Air Force Base,https://www.af.mil/,0.009420628252106,0.000003485127231
"12","1208","08",Congressional District 8,C2,"118",G5200,N,"4248309328","1706457324","+28.1490558","-080.6817876",tl_rd22_12_cd118,Bill Posey,Florida 8th,Florida,R,2150 RHOB,(202) 225-3671,financial_services|science_space_and_technology,"0","0","0","0","0","0","0","0","0","0","1","0","0","0","0","0","0","0","0","0","1","0","0","0","0","0","50705",Department of Defense,Patrick Air Force Base,https://www.af.mil/,0.150778171743510,0.000679731636543
"12","1208","08",Congressional District 8,C2,"118",G5200,N,"4248309328","1706457324","+28.1490558","-080.6817876",tl_rd22_12_cd118,Bill Posey,Florida 8th,Florida,R,2150 RHOB,(202) 225-3671,financial_services|science_space_and_technology,"0","0","0","0","0","0","0","0","0","0","1","0","0","0","0","0","0","0","0","0","1","0","0","0","0","0","50706",Department of Defense,Patrick Air Force Base,https://www.af.mil/,0.123408670367520,0.000040435794572
"12","1208","08",Congressional District 8,C2,"118",G5200,N,"4248309328","1706457324","+28.1490558","-080.6817876",tl_rd22_12_cd118,Bill Posey,Florida 8th,Florida,R,2150 RHOB,(202) 225-3671,financial_services|science_space_and_technology,"0","0","0","0","0","0","0","0","0","0","1","0","0","0","0","0","0","0","0","0","1","0","0","0","0","0","51339",Department of Defense,Cape Canaveral Air Force Station,https://www.af.mil/,0.002496569837252,0.000000304245114
"12","1208","08",Congressional District 8,C2,"118",G5200,N,"4248309328","1706457324","+28.1490558","-080.6817876",tl_rd22_12_cd118,Bill Posey,Florida 8th,Florida,R,2150 RHOB,(202) 225-3671,financial_services|science_space_and_technology,"0","0","0","0","0","0","0","0","0","0","1","0","0","0","0","0","0","0","0","0","1","0","0","0","0","0","51340",Department of Defense,Cape Canaveral Air Force Station,https://www.af.mil/,0.043222732806992,0.000114469383835
"12","1208","08",Congressional District 8,C2,"118",G5200,N,"4248309328","1706457324","+28.1490558","-080.6817876",tl_rd22_12_cd118,Bill Posey,Florida 8th,Florida,R,2150 RHOB,(202) 225-3671,financial_services|science_space_and_technology,"0","0","0","0","0","0","0","0","0","0","1","0","0","0","0","0","0","0","0","0","1","0","0","0","0","0","51341",Department of Defense,Cape Canaveral Air Force Station,https://www.af.mil/,0.011322267994286,0.000007976928008
"12","1208","08",Congressional District 8,C2,"118",G5200,N,"4248309328","1706457324","+28.1490558","-080.6817876",tl_rd22_12_cd118,Bill Posey,Florida 8th,Florida,R,2150 RHOB,(202) 225-3671,financial_services|science_space_and_technology,"0","0","0","0","0","0","0","0","0","0","1","0","0","0","0","0","0","0","0","0","1","0","0","0","0","0","51342",Department of Defense,Cape Canaveral Air Force Station,https://www.af.mil/,0.476648019332900,0.005849315188197
"12","1210","10",Congressional District 10,C2,"118",G5200,N,"665082852","40798586","+28.5413937","-081.2935153",tl_rd22_12_cd118,Maxwell Frost,Florida 10th,Florida,D,1224 LHOB,(202) 225-2176,oversight_and_accountability|science_space_and_technology,"0","0","1","0","0","0","0","0","0","0","0","0","0","0","0","0","0","0","0","0","1","0","0","0","0","0","50956",Department of Defense,Naval Support Activity Orlando,https://www.navy.mil/,0.022396564564615,0.000015600938314
"12","1210","10",Congressional District 10,C2,"118",G5200,N,"665082852","40798586","+28.5413937","-081.2935153",tl_rd22_12_cd118,Maxwell Frost,Florida 10th,Florida,D,1224 LHOB,(202) 225-2176,oversight_and_accountability|science_space_and_technology,"0","0","1","0","0","0","0","0","0","0","0","0","0","0","0","0","0","0","0","0","1","0","0","0","0","0","51533",Department of Defense,Army Research Lab - Orlando Simulations and Training Technology Center,https://www.army.mil/,0.002460236018681,0.000000200816733
"12","1214","14",Congressional District 14,C2,"118",G5200,N,"695412269","661313204","+27.8632239","-082.5417311",tl_rd22_12_cd118,Kathy Castor,Florida 14th,Florida,D,2052 RHOB,(202) 225-3376,energy_and_commerce|select_sub_us_china,"0","0","0","0","0","0","0","0","1","0","0","0","0","0","0","0","0","0","0","0","0","0","1","0","0","0","50650",Department of Defense,MacDill Air Force Base,https://www.af.mil/,0.003087881622802,0.000000595743592
"12","1214","14",Congressional District 14,C2,"118",G5200,N,"695412269","661313204","+27.8632239","-082.5417311",tl_rd22_12_cd118,Kathy Castor,Florida 14th,Florida,D,2052 RHOB,(202) 225-3376,energy_and_commerce|select_sub_us_china,"0","0","0","0","0","0","0","0","1","0","0","0","0","0","0","0","0","0","0","0","0","0","1","0","0","0","50651",Department of Defense,MacDill Air Force Base,https://www.af.mil/,0.223462799485763,0.002111707814651
"12","1225","25",Congressional District 25,C2,"118",G5200,N,"514806764","98110649","+26.0482774","-080.2756449",tl_rd22_12_cd118,Debbie Wasserman Schultz,Florida 25th,Florida,D,270 CHOB,(202) 225-7931,appropriations|select_subcommittee_on_the_weaponization_of_the_fed_govt,"1","0","0","0","0","0","0","0","0","0","0","0","0","0","0","1","0","0","0","0","0","0","0","0","0","0","49946",Department of Defense,NG Snake Creek TS Miramar,https://www.nationalguard.mil/,0.046460986809108,0.000116294287872
"12","1225","25",Congressional District 25,C2,"118",G5200,N,"514806764","98110649","+26.0482774","-080.2756449",tl_rd22_12_cd118,Debbie Wasserman Schultz,Florida 25th,Florida,D,270 CHOB,(202) 225-7931,appropriations|select_subcommittee_on_the_weaponization_of_the_fed_govt,"1","0","0","0","0","0","0","0","0","0","0","0","0","0","0","1","0","0","0","0","0","0","0","0","0","0","51007",Department of Defense,Dania Beach (Lauderdale),https://www.navy.mil/,0.009163036421411,0.000003503819371
"12","1225","25",Congressional District 25,C2,"118",G5200,N,"514806764","98110649","+26.0482774","-080.2756449",tl_rd22_12_cd118,Debbie Wasserman Schultz,Florida 25th,Florida,D,270 CHOB,(202) 225-7931,appropriations|select_subcommittee_on_the_weaponization_of_the_fed_govt,"1","0","0","0","0","0","0","0","0","0","0","0","0","0","0","1","0","0","0","0","0","0","0","0","0","0","51008",Department of Defense,Dania Beach (Lauderdale),https://www.navy.mil/,0.000981938387073,0.000000050855999
"12","1226","26",Congressional District 26,C2,"118",G5200,N,"5958507181","361373114","+26.0228204","-081.0812494",tl_rd22_12_cd118,Mario Diaz-Balart,Florida 26th,Florida,R,374 CHOB,(202) 225-4211,appropriations,"1","0","0","0","0","0","0","0","0","0","0","0","0","0","0","0","0","0","0","0","0","0","0","0","0","0","49946",Department of Defense,NG Snake Creek TS Miramar,https://www.nationalguard.mil/,0.046460986809108,0.000116294287872
"12","1228","28",Congressional District 28,C2,"118",G5200,N,"5658134252","11719734395","+25.2157492","-081.1583744",tl_rd22_12_cd118,Carlos Gimenez,Florida 28th,Florida,R,448 CHOB,(202) 225-2778,armed_services|homeland_security|select_sub_us_china,"0","0","0","1","0","0","1","0","0","0","0","0","0","0","0","0","0","0","0","0","0","0","1","0","0","0","50614",Department of Defense,Homestead ARB,https://www.afrc.af.mil/,0.002449634270041,0.000000374758451
"12","1228","28",Congressional District 28,C2,"118",G5200,N,"5658134252","11719734395","+25.2157492","-081.1583744",tl_rd22_12_cd118,Carlos Gimenez,Florida 28th,Florida,R,448 CHOB,(202) 225-2778,armed_services|homeland_security|select_sub_us_china,"0","0","0","1","0","0","1","0","0","0","0","0","0","0","0","0","0","0","0","0","0","0","1","0","0","0","50615",Department of Defense,Homestead ARB,https://www.afrc.af.mil/,0.014511157239415,0.000011658605482
"12","1228","28",Congressional District 28,C2,"118",G5200,N,"5658134252","11719734395","+25.2157492","-081.1583744",tl_rd22_12_cd118,Carlos Gimenez,Florida 28th,Florida,R,448 CHOB,(202) 225-2778,armed_services|homeland_security|select_sub_us_china,"0","0","0","1","0","0","1","0","0","0","0","0","0","0","0","0","0","0","0","0","0","0","1","0","0","0","50616",Department of Defense,Homestead ARB,https://www.afrc.af.mil/,0.007678951695265,0.000003623155440
"12","1228","28",Congressional District 28,C2,"118",G5200,N,"5658134252","11719734395","+25.2157492","-081.1583744",tl_rd22_12_cd118,Carlos Gimenez,Florida 28th,Florida,R,448 CHOB,(202) 225-2778,armed_services|homeland_security|select_sub_us_china,"0","0","0","1","0","0","1","0","0","0","0","0","0","0","0","0","0","0","0","0","0","0","1","0","0","0","50617",Department of Defense,Homestead ARB,https://www.afrc.af.mil/,0.135730490693421,0.000340145110102
"12","1228","28",Congressional District 28,C2,"118",G5200,N,"5658134252","11719734395","+25.2157492","-081.1583744",tl_rd22_12_cd118,Carlos Gimenez,Florida 28th,Florida,R,448 CHOB,(202) 225-2778,armed_services|homeland_security|select_sub_us_china,"0","0","0","1","0","0","1","0","0","0","0","0","0","0","0","0","0","0","0","0","0","0","1","0","0","0","50986",Department of Defense,Trumbo Point Annex,https://www.navy.mil/,0.054152849372426,0.000050453039515
"12","1228","28",Congressional District 28,C2,"118",G5200,N,"5658134252","11719734395","+25.2157492","-081.1583744",tl_rd22_12_cd118,Carlos Gimenez,Florida 28th,Florida,R,448 CHOB,(202) 225-2778,armed_services|homeland_security|select_sub_us_china,"0","0","0","1","0","0","1","0","0","0","0","0","0","0","0","0","0","0","0","0","0","0","1","0","0","0","51009",Department of Defense,NAS Key West FL,https://www.navy.mil/,0.366845867931214,0.001236616215963
"12","1228","28",Congressional District 28,C2,"118",G5200,N,"5658134252","11719734395","+25.2157492","-081.1583744",tl_rd22_12_cd118,Carlos Gimenez,Florida 28th,Florida,R,448 CHOB,(202) 225-2778,armed_services|homeland_security|select_sub_us_china,"0","0","0","1","0","0","1","0","0","0","0","0","0","0","0","0","0","0","0","0","0","0","1","0","0","0","51010",Department of Defense,NAS Key West FL,https://www.navy.mil/,0.032639883142349,0.000014538907986
"12","1228","28",Congressional District 28,C2,"118",G5200,N,"5658134252","11719734395","+25.2157492","-081.1583744",tl_rd22_12_cd118,Carlos Gimenez,Florida 28th,Florida,R,448 CHOB,(202) 225-2778,armed_services|homeland_security|select_sub_us_china,"0","0","0","1","0","0","1","0","0","0","0","0","0","0","0","0","0","0","0","0","0","0","1","0","0","0","51011",Department of Defense,NAS Key West FL,https://www.navy.mil/,0.023761002103991,0.000006315942207
"12","1228","28",Congressional District 28,C2,"118",G5200,N,"5658134252","11719734395","+25.2157492","-081.1583744",tl_rd22_12_cd118,Carlos Gimenez,Florida 28th,Florida,R,448 CHOB,(202) 225-2778,armed_services|homeland_security|select_sub_us_china,"0","0","0","1","0","0","1","0","0","0","0","0","0","0","0","0","0","0","0","0","0","0","1","0","0","0","51012",Department of Defense,NAS Key West FL,https://www.navy.mil/,0.026203083657567,0.000005136377191
"12","1228","28",Congressional District 28,C2,"118",G5200,N,"5658134252","11719734395","+25.2157492","-081.1583744",tl_rd22_12_cd118,Carlos Gimenez,Florida 28th,Florida,R,448 CHOB,(202) 225-2778,armed_services|homeland_security|select_sub_us_china,"0","0","0","1","0","0","1","0","0","0","0","0","0","0","0","0","0","0","0","0","0","0","1","0","0","0","51013",Department of Defense,NAS Key West FL,https://www.navy.mil/,0.010832470097055,0.000004774433272
"12","1228","28",Congressional District 28,C2,"118",G5200,N,"5658134252","11719734395","+25.2157492","-081.1583744",tl_rd22_12_cd118,Carlos Gimenez,Florida 28th,Florida,R,448 CHOB,(202) 225-2778,armed_services|homeland_security|select_sub_us_china,"0","0","0","1","0","0","1","0","0","0","0","0","0","0","0","0","0","0","0","0","0","0","1","0","0","0","51014",Department of Defense,NAS Key West FL,https://www.navy.mil/,0.028170469141353,0.000003612040887
"12","1228","28",Congressional District 28,C2,"118",G5200,N,"5658134252","11719734395","+25.2157492","-081.1583744",tl_rd22_12_cd118,Carlos Gimenez,Florida 28th,Florida,R,448 CHOB,(202) 225-2778,armed_services|homeland_security|select_sub_us_china,"0","0","0","1","0","0","1","0","0","0","0","0","0","0","0","0","0","0","0","0","0","0","1","0","0","0","51015",Department of Defense,NAS Key West FL,https://www.navy.mil/,0.015210160355822,0.000003231562958
"12","1228","28",Congressional District 28,C2,"118",G5200,N,"5658134252","11719734395","+25.2157492","-081.1583744",tl_rd22_12_cd118,Carlos Gimenez,Florida 28th,Florida,R,448 CHOB,(202) 225-2778,armed_services|homeland_security|select_sub_us_china,"0","0","0","1","0","0","1","0","0","0","0","0","0","0","0","0","0","0","0","0","0","0","1","0","0","0","51016",Department of Defense,NAS Key West FL,https://www.navy.mil/,0.010707668355443,0.000002696191138
"12","1228","28",Congressional District 28,C2,"118",G5200,N,"5658134252","11719734395","+25.2157492","-081.1583744",tl_rd22_12_cd118,Carlos Gimenez,Florida 28th,Florida,R,448 CHOB,(202) 225-2778,armed_services|homeland_security|select_sub_us_china,"0","0","0","1","0","0","1","0","0","0","0","0","0","0","0","0","0","0","0","0","0","0","1","0","0","0","51017",Department of Defense,NAS Key West FL,https://www.navy.mil/,0.015099271477281,0.000002678061621
"12","1228","28",Congressional District 28,C2,"118",G5200,N,"5658134252","11719734395","+25.2157492","-081.1583744",tl_rd22_12_cd118,Carlos Gimenez,Florida 28th,Florida,R,448 CHOB,(202) 225-2778,armed_services|homeland_security|select_sub_us_china,"0","0","0","1","0","0","1","0","0","0","0","0","0","0","0","0","0","0","0","0","0","0","1","0","0","0","51018",Department of Defense,NAS Key West FL,https://www.navy.mil/,0.006358122664654,0.000001946618151
"12","1228","28",Congressional District 28,C2,"118",G5200,N,"5658134252","11719734395","+25.2157492","-081.1583744",tl_rd22_12_cd118,Carlos Gimenez,Florida 28th,Florida,R,448 CHOB,(202) 225-2778,armed_services|homeland_security|select_sub_us_china,"0","0","0","1","0","0","1","0","0","0","0","0","0","0","0","0","0","0","0","0","0","0","1","0","0","0","51019",Department of Defense,NAS Key West FL,https://www.navy.mil/,0.008786006299142,0.000001536163611
"12","1228","28",Congressional District 28,C2,"118",G5200,N,"5658134252","11719734395","+25.2157492","-081.1583744",tl_rd22_12_cd118,Carlos Gimenez,Florida 28th,Florida,R,448 CHOB,(202) 225-2778,armed_services|homeland_security|select_sub_us_china,"0","0","0","1","0","0","1","0","0","0","0","0","0","0","0","0","0","0","0","0","0","0","1","0","0","0","51020",Department of Defense,NAS Key West FL,https://www.navy.mil/,0.006747623896916,0.000001473394172
"12","1228","28",Congressional District 28,C2,"118",G5200,N,"5658134252","11719734395","+25.2157492","-081.1583744",tl_rd22_12_cd118,Carlos Gimenez,Florida 28th,Florida,R,448 CHOB,(202) 225-2778,armed_services|homeland_security|select_sub_us_china,"0","0","0","1","0","0","1","0","0","0","0","0","0","0","0","0","0","0","0","0","0","0","1","0","0","0","51021",Department of Defense,NAS Key West FL,https://www.navy.mil/,0.004932066811859,0.000001324871857
"12","1228","28",Congressional District 28,C2,"118",G5200,N,"5658134252","11719734395","+25.2157492","-081.1583744",tl_rd22_12_cd118,Carlos Gimenez,Florida 28th,Florida,R,448 CHOB,(202) 225-2778,armed_services|homeland_security|select_sub_us_china,"0","0","0","1","0","0","1","0","0","0","0","0","0","0","0","0","0","0","0","0","0","0","1","0","0","0","51022",Department of Defense,NAS Key West FL,https://www.navy.mil/,0.005734636301333,0.000000767751860
"12","1228","28",Congressional District 28,C2,"118",G5200,N,"5658134252","11719734395","+25.2157492","-081.1583744",tl_rd22_12_cd118,Carlos Gimenez,Florida 28th,Florida,R,448 CHOB,(202) 225-2778,armed_services|homeland_security|select_sub_us_china,"0","0","0","1","0","0","1","0","0","0","0","0","0","0","0","0","0","0","0","0","0","0","1","0","0","0","51023",Department of Defense,NAS Key West FL,https://www.navy.mil/,0.012274045708070,0.000000633124448
"12","1228","28",Congressional District 28,C2,"118",G5200,N,"5658134252","11719734395","+25.2157492","-081.1583744",tl_rd22_12_cd118,Carlos Gimenez,Florida 28th,Florida,R,448 CHOB,(202) 225-2778,armed_services|homeland_security|select_sub_us_china,"0","0","0","1","0","0","1","0","0","0","0","0","0","0","0","0","0","0","0","0","0","0","1","0","0","0","51024",Department of Defense,NAS Key West FL,https://www.navy.mil/,0.002878532838491,0.000000485633733
"12","1228","28",Congressional District 28,C2,"118",G5200,N,"5658134252","11719734395","+25.2157492","-081.1583744",tl_rd22_12_cd118,Carlos Gimenez,Florida 28th,Florida,R,448 CHOB,(202) 225-2778,armed_services|homeland_security|select_sub_us_china,"0","0","0","1","0","0","1","0","0","0","0","0","0","0","0","0","0","0","0","0","0","0","1","0","0","0","51025",Department of Defense,NAS Key West FL,https://www.navy.mil/,0.003886996520539,0.000000487761793
"12","1228","28",Congressional District 28,C2,"118",G5200,N,"5658134252","11719734395","+25.2157492","-081.1583744",tl_rd22_12_cd118,Carlos Gimenez,Florida 28th,Florida,R,448 CHOB,(202) 225-2778,armed_services|homeland_security|select_sub_us_china,"0","0","0","1","0","0","1","0","0","0","0","0","0","0","0","0","0","0","0","0","0","0","1","0","0","0","51026",Department of Defense,NAS Key West FL,https://www.navy.mil/,0.003038555297676,0.000000465576499
"12","1228","28",Congressional District 28,C2,"118",G5200,N,"5658134252","11719734395","+25.2157492","-081.1583744",tl_rd22_12_cd118,Carlos Gimenez,Florida 28th,Florida,R,448 CHOB,(202) 225-2778,armed_services|homeland_security|select_sub_us_china,"0","0","0","1","0","0","1","0","0","0","0","0","0","0","0","0","0","0","0","0","0","0","1","0","0","0","51027",Department of Defense,NAS Key West FL,https://www.navy.mil/,0.003695346694342,0.000000390389586
"12","1228","28",Congressional District 28,C2,"118",G5200,N,"5658134252","11719734395","+25.2157492","-081.1583744",tl_rd22_12_cd118,Carlos Gimenez,Florida 28th,Florida,R,448 CHOB,(202) 225-2778,armed_services|homeland_security|select_sub_us_china,"0","0","0","1","0","0","1","0","0","0","0","0","0","0","0","0","0","0","0","0","0","0","1","0","0","0","51028",Department of Defense,NAS Key West FL,https://www.navy.mil/,0.002565963926897,0.000000389248854
"12","1228","28",Congressional District 28,C2,"118",G5200,N,"5658134252","11719734395","+25.2157492","-081.1583744",tl_rd22_12_cd118,Carlos Gimenez,Florida 28th,Florida,R,448 CHOB,(202) 225-2778,armed_services|homeland_security|select_sub_us_china,"0","0","0","1","0","0","1","0","0","0","0","0","0","0","0","0","0","0","0","0","0","0","1","0","0","0","51029",Department of Defense,NAS Key West FL,https://www.navy.mil/,0.002435190449204,0.000000301928123
"12","1228","28",Congressional District 28,C2,"118",G5200,N,"5658134252","11719734395","+25.2157492","-081.1583744",tl_rd22_12_cd118,Carlos Gimenez,Florida 28th,Florida,R,448 CHOB,(202) 225-2778,armed_services|homeland_security|select_sub_us_china,"0","0","0","1","0","0","1","0","0","0","0","0","0","0","0","0","0","0","0","0","0","0","1","0","0","0","51030",Department of Defense,NAS Key West FL,https://www.navy.mil/,0.002378930698661,0.000000262485950
"12","1228","28",Congressional District 28,C2,"118",G5200,N,"5658134252","11719734395","+25.2157492","-081.1583744",tl_rd22_12_cd118,Carlos Gimenez,Florida 28th,Florida,R,448 CHOB,(202) 225-2778,armed_services|homeland_security|select_sub_us_china,"0","0","0","1","0","0","1","0","0","0","0","0","0","0","0","0","0","0","0","0","0","0","1","0","0","0","51031",Department of Defense,NAS Key West FL,https://www.navy.mil/,0.002302033607542,0.000000240542274
"12","1228","28",Congressional District 28,C2,"118",G5200,N,"5658134252","11719734395","+25.2157492","-081.1583744",tl_rd22_12_cd118,Carlos Gimenez,Florida 28th,Florida,R,448 CHOB,(202) 225-2778,armed_services|homeland_security|select_sub_us_china,"0","0","0","1","0","0","1","0","0","0","0","0","0","0","0","0","0","0","0","0","0","0","1","0","0","0","51032",Department of Defense,NAS Key West FL,https://www.navy.mil/,0.002143484115564,0.000000228795924
"12","1228","28",Congressional District 28,C2,"118",G5200,N,"5658134252","11719734395","+25.2157492","-081.1583744",tl_rd22_12_cd118,Carlos Gimenez,Florida 28th,Florida,R,448 CHOB,(202) 225-2778,armed_services|homeland_security|select_sub_us_china,"0","0","0","1","0","0","1","0","0","0","0","0","0","0","0","0","0","0","0","0","0","0","1","0","0","0","51033",Department of Defense,NAS Key West FL,https://www.navy.mil/,0.001560782002743,0.000000125738446
"12","1228","28",Congressional District 28,C2,"118",G5200,N,"5658134252","11719734395","+25.2157492","-081.1583744",tl_rd22_12_cd118,Carlos Gimenez,Florida 28th,Florida,R,448 CHOB,(202) 225-2778,armed_services|homeland_security|select_sub_us_china,"0","0","0","1","0","0","1","0","0","0","0","0","0","0","0","0","0","0","0","0","0","0","1","0","0","0","51034",Department of Defense,NAS Key West FL,https://www.navy.mil/,0.001032746884232,0.000000063952074
"12","1228","28",Congressional District 28,C2,"118",G5200,N,"5658134252","11719734395","+25.2157492","-081.1583744",tl_rd22_12_cd118,Carlos Gimenez,Florida 28th,Florida,R,448 CHOB,(202) 225-2778,armed_services|homeland_security|select_sub_us_china,"0","0","0","1","0","0","1","0","0","0","0","0","0","0","0","0","0","0","0","0","0","0","1","0","0","0","51035",Department of Defense,NAS Key West FL,https://www.navy.mil/,0.001010125849410,0.000000063107913
"12","1228","28",Congressional District 28,C2,"118",G5200,N,"5658134252","11719734395","+25.2157492","-081.1583744",tl_rd22_12_cd118,Carlos Gimenez,Florida 28th,Florida,R,448 CHOB,(202) 225-2778,armed_services|homeland_security|select_sub_us_china,"0","0","0","1","0","0","1","0","0","0","0","0","0","0","0","0","0","0","0","0","0","0","1","0","0","0","51036",Department of Defense,NAS Key West FL,https://www.navy.mil/,0.000986892944387,0.000000060355682
"12","1228","28",Congressional District 28,C2,"118",G5200,N,"5658134252","11719734395","+25.2157492","-081.1583744",tl_rd22_12_cd118,Carlos Gimenez,Florida 28th,Florida,R,448 CHOB,(202) 225-2778,armed_services|homeland_security|select_sub_us_china,"0","0","0","1","0","0","1","0","0","0","0","0","0","0","0","0","0","0","0","0","0","0","1","0","0","0","51037",Department of Defense,NAS Key West FL,https://www.navy.mil/,0.000979463802154,0.000000059291668
"12","1228","28",Congressional District 28,C2,"118",G5200,N,"5658134252","11719734395","+25.2157492","-081.1583744",tl_rd22_12_cd118,Carlos Gimenez,Florida 28th,Florida,R,448 CHOB,(202) 225-2778,armed_services|homeland_security|select_sub_us_china,"0","0","0","1","0","0","1","0","0","0","0","0","0","0","0","0","0","0","0","0","0","0","1","0","0","0","51038",Department of Defense,NAS Key West FL,https://www.navy.mil/,0.001475428453871,0.000000052758296
"12","1228","28",Congressional District 28,C2,"118",G5200,N,"5658134252","11719734395","+25.2157492","-081.1583744",tl_rd22_12_cd118,Carlos Gimenez,Florida 28th,Florida,R,448 CHOB,(202) 225-2778,armed_services|homeland_security|select_sub_us_china,"0","0","0","1","0","0","1","0","0","0","0","0","0","0","0","0","0","0","0","0","0","0","1","0","0","0","51045",Department of Defense,Truman Annex,https://www.navy.mil/,0.036372714110203,0.000035210032450
"12","1228","28",Congressional District 28,C2,"118",G5200,N,"5658134252","11719734395","+25.2157492","-081.1583744",tl_rd22_12_cd118,Carlos Gimenez,Florida 28th,Florida,R,448 CHOB,(202) 225-2778,armed_services|homeland_security|select_sub_us_china,"0","0","0","1","0","0","1","0","0","0","0","0","0","0","0","0","0","0","0","0","0","0","1","0","0","0","51046",Department of Defense,Truman Annex,https://www.navy.mil/,0.001674931397598,0.000000157079140
"12","1228","28",Congressional District 28,C2,"118",G5200,N,"5658134252","11719734395","+25.2157492","-081.1583744",tl_rd22_12_cd118,Carlos Gimenez,Florida 28th,Florida,R,448 CHOB,(202) 225-2778,armed_services|homeland_security|select_sub_us_china,"0","0","0","1","0","0","1","0","0","0","0","0","0","0","0","0","0","0","0","0","0","0","1","0","0","0","51047",Department of Defense,Truman Annex,https://www.navy.mil/,0.000527590018153,0.000000016515336
"12","1228","28",Congressional District 28,C2,"118",G5200,N,"5658134252","11719734395","+25.2157492","-081.1583744",tl_rd22_12_cd118,Carlos Gimenez,Florida 28th,Florida,R,448 CHOB,(202) 225-2778,armed_services|homeland_security|select_sub_us_china,"0","0","0","1","0","0","1","0","0","0","0","0","0","0","0","0","0","0","0","0","0","0","1","0","0","0","51048",Department of Defense,Truman Annex,https://www.navy.mil/,0.001954985407971,0.000000084667620
"12","1228","28",Congressional District 28,C2,"118",G5200,N,"5658134252","11719734395","+25.2157492","-081.1583744",tl_rd22_12_cd118,Carlos Gimenez,Florida 28th,Florida,R,448 CHOB,(202) 225-2778,armed_services|homeland_security|select_sub_us_china,"0","0","0","1","0","0","1","0","0","0","0","0","0","0","0","0","0","0","0","0","0","0","1","0","0","0","51049",Department of Defense,Truman Annex,https://www.navy.mil/,0.001954983943335,0.000000084667086
"12","1228","28",Congressional District 28,C2,"118",G5200,N,"5658134252","11719734395","+25.2157492","-081.1583744",tl_rd22_12_cd118,Carlos Gimenez,Florida 28th,Florida,R,448 CHOB,(202) 225-2778,armed_services|homeland_security|select_sub_us_china,"0","0","0","1","0","0","1","0","0","0","0","0","0","0","0","0","0","0","0","0","0","0","1","0","0","0","51050",Department of Defense,Truman Annex,https://www.navy.mil/,0.001948262717819,0.000000083933162
"12","1228","28",Congressional District 28,C2,"118",G5200,N,"5658134252","11719734395","+25.2157492","-081.1583744",tl_rd22_12_cd118,Carlos Gimenez,Florida 28th,Florida,R,448 CHOB,(202) 225-2778,armed_services|homeland_security|select_sub_us_china,"0","0","0","1","0","0","1","0","0","0","0","0","0","0","0","0","0","0","0","0","0","0","1","0","0","0","51051",Department of Defense,Truman Annex,https://www.navy.mil/,0.001975155595002,0.000000088263268
"12","1228","28",Congressional District 28,C2,"118",G5200,N,"5658134252","11719734395","+25.2157492","-081.1583744",tl_rd22_12_cd118,Carlos Gimenez,Florida 28th,Florida,R,448 CHOB,(202) 225-2778,armed_services|homeland_security|select_sub_us_china,"0","0","0","1","0","0","1","0","0","0","0","0","0","0","0","0","0","0","0","0","0","0","1","0","0","0","51052",Department of Defense,Truman Annex,https://www.navy.mil/,0.001967098504958,0.000000086464664
"12","1228","28",Congressional District 28,C2,"118",G5200,N,"5658134252","11719734395","+25.2157492","-081.1583744",tl_rd22_12_cd118,Carlos Gimenez,Florida 28th,Florida,R,448 CHOB,(202) 225-2778,armed_services|homeland_security|select_sub_us_china,"0","0","0","1","0","0","1","0","0","0","0","0","0","0","0","0","0","0","0","0","0","0","1","0","0","0","51053",Department of Defense,Truman Annex,https://www.navy.mil/,0.028660064329692,0.000006026998642
"12","1228","28",Congressional District 28,C2,"118",G5200,N,"5658134252","11719734395","+25.2157492","-081.1583744",tl_rd22_12_cd118,Carlos Gimenez,Florida 28th,Florida,R,448 CHOB,(202) 225-2778,armed_services|homeland_security|select_sub_us_china,"0","0","0","1","0","0","1","0","0","0","0","0","0","0","0","0","0","0","0","0","0","0","1","0","0","0","51114",Department of Defense,Fleming Key Magazine,https://www.navy.mil/,0.076650520739155,0.000122291685328
"12","1228","28",Congressional District 28,C2,"118",G5200,N,"5658134252","11719734395","+25.2157492","-081.1583744",tl_rd22_12_cd118,Carlos Gimenez,Florida 28th,Florida,R,448 CHOB,(202) 225-2778,armed_services|homeland_security|select_sub_us_china,"0","0","0","1","0","0","1","0","0","0","0","0","0","0","0","0","0","0","0","0","0","0","1","0","0","0","51259",Department of Defense,Dredgers Key-Sigsbee,https://www.navy.mil/,0.071630603557046,0.000129360083869
"12","1217","17",Congressional District 17,C2,"118",G5200,N,"3764878882","1800255726","+26.9976136","-082.1646445",tl_rd22_12_cd118,W. Steube,Florida 17th,Florida,R,2457 RHOB,(202) 225-5792,select_subcommittee_on_the_weaponization_of_the_fed_govt|ways_and_means,"0","0","0","0","0","0","0","0","0","1","0","0","0","0","0","1","0","0","0","0","0","0","0","0","0","0","50592",Department of Defense,Eglin Air Force Base,https://www.af.mil/,0.011039485103875,0.000006211607672
"12","1218","18",Congressional District 18,C2,"118",G5200,N,"16702873274","1647733180","+27.2688364","-081.3797669",tl_rd22_12_cd118,Scott Franklin,Florida 18th,Florida,R,249 CHOB,(202) 225-1252,appropriations|science_space_and_technology|veterans_affairs,"1","0","0","0","0","0","0","0","0","0","0","0","0","0","0","0","0","0","0","0","1","1","0","0","0","0","50514",Department of Defense,Arbuckle Airfield,https://www.af.mil/,0.140901893673474,0.000651927779667
"12","1218","18",Congressional District 18,C2,"118",G5200,N,"16702873274","1647733180","+27.2688364","-081.3797669",tl_rd22_12_cd118,Scott Franklin,Florida 18th,Florida,R,249 CHOB,(202) 225-1252,appropriations|science_space_and_technology|veterans_affairs,"1","0","0","0","0","0","0","0","0","0","0","0","0","0","0","0","0","0","0","0","1","1","0","0","0","0","50515",Department of Defense,Avon Park AF Range,https://www.af.mil/,1.205956973492888,0.039383070282355
"13","1301","01",Congressional District 1,C2,"118",G5200,N,"19063888620","2059303613","+31.4258445","-081.8058269",tl_rd22_13_cd118,Earl Carter,Georgia 1st,Georgia,R,2432 RHOB,(202) 225-5831,budget|energy_and_commerce,"0","0","0","0","0","0","0","0","1","0","0","0","0","0","1","0","0","0","0","0","0","0","0","0","0","0","50167",Department of Defense,Fort Stewart,https://www.army.mil/,1.545475577085893,0.107905263581058
"13","1301","01",Congressional District 1,C2,"118",G5200,N,"19063888620","2059303613","+31.4258445","-081.8058269",tl_rd22_13_cd118,Earl Carter,Georgia 1st,Georgia,R,2432 RHOB,(202) 225-5831,budget|energy_and_commerce,"0","0","0","0","0","0","0","0","1","0","0","0","0","0","1","0","0","0","0","0","0","0","0","0","0","0","50203",Department of Defense,Hunter Army Airfield,https://www.army.mil/,0.230843878154293,0.002093095930456
"13","1301","01",Congressional District 1,C2,"118",G5200,N,"19063888620","2059303613","+31.4258445","-081.8058269",tl_rd22_13_cd118,Earl Carter,Georgia 1st,Georgia,R,2432 RHOB,(202) 225-5831,budget|energy_and_commerce,"0","0","0","0","0","0","0","0","1","0","0","0","0","0","1","0","0","0","0","0","0","0","0","0","0","0","50832",Department of Defense,TBR Main,https://www.marines.mil/,0.024217124711440,0.000030523932661
"13","1301","01",Congressional District 1,C2,"118",G5200,N,"19063888620","2059303613","+31.4258445","-081.8058269",tl_rd22_13_cd118,Earl Carter,Georgia 1st,Georgia,R,2432 RHOB,(202) 225-5831,budget|energy_and_commerce,"0","0","0","0","0","0","0","0","1","0","0","0","0","0","1","0","0","0","0","0","0","0","0","0","0","0","50833",Department of Defense,TBR Main,https://www.marines.mil/,0.021817223773280,0.000016170044754
"13","1301","01",Congressional District 1,C2,"118",G5200,N,"19063888620","2059303613","+31.4258445","-081.8058269",tl_rd22_13_cd118,Earl Carter,Georgia 1st,Georgia,R,2432 RHOB,(202) 225-5831,budget|energy_and_commerce,"0","0","0","0","0","0","0","0","1","0","0","0","0","0","1","0","0","0","0","0","0","0","0","0","0","0","50834",Department of Defense,TBR Main,https://www.marines.mil/,0.198994390175088,0.000705877585985
"13","1301","01",Congressional District 1,C2,"118",G5200,N,"19063888620","2059303613","+31.4258445","-081.8058269",tl_rd22_13_cd118,Earl Carter,Georgia 1st,Georgia,R,2432 RHOB,(202) 225-5831,budget|energy_and_commerce,"0","0","0","0","0","0","0","0","1","0","0","0","0","0","1","0","0","0","0","0","0","0","0","0","0","0","50835",Department of Defense,TBR Main,https://www.marines.mil/,0.129277151700588,0.000503800488060
"13","1301","01",Congressional District 1,C2,"118",G5200,N,"19063888620","2059303613","+31.4258445","-081.8058269",tl_rd22_13_cd118,Earl Carter,Georgia 1st,Georgia,R,2432 RHOB,(202) 225-5831,budget|energy_and_commerce,"0","0","0","0","0","0","0","0","1","0","0","0","0","0","1","0","0","0","0","0","0","0","0","0","0","0","50836",Department of Defense,TBR Main,https://www.marines.mil/,0.039557315232689,0.000036231881968
"13","1301","01",Congressional District 1,C2,"118",G5200,N,"19063888620","2059303613","+31.4258445","-081.8058269",tl_rd22_13_cd118,Earl Carter,Georgia 1st,Georgia,R,2432 RHOB,(202) 225-5831,budget|energy_and_commerce,"0","0","0","0","0","0","0","0","1","0","0","0","0","0","1","0","0","0","0","0","0","0","0","0","0","0","50837",Department of Defense,TBR Main,https://www.marines.mil/,0.083156118164576,0.000070538303884
"13","1301","01",Congressional District 1,C2,"118",G5200,N,"19063888620","2059303613","+31.4258445","-081.8058269",tl_rd22_13_cd118,Earl Carter,Georgia 1st,Georgia,R,2432 RHOB,(202) 225-5831,budget|energy_and_commerce,"0","0","0","0","0","0","0","0","1","0","0","0","0","0","1","0","0","0","0","0","0","0","0","0","0","0","50838",Department of Defense,TBR Main,https://www.marines.mil/,0.104663061903029,0.000414862943255
"13","1301","01",Congressional District 1,C2,"118",G5200,N,"19063888620","2059303613","+31.4258445","-081.8058269",tl_rd22_13_cd118,Earl Carter,Georgia 1st,Georgia,R,2432 RHOB,(202) 225-5831,budget|energy_and_commerce,"0","0","0","0","0","0","0","0","1","0","0","0","0","0","1","0","0","0","0","0","0","0","0","0","0","0","50839",Department of Defense,TBR Main,https://www.marines.mil/,0.045487171263728,0.000096709211013
"13","1301","01",Congressional District 1,C2,"118",G5200,N,"19063888620","2059303613","+31.4258445","-081.8058269",tl_rd22_13_cd118,Earl Carter,Georgia 1st,Georgia,R,2432 RHOB,(202) 225-5831,budget|energy_and_commerce,"0","0","0","0","0","0","0","0","1","0","0","0","0","0","1","0","0","0","0","0","0","0","0","0","0","0","50840",Department of Defense,TBR Main,https://www.marines.mil/,0.013895649257029,0.000009269797965
"13","1301","01",Congressional District 1,C2,"118",G5200,N,"19063888620","2059303613","+31.4258445","-081.8058269",tl_rd22_13_cd118,Earl Carter,Georgia 1st,Georgia,R,2432 RHOB,(202) 225-5831,budget|energy_and_commerce,"0","0","0","0","0","0","0","0","1","0","0","0","0","0","1","0","0","0","0","0","0","0","0","0","0","0","50841",Department of Defense,TBR Main,https://www.marines.mil/,0.016060700213184,0.000015425346146
"13","1301","01",Congressional District 1,C2,"118",G5200,N,"19063888620","2059303613","+31.4258445","-081.8058269",tl_rd22_13_cd118,Earl Carter,Georgia 1st,Georgia,R,2432 RHOB,(202) 225-5831,budget|energy_and_commerce,"0","0","0","0","0","0","0","0","1","0","0","0","0","0","1","0","0","0","0","0","0","0","0","0","0","0","50842",Department of Defense,TBR Main,https://www.marines.mil/,0.003915520727585,0.000000769389098
"13","1301","01",Congressional District 1,C2,"118",G5200,N,"19063888620","2059303613","+31.4258445","-081.8058269",tl_rd22_13_cd118,Earl Carter,Georgia 1st,Georgia,R,2432 RHOB,(202) 225-5831,budget|energy_and_commerce,"0","0","0","0","0","0","0","0","1","0","0","0","0","0","1","0","0","0","0","0","0","0","0","0","0","0","50843",Department of Defense,TBR Main,https://www.marines.mil/,0.025601159837469,0.000032635441739
"13","1301","01",Congressional District 1,C2,"118",G5200,N,"19063888620","2059303613","+31.4258445","-081.8058269",tl_rd22_13_cd118,Earl Carter,Georgia 1st,Georgia,R,2432 RHOB,(202) 225-5831,budget|energy_and_commerce,"0","0","0","0","0","0","0","0","1","0","0","0","0","0","1","0","0","0","0","0","0","0","0","0","0","0","50844",Department of Defense,TBR Main,https://www.marines.mil/,0.056819717261160,0.000056836454733
"13","1301","01",Congressional District 1,C2,"118",G5200,N,"19063888620","2059303613","+31.4258445","-081.8058269",tl_rd22_13_cd118,Earl Carter,Georgia 1st,Georgia,R,2432 RHOB,(202) 225-5831,budget|energy_and_commerce,"0","0","0","0","0","0","0","0","1","0","0","0","0","0","1","0","0","0","0","0","0","0","0","0","0","0","50845",Department of Defense,TBR Main,https://www.marines.mil/,0.573737990240163,0.005850186984429
"13","1301","01",Congressional District 1,C2,"118",G5200,N,"19063888620","2059303613","+31.4258445","-081.8058269",tl_rd22_13_cd118,Earl Carter,Georgia 1st,Georgia,R,2432 RHOB,(202) 225-5831,budget|energy_and_commerce,"0","0","0","0","0","0","0","0","1","0","0","0","0","0","1","0","0","0","0","0","0","0","0","0","0","0","50846",Department of Defense,TBR Main,https://www.marines.mil/,0.061290511755333,0.000142770419539
"13","1301","01",Congressional District 1,C2,"118",G5200,N,"19063888620","2059303613","+31.4258445","-081.8058269",tl_rd22_13_cd118,Earl Carter,Georgia 1st,Georgia,R,2432 RHOB,(202) 225-5831,budget|energy_and_commerce,"0","0","0","0","0","0","0","0","1","0","0","0","0","0","1","0","0","0","0","0","0","0","0","0","0","0","50847",Department of Defense,TBR Main,https://www.marines.mil/,0.047808638068185,0.000115514335191
"13","1301","01",Congressional District 1,C2,"118",G5200,N,"19063888620","2059303613","+31.4258445","-081.8058269",tl_rd22_13_cd118,Earl Carter,Georgia 1st,Georgia,R,2432 RHOB,(202) 225-5831,budget|energy_and_commerce,"0","0","0","0","0","0","0","0","1","0","0","0","0","0","1","0","0","0","0","0","0","0","0","0","0","0","50848",Department of Defense,TBR Main,https://www.marines.mil/,0.303572664590825,0.002414283575618
"13","1301","01",Congressional District 1,C2,"118",G5200,N,"19063888620","2059303613","+31.4258445","-081.8058269",tl_rd22_13_cd118,Earl Carter,Georgia 1st,Georgia,R,2432 RHOB,(202) 225-5831,budget|energy_and_commerce,"0","0","0","0","0","0","0","0","1","0","0","0","0","0","1","0","0","0","0","0","0","0","0","0","0","0","50849",Department of Defense,TBR Main,https://www.marines.mil/,0.733628933248623,0.008088697350755
"13","1301","01",Congressional District 1,C2,"118",G5200,N,"19063888620","2059303613","+31.4258445","-081.8058269",tl_rd22_13_cd118,Earl Carter,Georgia 1st,Georgia,R,2432 RHOB,(202) 225-5831,budget|energy_and_commerce,"0","0","0","0","0","0","0","0","1","0","0","0","0","0","1","0","0","0","0","0","0","0","0","0","0","0","50850",Department of Defense,TBR Main,https://www.marines.mil/,0.402143799490550,0.002580345204005
"13","1301","01",Congressional District 1,C2,"118",G5200,N,"19063888620","2059303613","+31.4258445","-081.8058269",tl_rd22_13_cd118,Earl Carter,Georgia 1st,Georgia,R,2432 RHOB,(202) 225-5831,budget|energy_and_commerce,"0","0","0","0","0","0","0","0","1","0","0","0","0","0","1","0","0","0","0","0","0","0","0","0","0","0","51274",Department of Defense,Savannah/Hilton Head IAP,https://www.ang.af.mil/,0.077078684091888,0.000079786884124
"13","1301","01",Congressional District 1,C2,"118",G5200,N,"19063888620","2059303613","+31.4258445","-081.8058269",tl_rd22_13_cd118,Earl Carter,Georgia 1st,Georgia,R,2432 RHOB,(202) 225-5831,budget|energy_and_commerce,"0","0","0","0","0","0","0","0","1","0","0","0","0","0","1","0","0","0","0","0","0","0","0","0","0","0","51471",Department of Defense,Naval Submarine Base Kings Bay,https://www.navy.mil/,0.006212327001202,0.000001759098233
"13","1301","01",Congressional District 1,C2,"118",G5200,N,"19063888620","2059303613","+31.4258445","-081.8058269",tl_rd22_13_cd118,Earl Carter,Georgia 1st,Georgia,R,2432 RHOB,(202) 225-5831,budget|energy_and_commerce,"0","0","0","0","0","0","0","0","1","0","0","0","0","0","1","0","0","0","0","0","0","0","0","0","0","0","51472",Department of Defense,Naval Submarine Base Kings Bay,https://www.navy.mil/,0.046851251921153,0.000054802073936
"13","1301","01",Congressional District 1,C2,"118",G5200,N,"19063888620","2059303613","+31.4258445","-081.8058269",tl_rd22_13_cd118,Earl Carter,Georgia 1st,Georgia,R,2432 RHOB,(202) 225-5831,budget|energy_and_commerce,"0","0","0","0","0","0","0","0","1","0","0","0","0","0","1","0","0","0","0","0","0","0","0","0","0","0","51473",Department of Defense,Naval Submarine Base Kings Bay,https://www.navy.mil/,0.018708356202906,0.000013605493551
"13","1301","01",Congressional District 1,C2,"118",G5200,N,"19063888620","2059303613","+31.4258445","-081.8058269",tl_rd22_13_cd118,Earl Carter,Georgia 1st,Georgia,R,2432 RHOB,(202) 225-5831,budget|energy_and_commerce,"0","0","0","0","0","0","0","0","1","0","0","0","0","0","1","0","0","0","0","0","0","0","0","0","0","0","51474",Department of Defense,Naval Submarine Base Kings Bay,https://www.navy.mil/,0.010897113127519,0.000002661848564
"13","1301","01",Congressional District 1,C2,"118",G5200,N,"19063888620","2059303613","+31.4258445","-081.8058269",tl_rd22_13_cd118,Earl Carter,Georgia 1st,Georgia,R,2432 RHOB,(202) 225-5831,budget|energy_and_commerce,"0","0","0","0","0","0","0","0","1","0","0","0","0","0","1","0","0","0","0","0","0","0","0","0","0","0","51475",Department of Defense,Naval Submarine Base Kings Bay,https://www.navy.mil/,0.086916256033411,0.000257354709931
"13","1301","01",Congressional District 1,C2,"118",G5200,N,"19063888620","2059303613","+31.4258445","-081.8058269",tl_rd22_13_cd118,Earl Carter,Georgia 1st,Georgia,R,2432 RHOB,(202) 225-5831,budget|energy_and_commerce,"0","0","0","0","0","0","0","0","1","0","0","0","0","0","1","0","0","0","0","0","0","0","0","0","0","0","51476",Department of Defense,Naval Submarine Base Kings Bay,https://www.navy.mil/,0.061430714027620,0.000218098137762
"13","1301","01",Congressional District 1,C2,"118",G5200,N,"19063888620","2059303613","+31.4258445","-081.8058269",tl_rd22_13_cd118,Earl Carter,Georgia 1st,Georgia,R,2432 RHOB,(202) 225-5831,budget|energy_and_commerce,"0","0","0","0","0","0","0","0","1","0","0","0","0","0","1","0","0","0","0","0","0","0","0","0","0","0","51477",Department of Defense,Naval Submarine Base Kings Bay,https://www.navy.mil/,0.016501003739033,0.000010200949800
"13","1301","01",Congressional District 1,C2,"118",G5200,N,"19063888620","2059303613","+31.4258445","-081.8058269",tl_rd22_13_cd118,Earl Carter,Georgia 1st,Georgia,R,2432 RHOB,(202) 225-5831,budget|energy_and_commerce,"0","0","0","0","0","0","0","0","1","0","0","0","0","0","1","0","0","0","0","0","0","0","0","0","0","0","51478",Department of Defense,Naval Submarine Base Kings Bay,https://www.navy.mil/,0.015887560940119,0.000011830736183
"13","1301","01",Congressional District 1,C2,"118",G5200,N,"19063888620","2059303613","+31.4258445","-081.8058269",tl_rd22_13_cd118,Earl Carter,Georgia 1st,Georgia,R,2432 RHOB,(202) 225-5831,budget|energy_and_commerce,"0","0","0","0","0","0","0","0","1","0","0","0","0","0","1","0","0","0","0","0","0","0","0","0","0","0","51479",Department of Defense,Naval Submarine Base Kings Bay,https://www.navy.mil/,0.028084395923906,0.000013844487448
"13","1301","01",Congressional District 1,C2,"118",G5200,N,"19063888620","2059303613","+31.4258445","-081.8058269",tl_rd22_13_cd118,Earl Carter,Georgia 1st,Georgia,R,2432 RHOB,(202) 225-5831,budget|energy_and_commerce,"0","0","0","0","0","0","0","0","1","0","0","0","0","0","1","0","0","0","0","0","0","0","0","0","0","0","51480",Department of Defense,Naval Submarine Base Kings Bay,https://www.navy.mil/,0.019949895114786,0.000023470139705
"13","1301","01",Congressional District 1,C2,"118",G5200,N,"19063888620","2059303613","+31.4258445","-081.8058269",tl_rd22_13_cd118,Earl Carter,Georgia 1st,Georgia,R,2432 RHOB,(202) 225-5831,budget|energy_and_commerce,"0","0","0","0","0","0","0","0","1","0","0","0","0","0","1","0","0","0","0","0","0","0","0","0","0","0","51481",Department of Defense,Naval Submarine Base Kings Bay,https://www.navy.mil/,0.078321744222741,0.000214065614970
"13","1301","01",Congressional District 1,C2,"118",G5200,N,"19063888620","2059303613","+31.4258445","-081.8058269",tl_rd22_13_cd118,Earl Carter,Georgia 1st,Georgia,R,2432 RHOB,(202) 225-5831,budget|energy_and_commerce,"0","0","0","0","0","0","0","0","1","0","0","0","0","0","1","0","0","0","0","0","0","0","0","0","0","0","51482",Department of Defense,Naval Submarine Base Kings Bay,https://www.navy.mil/,0.022390718034040,0.000010876145841
"13","1301","01",Congressional District 1,C2,"118",G5200,N,"19063888620","2059303613","+31.4258445","-081.8058269",tl_rd22_13_cd118,Earl Carter,Georgia 1st,Georgia,R,2432 RHOB,(202) 225-5831,budget|energy_and_commerce,"0","0","0","0","0","0","0","0","1","0","0","0","0","0","1","0","0","0","0","0","0","0","0","0","0","0","51483",Department of Defense,Naval Submarine Base Kings Bay,https://www.navy.mil/,0.018277476245802,0.000011404137214
"13","1301","01",Congressional District 1,C2,"118",G5200,N,"19063888620","2059303613","+31.4258445","-081.8058269",tl_rd22_13_cd118,Earl Carter,Georgia 1st,Georgia,R,2432 RHOB,(202) 225-5831,budget|energy_and_commerce,"0","0","0","0","0","0","0","0","1","0","0","0","0","0","1","0","0","0","0","0","0","0","0","0","0","0","51484",Department of Defense,Naval Submarine Base Kings Bay,https://www.navy.mil/,0.406481067898745,0.005791038989041
"13","1301","01",Congressional District 1,C2,"118",G5200,N,"19063888620","2059303613","+31.4258445","-081.8058269",tl_rd22_13_cd118,Earl Carter,Georgia 1st,Georgia,R,2432 RHOB,(202) 225-5831,budget|energy_and_commerce,"0","0","0","0","0","0","0","0","1","0","0","0","0","0","1","0","0","0","0","0","0","0","0","0","0","0","51485",Department of Defense,Naval Submarine Base Kings Bay,https://www.navy.mil/,0.046202748866374,0.000133667800179
"13","1302","02",Congressional District 2,C2,"118",G5200,N,"25778646862","431465790","+31.7642483","-084.3980078",tl_rd22_13_cd118,Sanford Bishop,Georgia 2nd,Georgia,D,2407 RHOB,(202) 225-3631,agriculture|appropriations,"1","1","0","0","0","0","0","0","0","0","0","0","0","0","0","0","0","0","0","0","0","0","0","0","0","0","50075",Department of Defense,Fort Benning,https://www.army.mil/,0.472532839292776,0.004788078646903
"13","1302","02",Congressional District 2,C2,"118",G5200,N,"25778646862","431465790","+31.7642483","-084.3980078",tl_rd22_13_cd118,Sanford Bishop,Georgia 2nd,Georgia,D,2407 RHOB,(202) 225-3631,agriculture|appropriations,"1","1","0","0","0","0","0","0","0","0","0","0","0","0","0","0","0","0","0","0","0","0","0","0","0","0","50076",Department of Defense,Fort Benning,https://www.army.mil/,1.477224377245793,0.065640418211189
"13","1302","02",Congressional District 2,C2,"118",G5200,N,"25778646862","431465790","+31.7642483","-084.3980078",tl_rd22_13_cd118,Sanford Bishop,Georgia 2nd,Georgia,D,2407 RHOB,(202) 225-3631,agriculture|appropriations,"1","1","0","0","0","0","0","0","0","0","0","0","0","0","0","0","0","0","0","0","0","0","0","0","0","0","50254",Department of Defense,NG Macon Readiness Center,https://www.nationalguard.mil/,0.013396050230108,0.000011215834964
"13","1302","02",Congressional District 2,C2,"118",G5200,N,"25778646862","431465790","+31.7642483","-084.3980078",tl_rd22_13_cd118,Sanford Bishop,Georgia 2nd,Georgia,D,2407 RHOB,(202) 225-3631,agriculture|appropriations,"1","1","0","0","0","0","0","0","0","0","0","0","0","0","0","0","0","0","0","0","0","0","0","0","0","0","50612",Department of Defense,Robins AFB,https://www.af.mil/,0.286654162917860,0.002604931692452
"13","1302","02",Congressional District 2,C2,"118",G5200,N,"25778646862","431465790","+31.7642483","-084.3980078",tl_rd22_13_cd118,Sanford Bishop,Georgia 2nd,Georgia,D,2407 RHOB,(202) 225-3631,agriculture|appropriations,"1","1","0","0","0","0","0","0","0","0","0","0","0","0","0","0","0","0","0","0","0","0","0","0","0","0","50823",Department of Defense,MCLB Albany,https://www.marines.mil/,0.203407964637122,0.001253855880783
"13","1305","05",Congressional District 5,C2,"118",G5200,N,"643700572","4702138","+33.7461682","-084.4022527",tl_rd22_13_cd118,Nikema Williams,Georgia 5th,Georgia,D,1406 LHOB,(202) 225-3801,financial_services,"0","0","0","0","0","0","0","0","0","0","1","0","0","0","0","0","0","0","0","0","0","0","0","0","0","0","49957",Department of Defense,NG Atlanta United Ave,https://www.nationalguard.mil/,0.036792880890413,0.000026928069882
"13","1305","05",Congressional District 5,C2,"118",G5200,N,"643700572","4702138","+33.7461682","-084.4022527",tl_rd22_13_cd118,Nikema Williams,Georgia 5th,Georgia,D,1406 LHOB,(202) 225-3801,financial_services,"0","0","0","0","0","0","0","0","0","0","1","0","0","0","0","0","0","0","0","0","0","0","0","0","0","0","50493",Department of Defense,Fort Gillem Enclave Site,https://www.army.mil/,0.152493074157849,0.000472928600816
"13","1305","05",Congressional District 5,C2,"118",G5200,N,"643700572","4702138","+33.7461682","-084.4022527",tl_rd22_13_cd118,Nikema Williams,Georgia 5th,Georgia,D,1406 LHOB,(202) 225-3801,financial_services,"0","0","0","0","0","0","0","0","0","0","1","0","0","0","0","0","0","0","0","0","0","0","0","0","0","0","50497",Department of Defense,Fort Gillem Enclave Site,https://www.army.mil/,0.005481806386866,0.000001504757698
"13","1305","05",Congressional District 5,C2,"118",G5200,N,"643700572","4702138","+33.7461682","-084.4022527",tl_rd22_13_cd118,Nikema Williams,Georgia 5th,Georgia,D,1406 LHOB,(202) 225-3801,financial_services,"0","0","0","0","0","0","0","0","0","0","1","0","0","0","0","0","0","0","0","0","0","0","0","0","0","0","50499",Department of Defense,Fort Gillem Enclave Site,https://www.army.mil/,0.003659036000045,0.000000744426387
"13","1305","05",Congressional District 5,C2,"118",G5200,N,"643700572","4702138","+33.7461682","-084.4022527",tl_rd22_13_cd118,Nikema Williams,Georgia 5th,Georgia,D,1406 LHOB,(202) 225-3801,financial_services,"0","0","0","0","0","0","0","0","0","0","1","0","0","0","0","0","0","0","0","0","0","0","0","0","0","0","50500",Department of Defense,Fort Gillem Enclave Site,https://www.army.mil/,0.003339093050446,0.000000682772942
"13","1305","05",Congressional District 5,C2,"118",G5200,N,"643700572","4702138","+33.7461682","-084.4022527",tl_rd22_13_cd118,Nikema Williams,Georgia 5th,Georgia,D,1406 LHOB,(202) 225-3801,financial_services,"0","0","0","0","0","0","0","0","0","0","1","0","0","0","0","0","0","0","0","0","0","0","0","0","0","0","50501",Department of Defense,Fort Gillem Enclave Site,https://www.army.mil/,0.003237000403208,0.000000654866267
"13","1305","05",Congressional District 5,C2,"118",G5200,N,"643700572","4702138","+33.7461682","-084.4022527",tl_rd22_13_cd118,Nikema Williams,Georgia 5th,Georgia,D,1406 LHOB,(202) 225-3801,financial_services,"0","0","0","0","0","0","0","0","0","0","1","0","0","0","0","0","0","0","0","0","0","0","0","0","0","0","50502",Department of Defense,Fort Gillem Enclave Site,https://www.army.mil/,0.003292918687040,0.000000651140788
"13","1305","05",Congressional District 5,C2,"118",G5200,N,"643700572","4702138","+33.7461682","-084.4022527",tl_rd22_13_cd118,Nikema Williams,Georgia 5th,Georgia,D,1406 LHOB,(202) 225-3801,financial_services,"0","0","0","0","0","0","0","0","0","0","1","0","0","0","0","0","0","0","0","0","0","0","0","0","0","0","50503",Department of Defense,Fort Gillem Enclave Site,https://www.army.mil/,0.002654491509215,0.000000436654367
"13","1305","05",Congressional District 5,C2,"118",G5200,N,"643700572","4702138","+33.7461682","-084.4022527",tl_rd22_13_cd118,Nikema Williams,Georgia 5th,Georgia,D,1406 LHOB,(202) 225-3801,financial_services,"0","0","0","0","0","0","0","0","0","0","1","0","0","0","0","0","0","0","0","0","0","0","0","0","0","0","50504",Department of Defense,Fort Gillem Enclave Site,https://www.army.mil/,0.002581936681871,0.000000413902263
"13","1306","06",Congressional District 6,C2,"118",G5200,N,"2014040209","85408869","+34.2462054","-084.2335371",tl_rd22_13_cd118,Richard McCormick,Georgia 6th,Georgia,R,1213 LHOB,(202) 225-4272,armed_services|foreign_affairs|science_space_and_technology|select_subcommittee_on_the_coronavirus_pandemic,"0","0","0","1","0","1","0","0","0","0","0","0","0","0","0","0","0","0","0","1","1","0","0","0","0","0","50484",Department of Defense,NG Cumming,https://www.nationalguard.mil/,0.009146149779778,0.000005186034958
"13","1308","08",Congressional District 8,C2,"118",G5200,N,"28303590463","394699076","+31.7321819","-083.2961646",tl_rd22_13_cd118,Austin Scott,Georgia 8th,Georgia,R,2185 RHOB,(202) 225-6531,agriculture|armed_services|Intelligence,"0","1","0","1","0","0","0","0","0","0","0","0","0","0","0","0","0","0","1","0","0","0","0","0","0","0","50612",Department of Defense,Robins AFB,https://www.af.mil/,0.286654162917860,0.002604931692452
"13","1308","08",Congressional District 8,C2,"118",G5200,N,"28303590463","394699076","+31.7321819","-083.2961646",tl_rd22_13_cd118,Austin Scott,Georgia 8th,Georgia,R,2185 RHOB,(202) 225-6531,agriculture|armed_services|Intelligence,"0","1","0","1","0","0","0","0","0","0","0","0","0","0","0","0","0","0","1","0","0","0","0","0","0","0","51424",Department of Defense,Moody Air Force Base,https://www.af.mil/,0.014216082373327,0.000009335779976
"13","1308","08",Congressional District 8,C2,"118",G5200,N,"28303590463","394699076","+31.7321819","-083.2961646",tl_rd22_13_cd118,Austin Scott,Georgia 8th,Georgia,R,2185 RHOB,(202) 225-6531,agriculture|armed_services|Intelligence,"0","1","0","1","0","0","0","0","0","0","0","0","0","0","0","0","0","0","1","0","0","0","0","0","0","0","51425",Department of Defense,Moody Air Force Base,https://www.af.mil/,0.216117354894645,0.001899785205546
"13","1308","08",Congressional District 8,C2,"118",G5200,N,"28303590463","394699076","+31.7321819","-083.2961646",tl_rd22_13_cd118,Austin Scott,Georgia 8th,Georgia,R,2185 RHOB,(202) 225-6531,agriculture|armed_services|Intelligence,"0","1","0","1","0","0","0","0","0","0","0","0","0","0","0","0","0","0","1","0","0","0","0","0","0","0","51426",Department of Defense,Moody Air Force Base,https://www.af.mil/,0.010030056436907,0.000004520914476
"13","1309","09",Congressional District 9,C2,"118",G5200,N,"10095431945","279334231","+34.6069528","-083.7645643",tl_rd22_13_cd118,Andrew Clyde,Georgia 9th,Georgia,R,445 CHOB,(202) 225-9893,appropriations,"1","0","0","0","0","0","0","0","0","0","0","0","0","0","0","0","0","0","0","0","0","0","0","0","0","0","50049",Department of Defense,Camp Frank D Merrill,https://www.army.mil/,0.064543529775003,0.000114599480934
"13","1312","12",Congressional District 12,C2,"118",G5200,N,"24948893347","496812675","+32.7826409","-082.2871072",tl_rd22_13_cd118,Rick Allen,Georgia 12th,Georgia,R,462 CHOB,(202) 225-2823,education_and_the_workforce|energy_and_commerce,"0","0","0","0","0","0","0","1","1","0","0","0","0","0","0","0","0","0","0","0","0","0","0","0","0","0","50090",Department of Defense,Fort Gordon,https://www.army.mil/,0.003311634754528,0.000000579014268
"13","1312","12",Congressional District 12,C2,"118",G5200,N,"24948893347","496812675","+32.7826409","-082.2871072",tl_rd22_13_cd118,Rick Allen,Georgia 12th,Georgia,R,462 CHOB,(202) 225-2823,education_and_the_workforce|energy_and_commerce,"0","0","0","0","0","0","0","1","1","0","0","0","0","0","0","0","0","0","0","0","0","0","0","0","0","0","50091",Department of Defense,Fort Gordon,https://www.army.mil/,0.819492593150645,0.021760182435885
"13","1312","12",Congressional District 12,C2,"118",G5200,N,"24948893347","496812675","+32.7826409","-082.2871072",tl_rd22_13_cd118,Rick Allen,Georgia 12th,Georgia,R,462 CHOB,(202) 225-2823,education_and_the_workforce|energy_and_commerce,"0","0","0","0","0","0","0","1","1","0","0","0","0","0","0","0","0","0","0","0","0","0","0","0","0","0","50167",Department of Defense,Fort Stewart,https://www.army.mil/,1.545475577085893,0.107905263581058
"13","1312","12",Congressional District 12,C2,"118",G5200,N,"24948893347","496812675","+32.7826409","-082.2871072",tl_rd22_13_cd118,Rick Allen,Georgia 12th,Georgia,R,462 CHOB,(202) 225-2823,education_and_the_workforce|energy_and_commerce,"0","0","0","0","0","0","0","1","1","0","0","0","0","0","0","0","0","0","0","0","0","0","0","0","0","0","50505",Department of Defense,Fort Gillem Enclave Site,https://www.army.mil/,0.002369437664119,0.000000326398594
"13","1313","13",Congressional District 13,C2,"118",G5200,N,"1528348393","22843485","+33.6075581","-084.5038035",tl_rd22_13_cd118,David Scott,Georgia 13th,Georgia,D,468 CHOB,(202) 225-2939,agriculture|financial_services,"0","1","0","0","0","0","0","0","0","0","1","0","0","0","0","0","0","0","0","0","0","0","0","0","0","0","50334",Department of Defense,NG Oglethorpe Armory,https://www.nationalguard.mil/,0.018551068797750,0.000012736921255
"13","1313","13",Congressional District 13,C2,"118",G5200,N,"1528348393","22843485","+33.6075581","-084.5038035",tl_rd22_13_cd118,David Scott,Georgia 13th,Georgia,D,468 CHOB,(202) 225-2939,agriculture|financial_services,"0","1","0","0","0","0","0","0","0","0","1","0","0","0","0","0","0","0","0","0","0","0","0","0","0","0","50493",Department of Defense,Fort Gillem Enclave Site,https://www.army.mil/,0.152493074157849,0.000472928600816
"13","1313","13",Congressional District 13,C2,"118",G5200,N,"1528348393","22843485","+33.6075581","-084.5038035",tl_rd22_13_cd118,David Scott,Georgia 13th,Georgia,D,468 CHOB,(202) 225-2939,agriculture|financial_services,"0","1","0","0","0","0","0","0","0","0","1","0","0","0","0","0","0","0","0","0","0","0","0","0","0","0","50494",Department of Defense,Fort Gillem Enclave Site,https://www.army.mil/,0.014722002251638,0.000008647374675
"13","1313","13",Congressional District 13,C2,"118",G5200,N,"1528348393","22843485","+33.6075581","-084.5038035",tl_rd22_13_cd118,David Scott,Georgia 13th,Georgia,D,468 CHOB,(202) 225-2939,agriculture|financial_services,"0","1","0","0","0","0","0","0","0","0","1","0","0","0","0","0","0","0","0","0","0","0","0","0","0","0","50495",Department of Defense,Fort Gillem Enclave Site,https://www.army.mil/,0.014117634789118,0.000005790453324
"13","1313","13",Congressional District 13,C2,"118",G5200,N,"1528348393","22843485","+33.6075581","-084.5038035",tl_rd22_13_cd118,David Scott,Georgia 13th,Georgia,D,468 CHOB,(202) 225-2939,agriculture|financial_services,"0","1","0","0","0","0","0","0","0","0","1","0","0","0","0","0","0","0","0","0","0","0","0","0","0","0","50496",Department of Defense,Fort Gillem Enclave Site,https://www.army.mil/,0.010615607421933,0.000004433209826
"13","1313","13",Congressional District 13,C2,"118",G5200,N,"1528348393","22843485","+33.6075581","-084.5038035",tl_rd22_13_cd118,David Scott,Georgia 13th,Georgia,D,468 CHOB,(202) 225-2939,agriculture|financial_services,"0","1","0","0","0","0","0","0","0","0","1","0","0","0","0","0","0","0","0","0","0","0","0","0","0","0","50498",Department of Defense,Fort Gillem Enclave Site,https://www.army.mil/,0.006673982907244,0.000001358353079
"13","1313","13",Congressional District 13,C2,"118",G5200,N,"1528348393","22843485","+33.6075581","-084.5038035",tl_rd22_13_cd118,David Scott,Georgia 13th,Georgia,D,468 CHOB,(202) 225-2939,agriculture|financial_services,"0","1","0","0","0","0","0","0","0","0","1","0","0","0","0","0","0","0","0","0","0","0","0","0","0","0","50506",Department of Defense,Fort Gillem Enclave Site,https://www.army.mil/,0.000655608901961,0.000000023453855
"13","1313","13",Congressional District 13,C2,"118",G5200,N,"1528348393","22843485","+33.6075581","-084.5038035",tl_rd22_13_cd118,David Scott,Georgia 13th,Georgia,D,468 CHOB,(202) 225-2939,agriculture|financial_services,"0","1","0","0","0","0","0","0","0","0","1","0","0","0","0","0","0","0","0","0","0","0","0","0","0","0","50507",Department of Defense,Fort Gillem Enclave Site,https://www.army.mil/,0.000648342985092,0.000000023249347
"13","1314","14",Congressional District 14,C2,"118",G5200,N,"8479526150","49340060","+34.4915254","-085.0984007",tl_rd22_13_cd118,Marjorie Greene,Georgia 14th,Georgia,R,403 CHOB,(202) 225-5211,oversight_and_accountability|homeland_security|select_subcommittee_on_the_coronavirus_pandemic,"0","0","1","0","0","0","1","0","0","0","0","0","0","0","0","0","0","0","0","1","0","0","0","0","0","0","50446",Department of Defense,NG VTS Catoosa,https://www.nationalguard.mil/,0.016290462039639,0.000010009837778
"13","1314","14",Congressional District 14,C2,"118",G5200,N,"8479526150","49340060","+34.4915254","-085.0984007",tl_rd22_13_cd118,Marjorie Greene,Georgia 14th,Georgia,R,403 CHOB,(202) 225-5211,oversight_and_accountability|homeland_security|select_subcommittee_on_the_coronavirus_pandemic,"0","0","1","0","0","0","1","0","0","0","0","0","0","0","0","0","0","0","0","1","0","0","0","0","0","0","50447",Department of Defense,NG VTS Catoosa,https://www.nationalguard.mil/,0.139822597056161,0.000640504231123
"13","1311","11",Congressional District 11,C2,"118",G5200,N,"2958356800","67474559","+34.2473811","-084.6490964",tl_rd22_13_cd118,Barry Loudermilk,Georgia 11th,Georgia,R,2133 RHOB,(202) 225-2931,financial_services|house_administration,"0","0","0","0","0","0","0","0","0","0","1","0","0","0","0","0","0","1","0","0","0","0","0","0","0","0","50483",Department of Defense,NG General Lucius D Clay National Guard Center,https://www.nationalguard.mil/,0.036675272083126,0.000041544519442
"13","1311","11",Congressional District 11,C2,"118",G5200,N,"2958356800","67474559","+34.2473811","-084.6490964",tl_rd22_13_cd118,Barry Loudermilk,Georgia 11th,Georgia,R,2133 RHOB,(202) 225-2931,financial_services|house_administration,"0","0","0","0","0","0","0","0","0","0","1","0","0","0","0","0","0","1","0","0","0","0","0","0","0","0","50619",Department of Defense,Dobbins ARB,https://www.afrc.af.mil/,0.279268913659209,0.000697385544613
"13","1311","11",Congressional District 11,C2,"118",G5200,N,"2958356800","67474559","+34.2473811","-084.6490964",tl_rd22_13_cd118,Barry Loudermilk,Georgia 11th,Georgia,R,2133 RHOB,(202) 225-2931,financial_services|house_administration,"0","0","0","0","0","0","0","0","0","0","1","0","0","0","0","0","0","1","0","0","0","0","0","0","0","0","50675",Department of Defense,Air Force Plant 6,https://www.af.mil/,0.065963817478501,0.000201604155918
"13","1311","11",Congressional District 11,C2,"118",G5200,N,"2958356800","67474559","+34.2473811","-084.6490964",tl_rd22_13_cd118,Barry Loudermilk,Georgia 11th,Georgia,R,2133 RHOB,(202) 225-2931,financial_services|house_administration,"0","0","0","0","0","0","0","0","0","0","1","0","0","0","0","0","0","1","0","0","0","0","0","0","0","0","50676",Department of Defense,Air Force Plant 6,https://www.af.mil/,0.050761738831928,0.000092730766424
"13","1311","11",Congressional District 11,C2,"118",G5200,N,"2958356800","67474559","+34.2473811","-084.6490964",tl_rd22_13_cd118,Barry Loudermilk,Georgia 11th,Georgia,R,2133 RHOB,(202) 225-2931,financial_services|house_administration,"0","0","0","0","0","0","0","0","0","0","1","0","0","0","0","0","0","1","0","0","0","0","0","0","0","0","50677",Department of Defense,Air Force Plant 6,https://www.af.mil/,0.009334858723889,0.000004692638978
"15","1501","01",Congressional District 1,C2,"118",G5200,N,"525824306","376084550","+21.3267681","-157.8782650",tl_rd22_15_cd118,Ed Case,Hawaii 1st,Hawaii,D,2210 RHOB,(202) 225-2726,appropriations|natural_resources,"1","0","0","0","1","0","0","0","0","0","0","0","0","0","0","0","0","0","0","0","0","0","0","0","0","0","50175",Department of Defense,NG Ft Ruger,https://www.nationalguard.mil/,0.009926178233542,0.000004344672829
"15","1501","01",Congressional District 1,C2,"118",G5200,N,"525824306","376084550","+21.3267681","-157.8782650",tl_rd22_15_cd118,Ed Case,Hawaii 1st,Hawaii,D,2210 RHOB,(202) 225-2726,appropriations|natural_resources,"1","0","0","0","1","0","0","0","0","0","0","0","0","0","0","0","0","0","0","0","0","0","0","0","0","0","50176",Department of Defense,NG Ft Ruger,https://www.nationalguard.mil/,0.002354287853001,0.000000341159149
"15","1501","01",Congressional District 1,C2,"118",G5200,N,"525824306","376084550","+21.3267681","-157.8782650",tl_rd22_15_cd118,Ed Case,Hawaii 1st,Hawaii,D,2210 RHOB,(202) 225-2726,appropriations|natural_resources,"1","0","0","0","1","0","0","0","0","0","0","0","0","0","0","0","0","0","0","0","0","0","0","0","0","0","50177",Department of Defense,NG Ft Ruger,https://www.nationalguard.mil/,0.005719463748462,0.000001826845230
"15","1501","01",Congressional District 1,C2,"118",G5200,N,"525824306","376084550","+21.3267681","-157.8782650",tl_rd22_15_cd118,Ed Case,Hawaii 1st,Hawaii,D,2210 RHOB,(202) 225-2726,appropriations|natural_resources,"1","0","0","0","1","0","0","0","0","0","0","0","0","0","0","0","0","0","0","0","0","0","0","0","0","0","50178",Department of Defense,NG Ft Ruger,https://www.nationalguard.mil/,0.049275483112858,0.000106876046128
"15","1501","01",Congressional District 1,C2,"118",G5200,N,"525824306","376084550","+21.3267681","-157.8782650",tl_rd22_15_cd118,Ed Case,Hawaii 1st,Hawaii,D,2210 RHOB,(202) 225-2726,appropriations|natural_resources,"1","0","0","0","1","0","0","0","0","0","0","0","0","0","0","0","0","0","0","0","0","0","0","0","0","0","50220",Department of Defense,NG Kalaeloa,https://www.nationalguard.mil/,0.004653669423927,0.000001311234818
"15","1501","01",Congressional District 1,C2,"118",G5200,N,"525824306","376084550","+21.3267681","-157.8782650",tl_rd22_15_cd118,Ed Case,Hawaii 1st,Hawaii,D,2210 RHOB,(202) 225-2726,appropriations|natural_resources,"1","0","0","0","1","0","0","0","0","0","0","0","0","0","0","0","0","0","0","0","0","0","0","0","0","0","50221",Department of Defense,NG Kalaeloa,https://www.nationalguard.mil/,0.006233391300531,0.000002081259187
"15","1501","01",Congressional District 1,C2,"118",G5200,N,"525824306","376084550","+21.3267681","-157.8782650",tl_rd22_15_cd118,Ed Case,Hawaii 1st,Hawaii,D,2210 RHOB,(202) 225-2726,appropriations|natural_resources,"1","0","0","0","1","0","0","0","0","0","0","0","0","0","0","0","0","0","0","0","0","0","0","0","0","0","50222",Department of Defense,NG Kalaeloa,https://www.nationalguard.mil/,0.038652581548426,0.000057482292243
"15","1501","01",Congressional District 1,C2,"118",G5200,N,"525824306","376084550","+21.3267681","-157.8782650",tl_rd22_15_cd118,Ed Case,Hawaii 1st,Hawaii,D,2210 RHOB,(202) 225-2726,appropriations|natural_resources,"1","0","0","0","1","0","0","0","0","0","0","0","0","0","0","0","0","0","0","0","0","0","0","0","0","0","50226",Department of Defense,Kipapa Ammo Storage Site,https://www.army.mil/,0.034493223720210,0.000046225517475
"15","1501","01",Congressional District 1,C2,"118",G5200,N,"525824306","376084550","+21.3267681","-157.8782650",tl_rd22_15_cd118,Ed Case,Hawaii 1st,Hawaii,D,2210 RHOB,(202) 225-2726,appropriations|natural_resources,"1","0","0","0","1","0","0","0","0","0","0","0","0","0","0","0","0","0","0","0","0","0","0","0","0","0","50227",Department of Defense,Kipapa Ammo Storage Site,https://www.army.mil/,0.076731528253380,0.000096446294042
"15","1501","01",Congressional District 1,C2,"118",G5200,N,"525824306","376084550","+21.3267681","-157.8782650",tl_rd22_15_cd118,Ed Case,Hawaii 1st,Hawaii,D,2210 RHOB,(202) 225-2726,appropriations|natural_resources,"1","0","0","0","1","0","0","0","0","0","0","0","0","0","0","0","0","0","0","0","0","0","0","0","0","0","50384",Department of Defense,Tropic Regions Test Center,https://www.army.mil/,0.002553461727249,0.000000036156909
"15","1501","01",Congressional District 1,C2,"118",G5200,N,"525824306","376084550","+21.3267681","-157.8782650",tl_rd22_15_cd118,Ed Case,Hawaii 1st,Hawaii,D,2210 RHOB,(202) 225-2726,appropriations|natural_resources,"1","0","0","0","1","0","0","0","0","0","0","0","0","0","0","0","0","0","0","0","0","0","0","0","0","0","50386",Department of Defense,Tropic Regions Test Center,https://www.army.mil/,0.010843083661440,0.000005936532834
"15","1501","01",Congressional District 1,C2,"118",G5200,N,"525824306","376084550","+21.3267681","-157.8782650",tl_rd22_15_cd118,Ed Case,Hawaii 1st,Hawaii,D,2210 RHOB,(202) 225-2726,appropriations|natural_resources,"1","0","0","0","1","0","0","0","0","0","0","0","0","0","0","0","0","0","0","0","0","0","0","0","0","0","50387",Department of Defense,Tropic Regions Test Center,https://www.army.mil/,0.000594884494961,0.000000003491684
"15","1501","01",Congressional District 1,C2,"118",G5200,N,"525824306","376084550","+21.3267681","-157.8782650",tl_rd22_15_cd118,Ed Case,Hawaii 1st,Hawaii,D,2210 RHOB,(202) 225-2726,appropriations|natural_resources,"1","0","0","0","1","0","0","0","0","0","0","0","0","0","0","0","0","0","0","0","0","0","0","0","0","0","50388",Department of Defense,Tropic Regions Test Center,https://www.army.mil/,0.000695070967439,0.000000008184658
"15","1501","01",Congressional District 1,C2,"118",G5200,N,"525824306","376084550","+21.3267681","-157.8782650",tl_rd22_15_cd118,Ed Case,Hawaii 1st,Hawaii,D,2210 RHOB,(202) 225-2726,appropriations|natural_resources,"1","0","0","0","1","0","0","0","0","0","0","0","0","0","0","0","0","0","0","0","0","0","0","0","0","0","50389",Department of Defense,Tropic Regions Test Center,https://www.army.mil/,0.012974147142561,0.000006945820569
"15","1501","01",Congressional District 1,C2,"118",G5200,N,"525824306","376084550","+21.3267681","-157.8782650",tl_rd22_15_cd118,Ed Case,Hawaii 1st,Hawaii,D,2210 RHOB,(202) 225-2726,appropriations|natural_resources,"1","0","0","0","1","0","0","0","0","0","0","0","0","0","0","0","0","0","0","0","0","0","0","0","0","0","50395",Department of Defense,Tropic Regions Test Center,https://www.army.mil/,0.336308258257965,0.001757865781139
"15","1501","01",Congressional District 1,C2,"118",G5200,N,"525824306","376084550","+21.3267681","-157.8782650",tl_rd22_15_cd118,Ed Case,Hawaii 1st,Hawaii,D,2210 RHOB,(202) 225-2726,appropriations|natural_resources,"1","0","0","0","1","0","0","0","0","0","0","0","0","0","0","0","0","0","0","0","0","0","0","0","0","0","50396",Department of Defense,Tropic Regions Test Center,https://www.army.mil/,0.441641688212968,0.003532795124688
"15","1501","01",Congressional District 1,C2,"118",G5200,N,"525824306","376084550","+21.3267681","-157.8782650",tl_rd22_15_cd118,Ed Case,Hawaii 1st,Hawaii,D,2210 RHOB,(202) 225-2726,appropriations|natural_resources,"1","0","0","0","1","0","0","0","0","0","0","0","0","0","0","0","0","0","0","0","0","0","0","0","0","0","50473",Department of Defense,Wheeler Army Airfield,https://www.army.mil/,0.012209728942435,0.000001105909194
"15","1501","01",Congressional District 1,C2,"118",G5200,N,"525824306","376084550","+21.3267681","-157.8782650",tl_rd22_15_cd118,Ed Case,Hawaii 1st,Hawaii,D,2210 RHOB,(202) 225-2726,appropriations|natural_resources,"1","0","0","0","1","0","0","0","0","0","0","0","0","0","0","0","0","0","0","0","0","0","0","0","0","0","50815",Department of Defense,Pearl City Annex,https://www.marines.mil/,0.013615959011855,0.000009299524749
"15","1501","01",Congressional District 1,C2,"118",G5200,N,"525824306","376084550","+21.3267681","-157.8782650",tl_rd22_15_cd118,Ed Case,Hawaii 1st,Hawaii,D,2210 RHOB,(202) 225-2726,appropriations|natural_resources,"1","0","0","0","1","0","0","0","0","0","0","0","0","0","0","0","0","0","0","0","0","0","0","0","0","0","50816",Department of Defense,"Marine Corps Base Hawaii, Camp H.M. Smith",https://www.marines.mil/,0.044530822249594,0.000074736804611
"15","1501","01",Congressional District 1,C2,"118",G5200,N,"525824306","376084550","+21.3267681","-157.8782650",tl_rd22_15_cd118,Ed Case,Hawaii 1st,Hawaii,D,2210 RHOB,(202) 225-2726,appropriations|natural_resources,"1","0","0","0","1","0","0","0","0","0","0","0","0","0","0","0","0","0","0","0","0","0","0","0","0","0","50818",Department of Defense,Puuloa-Oahu,https://www.marines.mil/,0.034394410666392,0.000056163739432
"15","1501","01",Congressional District 1,C2,"118",G5200,N,"525824306","376084550","+21.3267681","-157.8782650",tl_rd22_15_cd118,Ed Case,Hawaii 1st,Hawaii,D,2210 RHOB,(202) 225-2726,appropriations|natural_resources,"1","0","0","0","1","0","0","0","0","0","0","0","0","0","0","0","0","0","0","0","0","0","0","0","0","0","51171",Department of Defense,Joint Base Pearl Harbor-Hickam,https://www.navy.mil/,0.017698753152906,0.000006623481066
"15","1501","01",Congressional District 1,C2,"118",G5200,N,"525824306","376084550","+21.3267681","-157.8782650",tl_rd22_15_cd118,Ed Case,Hawaii 1st,Hawaii,D,2210 RHOB,(202) 225-2726,appropriations|natural_resources,"1","0","0","0","1","0","0","0","0","0","0","0","0","0","0","0","0","0","0","0","0","0","0","0","0","0","51172",Department of Defense,Joint Base Pearl Harbor-Hickam,https://www.navy.mil/,0.022988850832421,0.000005626505618
"15","1501","01",Congressional District 1,C2,"118",G5200,N,"525824306","376084550","+21.3267681","-157.8782650",tl_rd22_15_cd118,Ed Case,Hawaii 1st,Hawaii,D,2210 RHOB,(202) 225-2726,appropriations|natural_resources,"1","0","0","0","1","0","0","0","0","0","0","0","0","0","0","0","0","0","0","0","0","0","0","0","0","0","51173",Department of Defense,Joint Base Pearl Harbor-Hickam,https://www.navy.mil/,0.022469515181258,0.000026014542973
"15","1501","01",Congressional District 1,C2,"118",G5200,N,"525824306","376084550","+21.3267681","-157.8782650",tl_rd22_15_cd118,Ed Case,Hawaii 1st,Hawaii,D,2210 RHOB,(202) 225-2726,appropriations|natural_resources,"1","0","0","0","1","0","0","0","0","0","0","0","0","0","0","0","0","0","0","0","0","0","0","0","0","0","51174",Department of Defense,Joint Base Pearl Harbor-Hickam,https://www.navy.mil/,0.005433372152708,0.000001340489132
"15","1501","01",Congressional District 1,C2,"118",G5200,N,"525824306","376084550","+21.3267681","-157.8782650",tl_rd22_15_cd118,Ed Case,Hawaii 1st,Hawaii,D,2210 RHOB,(202) 225-2726,appropriations|natural_resources,"1","0","0","0","1","0","0","0","0","0","0","0","0","0","0","0","0","0","0","0","0","0","0","0","0","0","51175",Department of Defense,Joint Base Pearl Harbor-Hickam,https://www.navy.mil/,0.002723532849987,0.000000426702823
"15","1501","01",Congressional District 1,C2,"118",G5200,N,"525824306","376084550","+21.3267681","-157.8782650",tl_rd22_15_cd118,Ed Case,Hawaii 1st,Hawaii,D,2210 RHOB,(202) 225-2726,appropriations|natural_resources,"1","0","0","0","1","0","0","0","0","0","0","0","0","0","0","0","0","0","0","0","0","0","0","0","0","0","51176",Department of Defense,Joint Base Pearl Harbor-Hickam,https://www.navy.mil/,0.007205991561355,0.000003213461725
"15","1501","01",Congressional District 1,C2,"118",G5200,N,"525824306","376084550","+21.3267681","-157.8782650",tl_rd22_15_cd118,Ed Case,Hawaii 1st,Hawaii,D,2210 RHOB,(202) 225-2726,appropriations|natural_resources,"1","0","0","0","1","0","0","0","0","0","0","0","0","0","0","0","0","0","0","0","0","0","0","0","0","0","51177",Department of Defense,Joint Base Pearl Harbor-Hickam,https://www.navy.mil/,0.028415363333259,0.000014943861430
"15","1501","01",Congressional District 1,C2,"118",G5200,N,"525824306","376084550","+21.3267681","-157.8782650",tl_rd22_15_cd118,Ed Case,Hawaii 1st,Hawaii,D,2210 RHOB,(202) 225-2726,appropriations|natural_resources,"1","0","0","0","1","0","0","0","0","0","0","0","0","0","0","0","0","0","0","0","0","0","0","0","0","0","51178",Department of Defense,Joint Base Pearl Harbor-Hickam,https://www.navy.mil/,0.010642965104856,0.000004721317773
"15","1501","01",Congressional District 1,C2,"118",G5200,N,"525824306","376084550","+21.3267681","-157.8782650",tl_rd22_15_cd118,Ed Case,Hawaii 1st,Hawaii,D,2210 RHOB,(202) 225-2726,appropriations|natural_resources,"1","0","0","0","1","0","0","0","0","0","0","0","0","0","0","0","0","0","0","0","0","0","0","0","0","0","51179",Department of Defense,Joint Base Pearl Harbor-Hickam,https://www.navy.mil/,0.016383459008259,0.000009016721781
"15","1501","01",Congressional District 1,C2,"118",G5200,N,"525824306","376084550","+21.3267681","-157.8782650",tl_rd22_15_cd118,Ed Case,Hawaii 1st,Hawaii,D,2210 RHOB,(202) 225-2726,appropriations|natural_resources,"1","0","0","0","1","0","0","0","0","0","0","0","0","0","0","0","0","0","0","0","0","0","0","0","0","0","51180",Department of Defense,Joint Base Pearl Harbor-Hickam,https://www.navy.mil/,0.004737231399801,0.000001321413938
"15","1501","01",Congressional District 1,C2,"118",G5200,N,"525824306","376084550","+21.3267681","-157.8782650",tl_rd22_15_cd118,Ed Case,Hawaii 1st,Hawaii,D,2210 RHOB,(202) 225-2726,appropriations|natural_resources,"1","0","0","0","1","0","0","0","0","0","0","0","0","0","0","0","0","0","0","0","0","0","0","0","0","0","51181",Department of Defense,Joint Base Pearl Harbor-Hickam,https://www.navy.mil/,0.004246026439293,0.000000724189548
"15","1501","01",Congressional District 1,C2,"118",G5200,N,"525824306","376084550","+21.3267681","-157.8782650",tl_rd22_15_cd118,Ed Case,Hawaii 1st,Hawaii,D,2210 RHOB,(202) 225-2726,appropriations|natural_resources,"1","0","0","0","1","0","0","0","0","0","0","0","0","0","0","0","0","0","0","0","0","0","0","0","0","0","51182",Department of Defense,Joint Base Pearl Harbor-Hickam,https://www.navy.mil/,0.004462169169458,0.000001191083438
"15","1501","01",Congressional District 1,C2,"118",G5200,N,"525824306","376084550","+21.3267681","-157.8782650",tl_rd22_15_cd118,Ed Case,Hawaii 1st,Hawaii,D,2210 RHOB,(202) 225-2726,appropriations|natural_resources,"1","0","0","0","1","0","0","0","0","0","0","0","0","0","0","0","0","0","0","0","0","0","0","0","0","0","51183",Department of Defense,Joint Base Pearl Harbor-Hickam,https://www.navy.mil/,0.057926963094481,0.000140789685476
"15","1501","01",Congressional District 1,C2,"118",G5200,N,"525824306","376084550","+21.3267681","-157.8782650",tl_rd22_15_cd118,Ed Case,Hawaii 1st,Hawaii,D,2210 RHOB,(202) 225-2726,appropriations|natural_resources,"1","0","0","0","1","0","0","0","0","0","0","0","0","0","0","0","0","0","0","0","0","0","0","0","0","0","51184",Department of Defense,Joint Base Pearl Harbor-Hickam,https://www.navy.mil/,0.011883986074752,0.000008709839506
"15","1501","01",Congressional District 1,C2,"118",G5200,N,"525824306","376084550","+21.3267681","-157.8782650",tl_rd22_15_cd118,Ed Case,Hawaii 1st,Hawaii,D,2210 RHOB,(202) 225-2726,appropriations|natural_resources,"1","0","0","0","1","0","0","0","0","0","0","0","0","0","0","0","0","0","0","0","0","0","0","0","0","0","51185",Department of Defense,Joint Base Pearl Harbor-Hickam,https://www.navy.mil/,0.014625029520973,0.000010618840854
"15","1501","01",Congressional District 1,C2,"118",G5200,N,"525824306","376084550","+21.3267681","-157.8782650",tl_rd22_15_cd118,Ed Case,Hawaii 1st,Hawaii,D,2210 RHOB,(202) 225-2726,appropriations|natural_resources,"1","0","0","0","1","0","0","0","0","0","0","0","0","0","0","0","0","0","0","0","0","0","0","0","0","0","51186",Department of Defense,Joint Base Pearl Harbor-Hickam,https://www.navy.mil/,0.018954716188162,0.000016959106263
"15","1501","01",Congressional District 1,C2,"118",G5200,N,"525824306","376084550","+21.3267681","-157.8782650",tl_rd22_15_cd118,Ed Case,Hawaii 1st,Hawaii,D,2210 RHOB,(202) 225-2726,appropriations|natural_resources,"1","0","0","0","1","0","0","0","0","0","0","0","0","0","0","0","0","0","0","0","0","0","0","0","0","0","51187",Department of Defense,Joint Base Pearl Harbor-Hickam,https://www.navy.mil/,0.000873199460335,0.000000043449561
"15","1501","01",Congressional District 1,C2,"118",G5200,N,"525824306","376084550","+21.3267681","-157.8782650",tl_rd22_15_cd118,Ed Case,Hawaii 1st,Hawaii,D,2210 RHOB,(202) 225-2726,appropriations|natural_resources,"1","0","0","0","1","0","0","0","0","0","0","0","0","0","0","0","0","0","0","0","0","0","0","0","0","0","51188",Department of Defense,Joint Base Pearl Harbor-Hickam,https://www.navy.mil/,0.017354646435156,0.000017245269350
"15","1501","01",Congressional District 1,C2,"118",G5200,N,"525824306","376084550","+21.3267681","-157.8782650",tl_rd22_15_cd118,Ed Case,Hawaii 1st,Hawaii,D,2210 RHOB,(202) 225-2726,appropriations|natural_resources,"1","0","0","0","1","0","0","0","0","0","0","0","0","0","0","0","0","0","0","0","0","0","0","0","0","0","51189",Department of Defense,Joint Base Pearl Harbor-Hickam,https://www.navy.mil/,0.015507883086859,0.000007625748270
"15","1501","01",Congressional District 1,C2,"118",G5200,N,"525824306","376084550","+21.3267681","-157.8782650",tl_rd22_15_cd118,Ed Case,Hawaii 1st,Hawaii,D,2210 RHOB,(202) 225-2726,appropriations|natural_resources,"1","0","0","0","1","0","0","0","0","0","0","0","0","0","0","0","0","0","0","0","0","0","0","0","0","0","51190",Department of Defense,Joint Base Pearl Harbor-Hickam,https://www.navy.mil/,0.002204678283558,0.000000302377297
"15","1501","01",Congressional District 1,C2,"118",G5200,N,"525824306","376084550","+21.3267681","-157.8782650",tl_rd22_15_cd118,Ed Case,Hawaii 1st,Hawaii,D,2210 RHOB,(202) 225-2726,appropriations|natural_resources,"1","0","0","0","1","0","0","0","0","0","0","0","0","0","0","0","0","0","0","0","0","0","0","0","0","0","51191",Department of Defense,Joint Base Pearl Harbor-Hickam,https://www.navy.mil/,0.060232016786906,0.000121852980061
"15","1501","01",Congressional District 1,C2,"118",G5200,N,"525824306","376084550","+21.3267681","-157.8782650",tl_rd22_15_cd118,Ed Case,Hawaii 1st,Hawaii,D,2210 RHOB,(202) 225-2726,appropriations|natural_resources,"1","0","0","0","1","0","0","0","0","0","0","0","0","0","0","0","0","0","0","0","0","0","0","0","0","0","51192",Department of Defense,Joint Base Pearl Harbor-Hickam,https://www.navy.mil/,0.021936359647476,0.000021592303346
"15","1501","01",Congressional District 1,C2,"118",G5200,N,"525824306","376084550","+21.3267681","-157.8782650",tl_rd22_15_cd118,Ed Case,Hawaii 1st,Hawaii,D,2210 RHOB,(202) 225-2726,appropriations|natural_resources,"1","0","0","0","1","0","0","0","0","0","0","0","0","0","0","0","0","0","0","0","0","0","0","0","0","0","51193",Department of Defense,Joint Base Pearl Harbor-Hickam,https://www.navy.mil/,0.020448348963824,0.000024031028465
"15","1501","01",Congressional District 1,C2,"118",G5200,N,"525824306","376084550","+21.3267681","-157.8782650",tl_rd22_15_cd118,Ed Case,Hawaii 1st,Hawaii,D,2210 RHOB,(202) 225-2726,appropriations|natural_resources,"1","0","0","0","1","0","0","0","0","0","0","0","0","0","0","0","0","0","0","0","0","0","0","0","0","0","51195",Department of Defense,Joint Base Pearl Harbor-Hickam,https://www.navy.mil/,0.003531099843495,0.000000752419767
"15","1501","01",Congressional District 1,C2,"118",G5200,N,"525824306","376084550","+21.3267681","-157.8782650",tl_rd22_15_cd118,Ed Case,Hawaii 1st,Hawaii,D,2210 RHOB,(202) 225-2726,appropriations|natural_resources,"1","0","0","0","1","0","0","0","0","0","0","0","0","0","0","0","0","0","0","0","0","0","0","0","0","0","51196",Department of Defense,Joint Base Pearl Harbor-Hickam,https://www.navy.mil/,0.007674142603099,0.000002953407978
"15","1501","01",Congressional District 1,C2,"118",G5200,N,"525824306","376084550","+21.3267681","-157.8782650",tl_rd22_15_cd118,Ed Case,Hawaii 1st,Hawaii,D,2210 RHOB,(202) 225-2726,appropriations|natural_resources,"1","0","0","0","1","0","0","0","0","0","0","0","0","0","0","0","0","0","0","0","0","0","0","0","0","0","51197",Department of Defense,Joint Base Pearl Harbor-Hickam,https://www.navy.mil/,0.213314221852227,0.001104003047149
"15","1501","01",Congressional District 1,C2,"118",G5200,N,"525824306","376084550","+21.3267681","-157.8782650",tl_rd22_15_cd118,Ed Case,Hawaii 1st,Hawaii,D,2210 RHOB,(202) 225-2726,appropriations|natural_resources,"1","0","0","0","1","0","0","0","0","0","0","0","0","0","0","0","0","0","0","0","0","0","0","0","0","0","51198",Department of Defense,Joint Base Pearl Harbor-Hickam,https://www.navy.mil/,0.007492805164116,0.000002915080077
"15","1501","01",Congressional District 1,C2,"118",G5200,N,"525824306","376084550","+21.3267681","-157.8782650",tl_rd22_15_cd118,Ed Case,Hawaii 1st,Hawaii,D,2210 RHOB,(202) 225-2726,appropriations|natural_resources,"1","0","0","0","1","0","0","0","0","0","0","0","0","0","0","0","0","0","0","0","0","0","0","0","0","0","51199",Department of Defense,Joint Base Pearl Harbor-Hickam,https://www.navy.mil/,0.007757304938707,0.000002512933471
"15","1501","01",Congressional District 1,C2,"118",G5200,N,"525824306","376084550","+21.3267681","-157.8782650",tl_rd22_15_cd118,Ed Case,Hawaii 1st,Hawaii,D,2210 RHOB,(202) 225-2726,appropriations|natural_resources,"1","0","0","0","1","0","0","0","0","0","0","0","0","0","0","0","0","0","0","0","0","0","0","0","0","0","51200",Department of Defense,Joint Base Pearl Harbor-Hickam,https://www.navy.mil/,0.146536893742129,0.000342846127486
"15","1501","01",Congressional District 1,C2,"118",G5200,N,"525824306","376084550","+21.3267681","-157.8782650",tl_rd22_15_cd118,Ed Case,Hawaii 1st,Hawaii,D,2210 RHOB,(202) 225-2726,appropriations|natural_resources,"1","0","0","0","1","0","0","0","0","0","0","0","0","0","0","0","0","0","0","0","0","0","0","0","0","0","51201",Department of Defense,Joint Base Pearl Harbor-Hickam,https://www.navy.mil/,0.007969573512480,0.000002506184367
"15","1501","01",Congressional District 1,C2,"118",G5200,N,"525824306","376084550","+21.3267681","-157.8782650",tl_rd22_15_cd118,Ed Case,Hawaii 1st,Hawaii,D,2210 RHOB,(202) 225-2726,appropriations|natural_resources,"1","0","0","0","1","0","0","0","0","0","0","0","0","0","0","0","0","0","0","0","0","0","0","0","0","0","51202",Department of Defense,Joint Base Pearl Harbor-Hickam,https://www.navy.mil/,0.061696738020649,0.000157011425278
"15","1501","01",Congressional District 1,C2,"118",G5200,N,"525824306","376084550","+21.3267681","-157.8782650",tl_rd22_15_cd118,Ed Case,Hawaii 1st,Hawaii,D,2210 RHOB,(202) 225-2726,appropriations|natural_resources,"1","0","0","0","1","0","0","0","0","0","0","0","0","0","0","0","0","0","0","0","0","0","0","0","0","0","51203",Department of Defense,Joint Base Pearl Harbor-Hickam,https://www.navy.mil/,0.005526582483732,0.000001825140016
"15","1501","01",Congressional District 1,C2,"118",G5200,N,"525824306","376084550","+21.3267681","-157.8782650",tl_rd22_15_cd118,Ed Case,Hawaii 1st,Hawaii,D,2210 RHOB,(202) 225-2726,appropriations|natural_resources,"1","0","0","0","1","0","0","0","0","0","0","0","0","0","0","0","0","0","0","0","0","0","0","0","0","0","51204",Department of Defense,Joint Base Pearl Harbor-Hickam,https://www.navy.mil/,0.000348791450552,0.000000003907675
"15","1501","01",Congressional District 1,C2,"118",G5200,N,"525824306","376084550","+21.3267681","-157.8782650",tl_rd22_15_cd118,Ed Case,Hawaii 1st,Hawaii,D,2210 RHOB,(202) 225-2726,appropriations|natural_resources,"1","0","0","0","1","0","0","0","0","0","0","0","0","0","0","0","0","0","0","0","0","0","0","0","0","0","51205",Department of Defense,Joint Base Pearl Harbor-Hickam,https://www.navy.mil/,0.003490727831112,0.000000066278268
"15","1501","01",Congressional District 1,C2,"118",G5200,N,"525824306","376084550","+21.3267681","-157.8782650",tl_rd22_15_cd118,Ed Case,Hawaii 1st,Hawaii,D,2210 RHOB,(202) 225-2726,appropriations|natural_resources,"1","0","0","0","1","0","0","0","0","0","0","0","0","0","0","0","0","0","0","0","0","0","0","0","0","0","51206",Department of Defense,Joint Base Pearl Harbor-Hickam,https://www.navy.mil/,0.005371489222355,0.000001096524633
"15","1501","01",Congressional District 1,C2,"118",G5200,N,"525824306","376084550","+21.3267681","-157.8782650",tl_rd22_15_cd118,Ed Case,Hawaii 1st,Hawaii,D,2210 RHOB,(202) 225-2726,appropriations|natural_resources,"1","0","0","0","1","0","0","0","0","0","0","0","0","0","0","0","0","0","0","0","0","0","0","0","0","0","51207",Department of Defense,Joint Base Pearl Harbor-Hickam,https://www.navy.mil/,0.065502881212001,0.000087669996389
"15","1501","01",Congressional District 1,C2,"118",G5200,N,"525824306","376084550","+21.3267681","-157.8782650",tl_rd22_15_cd118,Ed Case,Hawaii 1st,Hawaii,D,2210 RHOB,(202) 225-2726,appropriations|natural_resources,"1","0","0","0","1","0","0","0","0","0","0","0","0","0","0","0","0","0","0","0","0","0","0","0","0","0","51208",Department of Defense,Joint Base Pearl Harbor-Hickam,https://www.navy.mil/,0.012741083895645,0.000007490197558
"15","1501","01",Congressional District 1,C2,"118",G5200,N,"525824306","376084550","+21.3267681","-157.8782650",tl_rd22_15_cd118,Ed Case,Hawaii 1st,Hawaii,D,2210 RHOB,(202) 225-2726,appropriations|natural_resources,"1","0","0","0","1","0","0","0","0","0","0","0","0","0","0","0","0","0","0","0","0","0","0","0","0","0","51209",Department of Defense,Joint Base Pearl Harbor-Hickam,https://www.navy.mil/,0.402737480002300,0.001147957259072
"15","1501","01",Congressional District 1,C2,"118",G5200,N,"525824306","376084550","+21.3267681","-157.8782650",tl_rd22_15_cd118,Ed Case,Hawaii 1st,Hawaii,D,2210 RHOB,(202) 225-2726,appropriations|natural_resources,"1","0","0","0","1","0","0","0","0","0","0","0","0","0","0","0","0","0","0","0","0","0","0","0","0","0","51210",Department of Defense,Joint Base Pearl Harbor-Hickam,https://www.navy.mil/,0.340365960814139,0.000743048563396
"15","1501","01",Congressional District 1,C2,"118",G5200,N,"525824306","376084550","+21.3267681","-157.8782650",tl_rd22_15_cd118,Ed Case,Hawaii 1st,Hawaii,D,2210 RHOB,(202) 225-2726,appropriations|natural_resources,"1","0","0","0","1","0","0","0","0","0","0","0","0","0","0","0","0","0","0","0","0","0","0","0","0","0","51290",Department of Defense,CSO Barbers Point HI,https://www.navy.mil/,0.378312535130337,0.001003365540480
"15","1501","01",Congressional District 1,C2,"118",G5200,N,"525824306","376084550","+21.3267681","-157.8782650",tl_rd22_15_cd118,Ed Case,Hawaii 1st,Hawaii,D,2210 RHOB,(202) 225-2726,appropriations|natural_resources,"1","0","0","0","1","0","0","0","0","0","0","0","0","0","0","0","0","0","0","0","0","0","0","0","0","0","51363",Department of Defense,Fort De Russy,https://www.army.mil/,0.025400954047983,0.000025587029275
"15","1501","01",Congressional District 1,C2,"118",G5200,N,"525824306","376084550","+21.3267681","-157.8782650",tl_rd22_15_cd118,Ed Case,Hawaii 1st,Hawaii,D,2210 RHOB,(202) 225-2726,appropriations|natural_resources,"1","0","0","0","1","0","0","0","0","0","0","0","0","0","0","0","0","0","0","0","0","0","0","0","0","0","51370",Department of Defense,Fort Shafter,https://www.army.mil/,0.033415563286390,0.000046841699853
"15","1501","01",Congressional District 1,C2,"118",G5200,N,"525824306","376084550","+21.3267681","-157.8782650",tl_rd22_15_cd118,Ed Case,Hawaii 1st,Hawaii,D,2210 RHOB,(202) 225-2726,appropriations|natural_resources,"1","0","0","0","1","0","0","0","0","0","0","0","0","0","0","0","0","0","0","0","0","0","0","0","0","0","51371",Department of Defense,Fort Shafter,https://www.army.mil/,0.073040931025882,0.000161102834577
"15","1501","01",Congressional District 1,C2,"118",G5200,N,"525824306","376084550","+21.3267681","-157.8782650",tl_rd22_15_cd118,Ed Case,Hawaii 1st,Hawaii,D,2210 RHOB,(202) 225-2726,appropriations|natural_resources,"1","0","0","0","1","0","0","0","0","0","0","0","0","0","0","0","0","0","0","0","0","0","0","0","0","0","51491",Department of Defense,Tripler Army Medical Center,https://www.army.mil/,0.003401514505152,0.000000750121555
"15","1501","01",Congressional District 1,C2,"118",G5200,N,"525824306","376084550","+21.3267681","-157.8782650",tl_rd22_15_cd118,Ed Case,Hawaii 1st,Hawaii,D,2210 RHOB,(202) 225-2726,appropriations|natural_resources,"1","0","0","0","1","0","0","0","0","0","0","0","0","0","0","0","0","0","0","0","0","0","0","0","0","0","51492",Department of Defense,Tripler Army Medical Center,https://www.army.mil/,0.047796105077999,0.000125197400106
"15","1501","01",Congressional District 1,C2,"118",G5200,N,"525824306","376084550","+21.3267681","-157.8782650",tl_rd22_15_cd118,Ed Case,Hawaii 1st,Hawaii,D,2210 RHOB,(202) 225-2726,appropriations|natural_resources,"1","0","0","0","1","0","0","0","0","0","0","0","0","0","0","0","0","0","0","0","0","0","0","0","0","0","51493",Department of Defense,Aliamanu Military Reservation,https://www.army.mil/,0.067083246403653,0.000187456588509
"15","1502","02",Congressional District 2,C2,"118",G5200,N,"16108322860","11401567556","+19.8281671","-155.4950421",tl_rd22_15_cd118,Jill Tokuda,Hawaii 2nd,Hawaii,D,1005 LHOB,(202) 225-4906,agriculture|armed_services|select_subcommittee_on_the_coronavirus_pandemic,"0","1","0","1","0","0","0","0","0","0","0","0","0","0","0","0","0","0","0","1","0","0","0","0","0","0","50223",Department of Defense,Kawaihae Mil Reserve,https://www.army.mil/,0.006767776765163,0.000002546047221
"15","1502","02",Congressional District 2,C2,"118",G5200,N,"16108322860","11401567556","+19.8281671","-155.4950421",tl_rd22_15_cd118,Jill Tokuda,Hawaii 2nd,Hawaii,D,1005 LHOB,(202) 225-4906,agriculture|armed_services|select_subcommittee_on_the_coronavirus_pandemic,"0","1","0","1","0","0","0","0","0","0","0","0","0","0","0","0","0","0","0","1","0","0","0","0","0","0","50224",Department of Defense,Kawaihae Mil Reserve,https://www.army.mil/,0.002775495395536,0.000000176382978
"15","1502","02",Congressional District 2,C2,"118",G5200,N,"16108322860","11401567556","+19.8281671","-155.4950421",tl_rd22_15_cd118,Jill Tokuda,Hawaii 2nd,Hawaii,D,1005 LHOB,(202) 225-4906,agriculture|armed_services|select_subcommittee_on_the_coronavirus_pandemic,"0","1","0","1","0","0","0","0","0","0","0","0","0","0","0","0","0","0","0","1","0","0","0","0","0","0","50225",Department of Defense,Kawaihae Mil Reserve,https://www.army.mil/,0.004480788206289,0.000001060879246
"15","1502","02",Congressional District 2,C2,"118",G5200,N,"16108322860","11401567556","+19.8281671","-155.4950421",tl_rd22_15_cd118,Jill Tokuda,Hawaii 2nd,Hawaii,D,1005 LHOB,(202) 225-4906,agriculture|armed_services|select_subcommittee_on_the_coronavirus_pandemic,"0","1","0","1","0","0","0","0","0","0","0","0","0","0","0","0","0","0","0","1","0","0","0","0","0","0","50259",Department of Defense,Makua Mil Reserve,https://www.army.mil/,0.231210059052712,0.001545257692079
"15","1502","02",Congressional District 2,C2,"118",G5200,N,"16108322860","11401567556","+19.8281671","-155.4950421",tl_rd22_15_cd118,Jill Tokuda,Hawaii 2nd,Hawaii,D,1005 LHOB,(202) 225-4906,agriculture|armed_services|select_subcommittee_on_the_coronavirus_pandemic,"0","1","0","1","0","0","0","0","0","0","0","0","0","0","0","0","0","0","0","1","0","0","0","0","0","0","50348",Department of Defense,Pupukea Paalaa Uka Mil Road,https://www.army.mil/,0.290112466900179,0.004630203986617
"15","1502","02",Congressional District 2,C2,"118",G5200,N,"16108322860","11401567556","+19.8281671","-155.4950421",tl_rd22_15_cd118,Jill Tokuda,Hawaii 2nd,Hawaii,D,1005 LHOB,(202) 225-4906,agriculture|armed_services|select_subcommittee_on_the_coronavirus_pandemic,"0","1","0","1","0","0","0","0","0","0","0","0","0","0","0","0","0","0","0","1","0","0","0","0","0","0","50384",Department of Defense,Tropic Regions Test Center,https://www.army.mil/,0.002553461727249,0.000000036156909
"15","1502","02",Congressional District 2,C2,"118",G5200,N,"16108322860","11401567556","+19.8281671","-155.4950421",tl_rd22_15_cd118,Jill Tokuda,Hawaii 2nd,Hawaii,D,1005 LHOB,(202) 225-4906,agriculture|armed_services|select_subcommittee_on_the_coronavirus_pandemic,"0","1","0","1","0","0","0","0","0","0","0","0","0","0","0","0","0","0","0","1","0","0","0","0","0","0","50385",Department of Defense,Tropic Regions Test Center,https://www.army.mil/,0.045921782929009,0.000001196144892
"15","1502","02",Congressional District 2,C2,"118",G5200,N,"16108322860","11401567556","+19.8281671","-155.4950421",tl_rd22_15_cd118,Jill Tokuda,Hawaii 2nd,Hawaii,D,1005 LHOB,(202) 225-4906,agriculture|armed_services|select_subcommittee_on_the_coronavirus_pandemic,"0","1","0","1","0","0","0","0","0","0","0","0","0","0","0","0","0","0","0","1","0","0","0","0","0","0","50387",Department of Defense,Tropic Regions Test Center,https://www.army.mil/,0.000594884494961,0.000000003491684
"15","1502","02",Congressional District 2,C2,"118",G5200,N,"16108322860","11401567556","+19.8281671","-155.4950421",tl_rd22_15_cd118,Jill Tokuda,Hawaii 2nd,Hawaii,D,1005 LHOB,(202) 225-4906,agriculture|armed_services|select_subcommittee_on_the_coronavirus_pandemic,"0","1","0","1","0","0","0","0","0","0","0","0","0","0","0","0","0","0","0","1","0","0","0","0","0","0","50388",Department of Defense,Tropic Regions Test Center,https://www.army.mil/,0.000695070967439,0.000000008184658
"15","1502","02",Congressional District 2,C2,"118",G5200,N,"16108322860","11401567556","+19.8281671","-155.4950421",tl_rd22_15_cd118,Jill Tokuda,Hawaii 2nd,Hawaii,D,1005 LHOB,(202) 225-4906,agriculture|armed_services|select_subcommittee_on_the_coronavirus_pandemic,"0","1","0","1","0","0","0","0","0","0","0","0","0","0","0","0","0","0","0","1","0","0","0","0","0","0","50390",Department of Defense,Tropic Regions Test Center,https://www.army.mil/,0.017295470873370,0.000000137217530
"15","1502","02",Congressional District 2,C2,"118",G5200,N,"16108322860","11401567556","+19.8281671","-155.4950421",tl_rd22_15_cd118,Jill Tokuda,Hawaii 2nd,Hawaii,D,1005 LHOB,(202) 225-4906,agriculture|armed_services|select_subcommittee_on_the_coronavirus_pandemic,"0","1","0","1","0","0","0","0","0","0","0","0","0","0","0","0","0","0","0","1","0","0","0","0","0","0","50391",Department of Defense,Tropic Regions Test Center,https://www.army.mil/,0.003046100749009,0.000000174798014
"15","1502","02",Congressional District 2,C2,"118",G5200,N,"16108322860","11401567556","+19.8281671","-155.4950421",tl_rd22_15_cd118,Jill Tokuda,Hawaii 2nd,Hawaii,D,1005 LHOB,(202) 225-4906,agriculture|armed_services|select_subcommittee_on_the_coronavirus_pandemic,"0","1","0","1","0","0","0","0","0","0","0","0","0","0","0","0","0","0","0","1","0","0","0","0","0","0","50392",Department of Defense,Tropic Regions Test Center,https://www.army.mil/,0.001751497289923,0.000000108452957
"15","1502","02",Congressional District 2,C2,"118",G5200,N,"16108322860","11401567556","+19.8281671","-155.4950421",tl_rd22_15_cd118,Jill Tokuda,Hawaii 2nd,Hawaii,D,1005 LHOB,(202) 225-4906,agriculture|armed_services|select_subcommittee_on_the_coronavirus_pandemic,"0","1","0","1","0","0","0","0","0","0","0","0","0","0","0","0","0","0","0","1","0","0","0","0","0","0","50393",Department of Defense,Tropic Regions Test Center,https://www.army.mil/,0.016156539807622,0.000000121776754
"15","1502","02",Congressional District 2,C2,"118",G5200,N,"16108322860","11401567556","+19.8281671","-155.4950421",tl_rd22_15_cd118,Jill Tokuda,Hawaii 2nd,Hawaii,D,1005 LHOB,(202) 225-4906,agriculture|armed_services|select_subcommittee_on_the_coronavirus_pandemic,"0","1","0","1","0","0","0","0","0","0","0","0","0","0","0","0","0","0","0","1","0","0","0","0","0","0","50394",Department of Defense,Tropic Regions Test Center,https://www.army.mil/,0.022281743201568,0.000000301477898
"15","1502","02",Congressional District 2,C2,"118",G5200,N,"16108322860","11401567556","+19.8281671","-155.4950421",tl_rd22_15_cd118,Jill Tokuda,Hawaii 2nd,Hawaii,D,1005 LHOB,(202) 225-4906,agriculture|armed_services|select_subcommittee_on_the_coronavirus_pandemic,"0","1","0","1","0","0","0","0","0","0","0","0","0","0","0","0","0","0","0","1","0","0","0","0","0","0","50395",Department of Defense,Tropic Regions Test Center,https://www.army.mil/,0.336308258257965,0.001757865781139
"15","1502","02",Congressional District 2,C2,"118",G5200,N,"16108322860","11401567556","+19.8281671","-155.4950421",tl_rd22_15_cd118,Jill Tokuda,Hawaii 2nd,Hawaii,D,1005 LHOB,(202) 225-4906,agriculture|armed_services|select_subcommittee_on_the_coronavirus_pandemic,"0","1","0","1","0","0","0","0","0","0","0","0","0","0","0","0","0","0","0","1","0","0","0","0","0","0","50396",Department of Defense,Tropic Regions Test Center,https://www.army.mil/,0.441641688212968,0.003532795124688
"15","1502","02",Congressional District 2,C2,"118",G5200,N,"16108322860","11401567556","+19.8281671","-155.4950421",tl_rd22_15_cd118,Jill Tokuda,Hawaii 2nd,Hawaii,D,1005 LHOB,(202) 225-4906,agriculture|armed_services|select_subcommittee_on_the_coronavirus_pandemic,"0","1","0","1","0","0","0","0","0","0","0","0","0","0","0","0","0","0","0","1","0","0","0","0","0","0","50397",Department of Defense,Tropic Regions Test Center,https://www.army.mil/,0.012981452403266,0.000005363412019
"15","1502","02",Congressional District 2,C2,"118",G5200,N,"16108322860","11401567556","+19.8281671","-155.4950421",tl_rd22_15_cd118,Jill Tokuda,Hawaii 2nd,Hawaii,D,1005 LHOB,(202) 225-4906,agriculture|armed_services|select_subcommittee_on_the_coronavirus_pandemic,"0","1","0","1","0","0","0","0","0","0","0","0","0","0","0","0","0","0","0","1","0","0","0","0","0","0","50398",Department of Defense,Tropic Regions Test Center,https://www.army.mil/,0.045695563957542,0.000055568229700
"15","1502","02",Congressional District 2,C2,"118",G5200,N,"16108322860","11401567556","+19.8281671","-155.4950421",tl_rd22_15_cd118,Jill Tokuda,Hawaii 2nd,Hawaii,D,1005 LHOB,(202) 225-4906,agriculture|armed_services|select_subcommittee_on_the_coronavirus_pandemic,"0","1","0","1","0","0","0","0","0","0","0","0","0","0","0","0","0","0","0","1","0","0","0","0","0","0","50399",Department of Defense,Tropic Regions Test Center,https://www.army.mil/,0.046710150475772,0.000067418798963
"15","1502","02",Congressional District 2,C2,"118",G5200,N,"16108322860","11401567556","+19.8281671","-155.4950421",tl_rd22_15_cd118,Jill Tokuda,Hawaii 2nd,Hawaii,D,1005 LHOB,(202) 225-4906,agriculture|armed_services|select_subcommittee_on_the_coronavirus_pandemic,"0","1","0","1","0","0","0","0","0","0","0","0","0","0","0","0","0","0","0","1","0","0","0","0","0","0","50400",Department of Defense,Tropic Regions Test Center,https://www.army.mil/,0.046347521085171,0.000119119559264
"15","1502","02",Congressional District 2,C2,"118",G5200,N,"16108322860","11401567556","+19.8281671","-155.4950421",tl_rd22_15_cd118,Jill Tokuda,Hawaii 2nd,Hawaii,D,1005 LHOB,(202) 225-4906,agriculture|armed_services|select_subcommittee_on_the_coronavirus_pandemic,"0","1","0","1","0","0","0","0","0","0","0","0","0","0","0","0","0","0","0","1","0","0","0","0","0","0","50401",Department of Defense,Tropic Regions Test Center,https://www.army.mil/,0.121418172932358,0.000323358569413
"15","1502","02",Congressional District 2,C2,"118",G5200,N,"16108322860","11401567556","+19.8281671","-155.4950421",tl_rd22_15_cd118,Jill Tokuda,Hawaii 2nd,Hawaii,D,1005 LHOB,(202) 225-4906,agriculture|armed_services|select_subcommittee_on_the_coronavirus_pandemic,"0","1","0","1","0","0","0","0","0","0","0","0","0","0","0","0","0","0","0","1","0","0","0","0","0","0","50402",Department of Defense,Tropic Regions Test Center,https://www.army.mil/,0.045338975502011,0.000037510654003
"15","1502","02",Congressional District 2,C2,"118",G5200,N,"16108322860","11401567556","+19.8281671","-155.4950421",tl_rd22_15_cd118,Jill Tokuda,Hawaii 2nd,Hawaii,D,1005 LHOB,(202) 225-4906,agriculture|armed_services|select_subcommittee_on_the_coronavirus_pandemic,"0","1","0","1","0","0","0","0","0","0","0","0","0","0","0","0","0","0","0","1","0","0","0","0","0","0","50403",Department of Defense,Tropic Regions Test Center,https://www.army.mil/,0.146993199272725,0.000423986191404
"15","1502","02",Congressional District 2,C2,"118",G5200,N,"16108322860","11401567556","+19.8281671","-155.4950421",tl_rd22_15_cd118,Jill Tokuda,Hawaii 2nd,Hawaii,D,1005 LHOB,(202) 225-4906,agriculture|armed_services|select_subcommittee_on_the_coronavirus_pandemic,"0","1","0","1","0","0","0","0","0","0","0","0","0","0","0","0","0","0","0","1","0","0","0","0","0","0","50404",Department of Defense,Tropic Regions Test Center,https://www.army.mil/,0.107689900782775,0.000174726739080
"15","1502","02",Congressional District 2,C2,"118",G5200,N,"16108322860","11401567556","+19.8281671","-155.4950421",tl_rd22_15_cd118,Jill Tokuda,Hawaii 2nd,Hawaii,D,1005 LHOB,(202) 225-4906,agriculture|armed_services|select_subcommittee_on_the_coronavirus_pandemic,"0","1","0","1","0","0","0","0","0","0","0","0","0","0","0","0","0","0","0","1","0","0","0","0","0","0","50437",Department of Defense,NG TS Keaukaha Mil Res,https://www.nationalguard.mil/,0.100678193180612,0.000175699461616
"15","1502","02",Congressional District 2,C2,"118",G5200,N,"16108322860","11401567556","+19.8281671","-155.4950421",tl_rd22_15_cd118,Jill Tokuda,Hawaii 2nd,Hawaii,D,1005 LHOB,(202) 225-4906,agriculture|armed_services|select_subcommittee_on_the_coronavirus_pandemic,"0","1","0","1","0","0","0","0","0","0","0","0","0","0","0","0","0","0","0","1","0","0","0","0","0","0","50441",Department of Defense,USA Field Station Kunia,https://www.army.mil/,0.032801246803743,0.000033612569914
"15","1502","02",Congressional District 2,C2,"118",G5200,N,"16108322860","11401567556","+19.8281671","-155.4950421",tl_rd22_15_cd118,Jill Tokuda,Hawaii 2nd,Hawaii,D,1005 LHOB,(202) 225-4906,agriculture|armed_services|select_subcommittee_on_the_coronavirus_pandemic,"0","1","0","1","0","0","0","0","0","0","0","0","0","0","0","0","0","0","0","1","0","0","0","0","0","0","50442",Department of Defense,USA Field Station Kunia,https://www.army.mil/,0.011332510237836,0.000000162763060
"15","1502","02",Congressional District 2,C2,"118",G5200,N,"16108322860","11401567556","+19.8281671","-155.4950421",tl_rd22_15_cd118,Jill Tokuda,Hawaii 2nd,Hawaii,D,1005 LHOB,(202) 225-4906,agriculture|armed_services|select_subcommittee_on_the_coronavirus_pandemic,"0","1","0","1","0","0","0","0","0","0","0","0","0","0","0","0","0","0","0","1","0","0","0","0","0","0","50464",Department of Defense,Waianae Kai Military Reservation,https://www.army.mil/,0.013220559500873,0.000004499956122
"15","1502","02",Congressional District 2,C2,"118",G5200,N,"16108322860","11401567556","+19.8281671","-155.4950421",tl_rd22_15_cd118,Jill Tokuda,Hawaii 2nd,Hawaii,D,1005 LHOB,(202) 225-4906,agriculture|armed_services|select_subcommittee_on_the_coronavirus_pandemic,"0","1","0","1","0","0","0","0","0","0","0","0","0","0","0","0","0","0","0","1","0","0","0","0","0","0","50465",Department of Defense,Waianae Kai Military Reservation,https://www.army.mil/,0.002629852113932,0.000000325218895
"15","1502","02",Congressional District 2,C2,"118",G5200,N,"16108322860","11401567556","+19.8281671","-155.4950421",tl_rd22_15_cd118,Jill Tokuda,Hawaii 2nd,Hawaii,D,1005 LHOB,(202) 225-4906,agriculture|armed_services|select_subcommittee_on_the_coronavirus_pandemic,"0","1","0","1","0","0","0","0","0","0","0","0","0","0","0","0","0","0","0","1","0","0","0","0","0","0","50471",Department of Defense,Wheeler Army Airfield,https://www.army.mil/,0.009450080920492,0.000003357830789
"15","1502","02",Congressional District 2,C2,"118",G5200,N,"16108322860","11401567556","+19.8281671","-155.4950421",tl_rd22_15_cd118,Jill Tokuda,Hawaii 2nd,Hawaii,D,1005 LHOB,(202) 225-4906,agriculture|armed_services|select_subcommittee_on_the_coronavirus_pandemic,"0","1","0","1","0","0","0","0","0","0","0","0","0","0","0","0","0","0","0","1","0","0","0","0","0","0","50472",Department of Defense,Wheeler Army Airfield,https://www.army.mil/,0.006434451714410,0.000000393132097
"15","1502","02",Congressional District 2,C2,"118",G5200,N,"16108322860","11401567556","+19.8281671","-155.4950421",tl_rd22_15_cd118,Jill Tokuda,Hawaii 2nd,Hawaii,D,1005 LHOB,(202) 225-4906,agriculture|armed_services|select_subcommittee_on_the_coronavirus_pandemic,"0","1","0","1","0","0","0","0","0","0","0","0","0","0","0","0","0","0","0","1","0","0","0","0","0","0","50474",Department of Defense,Wheeler Army Airfield,https://www.army.mil/,0.137428179323471,0.000482858744595
"15","1502","02",Congressional District 2,C2,"118",G5200,N,"16108322860","11401567556","+19.8281671","-155.4950421",tl_rd22_15_cd118,Jill Tokuda,Hawaii 2nd,Hawaii,D,1005 LHOB,(202) 225-4906,agriculture|armed_services|select_subcommittee_on_the_coronavirus_pandemic,"0","1","0","1","0","0","0","0","0","0","0","0","0","0","0","0","0","0","0","1","0","0","0","0","0","0","50690",Department of Defense,Bellows,https://www.af.mil/,0.031371992580817,0.000047968215208
"15","1502","02",Congressional District 2,C2,"118",G5200,N,"16108322860","11401567556","+19.8281671","-155.4950421",tl_rd22_15_cd118,Jill Tokuda,Hawaii 2nd,Hawaii,D,1005 LHOB,(202) 225-4906,agriculture|armed_services|select_subcommittee_on_the_coronavirus_pandemic,"0","1","0","1","0","0","0","0","0","0","0","0","0","0","0","0","0","0","0","1","0","0","0","0","0","0","50691",Department of Defense,Bellows,https://www.af.mil/,0.000217377567309,0.000000002855774
"15","1502","02",Congressional District 2,C2,"118",G5200,N,"16108322860","11401567556","+19.8281671","-155.4950421",tl_rd22_15_cd118,Jill Tokuda,Hawaii 2nd,Hawaii,D,1005 LHOB,(202) 225-4906,agriculture|armed_services|select_subcommittee_on_the_coronavirus_pandemic,"0","1","0","1","0","0","0","0","0","0","0","0","0","0","0","0","0","0","0","1","0","0","0","0","0","0","50692",Department of Defense,Bellows,https://www.af.mil/,0.049834153524377,0.000096917682680
"15","1502","02",Congressional District 2,C2,"118",G5200,N,"16108322860","11401567556","+19.8281671","-155.4950421",tl_rd22_15_cd118,Jill Tokuda,Hawaii 2nd,Hawaii,D,1005 LHOB,(202) 225-4906,agriculture|armed_services|select_subcommittee_on_the_coronavirus_pandemic,"0","1","0","1","0","0","0","0","0","0","0","0","0","0","0","0","0","0","0","1","0","0","0","0","0","0","50817",Department of Defense,MC Trng Area Bellows,https://www.marines.mil/,0.137778475074299,0.000363434460750
"15","1502","02",Congressional District 2,C2,"118",G5200,N,"16108322860","11401567556","+19.8281671","-155.4950421",tl_rd22_15_cd118,Jill Tokuda,Hawaii 2nd,Hawaii,D,1005 LHOB,(202) 225-4906,agriculture|armed_services|select_subcommittee_on_the_coronavirus_pandemic,"0","1","0","1","0","0","0","0","0","0","0","0","0","0","0","0","0","0","0","1","0","0","0","0","0","0","50819",Department of Defense,Marine Corps Base Hawaii,https://www.marines.mil/,0.205067376572765,0.001074986811373
"15","1502","02",Congressional District 2,C2,"118",G5200,N,"16108322860","11401567556","+19.8281671","-155.4950421",tl_rd22_15_cd118,Jill Tokuda,Hawaii 2nd,Hawaii,D,1005 LHOB,(202) 225-4906,agriculture|armed_services|select_subcommittee_on_the_coronavirus_pandemic,"0","1","0","1","0","0","0","0","0","0","0","0","0","0","0","0","0","0","0","1","0","0","0","0","0","0","51095",Department of Defense,Pacific Missile Range Facility,https://www.navy.mil/,0.357446790785532,0.003134821943555
"15","1502","02",Congressional District 2,C2,"118",G5200,N,"16108322860","11401567556","+19.8281671","-155.4950421",tl_rd22_15_cd118,Jill Tokuda,Hawaii 2nd,Hawaii,D,1005 LHOB,(202) 225-4906,agriculture|armed_services|select_subcommittee_on_the_coronavirus_pandemic,"0","1","0","1","0","0","0","0","0","0","0","0","0","0","0","0","0","0","0","1","0","0","0","0","0","0","51170",Department of Defense,Joint Base Pearl Harbor-Hickam,https://www.navy.mil/,0.001142539253138,0.000000081276275
"15","1502","02",Congressional District 2,C2,"118",G5200,N,"16108322860","11401567556","+19.8281671","-155.4950421",tl_rd22_15_cd118,Jill Tokuda,Hawaii 2nd,Hawaii,D,1005 LHOB,(202) 225-4906,agriculture|armed_services|select_subcommittee_on_the_coronavirus_pandemic,"0","1","0","1","0","0","0","0","0","0","0","0","0","0","0","0","0","0","0","1","0","0","0","0","0","0","51196",Department of Defense,Joint Base Pearl Harbor-Hickam,https://www.navy.mil/,0.007674142603099,0.000002953407978
"15","1502","02",Congressional District 2,C2,"118",G5200,N,"16108322860","11401567556","+19.8281671","-155.4950421",tl_rd22_15_cd118,Jill Tokuda,Hawaii 2nd,Hawaii,D,1005 LHOB,(202) 225-4906,agriculture|armed_services|select_subcommittee_on_the_coronavirus_pandemic,"0","1","0","1","0","0","0","0","0","0","0","0","0","0","0","0","0","0","0","1","0","0","0","0","0","0","51211",Department of Defense,Joint Base Pearl Harbor-Hickam,https://www.navy.mil/,0.022298273282143,0.000012255591338
"15","1502","02",Congressional District 2,C2,"118",G5200,N,"16108322860","11401567556","+19.8281671","-155.4950421",tl_rd22_15_cd118,Jill Tokuda,Hawaii 2nd,Hawaii,D,1005 LHOB,(202) 225-4906,agriculture|armed_services|select_subcommittee_on_the_coronavirus_pandemic,"0","1","0","1","0","0","0","0","0","0","0","0","0","0","0","0","0","0","0","1","0","0","0","0","0","0","51212",Department of Defense,Joint Base Pearl Harbor-Hickam,https://www.navy.mil/,0.272926055843097,0.003242672759075
"15","1502","02",Congressional District 2,C2,"118",G5200,N,"16108322860","11401567556","+19.8281671","-155.4950421",tl_rd22_15_cd118,Jill Tokuda,Hawaii 2nd,Hawaii,D,1005 LHOB,(202) 225-4906,agriculture|armed_services|select_subcommittee_on_the_coronavirus_pandemic,"0","1","0","1","0","0","0","0","0","0","0","0","0","0","0","0","0","0","0","1","0","0","0","0","0","0","51213",Department of Defense,Joint Base Pearl Harbor-Hickam,https://www.navy.mil/,0.107652571786595,0.000242242874836
"15","1502","02",Congressional District 2,C2,"118",G5200,N,"16108322860","11401567556","+19.8281671","-155.4950421",tl_rd22_15_cd118,Jill Tokuda,Hawaii 2nd,Hawaii,D,1005 LHOB,(202) 225-4906,agriculture|armed_services|select_subcommittee_on_the_coronavirus_pandemic,"0","1","0","1","0","0","0","0","0","0","0","0","0","0","0","0","0","0","0","1","0","0","0","0","0","0","51278",Department of Defense,Air Force Maui Optical and Supercomputing Site,https://www.af.mil/,0.005856270539222,0.000001851598412
"15","1502","02",Congressional District 2,C2,"118",G5200,N,"16108322860","11401567556","+19.8281671","-155.4950421",tl_rd22_15_cd118,Jill Tokuda,Hawaii 2nd,Hawaii,D,1005 LHOB,(202) 225-4906,agriculture|armed_services|select_subcommittee_on_the_coronavirus_pandemic,"0","1","0","1","0","0","0","0","0","0","0","0","0","0","0","0","0","0","0","1","0","0","0","0","0","0","51290",Department of Defense,CSO Barbers Point HI,https://www.navy.mil/,0.378312535130337,0.001003365540480
"15","1502","02",Congressional District 2,C2,"118",G5200,N,"16108322860","11401567556","+19.8281671","-155.4950421",tl_rd22_15_cd118,Jill Tokuda,Hawaii 2nd,Hawaii,D,1005 LHOB,(202) 225-4906,agriculture|armed_services|select_subcommittee_on_the_coronavirus_pandemic,"0","1","0","1","0","0","0","0","0","0","0","0","0","0","0","0","0","0","0","1","0","0","0","0","0","0","51351",Department of Defense,Dillingham Mil Res,https://www.army.mil/,0.018018914770702,0.000006495290858
"15","1502","02",Congressional District 2,C2,"118",G5200,N,"16108322860","11401567556","+19.8281671","-155.4950421",tl_rd22_15_cd118,Jill Tokuda,Hawaii 2nd,Hawaii,D,1005 LHOB,(202) 225-4906,agriculture|armed_services|select_subcommittee_on_the_coronavirus_pandemic,"0","1","0","1","0","0","0","0","0","0","0","0","0","0","0","0","0","0","0","1","0","0","0","0","0","0","51352",Department of Defense,Dillingham Mil Res,https://www.army.mil/,0.006504894133232,0.000001728665490
"15","1502","02",Congressional District 2,C2,"118",G5200,N,"16108322860","11401567556","+19.8281671","-155.4950421",tl_rd22_15_cd118,Jill Tokuda,Hawaii 2nd,Hawaii,D,1005 LHOB,(202) 225-4906,agriculture|armed_services|select_subcommittee_on_the_coronavirus_pandemic,"0","1","0","1","0","0","0","0","0","0","0","0","0","0","0","0","0","0","0","1","0","0","0","0","0","0","51353",Department of Defense,Dillingham Mil Res,https://www.army.mil/,0.095450726907170,0.000221302708785
"15","1502","02",Congressional District 2,C2,"118",G5200,N,"16108322860","11401567556","+19.8281671","-155.4950421",tl_rd22_15_cd118,Jill Tokuda,Hawaii 2nd,Hawaii,D,1005 LHOB,(202) 225-4906,agriculture|armed_services|select_subcommittee_on_the_coronavirus_pandemic,"0","1","0","1","0","0","0","0","0","0","0","0","0","0","0","0","0","0","0","1","0","0","0","0","0","0","51372",Department of Defense,Helemano Military Reservation,https://www.army.mil/,0.044188540252972,0.000099333860173
"15","1502","02",Congressional District 2,C2,"118",G5200,N,"16108322860","11401567556","+19.8281671","-155.4950421",tl_rd22_15_cd118,Jill Tokuda,Hawaii 2nd,Hawaii,D,1005 LHOB,(202) 225-4906,agriculture|armed_services|select_subcommittee_on_the_coronavirus_pandemic,"0","1","0","1","0","0","0","0","0","0","0","0","0","0","0","0","0","0","0","1","0","0","0","0","0","0","51383",Department of Defense,Kahuku Tng Area,https://www.army.mil/,0.381712784519908,0.003364072208539
"15","1502","02",Congressional District 2,C2,"118",G5200,N,"16108322860","11401567556","+19.8281671","-155.4950421",tl_rd22_15_cd118,Jill Tokuda,Hawaii 2nd,Hawaii,D,1005 LHOB,(202) 225-4906,agriculture|armed_services|select_subcommittee_on_the_coronavirus_pandemic,"0","1","0","1","0","0","0","0","0","0","0","0","0","0","0","0","0","0","0","1","0","0","0","0","0","0","51384",Department of Defense,Kamokala Ridge,https://www.navy.mil/,0.025444790939286,0.000031373980788
"15","1502","02",Congressional District 2,C2,"118",G5200,N,"16108322860","11401567556","+19.8281671","-155.4950421",tl_rd22_15_cd118,Jill Tokuda,Hawaii 2nd,Hawaii,D,1005 LHOB,(202) 225-4906,agriculture|armed_services|select_subcommittee_on_the_coronavirus_pandemic,"0","1","0","1","0","0","0","0","0","0","0","0","0","0","0","0","0","0","0","1","0","0","0","0","0","0","51387",Department of Defense,Kilauea Mil Reserve,https://www.army.mil/,0.019054343986668,0.000018921804927
"15","1502","02",Congressional District 2,C2,"118",G5200,N,"16108322860","11401567556","+19.8281671","-155.4950421",tl_rd22_15_cd118,Jill Tokuda,Hawaii 2nd,Hawaii,D,1005 LHOB,(202) 225-4906,agriculture|armed_services|select_subcommittee_on_the_coronavirus_pandemic,"0","1","0","1","0","0","0","0","0","0","0","0","0","0","0","0","0","0","0","1","0","0","0","0","0","0","51388",Department of Defense,Kilauea Mil Reserve,https://www.army.mil/,0.008079215686746,0.000003839125007
"15","1502","02",Congressional District 2,C2,"118",G5200,N,"16108322860","11401567556","+19.8281671","-155.4950421",tl_rd22_15_cd118,Jill Tokuda,Hawaii 2nd,Hawaii,D,1005 LHOB,(202) 225-4906,agriculture|armed_services|select_subcommittee_on_the_coronavirus_pandemic,"0","1","0","1","0","0","0","0","0","0","0","0","0","0","0","0","0","0","0","1","0","0","0","0","0","0","51395",Department of Defense,Makaha Ridge,https://www.navy.mil/,0.037581495342925,0.000073235264281
"15","1502","02",Congressional District 2,C2,"118",G5200,N,"16108322860","11401567556","+19.8281671","-155.4950421",tl_rd22_15_cd118,Jill Tokuda,Hawaii 2nd,Hawaii,D,1005 LHOB,(202) 225-4906,agriculture|armed_services|select_subcommittee_on_the_coronavirus_pandemic,"0","1","0","1","0","0","0","0","0","0","0","0","0","0","0","0","0","0","0","1","0","0","0","0","0","0","51456",Department of Defense,Pohakuloa Training Area,https://www.army.mil/,1.312760972010210,0.046070196770495
"15","1502","02",Congressional District 2,C2,"118",G5200,N,"16108322860","11401567556","+19.8281671","-155.4950421",tl_rd22_15_cd118,Jill Tokuda,Hawaii 2nd,Hawaii,D,1005 LHOB,(202) 225-4906,agriculture|armed_services|select_subcommittee_on_the_coronavirus_pandemic,"0","1","0","1","0","0","0","0","0","0","0","0","0","0","0","0","0","0","0","1","0","0","0","0","0","0","51508",Department of Defense,Kaena Point Satellite Tracking Station,https://www.af.mil/,0.013216441337307,0.000004463374163
"15","1502","02",Congressional District 2,C2,"118",G5200,N,"16108322860","11401567556","+19.8281671","-155.4950421",tl_rd22_15_cd118,Jill Tokuda,Hawaii 2nd,Hawaii,D,1005 LHOB,(202) 225-4906,agriculture|armed_services|select_subcommittee_on_the_coronavirus_pandemic,"0","1","0","1","0","0","0","0","0","0","0","0","0","0","0","0","0","0","0","1","0","0","0","0","0","0","51509",Department of Defense,Kaena Point Satellite Tracking Station,https://www.af.mil/,0.002311924956402,0.000000209047750
"15","1502","02",Congressional District 2,C2,"118",G5200,N,"16108322860","11401567556","+19.8281671","-155.4950421",tl_rd22_15_cd118,Jill Tokuda,Hawaii 2nd,Hawaii,D,1005 LHOB,(202) 225-4906,agriculture|armed_services|select_subcommittee_on_the_coronavirus_pandemic,"0","1","0","1","0","0","0","0","0","0","0","0","0","0","0","0","0","0","0","1","0","0","0","0","0","0","51510",Department of Defense,Kaena Point Satellite Tracking Station,https://www.af.mil/,0.005080737077988,0.000001013873106
"15","1502","02",Congressional District 2,C2,"118",G5200,N,"16108322860","11401567556","+19.8281671","-155.4950421",tl_rd22_15_cd118,Jill Tokuda,Hawaii 2nd,Hawaii,D,1005 LHOB,(202) 225-4906,agriculture|armed_services|select_subcommittee_on_the_coronavirus_pandemic,"0","1","0","1","0","0","0","0","0","0","0","0","0","0","0","0","0","0","0","1","0","0","0","0","0","0","51511",Department of Defense,Kaena Point Satellite Tracking Station,https://www.af.mil/,0.001826495500539,0.000000225471787
"16","1601","01",Congressional District 1,C2,"118",G5200,N,"102045232110","1308831859","+45.3105778","-116.0349740",tl_rd22_16_cd118,Russ Fulcher,Idaho 1st,Idaho,R,1514 LHOB,(202) 225-6611,energy_and_commerce|natural_resources,"0","0","0","0","1","0","0","0","1","0","0","0","0","0","0","0","0","0","0","0","0","0","0","0","0","0","50337",Department of Defense,Orchard Combat Training Center,https://www.nationalguard.mil/,1.290518511017130,0.064313552154542
"16","1601","01",Congressional District 1,C2,"118",G5200,N,"102045232110","1308831859","+45.3105778","-116.0349740",tl_rd22_16_cd118,Russ Fulcher,Idaho 1st,Idaho,R,1514 LHOB,(202) 225-6611,energy_and_commerce|natural_resources,"0","0","0","0","1","0","0","0","1","0","0","0","0","0","0","0","0","0","0","0","0","0","0","0","0","0","50512",Department of Defense,Saylor Creek Air Force Range,https://www.af.mil/,0.966102769895684,0.048716973382047
"16","1601","01",Congressional District 1,C2,"118",G5200,N,"102045232110","1308831859","+45.3105778","-116.0349740",tl_rd22_16_cd118,Russ Fulcher,Idaho 1st,Idaho,R,1514 LHOB,(202) 225-6611,energy_and_commerce|natural_resources,"0","0","0","0","1","0","0","0","1","0","0","0","0","0","0","0","0","0","0","0","0","0","0","0","0","0","50799",Department of Defense,Boise Air Terminal,https://www.ang.af.mil/,0.016653603438936,0.000016855642968
"16","1601","01",Congressional District 1,C2,"118",G5200,N,"102045232110","1308831859","+45.3105778","-116.0349740",tl_rd22_16_cd118,Russ Fulcher,Idaho 1st,Idaho,R,1514 LHOB,(202) 225-6611,energy_and_commerce|natural_resources,"0","0","0","0","1","0","0","0","1","0","0","0","0","0","0","0","0","0","0","0","0","0","0","0","0","0","51333",Department of Defense,Naval Surface Warfare Center Carderock Division – Acoustic Research Detachment,https://www.navy.mil/,0.002616754643438,0.000000125354192
"16","1601","01",Congressional District 1,C2,"118",G5200,N,"102045232110","1308831859","+45.3105778","-116.0349740",tl_rd22_16_cd118,Russ Fulcher,Idaho 1st,Idaho,R,1514 LHOB,(202) 225-6611,energy_and_commerce|natural_resources,"0","0","0","0","1","0","0","0","1","0","0","0","0","0","0","0","0","0","0","0","0","0","0","0","0","0","51334",Department of Defense,Naval Surface Warfare Center Carderock Division – Acoustic Research Detachment,https://www.navy.mil/,0.023696193348115,0.000012612473036
"16","1601","01",Congressional District 1,C2,"118",G5200,N,"102045232110","1308831859","+45.3105778","-116.0349740",tl_rd22_16_cd118,Russ Fulcher,Idaho 1st,Idaho,R,1514 LHOB,(202) 225-6611,energy_and_commerce|natural_resources,"0","0","0","0","1","0","0","0","1","0","0","0","0","0","0","0","0","0","0","0","0","0","0","0","0","0","51447",Department of Defense,NG Camp Orchard Cantonement Area,https://www.nationalguard.mil/,0.123070941043693,0.000287949310107
"16","1602","02",Congressional District 2,C2,"118",G5200,N,"112004691386","1082745886","+43.4439256","-113.3642618",tl_rd22_16_cd118,Michael Simpson,Idaho 2nd,Idaho,R,2084 RHOB,(202) 225-5531,appropriations,"1","0","0","0","0","0","0","0","0","0","0","0","0","0","0","0","0","0","0","0","0","0","0","0","0","0","50058",Department of Defense,NG Edgemeade TS Mtn Home,https://www.nationalguard.mil/,0.039402194090049,0.000066615288385
"16","1602","02",Congressional District 2,C2,"118",G5200,N,"112004691386","1082745886","+43.4439256","-113.3642618",tl_rd22_16_cd118,Michael Simpson,Idaho 2nd,Idaho,R,2084 RHOB,(202) 225-5531,appropriations,"1","0","0","0","0","0","0","0","0","0","0","0","0","0","0","0","0","0","0","0","0","0","0","0","0","0","50337",Department of Defense,Orchard Combat Training Center,https://www.nationalguard.mil/,1.290518511017130,0.064313552154542
"16","1602","02",Congressional District 2,C2,"118",G5200,N,"112004691386","1082745886","+43.4439256","-113.3642618",tl_rd22_16_cd118,Michael Simpson,Idaho 2nd,Idaho,R,2084 RHOB,(202) 225-5531,appropriations,"1","0","0","0","0","0","0","0","0","0","0","0","0","0","0","0","0","0","0","0","0","0","0","0","0","0","50512",Department of Defense,Saylor Creek Air Force Range,https://www.af.mil/,0.966102769895684,0.048716973382047
"16","1602","02",Congressional District 2,C2,"118",G5200,N,"112004691386","1082745886","+43.4439256","-113.3642618",tl_rd22_16_cd118,Michael Simpson,Idaho 2nd,Idaho,R,2084 RHOB,(202) 225-5531,appropriations,"1","0","0","0","0","0","0","0","0","0","0","0","0","0","0","0","0","0","0","0","0","0","0","0","0","0","50800",Department of Defense,Boise Air Terminal,https://www.ang.af.mil/,0.096860277974270,0.000248013802820
"16","1602","02",Congressional District 2,C2,"118",G5200,N,"112004691386","1082745886","+43.4439256","-113.3642618",tl_rd22_16_cd118,Michael Simpson,Idaho 2nd,Idaho,R,2084 RHOB,(202) 225-5531,appropriations,"1","0","0","0","0","0","0","0","0","0","0","0","0","0","0","0","0","0","0","0","0","0","0","0","0","0","51427",Department of Defense,Mountain Home Air Force Base,https://www.af.mil/,0.219928272823299,0.002693601886135
"17","1701","01",Congressional District 1,C2,"118",G5200,N,"1583912452","24872365","+41.4175970","-087.9520463",tl_rd22_17_cd118,Jonathan Jackson,Illinois 1st,Illinois,D,1641 LHOB,(202) 225-4372,agriculture|foreign_affairs,"0","1","0","0","0","1","0","0","0","0","0","0","0","0","0","0","0","0","0","0","0","0","0","0","0","0","50443",Department of Defense,Joliet USARC/JTA,https://www.usar.army.mil/,0.219585878961188,0.001557407229543
"17","1701","01",Congressional District 1,C2,"118",G5200,N,"1583912452","24872365","+41.4175970","-087.9520463",tl_rd22_17_cd118,Jonathan Jackson,Illinois 1st,Illinois,D,1641 LHOB,(202) 225-4372,agriculture|foreign_affairs,"0","1","0","0","0","1","0","0","0","0","0","0","0","0","0","0","0","0","0","0","0","0","0","0","0","0","51379",Department of Defense,Joliet AAP Elwood,https://www.army.mil/,0.038016439133715,0.000071597005290
"17","1701","01",Congressional District 1,C2,"118",G5200,N,"1583912452","24872365","+41.4175970","-087.9520463",tl_rd22_17_cd118,Jonathan Jackson,Illinois 1st,Illinois,D,1641 LHOB,(202) 225-4372,agriculture|foreign_affairs,"0","1","0","0","0","1","0","0","0","0","0","0","0","0","0","0","0","0","0","0","0","0","0","0","0","0","51380",Department of Defense,Joliet AAP Elwood,https://www.army.mil/,0.034785428297578,0.000063855235046
"17","1701","01",Congressional District 1,C2,"118",G5200,N,"1583912452","24872365","+41.4175970","-087.9520463",tl_rd22_17_cd118,Jonathan Jackson,Illinois 1st,Illinois,D,1641 LHOB,(202) 225-4372,agriculture|foreign_affairs,"0","1","0","0","0","1","0","0","0","0","0","0","0","0","0","0","0","0","0","0","0","0","0","0","0","0","51381",Department of Defense,Joliet AAP Elwood,https://www.army.mil/,0.032768146582766,0.000058865929429
"17","1701","01",Congressional District 1,C2,"118",G5200,N,"1583912452","24872365","+41.4175970","-087.9520463",tl_rd22_17_cd118,Jonathan Jackson,Illinois 1st,Illinois,D,1641 LHOB,(202) 225-4372,agriculture|foreign_affairs,"0","1","0","0","0","1","0","0","0","0","0","0","0","0","0","0","0","0","0","0","0","0","0","0","0","0","51382",Department of Defense,Joliet AAP Elwood,https://www.army.mil/,0.035569230004143,0.000066392020638
"17","1702","02",Congressional District 2,C2,"118",G5200,N,"10144441721","38973660","+40.7714827","-087.9426525",tl_rd22_17_cd118,Robin Kelly,Illinois 2nd,Illinois,D,2329 RHOB,(202) 225-0773,energy_and_commerce,"0","0","0","0","0","0","0","0","1","0","0","0","0","0","0","0","0","0","0","0","0","0","0","0","0","0","51292",Department of Defense,Chanute AFB,https://www.af.mil/,0.019761834424497,0.000001215757063
"17","1702","02",Congressional District 2,C2,"118",G5200,N,"10144441721","38973660","+40.7714827","-087.9426525",tl_rd22_17_cd118,Robin Kelly,Illinois 2nd,Illinois,D,2329 RHOB,(202) 225-0773,energy_and_commerce,"0","0","0","0","0","0","0","0","1","0","0","0","0","0","0","0","0","0","0","0","0","0","0","0","0","0","51293",Department of Defense,Chanute AFB,https://www.af.mil/,0.148264562731598,0.000924260718116
"17","1702","02",Congressional District 2,C2,"118",G5200,N,"10144441721","38973660","+40.7714827","-087.9426525",tl_rd22_17_cd118,Robin Kelly,Illinois 2nd,Illinois,D,2329 RHOB,(202) 225-0773,energy_and_commerce,"0","0","0","0","0","0","0","0","1","0","0","0","0","0","0","0","0","0","0","0","0","0","0","0","0","0","51294",Department of Defense,Chanute AFB,https://www.af.mil/,0.023707246380050,0.000020924175361
"17","1709","09",Congressional District 9,C2,"118",G5200,N,"434421933","11566487","+42.2433994","-088.0899790",tl_rd22_17_cd118,Janice Schakowsky,Illinois 9th,Illinois,D,2408 RHOB,(202) 225-2111,budget|energy_and_commerce,"0","0","0","0","0","0","0","0","1","0","0","0","0","0","1","0","0","0","0","0","0","0","0","0","0","0","50967",Department of Defense,Glenview,https://www.navy.mil/,0.021053358388485,0.000013320648390
"17","1710","10",Congressional District 10,C2,"118",G5200,N,"1321079996","67346595","+42.3522356","-088.0518589",tl_rd22_17_cd118,Bradley Schneider,Illinois 10th,Illinois,D,300 CHOB,(202) 225-4835,foreign_affairs|ways_and_means,"0","0","0","0","0","1","0","0","0","1","0","0","0","0","0","0","0","0","0","0","0","0","0","0","0","0","50943",Department of Defense,GL Camp JPJ,https://www.navy.mil/,0.018708205102409,0.000021634075204
"17","1710","10",Congressional District 10,C2,"118",G5200,N,"1321079996","67346595","+42.3522356","-088.0518589",tl_rd22_17_cd118,Bradley Schneider,Illinois 10th,Illinois,D,300 CHOB,(202) 225-4835,foreign_affairs|ways_and_means,"0","0","0","0","0","1","0","0","0","1","0","0","0","0","0","0","0","0","0","0","0","0","0","0","0","0","50959",Department of Defense,Fort Sheridan,https://www.navy.mil/,0.003381613230168,0.000000555872872
"17","1710","10",Congressional District 10,C2,"118",G5200,N,"1321079996","67346595","+42.3522356","-088.0518589",tl_rd22_17_cd118,Bradley Schneider,Illinois 10th,Illinois,D,300 CHOB,(202) 225-4835,foreign_affairs|ways_and_means,"0","0","0","0","0","1","0","0","0","1","0","0","0","0","0","0","0","0","0","0","0","0","0","0","0","0","50960",Department of Defense,Fort Sheridan,https://www.navy.mil/,0.010376038370099,0.000005058526887
"17","1710","10",Congressional District 10,C2,"118",G5200,N,"1321079996","67346595","+42.3522356","-088.0518589",tl_rd22_17_cd118,Bradley Schneider,Illinois 10th,Illinois,D,300 CHOB,(202) 225-4835,foreign_affairs|ways_and_means,"0","0","0","0","0","1","0","0","0","1","0","0","0","0","0","0","0","0","0","0","0","0","0","0","0","0","50961",Department of Defense,Fort Sheridan,https://www.navy.mil/,0.057017348968869,0.000052799477080
"17","1710","10",Congressional District 10,C2,"118",G5200,N,"1321079996","67346595","+42.3522356","-088.0518589",tl_rd22_17_cd118,Bradley Schneider,Illinois 10th,Illinois,D,300 CHOB,(202) 225-4835,foreign_affairs|ways_and_means,"0","0","0","0","0","1","0","0","0","1","0","0","0","0","0","0","0","0","0","0","0","0","0","0","0","0","51438",Department of Defense,Naval Station Great Lakes IL,https://www.navy.mil/,0.078051348179186,0.000282258334552
"17","1712","12",Congressional District 12,C2,"118",G5200,N,"36301113021","667472571","+38.2952412","-088.7692539",tl_rd22_17_cd118,Mike Bost,Illinois 12th,Illinois,R,352 CHOB,(202) 225-5661,agriculture|transportation_and_infrastructure|veterans_affairs,"0","1","0","0","0","0","0","0","0","0","0","1","0","0","0","0","0","0","0","0","0","1","0","0","0","0","50416",Department of Defense,NG Sparta Armory,https://www.nationalguard.mil/,0.219601825705794,0.001095391157132
"17","1712","12",Congressional District 12,C2,"118",G5200,N,"36301113021","667472571","+38.2952412","-088.7692539",tl_rd22_17_cd118,Mike Bost,Illinois 12th,Illinois,R,352 CHOB,(202) 225-5661,agriculture|transportation_and_infrastructure|veterans_affairs,"0","1","0","0","0","0","0","0","0","0","0","1","0","0","0","0","0","0","0","0","0","1","0","0","0","0","50644",Department of Defense,Scott AFB,https://www.af.mil/,0.241024645562657,0.001212841403593
"17","1712","12",Congressional District 12,C2,"118",G5200,N,"36301113021","667472571","+38.2952412","-088.7692539",tl_rd22_17_cd118,Mike Bost,Illinois 12th,Illinois,R,352 CHOB,(202) 225-5661,agriculture|transportation_and_infrastructure|veterans_affairs,"0","1","0","0","0","0","0","0","0","0","0","1","0","0","0","0","0","0","0","0","0","1","0","0","0","0","50648",Department of Defense,NGA Arnold Site,https://www.af.mil/,0.014547249528944,0.000012065064010
"17","1713","13",Congressional District 13,C2,"118",G5200,N,"5864544984","93021940","+39.1280302","-090.0098538",tl_rd22_17_cd118,Nikki Budzinski,Illinois 13th,Illinois,D,1009 LHOB,(202) 225-2371,agriculture|veterans_affairs,"0","1","0","0","0","0","0","0","0","0","0","0","0","0","0","0","0","0","0","0","0","1","0","0","0","0","50418",Department of Defense,NG Springfield (TS Cp Lincoln),https://www.nationalguard.mil/,0.047631295509817,0.000089303824477
"17","1713","13",Congressional District 13,C2,"118",G5200,N,"5864544984","93021940","+39.1280302","-090.0098538",tl_rd22_17_cd118,Nikki Budzinski,Illinois 13th,Illinois,D,1009 LHOB,(202) 225-2371,agriculture|veterans_affairs,"0","1","0","0","0","0","0","0","0","0","0","0","0","0","0","0","0","0","0","0","0","1","0","0","0","0","50719",Department of Defense,Capital Airport,https://www.ang.af.mil/,0.030697187516446,0.000040117179876
"17","1714","14",Congressional District 14,C2,"118",G5200,N,"5115116407","59799087","+41.5690432","-088.7399034",tl_rd22_17_cd118,Lauren Underwood,Illinois 14th,Illinois,D,1410 LHOB,(202) 225-2976,appropriations,"1","0","0","0","0","0","0","0","0","0","0","0","0","0","0","0","0","0","0","0","0","0","0","0","0","0","50443",Department of Defense,Joliet USARC/JTA,https://www.usar.army.mil/,0.219585878961188,0.001557407229543
"17","1715","15",Congressional District 15,C2,"118",G5200,N,"43389735334","609023822","+39.8265432","-089.7721602",tl_rd22_17_cd118,Mary Miller,Illinois 15th,Illinois,R,1740 LHOB,(202) 225-5271,agriculture|education_and_the_workforce,"0","1","0","0","0","0","0","1","0","0","0","0","0","0","0","0","0","0","0","0","0","0","0","0","0","0","51293",Department of Defense,Chanute AFB,https://www.af.mil/,0.148264562731598,0.000924260718116
"17","1716","16",Congressional District 16,C2,"118",G5200,N,"23088287491","280308504","+41.3942218","-089.4494877",tl_rd22_17_cd118,Darin LaHood,Illinois 16th,Illinois,R,1424 LHOB,(202) 225-6201,Intelligence|ways_and_means|select_sub_us_china,"0","0","0","0","0","0","0","0","0","1","0","0","0","0","0","0","0","0","1","0","0","0","1","0","0","0","50260",Department of Defense,NG Marseilles (MTA Tng Area),https://www.nationalguard.mil/,0.186510598627232,0.001242030571976
"17","1716","16",Congressional District 16,C2,"118",G5200,N,"23088287491","280308504","+41.3942218","-089.4494877",tl_rd22_17_cd118,Darin LaHood,Illinois 16th,Illinois,R,1424 LHOB,(202) 225-6201,Intelligence|ways_and_means|select_sub_us_china,"0","0","0","0","0","0","0","0","0","1","0","0","0","0","0","0","0","0","1","0","0","0","1","0","0","0","50382",Department of Defense,Savanna Depot Act,https://www.army.mil/,0.184651974450650,0.000214861492775
"17","1716","16",Congressional District 16,C2,"118",G5200,N,"23088287491","280308504","+41.3942218","-089.4494877",tl_rd22_17_cd118,Darin LaHood,Illinois 16th,Illinois,R,1424 LHOB,(202) 225-6201,Intelligence|ways_and_means|select_sub_us_china,"0","0","0","0","0","0","0","0","0","1","0","0","0","0","0","0","0","0","1","0","0","0","1","0","0","0","50383",Department of Defense,Savanna Depot Act,https://www.army.mil/,0.653140857338806,0.003548264407718
"17","1717","17",Congressional District 17,C2,"118",G5200,N,"11608190832","221294587","+41.0712077","-090.2586840",tl_rd22_17_cd118,Eric Sorensen,Illinois 17th,Illinois,D,1205 LHOB,(202) 225-5905,agriculture|science_space_and_technology,"0","1","0","0","0","0","0","0","0","0","0","0","0","0","0","0","0","0","0","0","1","0","0","0","0","0","50382",Department of Defense,Savanna Depot Act,https://www.army.mil/,0.184651974450650,0.000214861492775
"17","1717","17",Congressional District 17,C2,"118",G5200,N,"11608190832","221294587","+41.0712077","-090.2586840",tl_rd22_17_cd118,Eric Sorensen,Illinois 17th,Illinois,D,1205 LHOB,(202) 225-5905,agriculture|science_space_and_technology,"0","1","0","0","0","0","0","0","0","0","0","0","0","0","0","0","0","0","0","0","1","0","0","0","0","0","50383",Department of Defense,Savanna Depot Act,https://www.army.mil/,0.653140857338806,0.003548264407718
"17","1717","17",Congressional District 17,C2,"118",G5200,N,"11608190832","221294587","+41.0712077","-090.2586840",tl_rd22_17_cd118,Eric Sorensen,Illinois 17th,Illinois,D,1205 LHOB,(202) 225-5905,agriculture|science_space_and_technology,"0","1","0","0","0","0","0","0","0","0","0","0","0","0","0","0","0","0","0","0","1","0","0","0","0","0","50745",Department of Defense,General Wayne A Downing Peoria IAP,https://www.ang.af.mil/,0.063322258600176,0.000155836139170
"17","1717","17",Congressional District 17,C2,"118",G5200,N,"11608190832","221294587","+41.0712077","-090.2586840",tl_rd22_17_cd118,Eric Sorensen,Illinois 17th,Illinois,D,1205 LHOB,(202) 225-5905,agriculture|science_space_and_technology,"0","1","0","0","0","0","0","0","0","0","0","0","0","0","0","0","0","0","0","0","1","0","0","0","0","0","51457",Department of Defense,Rock Island Arsenal,https://www.army.mil/,0.164256995703825,0.000377389505019
"17",17ZZ,ZZ,Congressional Districts not defined,"00","118",G5200,F,"0","4070752445","+42.1753115","-087.4224402",tl_rd22_17_cd118,,,,,,,,,,,,,,,,,,,,,,,,,,,,,,,,,,"50961",Department of Defense,Fort Sheridan,https://www.navy.mil/,0.057017348968869,0.000052799477080
"17",17ZZ,ZZ,Congressional Districts not defined,"00","118",G5200,F,"0","4070752445","+42.1753115","-087.4224402",tl_rd22_17_cd118,,,,,,,,,,,,,,,,,,,,,,,,,,,,,,,,,,"51438",Department of Defense,Naval Station Great Lakes IL,https://www.navy.mil/,0.078051348179186,0.000282258334552
"18","1802","02",Congressional District 2,C2,"118",G5200,N,"11265243949","124869591","+41.2081119","-086.2418343",tl_rd22_18_cd118,Rudy Yakym,Indiana 2nd,Indiana,R,349 CHOB,(202) 225-3915,budget|transportation_and_infrastructure,"0","0","0","0","0","0","0","0","0","0","0","1","0","0","1","0","0","0","0","0","0","0","0","0","0","0","50620",Department of Defense,Grissom ARB,https://www.afrc.af.mil/,0.000620334000018,0.000000020884748
"18","1802","02",Congressional District 2,C2,"118",G5200,N,"11265243949","124869591","+41.2081119","-086.2418343",tl_rd22_18_cd118,Rudy Yakym,Indiana 2nd,Indiana,R,349 CHOB,(202) 225-3915,budget|transportation_and_infrastructure,"0","0","0","0","0","0","0","0","0","0","0","1","0","0","1","0","0","0","0","0","0","0","0","0","0","0","50621",Department of Defense,Grissom ARB,https://www.afrc.af.mil/,0.011806671077382,0.000006244417080
"18","1802","02",Congressional District 2,C2,"118",G5200,N,"11265243949","124869591","+41.2081119","-086.2418343",tl_rd22_18_cd118,Rudy Yakym,Indiana 2nd,Indiana,R,349 CHOB,(202) 225-3915,budget|transportation_and_infrastructure,"0","0","0","0","0","0","0","0","0","0","0","1","0","0","1","0","0","0","0","0","0","0","0","0","0","0","50622",Department of Defense,Grissom ARB,https://www.afrc.af.mil/,0.211867713097675,0.001162939558174
"18","1806","06",Congressional District 6,C2,"118",G5200,N,"8501177496","41237412","+39.6899505","-085.5147550",tl_rd22_18_cd118,Greg Pence,Indiana 6th,Indiana,R,404 CHOB,(202) 225-3021,energy_and_commerce,"0","0","0","0","0","0","0","0","1","0","0","0","0","0","0","0","0","0","0","0","0","0","0","0","0","0","49980",Department of Defense,NG Camp Atterbury,https://www.nationalguard.mil/,0.673991168041988,0.014793790137268
"18","1806","06",Congressional District 6,C2,"118",G5200,N,"8501177496","41237412","+39.6899505","-085.5147550",tl_rd22_18_cd118,Greg Pence,Indiana 6th,Indiana,R,404 CHOB,(202) 225-3021,energy_and_commerce,"0","0","0","0","0","0","0","0","1","0","0","0","0","0","0","0","0","0","0","0","0","0","0","0","0","0","50408",Department of Defense,NG Shelbyville,https://www.nationalguard.mil/,0.021326116884403,0.000019585533427
"18","1806","06",Congressional District 6,C2,"118",G5200,N,"8501177496","41237412","+39.6899505","-085.5147550",tl_rd22_18_cd118,Greg Pence,Indiana 6th,Indiana,R,404 CHOB,(202) 225-3021,energy_and_commerce,"0","0","0","0","0","0","0","0","1","0","0","0","0","0","0","0","0","0","0","0","0","0","0","0","0","0","50492",Department of Defense,NG Knightstown,https://www.nationalguard.mil/,0.069035975276542,0.000164886790706
"18","1807","07",Congressional District 7,C2,"118",G5200,N,"716459021","16103545","+39.8242555","-086.1381436",tl_rd22_18_cd118,Andre Carson,Indiana 7th,Indiana,D,2135 RHOB,(202) 225-4011,Intelligence|transportation_and_infrastructure|select_sub_us_china,"0","0","0","0","0","0","0","0","0","0","0","1","0","0","0","0","0","0","1","0","0","0","1","0","0","0","50071",Department of Defense,Fort Benjamin Harrison,https://www.army.mil/,0.003226869923188,0.000000643920390
"18","1807","07",Congressional District 7,C2,"118",G5200,N,"716459021","16103545","+39.8242555","-086.1381436",tl_rd22_18_cd118,Andre Carson,Indiana 7th,Indiana,D,2135 RHOB,(202) 225-4011,Intelligence|transportation_and_infrastructure|select_sub_us_china,"0","0","0","0","0","0","0","0","0","0","0","1","0","0","0","0","0","0","1","0","0","0","1","0","0","0","50072",Department of Defense,Fort Benjamin Harrison,https://www.army.mil/,0.020887780254401,0.000025135024629
"18","1807","07",Congressional District 7,C2,"118",G5200,N,"716459021","16103545","+39.8242555","-086.1381436",tl_rd22_18_cd118,Andre Carson,Indiana 7th,Indiana,D,2135 RHOB,(202) 225-4011,Intelligence|transportation_and_infrastructure|select_sub_us_china,"0","0","0","0","0","0","0","0","0","0","0","1","0","0","0","0","0","0","1","0","0","0","1","0","0","0","50073",Department of Defense,Fort Benjamin Harrison,https://www.army.mil/,0.002226358898943,0.000000239556250
"18","1807","07",Congressional District 7,C2,"118",G5200,N,"716459021","16103545","+39.8242555","-086.1381436",tl_rd22_18_cd118,Andre Carson,Indiana 7th,Indiana,D,2135 RHOB,(202) 225-4011,Intelligence|transportation_and_infrastructure|select_sub_us_china,"0","0","0","0","0","0","0","0","0","0","0","1","0","0","0","0","0","0","1","0","0","0","1","0","0","0","50074",Department of Defense,Fort Benjamin Harrison,https://www.army.mil/,0.006346913313619,0.000002465427335
"18","1807","07",Congressional District 7,C2,"118",G5200,N,"716459021","16103545","+39.8242555","-086.1381436",tl_rd22_18_cd118,Andre Carson,Indiana 7th,Indiana,D,2135 RHOB,(202) 225-4011,Intelligence|transportation_and_infrastructure|select_sub_us_china,"0","0","0","0","0","0","0","0","0","0","0","1","0","0","0","0","0","0","1","0","0","0","1","0","0","0","50205",Department of Defense,NG Indianapolis 38 ID,https://www.nationalguard.mil/,0.018267694896956,0.000019903452343
"18","1808","08",Congressional District 8,C2,"118",G5200,N,"20968915898","312867165","+38.7447477","-087.1404934",tl_rd22_18_cd118,Larry Bucshon,Indiana 8th,Indiana,R,2313 RHOB,(202) 225-4636,energy_and_commerce,"0","0","0","0","0","0","0","0","1","0","0","0","0","0","0","0","0","0","0","0","0","0","0","0","0","0","50758",Department of Defense,Hulman Fld,https://www.ang.af.mil/,0.012418389825768,0.000006763766879
"18","1808","08",Congressional District 8,C2,"118",G5200,N,"20968915898","312867165","+38.7447477","-087.1404934",tl_rd22_18_cd118,Larry Bucshon,Indiana 8th,Indiana,R,2313 RHOB,(202) 225-4636,energy_and_commerce,"0","0","0","0","0","0","0","0","1","0","0","0","0","0","0","0","0","0","0","0","0","0","0","0","0","0","50759",Department of Defense,Hulman Fld,https://www.ang.af.mil/,0.007930540211187,0.000003556185216
"18","1808","08",Congressional District 8,C2,"118",G5200,N,"20968915898","312867165","+38.7447477","-087.1404934",tl_rd22_18_cd118,Larry Bucshon,Indiana 8th,Indiana,R,2313 RHOB,(202) 225-4636,energy_and_commerce,"0","0","0","0","0","0","0","0","1","0","0","0","0","0","0","0","0","0","0","0","0","0","0","0","0","0","50760",Department of Defense,Hulman Fld,https://www.ang.af.mil/,0.007147229888808,0.000001354897693
"18","1808","08",Congressional District 8,C2,"118",G5200,N,"20968915898","312867165","+38.7447477","-087.1404934",tl_rd22_18_cd118,Larry Bucshon,Indiana 8th,Indiana,R,2313 RHOB,(202) 225-4636,energy_and_commerce,"0","0","0","0","0","0","0","0","1","0","0","0","0","0","0","0","0","0","0","0","0","0","0","0","0","0","50761",Department of Defense,Hulman Fld,https://www.ang.af.mil/,0.025800821993191,0.000029408861015
"18","1808","08",Congressional District 8,C2,"118",G5200,N,"20968915898","312867165","+38.7447477","-087.1404934",tl_rd22_18_cd118,Larry Bucshon,Indiana 8th,Indiana,R,2313 RHOB,(202) 225-4636,energy_and_commerce,"0","0","0","0","0","0","0","0","1","0","0","0","0","0","0","0","0","0","0","0","0","0","0","0","0","0","51161",Department of Defense,Naval Support Activity Crane,https://www.navy.mil/,0.456904099149085,0.008296415053489
"18","1808","08",Congressional District 8,C2,"118",G5200,N,"20968915898","312867165","+38.7447477","-087.1404934",tl_rd22_18_cd118,Larry Bucshon,Indiana 8th,Indiana,R,2313 RHOB,(202) 225-4636,energy_and_commerce,"0","0","0","0","0","0","0","0","1","0","0","0","0","0","0","0","0","0","0","0","0","0","0","0","0","0","51162",Department of Defense,Naval Support Activity Crane,https://www.navy.mil/,0.741707367546857,0.017745006439837
"18","1809","09",Congressional District 9,C2,"118",G5200,N,"15636532577","158484471","+38.8906572","-085.7663943",tl_rd22_18_cd118,Erin Houchin,Indiana 9th,Indiana,R,1632 LHOB,(202) 225-5315,financial_services|education_and_the_workforce|Rules,"0","0","0","0","0","0","0","1","0","0","1","0","0","0","0","0","0","0","0","0","0","0","0","0","1","0","49980",Department of Defense,NG Camp Atterbury,https://www.nationalguard.mil/,0.673991168041988,0.014793790137268
"18","1809","09",Congressional District 9,C2,"118",G5200,N,"15636532577","158484471","+38.8906572","-085.7663943",tl_rd22_18_cd118,Erin Houchin,Indiana 9th,Indiana,R,1632 LHOB,(202) 225-5315,financial_services|education_and_the_workforce|Rules,"0","0","0","0","0","0","0","1","0","0","1","0","0","0","0","0","0","0","0","0","0","0","0","0","1","0","50204",Department of Defense,Indiana Army Ammunition Plant,https://www.army.mil/,0.114152370478013,0.000642331532558
"18","1809","09",Congressional District 9,C2,"118",G5200,N,"15636532577","158484471","+38.8906572","-085.7663943",tl_rd22_18_cd118,Erin Houchin,Indiana 9th,Indiana,R,1632 LHOB,(202) 225-5315,financial_services|education_and_the_workforce|Rules,"0","0","0","0","0","0","0","1","0","0","1","0","0","0","0","0","0","0","0","0","0","0","0","0","1","0","50214",Department of Defense,Jefferson Proving Ground,https://www.army.mil/,0.012756803090192,0.000008168427308
"18","1809","09",Congressional District 9,C2,"118",G5200,N,"15636532577","158484471","+38.8906572","-085.7663943",tl_rd22_18_cd118,Erin Houchin,Indiana 9th,Indiana,R,1632 LHOB,(202) 225-5315,financial_services|education_and_the_workforce|Rules,"0","0","0","0","0","0","0","1","0","0","1","0","0","0","0","0","0","0","0","0","0","0","0","0","1","0","50215",Department of Defense,Jefferson Proving Ground,https://www.army.mil/,0.059087346131934,0.000033169152194
"18","1809","09",Congressional District 9,C2,"118",G5200,N,"15636532577","158484471","+38.8906572","-085.7663943",tl_rd22_18_cd118,Erin Houchin,Indiana 9th,Indiana,R,1632 LHOB,(202) 225-5315,financial_services|education_and_the_workforce|Rules,"0","0","0","0","0","0","0","1","0","0","1","0","0","0","0","0","0","0","0","0","0","0","0","0","1","0","50216",Department of Defense,Jefferson Proving Ground,https://www.army.mil/,0.016313692742432,0.000001396541058
"18","1809","09",Congressional District 9,C2,"118",G5200,N,"15636532577","158484471","+38.8906572","-085.7663943",tl_rd22_18_cd118,Erin Houchin,Indiana 9th,Indiana,R,1632 LHOB,(202) 225-5315,financial_services|education_and_the_workforce|Rules,"0","0","0","0","0","0","0","1","0","0","1","0","0","0","0","0","0","0","0","0","0","0","0","0","1","0","50217",Department of Defense,Jefferson Proving Ground,https://www.army.mil/,1.011310034355461,0.022155479075867
"18","1809","09",Congressional District 9,C2,"118",G5200,N,"15636532577","158484471","+38.8906572","-085.7663943",tl_rd22_18_cd118,Erin Houchin,Indiana 9th,Indiana,R,1632 LHOB,(202) 225-5315,financial_services|education_and_the_workforce|Rules,"0","0","0","0","0","0","0","1","0","0","1","0","0","0","0","0","0","0","0","0","0","0","0","0","1","0","50481",Department of Defense,NG Muscatatuck Urban Training Center,https://www.nationalguard.mil/,0.119975241800989,0.000404529453729
"18","1809","09",Congressional District 9,C2,"118",G5200,N,"15636532577","158484471","+38.8906572","-085.7663943",tl_rd22_18_cd118,Erin Houchin,Indiana 9th,Indiana,R,1632 LHOB,(202) 225-5315,financial_services|education_and_the_workforce|Rules,"0","0","0","0","0","0","0","1","0","0","1","0","0","0","0","0","0","0","0","0","0","0","0","0","1","0","51162",Department of Defense,Naval Support Activity Crane,https://www.navy.mil/,0.741707367546857,0.017745006439837
"19","1901","01",Congressional District 1,C2,"118",G5200,N,"28087749011","396496066","+41.4642982","-091.7325833",tl_rd22_19_cd118,Mariannette Miller-Meeks,Iowa 1st,Iowa,R,1034 LHOB,(202) 225-6576,energy_and_commerce|select_subcommittee_on_the_coronavirus_pandemic|veterans_affairs,"0","0","0","0","0","0","0","0","1","0","0","0","0","0","0","0","0","0","0","1","0","1","0","0","0","0","50206",Department of Defense,Iowa AAP,https://www.army.mil/,0.453445270034808,0.009291770806744
"19","1903","03",Congressional District 3,C2,"118",G5200,N,"27642669757","195478420","+41.1394006","-093.9714010",tl_rd22_19_cd118,Zachary Nunn,Iowa 3rd,Iowa,R,1232 LHOB,(202) 225-5476,agriculture|financial_services,"0","1","0","0","0","0","0","0","0","0","1","0","0","0","0","0","0","0","0","0","0","0","0","0","0","0","49982",Department of Defense,NG Camp Dodge Johnston TS,https://www.nationalguard.mil/,0.003991755178914,0.000000396481494
"19","1903","03",Congressional District 3,C2,"118",G5200,N,"27642669757","195478420","+41.1394006","-093.9714010",tl_rd22_19_cd118,Zachary Nunn,Iowa 3rd,Iowa,R,1232 LHOB,(202) 225-5476,agriculture|financial_services,"0","1","0","0","0","0","0","0","0","0","1","0","0","0","0","0","0","0","0","0","0","0","0","0","0","0","49983",Department of Defense,NG Camp Dodge Johnston TS,https://www.nationalguard.mil/,0.307861070983288,0.002108774917664
"19","1903","03",Congressional District 3,C2,"118",G5200,N,"27642669757","195478420","+41.1394006","-093.9714010",tl_rd22_19_cd118,Zachary Nunn,Iowa 3rd,Iowa,R,1232 LHOB,(202) 225-5476,agriculture|financial_services,"0","1","0","0","0","0","0","0","0","0","1","0","0","0","0","0","0","0","0","0","0","0","0","0","0","0","49984",Department of Defense,NG Camp Dodge Johnston TS,https://www.nationalguard.mil/,3.426719029532320,0.012405575125342
"19","1903","03",Congressional District 3,C2,"118",G5200,N,"27642669757","195478420","+41.1394006","-093.9714010",tl_rd22_19_cd118,Zachary Nunn,Iowa 3rd,Iowa,R,1232 LHOB,(202) 225-5476,agriculture|financial_services,"0","1","0","0","0","0","0","0","0","0","1","0","0","0","0","0","0","0","0","0","0","0","0","0","0","0","50729",Department of Defense,Des Moines IAP,https://www.ang.af.mil/,0.047390797638357,0.000070672465968
"19","1904","04",Congressional District 4,C2,"118",G5200,N,"55511414183","279220383","+42.4651817","-094.9442482",tl_rd22_19_cd118,Randy Feenstra,Iowa 4th,Iowa,R,1440 LHOB,(202) 225-4426,agriculture|ways_and_means,"0","1","0","0","0","0","0","0","0","1","0","0","0","0","0","0","0","0","0","0","0","0","0","0","0","0","49984",Department of Defense,NG Camp Dodge Johnston TS,https://www.nationalguard.mil/,3.426719029532320,0.012405575125342
"19","1904","04",Congressional District 4,C2,"118",G5200,N,"55511414183","279220383","+42.4651817","-094.9442482",tl_rd22_19_cd118,Randy Feenstra,Iowa 4th,Iowa,R,1440 LHOB,(202) 225-4426,agriculture|ways_and_means,"0","1","0","0","0","0","0","0","0","1","0","0","0","0","0","0","0","0","0","0","0","0","0","0","0","0","51469",Department of Defense,Sioux Gateway Airport (ANG),https://www.ang.af.mil/,0.011976226472093,0.000006780067135
"19","1904","04",Congressional District 4,C2,"118",G5200,N,"55511414183","279220383","+42.4651817","-094.9442482",tl_rd22_19_cd118,Randy Feenstra,Iowa 4th,Iowa,R,1440 LHOB,(202) 225-4426,agriculture|ways_and_means,"0","1","0","0","0","0","0","0","0","1","0","0","0","0","0","0","0","0","0","0","0","0","0","0","0","0","51470",Department of Defense,Sioux Gateway Airport (ANG),https://www.ang.af.mil/,0.031451240330593,0.000033950479086
"20","2001","01",Congressional District 1,C2,"118",G5200,N,"128553092194","535352286","+38.7758975","-099.5432358",tl_rd22_20_cd118,Tracey Mann,Kansas 1st,Kansas,R,344 CHOB,(202) 225-2715,agriculture|transportation_and_infrastructure|small_business,"0","1","0","0","0","0","0","0","0","0","0","1","1","0","0","0","0","0","0","0","0","0","0","0","0","0","50164",Department of Defense,Fort Riley,https://www.army.mil/,1.289062709048236,0.042918446928628
"20","2001","01",Congressional District 1,C2,"118",G5200,N,"128553092194","535352286","+38.7758975","-099.5432358",tl_rd22_20_cd118,Tracey Mann,Kansas 1st,Kansas,R,344 CHOB,(202) 225-2715,agriculture|transportation_and_infrastructure|small_business,"0","1","0","0","0","0","0","0","0","0","0","1","1","0","0","0","0","0","0","0","0","0","0","0","0","0","50374",Department of Defense,NG Salina KS Training Center,https://www.nationalguard.mil/,0.005550955749839,0.000001649385945
"20","2001","01",Congressional District 1,C2,"118",G5200,N,"128553092194","535352286","+38.7758975","-099.5432358",tl_rd22_20_cd118,Tracey Mann,Kansas 1st,Kansas,R,344 CHOB,(202) 225-2715,agriculture|transportation_and_infrastructure|small_business,"0","1","0","0","0","0","0","0","0","0","0","1","1","0","0","0","0","0","0","0","0","0","0","0","0","0","50375",Department of Defense,NG Salina KS Training Center,https://www.nationalguard.mil/,0.005830932189718,0.000002032925788
"20","2001","01",Congressional District 1,C2,"118",G5200,N,"128553092194","535352286","+38.7758975","-099.5432358",tl_rd22_20_cd118,Tracey Mann,Kansas 1st,Kansas,R,344 CHOB,(202) 225-2715,agriculture|transportation_and_infrastructure|small_business,"0","1","0","0","0","0","0","0","0","0","0","1","1","0","0","0","0","0","0","0","0","0","0","0","0","0","50376",Department of Defense,NG Salina KS Training Center,https://www.nationalguard.mil/,0.010798655551972,0.000006417289432
"20","2001","01",Congressional District 1,C2,"118",G5200,N,"128553092194","535352286","+38.7758975","-099.5432358",tl_rd22_20_cd118,Tracey Mann,Kansas 1st,Kansas,R,344 CHOB,(202) 225-2715,agriculture|transportation_and_infrastructure|small_business,"0","1","0","0","0","0","0","0","0","0","0","1","1","0","0","0","0","0","0","0","0","0","0","0","0","0","50377",Department of Defense,NG Salina KS Training Center,https://www.nationalguard.mil/,0.012603505238023,0.000005221801044
"20","2001","01",Congressional District 1,C2,"118",G5200,N,"128553092194","535352286","+38.7758975","-099.5432358",tl_rd22_20_cd118,Tracey Mann,Kansas 1st,Kansas,R,344 CHOB,(202) 225-2715,agriculture|transportation_and_infrastructure|small_business,"0","1","0","0","0","0","0","0","0","0","0","1","1","0","0","0","0","0","0","0","0","0","0","0","0","0","50378",Department of Defense,NG Salina KS Training Center,https://www.nationalguard.mil/,0.009116326460399,0.000003489606203
"20","2001","01",Congressional District 1,C2,"118",G5200,N,"128553092194","535352286","+38.7758975","-099.5432358",tl_rd22_20_cd118,Tracey Mann,Kansas 1st,Kansas,R,344 CHOB,(202) 225-2715,agriculture|transportation_and_infrastructure|small_business,"0","1","0","0","0","0","0","0","0","0","0","1","1","0","0","0","0","0","0","0","0","0","0","0","0","0","50379",Department of Defense,NG Salina KS Training Center,https://www.nationalguard.mil/,0.012789457148813,0.000004842226072
"20","2001","01",Congressional District 1,C2,"118",G5200,N,"128553092194","535352286","+38.7758975","-099.5432358",tl_rd22_20_cd118,Tracey Mann,Kansas 1st,Kansas,R,344 CHOB,(202) 225-2715,agriculture|transportation_and_infrastructure|small_business,"0","1","0","0","0","0","0","0","0","0","0","1","1","0","0","0","0","0","0","0","0","0","0","0","0","0","50380",Department of Defense,NG Salina KS Training Center,https://www.nationalguard.mil/,0.007637696475453,0.000003633930377
"20","2001","01",Congressional District 1,C2,"118",G5200,N,"128553092194","535352286","+38.7758975","-099.5432358",tl_rd22_20_cd118,Tracey Mann,Kansas 1st,Kansas,R,344 CHOB,(202) 225-2715,agriculture|transportation_and_infrastructure|small_business,"0","1","0","0","0","0","0","0","0","0","0","1","1","0","0","0","0","0","0","0","0","0","0","0","0","0","50381",Department of Defense,NG Salina KS Training Center,https://www.nationalguard.mil/,0.006197498594862,0.000002025507414
"20","2001","01",Congressional District 1,C2,"118",G5200,N,"128553092194","535352286","+38.7758975","-099.5432358",tl_rd22_20_cd118,Tracey Mann,Kansas 1st,Kansas,R,344 CHOB,(202) 225-2715,agriculture|transportation_and_infrastructure|small_business,"0","1","0","0","0","0","0","0","0","0","0","1","1","0","0","0","0","0","0","0","0","0","0","0","0","0","50770",Department of Defense,Smoky Hill ANG Range,https://www.ang.af.mil/,0.637549639935012,0.014222961888798
"20","2002","02",Congressional District 2,C2,"118",G5200,N,"39622907101","536298540","+38.4066990","-095.7294288",tl_rd22_20_cd118,Jake LaTurner,Kansas 2nd,Kansas,R,2441 RHOB,(202) 225-6601,appropriations|oversight_and_accountability,"1","0","1","0","0","0","0","0","0","0","0","0","0","0","0","0","0","0","0","0","0","0","0","0","0","0","50100",Department of Defense,Fort Leavenworth,https://www.army.mil/,0.267314057120934,0.002412083751244
"20","2002","02",Congressional District 2,C2,"118",G5200,N,"39622907101","536298540","+38.4066990","-095.7294288",tl_rd22_20_cd118,Jake LaTurner,Kansas 2nd,Kansas,R,2441 RHOB,(202) 225-6601,appropriations|oversight_and_accountability,"1","0","1","0","0","0","0","0","0","0","0","0","0","0","0","0","0","0","0","0","0","0","0","0","0","0","50164",Department of Defense,Fort Riley,https://www.army.mil/,1.289062709048236,0.042918446928628
"20","2002","02",Congressional District 2,C2,"118",G5200,N,"39622907101","536298540","+38.4066990","-095.7294288",tl_rd22_20_cd118,Jake LaTurner,Kansas 2nd,Kansas,R,2441 RHOB,(202) 225-6601,appropriations|oversight_and_accountability,"1","0","1","0","0","0","0","0","0","0","0","0","0","0","0","0","0","0","0","0","0","0","0","0","0","0","50429",Department of Defense,NG JFHQ-Kansas,https://www.nationalguard.mil/,0.025574605874958,0.000023756183406
"20","2002","02",Congressional District 2,C2,"118",G5200,N,"39622907101","536298540","+38.4066990","-095.7294288",tl_rd22_20_cd118,Jake LaTurner,Kansas 2nd,Kansas,R,2441 RHOB,(202) 225-6601,appropriations|oversight_and_accountability,"1","0","1","0","0","0","0","0","0","0","0","0","0","0","0","0","0","0","0","0","0","0","0","0","0","0","50724",Department of Defense,Forbes Field ANG,https://www.ang.af.mil/,0.016046684382136,0.000012549963411
"20","2002","02",Congressional District 2,C2,"118",G5200,N,"39622907101","536298540","+38.4066990","-095.7294288",tl_rd22_20_cd118,Jake LaTurner,Kansas 2nd,Kansas,R,2441 RHOB,(202) 225-6601,appropriations|oversight_and_accountability,"1","0","1","0","0","0","0","0","0","0","0","0","0","0","0","0","0","0","0","0","0","0","0","0","0","0","50725",Department of Defense,Forbes Field ANG,https://www.ang.af.mil/,0.043936138005027,0.000073570276058
"20","2004","04",Congressional District 4,C2,"118",G5200,N,"37720298155","190673257","+37.5586258","-097.7650898",tl_rd22_20_cd118,Ron Estes,Kansas 4th,Kansas,R,2234 RHOB,(202) 225-6216,budget|education_and_the_workforce|ways_and_means,"0","0","0","0","0","0","0","1","0","1","0","0","0","0","1","0","0","0","0","0","0","0","0","0","0","0","50652",Department of Defense,McConnell AFB,https://www.af.mil/,0.304762685069920,0.005732994577370
"21","2101","01",Congressional District 1,C2,"118",G5200,N,"29785189981","1183439548","+36.9654032","-088.3425944",tl_rd22_21_cd118,James Comer,Kentucky 1st,Kentucky,R,2410 RHOB,(202) 225-3115,education_and_the_workforce|oversight_and_accountability,"0","0","1","0","0","0","0","1","0","0","0","0","0","0","0","0","0","0","0","0","0","0","0","0","0","0","49945",Department of Defense,Fort Campbell,https://www.army.mil/,1.379092393904927,0.042675651756870
"21","2101","01",Congressional District 1,C2,"118",G5200,N,"29785189981","1183439548","+36.9654032","-088.3425944",tl_rd22_21_cd118,James Comer,Kentucky 1st,Kentucky,R,2410 RHOB,(202) 225-3115,education_and_the_workforce|oversight_and_accountability,"0","0","1","0","0","0","0","1","0","0","0","0","0","0","0","0","0","0","0","0","0","0","0","0","0","0","50173",Department of Defense,NG Frankfort Boone NG Center,https://www.nationalguard.mil/,0.112571731201672,0.000148124757460
"21","2102","02",Congressional District 2,C2,"118",G5200,N,"18886437238","398388380","+37.4683065","-086.3492303",tl_rd22_21_cd118,Brett Guthrie,Kentucky 2nd,Kentucky,R,2434 RHOB,(202) 225-3501,energy_and_commerce,"0","0","0","0","0","0","0","0","1","0","0","0","0","0","0","0","0","0","0","0","0","0","0","0","0","0","50099",Department of Defense,Fort Knox,https://www.army.mil/,1.438421630694941,0.045227093910716
"21","2102","02",Congressional District 2,C2,"118",G5200,N,"18886437238","398388380","+37.4683065","-086.3492303",tl_rd22_21_cd118,Brett Guthrie,Kentucky 2nd,Kentucky,R,2434 RHOB,(202) 225-3501,energy_and_commerce,"0","0","0","0","0","0","0","0","1","0","0","0","0","0","0","0","0","0","0","0","0","0","0","0","0","0","50456",Department of Defense,NG WH Ford Regional Tng Ctr,https://www.nationalguard.mil/,0.137227480657055,0.000314788352446
"21","2102","02",Congressional District 2,C2,"118",G5200,N,"18886437238","398388380","+37.4683065","-086.3492303",tl_rd22_21_cd118,Brett Guthrie,Kentucky 2nd,Kentucky,R,2434 RHOB,(202) 225-3501,energy_and_commerce,"0","0","0","0","0","0","0","0","1","0","0","0","0","0","0","0","0","0","0","0","0","0","0","0","0","0","50457",Department of Defense,NG WH Ford Regional Tng Ctr,https://www.nationalguard.mil/,0.247490615877868,0.001856752105052
"21","2102","02",Congressional District 2,C2,"118",G5200,N,"18886437238","398388380","+37.4683065","-086.3492303",tl_rd22_21_cd118,Brett Guthrie,Kentucky 2nd,Kentucky,R,2434 RHOB,(202) 225-3501,energy_and_commerce,"0","0","0","0","0","0","0","0","1","0","0","0","0","0","0","0","0","0","0","0","0","0","0","0","0","0","50458",Department of Defense,NG WH Ford Regional Tng Ctr,https://www.nationalguard.mil/,0.187601350419947,0.001636587135825
"21","2102","02",Congressional District 2,C2,"118",G5200,N,"18886437238","398388380","+37.4683065","-086.3492303",tl_rd22_21_cd118,Brett Guthrie,Kentucky 2nd,Kentucky,R,2434 RHOB,(202) 225-3501,energy_and_commerce,"0","0","0","0","0","0","0","0","1","0","0","0","0","0","0","0","0","0","0","0","0","0","0","0","0","0","50459",Department of Defense,NG WH Ford Regional Tng Ctr,https://www.nationalguard.mil/,0.065820908206434,0.000196562492298
"21","2102","02",Congressional District 2,C2,"118",G5200,N,"18886437238","398388380","+37.4683065","-086.3492303",tl_rd22_21_cd118,Brett Guthrie,Kentucky 2nd,Kentucky,R,2434 RHOB,(202) 225-3501,energy_and_commerce,"0","0","0","0","0","0","0","0","1","0","0","0","0","0","0","0","0","0","0","0","0","0","0","0","0","0","50460",Department of Defense,NG WH Ford Regional Tng Ctr,https://www.nationalguard.mil/,0.037179841057455,0.000057916258856
"21","2102","02",Congressional District 2,C2,"118",G5200,N,"18886437238","398388380","+37.4683065","-086.3492303",tl_rd22_21_cd118,Brett Guthrie,Kentucky 2nd,Kentucky,R,2434 RHOB,(202) 225-3501,energy_and_commerce,"0","0","0","0","0","0","0","0","1","0","0","0","0","0","0","0","0","0","0","0","0","0","0","0","0","0","50461",Department of Defense,NG WH Ford Regional Tng Ctr,https://www.nationalguard.mil/,0.100840064832635,0.000346439178113
"21","2102","02",Congressional District 2,C2,"118",G5200,N,"18886437238","398388380","+37.4683065","-086.3492303",tl_rd22_21_cd118,Brett Guthrie,Kentucky 2nd,Kentucky,R,2434 RHOB,(202) 225-3501,energy_and_commerce,"0","0","0","0","0","0","0","0","1","0","0","0","0","0","0","0","0","0","0","0","0","0","0","0","0","0","50462",Department of Defense,NG WH Ford Regional Tng Ctr,https://www.nationalguard.mil/,0.154829502594960,0.000172373997616
"21","2102","02",Congressional District 2,C2,"118",G5200,N,"18886437238","398388380","+37.4683065","-086.3492303",tl_rd22_21_cd118,Brett Guthrie,Kentucky 2nd,Kentucky,R,2434 RHOB,(202) 225-3501,energy_and_commerce,"0","0","0","0","0","0","0","0","1","0","0","0","0","0","0","0","0","0","0","0","0","0","0","0","0","0","50463",Department of Defense,NG WH Ford Regional Tng Ctr,https://www.nationalguard.mil/,0.054768291139300,0.000040772163474
"21","2103","03",Congressional District 3,C2,"118",G5200,N,"797009688","39792084","+38.1903917","-085.7005810",tl_rd22_21_cd118,Morgan McGarvey,Kentucky 3rd,Kentucky,D,1527 LHOB,(202) 225-5401,small_business|veterans_affairs,"0","0","0","0","0","0","0","0","0","0","0","0","1","0","0","0","0","0","0","0","0","1","0","0","0","0","50771",Department of Defense,Louisville IAP-Standiford FL Site 1,https://www.ang.af.mil/,0.006563788928912,0.000002351293852
"21","2103","03",Congressional District 3,C2,"118",G5200,N,"797009688","39792084","+38.1903917","-085.7005810",tl_rd22_21_cd118,Morgan McGarvey,Kentucky 3rd,Kentucky,D,1527 LHOB,(202) 225-5401,small_business|veterans_affairs,"0","0","0","0","0","0","0","0","0","0","0","0","1","0","0","0","0","0","0","0","0","1","0","0","0","0","50772",Department of Defense,Louisville IAP-Standiford FL Site 1,https://www.ang.af.mil/,0.025146115044027,0.000031542889390
"21","2106","06",Congressional District 6,C2,"118",G5200,N,"9821292944","102370222","+38.0056967","-084.2481569",tl_rd22_21_cd118,Andy Barr,Kentucky 6th,Kentucky,R,2430 RHOB,(202) 225-4706,financial_services|foreign_affairs|select_sub_us_china,"0","0","0","0","0","1","0","0","0","0","1","0","0","0","0","0","0","0","0","0","0","0","1","0","0","0","49969",Department of Defense,Blue Grass Army Depot,https://www.army.mil/,0.341829031228585,0.006027006326237
"22","2201","01",Congressional District 1,C2,"118",G5200,N,"9519456674","13767673294","+29.6745821","-089.8075856",tl_rd22_22_cd118,Steve Scalise,Louisiana 1st,Louisiana,R,2049 RHOB,(202) 225-3015,"0","0","0","0","0","0","0","0","0","0","0","0","0","0","0","0","0","0","0","0","0","0","0","0","0","0",,"50018",Department of Defense,NG Camp Villere,https://www.nationalguard.mil/,0.104407144840594,0.000582323337567
"22","2201","01",Congressional District 1,C2,"118",G5200,N,"9519456674","13767673294","+29.6745821","-089.8075856",tl_rd22_22_cd118,Steve Scalise,Louisiana 1st,Louisiana,R,2049 RHOB,(202) 225-3015,"0","0","0","0","0","0","0","0","0","0","0","0","0","0","0","0","0","0","0","0","0","0","0","0","0","0",,"50211",Department of Defense,NG Jackson Bks,https://www.nationalguard.mil/,0.022073753944766,0.000018477752783
"22","2201","01",Congressional District 1,C2,"118",G5200,N,"9519456674","13767673294","+29.6745821","-089.8075856",tl_rd22_22_cd118,Steve Scalise,Louisiana 1st,Louisiana,R,2049 RHOB,(202) 225-3015,"0","0","0","0","0","0","0","0","0","0","0","0","0","0","0","0","0","0","0","0","0","0","0","0","0","0",,"50212",Department of Defense,NG Jackson Bks,https://www.nationalguard.mil/,0.013188812562969,0.000008143371637
"22","2201","01",Congressional District 1,C2,"118",G5200,N,"9519456674","13767673294","+29.6745821","-089.8075856",tl_rd22_22_cd118,Steve Scalise,Louisiana 1st,Louisiana,R,2049 RHOB,(202) 225-3015,"0","0","0","0","0","0","0","0","0","0","0","0","0","0","0","0","0","0","0","0","0","0","0","0","0","0",,"50213",Department of Defense,NG Jackson Bks,https://www.nationalguard.mil/,0.027107358192944,0.000018528492929
"22","2201","01",Congressional District 1,C2,"118",G5200,N,"9519456674","13767673294","+29.6745821","-089.8075856",tl_rd22_22_cd118,Steve Scalise,Louisiana 1st,Louisiana,R,2049 RHOB,(202) 225-3015,"0","0","0","0","0","0","0","0","0","0","0","0","0","0","0","0","0","0","0","0","0","0","0","0","0","0",,"51060",Department of Defense,Naval Air Station Joint Reserve Base New Orleans,https://www.navy.mil/,0.256361387872811,0.001876862542400
"22","2201","01",Congressional District 1,C2,"118",G5200,N,"9519456674","13767673294","+29.6745821","-089.8075856",tl_rd22_22_cd118,Steve Scalise,Louisiana 1st,Louisiana,R,2049 RHOB,(202) 225-3015,"0","0","0","0","0","0","0","0","0","0","0","0","0","0","0","0","0","0","0","0","0","0","0","0","0","0",,"51094",Department of Defense,Naval Research Laboratory – Stennis Space Center,https://www.navy.mil/,0.368890953628894,0.005292512921948
"22","2202","02",Congressional District 2,C2,"118",G5200,N,"3291811811","517165491","+30.0435578","-090.6097933",tl_rd22_22_cd118,Troy Carter,Louisiana 2nd,Louisiana,D,442 CHOB,(202) 225-6636,homeland_security|transportation_and_infrastructure,"0","0","0","0","0","0","1","0","0","0","0","1","0","0","0","0","0","0","0","0","0","0","0","0","0","0","50021",Department of Defense,NG Carville Gillis Long Center,https://www.nationalguard.mil/,0.047276791697980,0.000134842604513
"22","2202","02",Congressional District 2,C2,"118",G5200,N,"3291811811","517165491","+30.0435578","-090.6097933",tl_rd22_22_cd118,Troy Carter,Louisiana 2nd,Louisiana,D,442 CHOB,(202) 225-6636,homeland_security|transportation_and_infrastructure,"0","0","0","0","0","0","1","0","0","0","0","1","0","0","0","0","0","0","0","0","0","0","0","0","0","0","50211",Department of Defense,NG Jackson Bks,https://www.nationalguard.mil/,0.022073753944766,0.000018477752783
"22","2202","02",Congressional District 2,C2,"118",G5200,N,"3291811811","517165491","+30.0435578","-090.6097933",tl_rd22_22_cd118,Troy Carter,Louisiana 2nd,Louisiana,D,442 CHOB,(202) 225-6636,homeland_security|transportation_and_infrastructure,"0","0","0","0","0","0","1","0","0","0","0","1","0","0","0","0","0","0","0","0","0","0","0","0","0","0","50212",Department of Defense,NG Jackson Bks,https://www.nationalguard.mil/,0.013188812562969,0.000008143371637
"22","2202","02",Congressional District 2,C2,"118",G5200,N,"3291811811","517165491","+30.0435578","-090.6097933",tl_rd22_22_cd118,Troy Carter,Louisiana 2nd,Louisiana,D,442 CHOB,(202) 225-6636,homeland_security|transportation_and_infrastructure,"0","0","0","0","0","0","1","0","0","0","0","1","0","0","0","0","0","0","0","0","0","0","0","0","0","0","50213",Department of Defense,NG Jackson Bks,https://www.nationalguard.mil/,0.027107358192944,0.000018528492929
"22","2202","02",Congressional District 2,C2,"118",G5200,N,"3291811811","517165491","+30.0435578","-090.6097933",tl_rd22_22_cd118,Troy Carter,Louisiana 2nd,Louisiana,D,442 CHOB,(202) 225-6636,homeland_security|transportation_and_infrastructure,"0","0","0","0","0","0","1","0","0","0","0","1","0","0","0","0","0","0","0","0","0","0","0","0","0","0","50989",Department of Defense,West Bank,https://www.navy.mil/,0.049627200976242,0.000074280113549
"22","2204","04",Congressional District 4,C2,"118",G5200,N,"34212724240","1182866934","+31.7410675","-093.1160721",tl_rd22_22_cd118,Mike Johnson,Louisiana 4th,Louisiana,R,568 CHOB,(202) 225-2777,"0","0","0","0","0","0","0","0","0","0","0","0","0","0","0","0","0","0","0","0","0","0","0","0","0","0",,"49997",Department of Defense,NG Camp Minden Training Site,https://www.nationalguard.mil/,0.403869842661191,0.005830148675552
"22","2204","04",Congressional District 4,C2,"118",G5200,N,"34212724240","1182866934","+31.7410675","-093.1160721",tl_rd22_22_cd118,Mike Johnson,Louisiana 4th,Louisiana,R,568 CHOB,(202) 225-2777,"0","0","0","0","0","0","0","0","0","0","0","0","0","0","0","0","0","0","0","0","0","0","0","0","0","0",,"50148",Department of Defense,Fort Polk,https://www.army.mil/,0.055775315395410,0.000097497632050
"22","2204","04",Congressional District 4,C2,"118",G5200,N,"34212724240","1182866934","+31.7410675","-093.1160721",tl_rd22_22_cd118,Mike Johnson,Louisiana 4th,Louisiana,R,568 CHOB,(202) 225-2777,"0","0","0","0","0","0","0","0","0","0","0","0","0","0","0","0","0","0","0","0","0","0","0","0","0","0",,"50149",Department of Defense,Fort Polk,https://www.army.mil/,0.084320501602793,0.000194290864940
"22","2204","04",Congressional District 4,C2,"118",G5200,N,"34212724240","1182866934","+31.7410675","-093.1160721",tl_rd22_22_cd118,Mike Johnson,Louisiana 4th,Louisiana,R,568 CHOB,(202) 225-2777,"0","0","0","0","0","0","0","0","0","0","0","0","0","0","0","0","0","0","0","0","0","0","0","0","0","0",,"50150",Department of Defense,Fort Polk,https://www.army.mil/,0.020699349497113,0.000013090531677
"22","2204","04",Congressional District 4,C2,"118",G5200,N,"34212724240","1182866934","+31.7410675","-093.1160721",tl_rd22_22_cd118,Mike Johnson,Louisiana 4th,Louisiana,R,568 CHOB,(202) 225-2777,"0","0","0","0","0","0","0","0","0","0","0","0","0","0","0","0","0","0","0","0","0","0","0","0","0","0",,"50151",Department of Defense,Fort Polk,https://www.army.mil/,0.023045153879499,0.000030736587006
"22","2204","04",Congressional District 4,C2,"118",G5200,N,"34212724240","1182866934","+31.7410675","-093.1160721",tl_rd22_22_cd118,Mike Johnson,Louisiana 4th,Louisiana,R,568 CHOB,(202) 225-2777,"0","0","0","0","0","0","0","0","0","0","0","0","0","0","0","0","0","0","0","0","0","0","0","0","0","0",,"50152",Department of Defense,Fort Polk,https://www.army.mil/,0.076054808979268,0.000162656053880
"22","2204","04",Congressional District 4,C2,"118",G5200,N,"34212724240","1182866934","+31.7410675","-093.1160721",tl_rd22_22_cd118,Mike Johnson,Louisiana 4th,Louisiana,R,568 CHOB,(202) 225-2777,"0","0","0","0","0","0","0","0","0","0","0","0","0","0","0","0","0","0","0","0","0","0","0","0","0","0",,"50153",Department of Defense,Fort Polk,https://www.army.mil/,0.082576983933109,0.000195567258025
"22","2204","04",Congressional District 4,C2,"118",G5200,N,"34212724240","1182866934","+31.7410675","-093.1160721",tl_rd22_22_cd118,Mike Johnson,Louisiana 4th,Louisiana,R,568 CHOB,(202) 225-2777,"0","0","0","0","0","0","0","0","0","0","0","0","0","0","0","0","0","0","0","0","0","0","0","0","0","0",,"50154",Department of Defense,Fort Polk,https://www.army.mil/,0.015810892156336,0.000015528735628
"22","2204","04",Congressional District 4,C2,"118",G5200,N,"34212724240","1182866934","+31.7410675","-093.1160721",tl_rd22_22_cd118,Mike Johnson,Louisiana 4th,Louisiana,R,568 CHOB,(202) 225-2777,"0","0","0","0","0","0","0","0","0","0","0","0","0","0","0","0","0","0","0","0","0","0","0","0","0","0",,"50155",Department of Defense,Fort Polk,https://www.army.mil/,0.105062942143267,0.000241323759992
"22","2204","04",Congressional District 4,C2,"118",G5200,N,"34212724240","1182866934","+31.7410675","-093.1160721",tl_rd22_22_cd118,Mike Johnson,Louisiana 4th,Louisiana,R,568 CHOB,(202) 225-2777,"0","0","0","0","0","0","0","0","0","0","0","0","0","0","0","0","0","0","0","0","0","0","0","0","0","0",,"50156",Department of Defense,Fort Polk,https://www.army.mil/,0.006113086049434,0.000001378784595
"22","2204","04",Congressional District 4,C2,"118",G5200,N,"34212724240","1182866934","+31.7410675","-093.1160721",tl_rd22_22_cd118,Mike Johnson,Louisiana 4th,Louisiana,R,568 CHOB,(202) 225-2777,"0","0","0","0","0","0","0","0","0","0","0","0","0","0","0","0","0","0","0","0","0","0","0","0","0","0",,"50157",Department of Defense,Fort Polk,https://www.army.mil/,0.009718693970148,0.000002249609198
"22","2204","04",Congressional District 4,C2,"118",G5200,N,"34212724240","1182866934","+31.7410675","-093.1160721",tl_rd22_22_cd118,Mike Johnson,Louisiana 4th,Louisiana,R,568 CHOB,(202) 225-2777,"0","0","0","0","0","0","0","0","0","0","0","0","0","0","0","0","0","0","0","0","0","0","0","0","0","0",,"50158",Department of Defense,Fort Polk,https://www.army.mil/,0.024344270008766,0.000011791046459
"22","2204","04",Congressional District 4,C2,"118",G5200,N,"34212724240","1182866934","+31.7410675","-093.1160721",tl_rd22_22_cd118,Mike Johnson,Louisiana 4th,Louisiana,R,568 CHOB,(202) 225-2777,"0","0","0","0","0","0","0","0","0","0","0","0","0","0","0","0","0","0","0","0","0","0","0","0","0","0",,"50159",Department of Defense,Fort Polk,https://www.army.mil/,0.035541451439599,0.000053458256549
"22","2204","04",Congressional District 4,C2,"118",G5200,N,"34212724240","1182866934","+31.7410675","-093.1160721",tl_rd22_22_cd118,Mike Johnson,Louisiana 4th,Louisiana,R,568 CHOB,(202) 225-2777,"0","0","0","0","0","0","0","0","0","0","0","0","0","0","0","0","0","0","0","0","0","0","0","0","0","0",,"50160",Department of Defense,Fort Polk,https://www.army.mil/,0.019974549991644,0.000015368504598
"22","2204","04",Congressional District 4,C2,"118",G5200,N,"34212724240","1182866934","+31.7410675","-093.1160721",tl_rd22_22_cd118,Mike Johnson,Louisiana 4th,Louisiana,R,568 CHOB,(202) 225-2777,"0","0","0","0","0","0","0","0","0","0","0","0","0","0","0","0","0","0","0","0","0","0","0","0","0","0",,"50161",Department of Defense,Fort Polk,https://www.army.mil/,4.268448215401011,0.086090453996680
"22","2204","04",Congressional District 4,C2,"118",G5200,N,"34212724240","1182866934","+31.7410675","-093.1160721",tl_rd22_22_cd118,Mike Johnson,Louisiana 4th,Louisiana,R,568 CHOB,(202) 225-2777,"0","0","0","0","0","0","0","0","0","0","0","0","0","0","0","0","0","0","0","0","0","0","0","0","0","0",,"50162",Department of Defense,Fort Polk,https://www.army.mil/,0.011697745113319,0.000000975124978
"22","2204","04",Congressional District 4,C2,"118",G5200,N,"34212724240","1182866934","+31.7410675","-093.1160721",tl_rd22_22_cd118,Mike Johnson,Louisiana 4th,Louisiana,R,568 CHOB,(202) 225-2777,"0","0","0","0","0","0","0","0","0","0","0","0","0","0","0","0","0","0","0","0","0","0","0","0","0","0",,"50163",Department of Defense,Fort Polk,https://www.army.mil/,0.537180053642280,0.004863303825242
"22","2204","04",Congressional District 4,C2,"118",G5200,N,"34212724240","1182866934","+31.7410675","-093.1160721",tl_rd22_22_cd118,Mike Johnson,Louisiana 4th,Louisiana,R,568 CHOB,(202) 225-2777,"0","0","0","0","0","0","0","0","0","0","0","0","0","0","0","0","0","0","0","0","0","0","0","0","0","0",,"50576",Department of Defense,Barksdale AFB,https://www.af.mil/,0.483018748702944,0.008522131533105
"22","2205","05",Congressional District 5,C2,"118",G5200,N,"38225230320","1134114104","+31.7310207","-091.7656859",tl_rd22_22_cd118,Julia Letlow,Louisiana 5th,Louisiana,R,142 CHOB,(202) 225-8490,appropriations|education_and_the_workforce,"1","0","0","0","0","0","0","1","0","0","0","0","0","0","0","0","0","0","0","0","0","0","0","0","0","0","49961",Department of Defense,NG Beauregard Training Range,https://www.nationalguard.mil/,0.376707295313320,0.004843411217568
"22","2205","05",Congressional District 5,C2,"118",G5200,N,"38225230320","1134114104","+31.7310207","-091.7656859",tl_rd22_22_cd118,Julia Letlow,Louisiana 5th,Louisiana,R,142 CHOB,(202) 225-8490,appropriations|education_and_the_workforce,"1","0","0","0","0","0","0","1","0","0","0","0","0","0","0","0","0","0","0","0","0","0","0","0","0","0","50059",Department of Defense,England Authority,https://www.army.mil/,0.094800769453694,0.000146341295042
"22","2205","05",Congressional District 5,C2,"118",G5200,N,"38225230320","1134114104","+31.7310207","-091.7656859",tl_rd22_22_cd118,Julia Letlow,Louisiana 5th,Louisiana,R,142 CHOB,(202) 225-8490,appropriations|education_and_the_workforce,"1","0","0","0","0","0","0","1","0","0","0","0","0","0","0","0","0","0","0","0","0","0","0","0","0","0","50060",Department of Defense,NG Esler Field,https://www.nationalguard.mil/,0.148974878714756,0.000820073149949
"22","2205","05",Congressional District 5,C2,"118",G5200,N,"38225230320","1134114104","+31.7310207","-091.7656859",tl_rd22_22_cd118,Julia Letlow,Louisiana 5th,Louisiana,R,142 CHOB,(202) 225-8490,appropriations|education_and_the_workforce,"1","0","0","0","0","0","0","1","0","0","0","0","0","0","0","0","0","0","0","0","0","0","0","0","0","0","50190",Department of Defense,NG Hammond Airport,https://www.nationalguard.mil/,0.032285891940566,0.000056861404952
"22","2205","05",Congressional District 5,C2,"118",G5200,N,"38225230320","1134114104","+31.7310207","-091.7656859",tl_rd22_22_cd118,Julia Letlow,Louisiana 5th,Louisiana,R,142 CHOB,(202) 225-8490,appropriations|education_and_the_workforce,"1","0","0","0","0","0","0","1","0","0","0","0","0","0","0","0","0","0","0","0","0","0","0","0","0","0","50414",Department of Defense,NG Camp Beauregard,https://www.nationalguard.mil/,0.122854525505264,0.000275363058496
"22","2206","06",Congressional District 6,C2,"118",G5200,N,"9325103891","2194755350","+29.5195729","-091.3196337",tl_rd22_22_cd118,Garret Graves,Louisiana 6th,Louisiana,R,2402 RHOB,(202) 225-3901,natural_resources|transportation_and_infrastructure,"0","0","0","0","1","0","0","0","0","0","0","1","0","0","0","0","0","0","0","0","0","0","0","0","0","0","50491",Department of Defense,NG Baton Rouge AFRC,https://www.nationalguard.mil/,0.028202503502592,0.000023094120306
"23","2301","01",Congressional District 1,C2,"118",G5200,N,"8539937969","4714432603","+43.8459236","-069.9221696",tl_rd22_23_cd118,Chellie Pingree,Maine 1st,Maine,D,2354 RHOB,(202) 225-6116,agriculture|appropriations,"1","1","0","0","0","0","0","0","0","0","0","0","0","0","0","0","0","0","0","0","0","0","0","0","0","0","50201",Department of Defense,NG Hollis Plains Training Site,https://www.nationalguard.mil/,0.059122050601285,0.000185819138757
"23","2301","01",Congressional District 1,C2,"118",G5200,N,"8539937969","4714432603","+43.8459236","-069.9221696",tl_rd22_23_cd118,Chellie Pingree,Maine 1st,Maine,D,2354 RHOB,(202) 225-6116,agriculture|appropriations,"1","1","0","0","0","0","0","0","0","0","0","0","0","0","0","0","0","0","0","0","0","0","0","0","0","0","51166",Department of Defense,NAS Brunswick ME,https://www.navy.mil/,0.204889801033267,0.001409678802163
"23","2301","01",Congressional District 1,C2,"118",G5200,N,"8539937969","4714432603","+43.8459236","-069.9221696",tl_rd22_23_cd118,Chellie Pingree,Maine 1st,Maine,D,2354 RHOB,(202) 225-6116,agriculture|appropriations,"1","1","0","0","0","0","0","0","0","0","0","0","0","0","0","0","0","0","0","0","0","0","0","0","0","0","51167",Department of Defense,NAS Brunswick ME,https://www.navy.mil/,0.012957587828265,0.000009279845478
"23","2301","01",Congressional District 1,C2,"118",G5200,N,"8539937969","4714432603","+43.8459236","-069.9221696",tl_rd22_23_cd118,Chellie Pingree,Maine 1st,Maine,D,2354 RHOB,(202) 225-6116,agriculture|appropriations,"1","1","0","0","0","0","0","0","0","0","0","0","0","0","0","0","0","0","0","0","0","0","0","0","0","0","51168",Department of Defense,NAS Brunswick ME,https://www.navy.mil/,0.011573347801480,0.000001521651199
"23","2301","01",Congressional District 1,C2,"118",G5200,N,"8539937969","4714432603","+43.8459236","-069.9221696",tl_rd22_23_cd118,Chellie Pingree,Maine 1st,Maine,D,2354 RHOB,(202) 225-6116,agriculture|appropriations,"1","1","0","0","0","0","0","0","0","0","0","0","0","0","0","0","0","0","0","0","0","0","0","0","0","0","51169",Department of Defense,NAS Brunswick ME,https://www.navy.mil/,0.008279252966638,0.000001262660233
"23","2301","01",Congressional District 1,C2,"118",G5200,N,"8539937969","4714432603","+43.8459236","-069.9221696",tl_rd22_23_cd118,Chellie Pingree,Maine 1st,Maine,D,2354 RHOB,(202) 225-6116,agriculture|appropriations,"1","1","0","0","0","0","0","0","0","0","0","0","0","0","0","0","0","0","0","0","0","0","0","0","0","0","51256",Department of Defense,Portsmouth Naval Shipyard,https://www.navy.mil/,0.097533308870109,0.000145243077077
"23","2302","02",Congressional District 2,C2,"118",G5200,N,"71348491003","7030504513","+45.5100010","-069.0853097",tl_rd22_23_cd118,Jared Golden,Maine 2nd,Maine,D,1710 LHOB,(202) 225-6306,armed_services|small_business,"0","0","0","1","0","0","0","0","0","0","0","0","1","0","0","0","0","0","0","0","0","0","0","0","0","0","49958",Department of Defense,NG Auburn Training Site,https://www.nationalguard.mil/,0.058406030620069,0.000080221649427
"23","2302","02",Congressional District 2,C2,"118",G5200,N,"71348491003","7030504513","+45.5100010","-069.0853097",tl_rd22_23_cd118,Jared Golden,Maine 2nd,Maine,D,1710 LHOB,(202) 225-6306,armed_services|small_business,"0","0","0","1","0","0","0","0","0","0","0","0","1","0","0","0","0","0","0","0","0","0","0","0","0","0","49959",Department of Defense,NG Bangor Training Site,https://www.nationalguard.mil/,0.020729363861735,0.000023869697306
"23","2302","02",Congressional District 2,C2,"118",G5200,N,"71348491003","7030504513","+45.5100010","-069.0853097",tl_rd22_23_cd118,Jared Golden,Maine 2nd,Maine,D,1710 LHOB,(202) 225-6306,armed_services|small_business,"0","0","0","1","0","0","0","0","0","0","0","0","1","0","0","0","0","0","0","0","0","0","0","0","0","0","49960",Department of Defense,NG Bangor Training Site,https://www.nationalguard.mil/,0.051721304533317,0.000070843459717
"23","2302","02",Congressional District 2,C2,"118",G5200,N,"71348491003","7030504513","+45.5100010","-069.0853097",tl_rd22_23_cd118,Jared Golden,Maine 2nd,Maine,D,1710 LHOB,(202) 225-6306,armed_services|small_business,"0","0","0","1","0","0","0","0","0","0","0","0","1","0","0","0","0","0","0","0","0","0","0","0","0","0","49970",Department of Defense,NG Bog Brook Training Site,https://www.nationalguard.mil/,0.009759850109523,0.000000667476081
"23","2302","02",Congressional District 2,C2,"118",G5200,N,"71348491003","7030504513","+45.5100010","-069.0853097",tl_rd22_23_cd118,Jared Golden,Maine 2nd,Maine,D,1710 LHOB,(202) 225-6306,armed_services|small_business,"0","0","0","1","0","0","0","0","0","0","0","0","1","0","0","0","0","0","0","0","0","0","0","0","0","0","49971",Department of Defense,NG Bog Brook Training Site,https://www.nationalguard.mil/,0.046699988750996,0.000072918318053
"23","2302","02",Congressional District 2,C2,"118",G5200,N,"71348491003","7030504513","+45.5100010","-069.0853097",tl_rd22_23_cd118,Jared Golden,Maine 2nd,Maine,D,1710 LHOB,(202) 225-6306,armed_services|small_business,"0","0","0","1","0","0","0","0","0","0","0","0","1","0","0","0","0","0","0","0","0","0","0","0","0","0","49972",Department of Defense,NG Bog Brook Training Site,https://www.nationalguard.mil/,0.010240000254360,0.000003243559581
"23","2302","02",Congressional District 2,C2,"118",G5200,N,"71348491003","7030504513","+45.5100010","-069.0853097",tl_rd22_23_cd118,Jared Golden,Maine 2nd,Maine,D,1710 LHOB,(202) 225-6306,armed_services|small_business,"0","0","0","1","0","0","0","0","0","0","0","0","1","0","0","0","0","0","0","0","0","0","0","0","0","0","49973",Department of Defense,NG Bog Brook Training Site,https://www.nationalguard.mil/,0.035251843965110,0.000018477549398
"23","2302","02",Congressional District 2,C2,"118",G5200,N,"71348491003","7030504513","+45.5100010","-069.0853097",tl_rd22_23_cd118,Jared Golden,Maine 2nd,Maine,D,1710 LHOB,(202) 225-6306,armed_services|small_business,"0","0","0","1","0","0","0","0","0","0","0","0","1","0","0","0","0","0","0","0","0","0","0","0","0","0","50585",Department of Defense,DFAS Annex,https://www.af.mil/,0.010996655596836,0.000006815599966
"23","2302","02",Congressional District 2,C2,"118",G5200,N,"71348491003","7030504513","+45.5100010","-069.0853097",tl_rd22_23_cd118,Jared Golden,Maine 2nd,Maine,D,1710 LHOB,(202) 225-6306,armed_services|small_business,"0","0","0","1","0","0","0","0","0","0","0","0","1","0","0","0","0","0","0","0","0","0","0","0","0","0","50720",Department of Defense,Bangor IAP,https://www.ang.af.mil/,0.087606129158440,0.000124859582140
"23","2302","02",Congressional District 2,C2,"118",G5200,N,"71348491003","7030504513","+45.5100010","-069.0853097",tl_rd22_23_cd118,Jared Golden,Maine 2nd,Maine,D,1710 LHOB,(202) 225-6306,armed_services|small_business,"0","0","0","1","0","0","0","0","0","0","0","0","1","0","0","0","0","0","0","0","0","0","0","0","0","0","50962",Department of Defense,Redington Township,https://www.navy.mil/,0.128922308498129,0.000523217128116
"23","2302","02",Congressional District 2,C2,"118",G5200,N,"71348491003","7030504513","+45.5100010","-069.0853097",tl_rd22_23_cd118,Jared Golden,Maine 2nd,Maine,D,1710 LHOB,(202) 225-6306,armed_services|small_business,"0","0","0","1","0","0","0","0","0","0","0","0","1","0","0","0","0","0","0","0","0","0","0","0","0","0","50963",Department of Defense,Redington Township,https://www.navy.mil/,0.347866790440592,0.005224046071665
"24","2401","01",Congressional District 1,C2,"118",G5200,N,"10014515326","4255709903","+38.7482202","-075.9333387",tl_rd22_24_cd118,Andy Harris,Maryland 1st,Maryland,R,1536 LHOB,(202) 225-5311,appropriations,"1","0","0","0","0","0","0","0","0","0","0","0","0","0","0","0","0","0","0","0","0","0","0","0","0","0","50191",Department of Defense,NG Havre De Grace Military Res,https://www.nationalguard.mil/,0.031590378200171,0.000032175768861
"24","2401","01",Congressional District 1,C2,"118",G5200,N,"10014515326","4255709903","+38.7482202","-075.9333387",tl_rd22_24_cd118,Andy Harris,Maryland 1st,Maryland,R,1536 LHOB,(202) 225-5311,appropriations,"1","0","0","0","0","0","0","0","0","0","0","0","0","0","0","0","0","0","0","0","0","0","0","0","0","0","50285",Department of Defense,NG MTA Gunpowder Military Reservation,https://www.nationalguard.mil/,0.052492525556489,0.000107531496876
"24","2401","01",Congressional District 1,C2,"118",G5200,N,"10014515326","4255709903","+38.7482202","-075.9333387",tl_rd22_24_cd118,Andy Harris,Maryland 1st,Maryland,R,1536 LHOB,(202) 225-5311,appropriations,"1","0","0","0","0","0","0","0","0","0","0","0","0","0","0","0","0","0","0","0","0","0","0","0","0","0","50928",Department of Defense,Naval Research Laboratory – Tilghman,https://www.navy.mil/,0.005836175154750,0.000001085446412
"24","2401","01",Congressional District 1,C2,"118",G5200,N,"10014515326","4255709903","+38.7482202","-075.9333387",tl_rd22_24_cd118,Andy Harris,Maryland 1st,Maryland,R,1536 LHOB,(202) 225-5311,appropriations,"1","0","0","0","0","0","0","0","0","0","0","0","0","0","0","0","0","0","0","0","0","0","0","0","0","0","51325",Department of Defense,Aberdeen Proving Ground,https://www.army.mil/,0.963361537391304,0.030540551665116
"24","2402","02",Congressional District 2,C2,"118",G5200,N,"2101000350","106733898","+39.5123478","-076.8483193",tl_rd22_24_cd118,C. Ruppersberger,Maryland 2nd,Maryland,D,2206 RHOB,(202) 225-3061,appropriations,"1","0","0","0","0","0","0","0","0","0","0","0","0","0","0","0","0","0","0","0","0","0","0","0","0","0","50279",Department of Defense,NG MTA Camp Fretterd,https://www.nationalguard.mil/,0.075417077388164,0.000248907217200
"24","2402","02",Congressional District 2,C2,"118",G5200,N,"2101000350","106733898","+39.5123478","-076.8483193",tl_rd22_24_cd118,C. Ruppersberger,Maryland 2nd,Maryland,D,2206 RHOB,(202) 225-3061,appropriations,"1","0","0","0","0","0","0","0","0","0","0","0","0","0","0","0","0","0","0","0","0","0","0","0","0","0","50763",Department of Defense,Martin State Airport,https://www.ang.af.mil/,0.047973100757601,0.000074215378337
"24","2402","02",Congressional District 2,C2,"118",G5200,N,"2101000350","106733898","+39.5123478","-076.8483193",tl_rd22_24_cd118,C. Ruppersberger,Maryland 2nd,Maryland,D,2206 RHOB,(202) 225-3061,appropriations,"1","0","0","0","0","0","0","0","0","0","0","0","0","0","0","0","0","0","0","0","0","0","0","0","0","0","51325",Department of Defense,Aberdeen Proving Ground,https://www.army.mil/,0.963361537391304,0.030540551665116
"24","2403","03",Congressional District 3,C2,"118",G5200,N,"1296579061","288722418","+39.1778898","-076.7301992",tl_rd22_24_cd118,John Sarbanes,Maryland 3rd,Maryland,D,2370 RHOB,(202) 225-4016,energy_and_commerce,"0","0","0","0","0","0","0","0","1","0","0","0","0","0","0","0","0","0","0","0","0","0","0","0","0","0","50929",Department of Defense,Upper Yard Annapolis,https://www.navy.mil/,0.046822825095790,0.000068539431931
"24","2403","03",Congressional District 3,C2,"118",G5200,N,"1296579061","288722418","+39.1778898","-076.7301992",tl_rd22_24_cd118,John Sarbanes,Maryland 3rd,Maryland,D,2370 RHOB,(202) 225-4016,energy_and_commerce,"0","0","0","0","0","0","0","0","1","0","0","0","0","0","0","0","0","0","0","0","0","0","0","0","0","0","50930",Department of Defense,NAVACAD North Severn,https://www.navy.mil/,0.156957957413489,0.000345602882367
"24","2403","03",Congressional District 3,C2,"118",G5200,N,"1296579061","288722418","+39.1778898","-076.7301992",tl_rd22_24_cd118,John Sarbanes,Maryland 3rd,Maryland,D,2370 RHOB,(202) 225-4016,energy_and_commerce,"0","0","0","0","0","0","0","0","1","0","0","0","0","0","0","0","0","0","0","0","0","0","0","0","0","0","50978",Department of Defense,NAVSUPPACT Annapolis,https://www.navy.mil/,0.046870285116341,0.000079047415706
"24","2403","03",Congressional District 3,C2,"118",G5200,N,"1296579061","288722418","+39.1778898","-076.7301992",tl_rd22_24_cd118,John Sarbanes,Maryland 3rd,Maryland,D,2370 RHOB,(202) 225-4016,energy_and_commerce,"0","0","0","0","0","0","0","0","1","0","0","0","0","0","0","0","0","0","0","0","0","0","0","0","0","0","51368",Department of Defense,Fort Meade,https://www.army.mil/,0.189913414231481,0.001683620274429
"24","2404","04",Congressional District 4,C2,"118",G5200,N,"562601282","18437935","+38.9241023","-076.9122919",tl_rd22_24_cd118,Glenn Ivey,Maryland 4th,Maryland,D,1529 LHOB,(202) 225-8699,homeland_security|judiciary|ethics,"0","0","0","0","0","0","1","0","0","0","0","0","0","1","0","0","0","0","0","0","0","0","0","1","0","0","50440",Department of Defense,Adelphi Laboratory Center,https://www.army.mil/,0.059222193100732,0.000086602108385
"24","2404","04",Congressional District 4,C2,"118",G5200,N,"562601282","18437935","+38.9241023","-076.9122919",tl_rd22_24_cd118,Glenn Ivey,Maryland 4th,Maryland,D,1529 LHOB,(202) 225-8699,homeland_security|judiciary|ethics,"0","0","0","0","0","0","1","0","0","0","0","0","0","1","0","0","0","0","0","0","0","0","0","1","0","0","50575",Department of Defense,Joint Base Andrews,https://www.af.mil/,0.181369097019548,0.001847835033868
"24","2404","04",Congressional District 4,C2,"118",G5200,N,"562601282","18437935","+38.9241023","-076.9122919",tl_rd22_24_cd118,Glenn Ivey,Maryland 4th,Maryland,D,1529 LHOB,(202) 225-8699,homeland_security|judiciary|ethics,"0","0","0","0","0","0","1","0","0","0","0","0","0","1","0","0","0","0","0","0","0","0","0","1","0","0","51133",Department of Defense,NMIC Suitland,https://www.navy.mil/,0.019195416865840,0.000017225425098
"24","2405","05",Congressional District 5,C2,"118",G5200,N,"3928663404","2063064829","+38.4865597","-076.7208619",tl_rd22_24_cd118,Steny Hoyer,Maryland 5th,Maryland,D,1705 LHOB,(202) 225-4131,appropriations,"1","0","0","0","0","0","0","0","0","0","0","0","0","0","0","0","0","0","0","0","0","0","0","0","0","0","49968",Department of Defense,Blossom Point Research Facility,https://www.army.mil/,0.120304102303544,0.000661048122743
"24","2405","05",Congressional District 5,C2,"118",G5200,N,"3928663404","2063064829","+38.4865597","-076.7208619",tl_rd22_24_cd118,Steny Hoyer,Maryland 5th,Maryland,D,1705 LHOB,(202) 225-4131,appropriations,"1","0","0","0","0","0","0","0","0","0","0","0","0","0","0","0","0","0","0","0","0","0","0","0","0","0","50070",Department of Defense,Fort Belvoir,https://www.army.mil/,0.445439586685568,0.003481951162929
"24","2405","05",Congressional District 5,C2,"118",G5200,N,"3928663404","2063064829","+38.4865597","-076.7208619",tl_rd22_24_cd118,Steny Hoyer,Maryland 5th,Maryland,D,1705 LHOB,(202) 225-4131,appropriations,"1","0","0","0","0","0","0","0","0","0","0","0","0","0","0","0","0","0","0","0","0","0","0","0","0","0","50575",Department of Defense,Joint Base Andrews,https://www.af.mil/,0.181369097019548,0.001847835033868
"24","2405","05",Congressional District 5,C2,"118",G5200,N,"3928663404","2063064829","+38.4865597","-076.7208619",tl_rd22_24_cd118,Steny Hoyer,Maryland 5th,Maryland,D,1705 LHOB,(202) 225-4131,appropriations,"1","0","0","0","0","0","0","0","0","0","0","0","0","0","0","0","0","0","0","0","0","0","0","0","0","0","50827",Department of Defense,Marine Corps Base Quantico,https://www.marines.mil/,0.340124104161547,0.003273581135372
"24","2405","05",Congressional District 5,C2,"118",G5200,N,"3928663404","2063064829","+38.4865597","-076.7208619",tl_rd22_24_cd118,Steny Hoyer,Maryland 5th,Maryland,D,1705 LHOB,(202) 225-4131,appropriations,"1","0","0","0","0","0","0","0","0","0","0","0","0","0","0","0","0","0","0","0","0","0","0","0","0","0","50920",Department of Defense,Webster Field,https://www.navy.mil/,0.000248580014562,0.000000001967369
"24","2405","05",Congressional District 5,C2,"118",G5200,N,"3928663404","2063064829","+38.4865597","-076.7208619",tl_rd22_24_cd118,Steny Hoyer,Maryland 5th,Maryland,D,1705 LHOB,(202) 225-4131,appropriations,"1","0","0","0","0","0","0","0","0","0","0","0","0","0","0","0","0","0","0","0","0","0","0","0","0","0","50921",Department of Defense,Webster Field,https://www.navy.mil/,0.000370342831016,0.000000005140515
"24","2405","05",Congressional District 5,C2,"118",G5200,N,"3928663404","2063064829","+38.4865597","-076.7208619",tl_rd22_24_cd118,Steny Hoyer,Maryland 5th,Maryland,D,1705 LHOB,(202) 225-4131,appropriations,"1","0","0","0","0","0","0","0","0","0","0","0","0","0","0","0","0","0","0","0","0","0","0","0","0","0","50922",Department of Defense,Webster Field,https://www.navy.mil/,0.000330902816452,0.000000003871287
"24","2405","05",Congressional District 5,C2,"118",G5200,N,"3928663404","2063064829","+38.4865597","-076.7208619",tl_rd22_24_cd118,Steny Hoyer,Maryland 5th,Maryland,D,1705 LHOB,(202) 225-4131,appropriations,"1","0","0","0","0","0","0","0","0","0","0","0","0","0","0","0","0","0","0","0","0","0","0","0","0","0","50923",Department of Defense,Webster Field,https://www.navy.mil/,0.000550709227476,0.000000013454047
"24","2405","05",Congressional District 5,C2,"118",G5200,N,"3928663404","2063064829","+38.4865597","-076.7208619",tl_rd22_24_cd118,Steny Hoyer,Maryland 5th,Maryland,D,1705 LHOB,(202) 225-4131,appropriations,"1","0","0","0","0","0","0","0","0","0","0","0","0","0","0","0","0","0","0","0","0","0","0","0","0","0","50924",Department of Defense,Webster Field,https://www.navy.mil/,0.137446277944229,0.000355276318680
"24","2405","05",Congressional District 5,C2,"118",G5200,N,"3928663404","2063064829","+38.4865597","-076.7208619",tl_rd22_24_cd118,Steny Hoyer,Maryland 5th,Maryland,D,1705 LHOB,(202) 225-4131,appropriations,"1","0","0","0","0","0","0","0","0","0","0","0","0","0","0","0","0","0","0","0","0","0","0","0","0","0","50925",Department of Defense,Webster Field,https://www.navy.mil/,0.040462410464605,0.000048600581225
"24","2405","05",Congressional District 5,C2,"118",G5200,N,"3928663404","2063064829","+38.4865597","-076.7208619",tl_rd22_24_cd118,Steny Hoyer,Maryland 5th,Maryland,D,1705 LHOB,(202) 225-4131,appropriations,"1","0","0","0","0","0","0","0","0","0","0","0","0","0","0","0","0","0","0","0","0","0","0","0","0","0","50926",Department of Defense,NRC Solomons,https://www.navy.mil/,0.076713987709043,0.000127362764056
"24","2405","05",Congressional District 5,C2,"118",G5200,N,"3928663404","2063064829","+38.4865597","-076.7208619",tl_rd22_24_cd118,Steny Hoyer,Maryland 5th,Maryland,D,1705 LHOB,(202) 225-4131,appropriations,"1","0","0","0","0","0","0","0","0","0","0","0","0","0","0","0","0","0","0","0","0","0","0","0","0","0","50935",Department of Defense,Gambrills,https://www.navy.mil/,0.107413482554564,0.000351795610717
"24","2405","05",Congressional District 5,C2,"118",G5200,N,"3928663404","2063064829","+38.4865597","-076.7208619",tl_rd22_24_cd118,Steny Hoyer,Maryland 5th,Maryland,D,1705 LHOB,(202) 225-4131,appropriations,"1","0","0","0","0","0","0","0","0","0","0","0","0","0","0","0","0","0","0","0","0","0","0","0","0","0","50968",Department of Defense,Naval Air Station Patuxent River,https://www.navy.mil/,0.299867810285990,0.002774459354249
"24","2405","05",Congressional District 5,C2,"118",G5200,N,"3928663404","2063064829","+38.4865597","-076.7208619",tl_rd22_24_cd118,Steny Hoyer,Maryland 5th,Maryland,D,1705 LHOB,(202) 225-4131,appropriations,"1","0","0","0","0","0","0","0","0","0","0","0","0","0","0","0","0","0","0","0","0","0","0","0","0","0","50979",Department of Defense,Chesapeake Bay Detach,https://www.navy.mil/,0.043794263675304,0.000075634598348
"24","2405","05",Congressional District 5,C2,"118",G5200,N,"3928663404","2063064829","+38.4865597","-076.7208619",tl_rd22_24_cd118,Steny Hoyer,Maryland 5th,Maryland,D,1705 LHOB,(202) 225-4131,appropriations,"1","0","0","0","0","0","0","0","0","0","0","0","0","0","0","0","0","0","0","0","0","0","0","0","0","0","51134",Department of Defense,Naval Support Facility Dahlgren,https://www.navy.mil/,0.144127900889187,0.001114134031640
"24","2405","05",Congressional District 5,C2,"118",G5200,N,"3928663404","2063064829","+38.4865597","-076.7208619",tl_rd22_24_cd118,Steny Hoyer,Maryland 5th,Maryland,D,1705 LHOB,(202) 225-4131,appropriations,"1","0","0","0","0","0","0","0","0","0","0","0","0","0","0","0","0","0","0","0","0","0","0","0","0","0","51136",Department of Defense,Naval Support Facility Indian Head,https://www.navy.mil/,0.000265742998234,0.000000003784890
"24","2405","05",Congressional District 5,C2,"118",G5200,N,"3928663404","2063064829","+38.4865597","-076.7208619",tl_rd22_24_cd118,Steny Hoyer,Maryland 5th,Maryland,D,1705 LHOB,(202) 225-4131,appropriations,"1","0","0","0","0","0","0","0","0","0","0","0","0","0","0","0","0","0","0","0","0","0","0","0","0","0","51137",Department of Defense,Naval Support Facility Indian Head,https://www.navy.mil/,0.227556782938553,0.000827096906328
"24","2405","05",Congressional District 5,C2,"118",G5200,N,"3928663404","2063064829","+38.4865597","-076.7208619",tl_rd22_24_cd118,Steny Hoyer,Maryland 5th,Maryland,D,1705 LHOB,(202) 225-4131,appropriations,"1","0","0","0","0","0","0","0","0","0","0","0","0","0","0","0","0","0","0","0","0","0","0","0","0","0","51149",Department of Defense,Naval Research Laboratory – Blossom Point,https://www.navy.mil/,0.018503559500365,0.000011474486825
"24","2405","05",Congressional District 5,C2,"118",G5200,N,"3928663404","2063064829","+38.4865597","-076.7208619",tl_rd22_24_cd118,Steny Hoyer,Maryland 5th,Maryland,D,1705 LHOB,(202) 225-4131,appropriations,"1","0","0","0","0","0","0","0","0","0","0","0","0","0","0","0","0","0","0","0","0","0","0","0","0","0","51150",Department of Defense,Stump Neck Area,https://www.navy.mil/,0.242361241889407,0.000387330649120
"24","2405","05",Congressional District 5,C2,"118",G5200,N,"3928663404","2063064829","+38.4865597","-076.7208619",tl_rd22_24_cd118,Steny Hoyer,Maryland 5th,Maryland,D,1705 LHOB,(202) 225-4131,appropriations,"1","0","0","0","0","0","0","0","0","0","0","0","0","0","0","0","0","0","0","0","0","0","0","0","0","0","51151",Department of Defense,Pumpkin Neck,https://www.navy.mil/,0.158424675134978,0.000679702692006
"24","2405","05",Congressional District 5,C2,"118",G5200,N,"3928663404","2063064829","+38.4865597","-076.7208619",tl_rd22_24_cd118,Steny Hoyer,Maryland 5th,Maryland,D,1705 LHOB,(202) 225-4131,appropriations,"1","0","0","0","0","0","0","0","0","0","0","0","0","0","0","0","0","0","0","0","0","0","0","0","0","0","51364",Department of Defense,Fort Meade,https://www.army.mil/,0.012032062002870,0.000009686127408
"24","2405","05",Congressional District 5,C2,"118",G5200,N,"3928663404","2063064829","+38.4865597","-076.7208619",tl_rd22_24_cd118,Steny Hoyer,Maryland 5th,Maryland,D,1705 LHOB,(202) 225-4131,appropriations,"1","0","0","0","0","0","0","0","0","0","0","0","0","0","0","0","0","0","0","0","0","0","0","0","0","0","51365",Department of Defense,Fort Meade,https://www.army.mil/,0.000677815797458,0.000000028341793
"24","2405","05",Congressional District 5,C2,"118",G5200,N,"3928663404","2063064829","+38.4865597","-076.7208619",tl_rd22_24_cd118,Steny Hoyer,Maryland 5th,Maryland,D,1705 LHOB,(202) 225-4131,appropriations,"1","0","0","0","0","0","0","0","0","0","0","0","0","0","0","0","0","0","0","0","0","0","0","0","0","0","51366",Department of Defense,Fort Meade,https://www.army.mil/,0.143160553434716,0.000213736416285
"24","2405","05",Congressional District 5,C2,"118",G5200,N,"3928663404","2063064829","+38.4865597","-076.7208619",tl_rd22_24_cd118,Steny Hoyer,Maryland 5th,Maryland,D,1705 LHOB,(202) 225-4131,appropriations,"1","0","0","0","0","0","0","0","0","0","0","0","0","0","0","0","0","0","0","0","0","0","0","0","0","0","51367",Department of Defense,Fort Meade,https://www.army.mil/,0.032819937486191,0.000062148899563
"24","2405","05",Congressional District 5,C2,"118",G5200,N,"3928663404","2063064829","+38.4865597","-076.7208619",tl_rd22_24_cd118,Steny Hoyer,Maryland 5th,Maryland,D,1705 LHOB,(202) 225-4131,appropriations,"1","0","0","0","0","0","0","0","0","0","0","0","0","0","0","0","0","0","0","0","0","0","0","0","0","0","51368",Department of Defense,Fort Meade,https://www.army.mil/,0.189913414231481,0.001683620274429
"24","2406","06",Congressional District 6,C2,"118",G5200,N,"6203152751","96521312","+39.5641160","-078.8950854",tl_rd22_24_cd118,David Trone,Maryland 6th,Maryland,D,2404 RHOB,(202) 225-2721,appropriations|budget,"1","0","0","0","0","0","0","0","0","0","0","0","0","0","1","0","0","0","0","0","0","0","0","0","0","0","50085",Department of Defense,Fort Detrick,https://www.army.mil/,0.008403590120667,0.000003764953666
"24","2406","06",Congressional District 6,C2,"118",G5200,N,"6203152751","96521312","+39.5641160","-078.8950854",tl_rd22_24_cd118,David Trone,Maryland 6th,Maryland,D,2404 RHOB,(202) 225-2721,appropriations|budget,"1","0","0","0","0","0","0","0","0","0","0","0","0","0","1","0","0","0","0","0","0","0","0","0","0","0","50086",Department of Defense,Fort Detrick,https://www.army.mil/,0.059820824464453,0.000166890395686
"24","2406","06",Congressional District 6,C2,"118",G5200,N,"6203152751","96521312","+39.5641160","-078.8950854",tl_rd22_24_cd118,David Trone,Maryland 6th,Maryland,D,2404 RHOB,(202) 225-2721,appropriations|budget,"1","0","0","0","0","0","0","0","0","0","0","0","0","0","1","0","0","0","0","0","0","0","0","0","0","0","50087",Department of Defense,Fort Detrick,https://www.army.mil/,0.007547133103189,0.000003130353896
"24","2406","06",Congressional District 6,C2,"118",G5200,N,"6203152751","96521312","+39.5641160","-078.8950854",tl_rd22_24_cd118,David Trone,Maryland 6th,Maryland,D,2404 RHOB,(202) 225-2721,appropriations|budget,"1","0","0","0","0","0","0","0","0","0","0","0","0","0","1","0","0","0","0","0","0","0","0","0","0","0","50088",Department of Defense,Fort Detrick,https://www.army.mil/,0.086834242807352,0.000342661681622
"24","2406","06",Congressional District 6,C2,"118",G5200,N,"6203152751","96521312","+39.5641160","-078.8950854",tl_rd22_24_cd118,David Trone,Maryland 6th,Maryland,D,2404 RHOB,(202) 225-2721,appropriations|budget,"1","0","0","0","0","0","0","0","0","0","0","0","0","0","1","0","0","0","0","0","0","0","0","0","0","0","50974",Department of Defense,Allegany Ballistics Lab,https://www.navy.mil/,0.155960206275214,0.000643455731188
"24","2408","08",Congressional District 8,C2,"118",G5200,N,"708108256","17841632","+39.0982355","-077.1238023",tl_rd22_24_cd118,Jamie Raskin,Maryland 8th,Maryland,D,2242 RHOB,(202) 225-5341,oversight_and_accountability,"0","0","1","0","0","0","0","0","0","0","0","0","0","0","0","0","0","0","0","0","0","0","0","0","0","0","50361",Department of Defense,Fort Detrick Forest Glen Annex,https://www.army.mil/,0.028919228570933,0.000050243939503
"24","2408","08",Congressional District 8,C2,"118",G5200,N,"708108256","17841632","+39.0982355","-077.1238023",tl_rd22_24_cd118,Jamie Raskin,Maryland 8th,Maryland,D,2242 RHOB,(202) 225-5341,oversight_and_accountability,"0","0","1","0","0","0","0","0","0","0","0","0","0","0","0","0","0","0","0","0","0","0","0","0","0","0","50362",Department of Defense,Fort Detrick Forest Glen Annex,https://www.army.mil/,0.007931179807769,0.000002185789572
"24","2408","08",Congressional District 8,C2,"118",G5200,N,"708108256","17841632","+39.0982355","-077.1238023",tl_rd22_24_cd118,Jamie Raskin,Maryland 8th,Maryland,D,2242 RHOB,(202) 225-5341,oversight_and_accountability,"0","0","1","0","0","0","0","0","0","0","0","0","0","0","0","0","0","0","0","0","0","0","0","0","0","0","50363",Department of Defense,Fort Detrick Glen Haven Annex,https://www.army.mil/,0.015521516204521,0.000008225389106
"24","2408","08",Congressional District 8,C2,"118",G5200,N,"708108256","17841632","+39.0982355","-077.1238023",tl_rd22_24_cd118,Jamie Raskin,Maryland 8th,Maryland,D,2242 RHOB,(202) 225-5341,oversight_and_accountability,"0","0","1","0","0","0","0","0","0","0","0","0","0","0","0","0","0","0","0","0","0","0","0","0","0","0","50440",Department of Defense,Adelphi Laboratory Center,https://www.army.mil/,0.059222193100732,0.000086602108385
"24","2408","08",Congressional District 8,C2,"118",G5200,N,"708108256","17841632","+39.0982355","-077.1238023",tl_rd22_24_cd118,Jamie Raskin,Maryland 8th,Maryland,D,2242 RHOB,(202) 225-5341,oversight_and_accountability,"0","0","1","0","0","0","0","0","0","0","0","0","0","0","0","0","0","0","0","0","0","0","0","0","0","0","50917",Department of Defense,Naval Support Facility Carderock,https://www.navy.mil/,0.048261207595711,0.000076025803596
"24","2408","08",Congressional District 8,C2,"118",G5200,N,"708108256","17841632","+39.0982355","-077.1238023",tl_rd22_24_cd118,Jamie Raskin,Maryland 8th,Maryland,D,2242 RHOB,(202) 225-5341,oversight_and_accountability,"0","0","1","0","0","0","0","0","0","0","0","0","0","0","0","0","0","0","0","0","0","0","0","0","0","0","50918",Department of Defense,Naval Support Facility Carderock,https://www.navy.mil/,0.007203143863320,0.000000554205065
"24","2408","08",Congressional District 8,C2,"118",G5200,N,"708108256","17841632","+39.0982355","-077.1238023",tl_rd22_24_cd118,Jamie Raskin,Maryland 8th,Maryland,D,2242 RHOB,(202) 225-5341,oversight_and_accountability,"0","0","1","0","0","0","0","0","0","0","0","0","0","0","0","0","0","0","0","0","0","0","0","0","0","0","51135",Department of Defense,NAVSUPPACT Bethesda MD,https://www.navy.mil/,0.042178208359881,0.000102658702099
"25","2501","01",Congressional District 1,C2,"118",G5200,N,"5784389558","154201019","+42.1858704","-073.0732728",tl_rd22_25_cd118,Richard Neal,Massachusetts 1st,Massachusetts,D,372 CHOB,(202) 225-5601,joint_committee_on_taxation|ways_and_means,"0","0","0","0","0","0","0","0","0","1","0","0","0","0","0","0","1","0","0","0","0","0","0","0","0","0","50628",Department of Defense,Westover ARB,https://www.afrc.af.mil/,0.209841312002644,0.001053101565447
"25","2501","01",Congressional District 1,C2,"118",G5200,N,"5784389558","154201019","+42.1858704","-073.0732728",tl_rd22_25_cd118,Richard Neal,Massachusetts 1st,Massachusetts,D,372 CHOB,(202) 225-5601,joint_committee_on_taxation|ways_and_means,"0","0","0","0","0","0","0","0","0","1","0","0","0","0","0","0","1","0","0","0","0","0","0","0","0","0","51287",Department of Defense,Barnes Map (ANG),https://www.ang.af.mil/,0.032939997788945,0.000048788289933
"25","2503","03",Congressional District 3,C2,"118",G5200,N,"1943394418","74394872","+42.5843006","-071.5895235",tl_rd22_25_cd118,Lori Trahan,Massachusetts 3rd,Massachusetts,D,2439 RHOB,(202) 225-3411,energy_and_commerce,"0","0","0","0","0","0","0","0","1","0","0","0","0","0","0","0","0","0","0","0","0","0","0","0","0","0","49940",Department of Defense,Devens Reserve Forces Tng Area,https://www.usar.army.mil/,0.232480029109028,0.002125164850469
"25","2503","03",Congressional District 3,C2,"118",G5200,N,"1943394418","74394872","+42.5843006","-071.5895235",tl_rd22_25_cd118,Lori Trahan,Massachusetts 3rd,Massachusetts,D,2439 RHOB,(202) 225-3411,energy_and_commerce,"0","0","0","0","0","0","0","0","1","0","0","0","0","0","0","0","0","0","0","0","0","0","0","0","0","0","49941",Department of Defense,Devens Reserve Forces Tng Area,https://www.usar.army.mil/,0.004945474447720,0.000001525969984
"25","2503","03",Congressional District 3,C2,"118",G5200,N,"1943394418","74394872","+42.5843006","-071.5895235",tl_rd22_25_cd118,Lori Trahan,Massachusetts 3rd,Massachusetts,D,2439 RHOB,(202) 225-3411,energy_and_commerce,"0","0","0","0","0","0","0","0","1","0","0","0","0","0","0","0","0","0","0","0","0","0","0","0","0","0","49942",Department of Defense,Devens Reserve Forces Tng Area,https://www.usar.army.mil/,0.040013574719959,0.000063251034381
"25","2503","03",Congressional District 3,C2,"118",G5200,N,"1943394418","74394872","+42.5843006","-071.5895235",tl_rd22_25_cd118,Lori Trahan,Massachusetts 3rd,Massachusetts,D,2439 RHOB,(202) 225-3411,energy_and_commerce,"0","0","0","0","0","0","0","0","1","0","0","0","0","0","0","0","0","0","0","0","0","0","0","0","0","0","49943",Department of Defense,Devens Reserve Forces Tng Area,https://www.usar.army.mil/,0.044128447674067,0.000060380007017
"25","2503","03",Congressional District 3,C2,"118",G5200,N,"1943394418","74394872","+42.5843006","-071.5895235",tl_rd22_25_cd118,Lori Trahan,Massachusetts 3rd,Massachusetts,D,2439 RHOB,(202) 225-3411,energy_and_commerce,"0","0","0","0","0","0","0","0","1","0","0","0","0","0","0","0","0","0","0","0","0","0","0","0","0","0","49944",Department of Defense,Devens Reserve Forces Tng Area,https://www.usar.army.mil/,0.008277963061020,0.000004055728482
"25","2503","03",Congressional District 3,C2,"118",G5200,N,"1943394418","74394872","+42.5843006","-071.5895235",tl_rd22_25_cd118,Lori Trahan,Massachusetts 3rd,Massachusetts,D,2439 RHOB,(202) 225-3411,energy_and_commerce,"0","0","0","0","0","0","0","0","1","0","0","0","0","0","0","0","0","0","0","0","0","0","0","0","0","0","50477",Department of Defense,NG Ayer,https://www.nationalguard.mil/,0.026046895757572,0.000029004027082
"25","2505","05",Congressional District 5,C2,"118",G5200,N,"567991704","52757141","+42.3867838","-071.2585783",tl_rd22_25_cd118,Katherine Clark,Massachusetts 5th,Massachusetts,D,2368 RHOB,(202) 225-2836,"0","0","0","0","0","0","0","0","0","0","0","0","0","0","0","0","0","0","0","0","0","0","0","0","0","0",,"50415",Department of Defense,U.S. Army Natick Soldier Systems Center,https://www.army.mil/,0.030128128261292,0.000028402003697
"25","2505","05",Congressional District 5,C2,"118",G5200,N,"567991704","52757141","+42.3867838","-071.2585783",tl_rd22_25_cd118,Katherine Clark,Massachusetts 5th,Massachusetts,D,2368 RHOB,(202) 225-2836,"0","0","0","0","0","0","0","0","0","0","0","0","0","0","0","0","0","0","0","0","0","0","0","0","0","0",,"50594",Department of Defense,Hanscom Air Force Base,https://www.af.mil/,0.108042282004291,0.000341189441662
"25","2506","06",Congressional District 6,C2,"118",G5200,N,"1379632403","864927646","+42.6192411","-070.8851341",tl_rd22_25_cd118,Seth Moulton,Massachusetts 6th,Massachusetts,D,1126 LHOB,(202) 225-8020,armed_services|transportation_and_infrastructure|select_sub_us_china,"0","0","0","1","0","0","0","0","0","0","0","1","0","0","0","0","0","0","0","0","0","0","1","0","0","0","50276",Department of Defense,NG MTA Camp Curtis Guil,https://www.nationalguard.mil/,0.121876933696202,0.000311675657899
"25","2506","06",Congressional District 6,C2,"118",G5200,N,"1379632403","864927646","+42.6192411","-070.8851341",tl_rd22_25_cd118,Seth Moulton,Massachusetts 6th,Massachusetts,D,1126 LHOB,(202) 225-8020,armed_services|transportation_and_infrastructure|select_sub_us_china,"0","0","0","1","0","0","0","0","0","0","0","1","0","0","0","0","0","0","0","0","0","0","1","0","0","0","50594",Department of Defense,Hanscom Air Force Base,https://www.af.mil/,0.108042282004291,0.000341189441662
"25","2506","06",Congressional District 6,C2,"118",G5200,N,"1379632403","864927646","+42.6192411","-070.8851341",tl_rd22_25_cd118,Seth Moulton,Massachusetts 6th,Massachusetts,D,1126 LHOB,(202) 225-8020,armed_services|transportation_and_infrastructure|select_sub_us_china,"0","0","0","1","0","0","0","0","0","0","0","1","0","0","0","0","0","0","0","0","0","0","1","0","0","0","50595",Department of Defense,Hanscom Air Force Base,https://www.af.mil/,0.006751943393385,0.000002438812462
"25","2506","06",Congressional District 6,C2,"118",G5200,N,"1379632403","864927646","+42.6192411","-070.8851341",tl_rd22_25_cd118,Seth Moulton,Massachusetts 6th,Massachusetts,D,1126 LHOB,(202) 225-8020,armed_services|transportation_and_infrastructure|select_sub_us_china,"0","0","0","1","0","0","0","0","0","0","0","1","0","0","0","0","0","0","0","0","0","0","1","0","0","0","50940",Department of Defense,NWIRP Bedford MA,https://www.navy.mil/,0.025834756551555,0.000019899660218
"25","2508","08",Congressional District 8,C2,"118",G5200,N,"759881211","433779051","+42.2040095","-070.9737618",tl_rd22_25_cd118,Stephen Lynch,Massachusetts 8th,Massachusetts,D,2109 RHOB,(202) 225-8273,financial_services|select_subcommittee_on_the_weaponization_of_the_fed_govt|oversight_and_accountability,"0","0","1","0","0","0","0","0","0","0","1","0","0","0","0","1","0","0","0","0","0","0","0","0","0","0","51156",Department of Defense,CSO NAS South Weymouth,https://www.navy.mil/,0.019743991376975,0.000026823784280
"25","2509","09",Congressional District 9,C2,"118",G5200,N,"3250890903","5230168261","+41.7037578","-070.4902898",tl_rd22_25_cd118,William Keating,Massachusetts 9th,Massachusetts,D,2351 RHOB,(202) 225-3111,armed_services|foreign_affairs,"0","0","0","1","0","1","0","0","0","0","0","0","0","0","0","0","0","0","0","0","0","0","0","0","0","0","50277",Department of Defense,NG MTA Camp Edwards,https://www.nationalguard.mil/,0.025235754619651,0.000025398200175
"25","2509","09",Congressional District 9,C2,"118",G5200,N,"3250890903","5230168261","+41.7037578","-070.4902898",tl_rd22_25_cd118,William Keating,Massachusetts 9th,Massachusetts,D,2351 RHOB,(202) 225-3111,armed_services|foreign_affairs,"0","0","0","1","0","1","0","0","0","0","0","0","0","0","0","0","0","0","0","0","0","0","0","0","0","0","50278",Department of Defense,NG MTA Camp Edwards,https://www.nationalguard.mil/,0.615206686145431,0.008973452951132
"25","2509","09",Congressional District 9,C2,"118",G5200,N,"3250890903","5230168261","+41.7037578","-070.4902898",tl_rd22_25_cd118,William Keating,Massachusetts 9th,Massachusetts,D,2351 RHOB,(202) 225-3111,armed_services|foreign_affairs,"0","0","0","1","0","1","0","0","0","0","0","0","0","0","0","0","0","0","0","0","0","0","0","0","0","0","50693",Department of Defense,Cape Cod Air Station,https://www.af.mil/,0.062576220616107,0.000043933677787
"25","2509","09",Congressional District 9,C2,"118",G5200,N,"3250890903","5230168261","+41.7037578","-070.4902898",tl_rd22_25_cd118,William Keating,Massachusetts 9th,Massachusetts,D,2351 RHOB,(202) 225-3111,armed_services|foreign_affairs,"0","0","0","1","0","1","0","0","0","0","0","0","0","0","0","0","0","0","0","0","0","0","0","0","0","0","50736",Department of Defense,Otis ANG Base,https://www.ang.af.mil/,0.059639052099317,0.000086447049484
"25","2509","09",Congressional District 9,C2,"118",G5200,N,"3250890903","5230168261","+41.7037578","-070.4902898",tl_rd22_25_cd118,William Keating,Massachusetts 9th,Massachusetts,D,2351 RHOB,(202) 225-3111,armed_services|foreign_affairs,"0","0","0","1","0","1","0","0","0","0","0","0","0","0","0","0","0","0","0","0","0","0","0","0","0","0","50737",Department of Defense,Otis ANG Base,https://www.ang.af.mil/,0.462618114627001,0.001473575362848
"25","2509","09",Congressional District 9,C2,"118",G5200,N,"3250890903","5230168261","+41.7037578","-070.4902898",tl_rd22_25_cd118,William Keating,Massachusetts 9th,Massachusetts,D,2351 RHOB,(202) 225-3111,armed_services|foreign_affairs,"0","0","0","1","0","1","0","0","0","0","0","0","0","0","0","0","0","0","0","0","0","0","0","0","0","0","51156",Department of Defense,CSO NAS South Weymouth,https://www.navy.mil/,0.019743991376975,0.000026823784280
"26","2601","01",Congressional District 1,C2,"118",G5200,N,"69721319636","78348958948","+46.0652062","-086.2306832",tl_rd22_26_cd118,Jack Bergman,Michigan 1st,Michigan,R,566 CHOB,(202) 225-4735,armed_services|budget|veterans_affairs,"0","0","0","1","0","0","0","0","0","0","0","0","0","0","1","0","0","0","0","0","0","1","0","0","0","0","50182",Department of Defense,NG Grayling Airfield,https://www.nationalguard.mil/,0.003744532893863,0.000000834315495
"26","2601","01",Congressional District 1,C2,"118",G5200,N,"69721319636","78348958948","+46.0652062","-086.2306832",tl_rd22_26_cd118,Jack Bergman,Michigan 1st,Michigan,R,566 CHOB,(202) 225-4735,armed_services|budget|veterans_affairs,"0","0","0","1","0","0","0","0","0","0","0","0","0","0","1","0","0","0","0","0","0","1","0","0","0","0","50183",Department of Defense,NG Grayling Airfield,https://www.nationalguard.mil/,0.082693671436357,0.000422664205594
"26","2601","01",Congressional District 1,C2,"118",G5200,N,"69721319636","78348958948","+46.0652062","-086.2306832",tl_rd22_26_cd118,Jack Bergman,Michigan 1st,Michigan,R,566 CHOB,(202) 225-4735,armed_services|budget|veterans_affairs,"0","0","0","1","0","0","0","0","0","0","0","0","0","0","1","0","0","0","0","0","0","1","0","0","0","0","50289",Department of Defense,NG MTC-H Camp Grayling,https://www.nationalguard.mil/,0.017278658598145,0.000018168548801
"26","2601","01",Congressional District 1,C2,"118",G5200,N,"69721319636","78348958948","+46.0652062","-086.2306832",tl_rd22_26_cd118,Jack Bergman,Michigan 1st,Michigan,R,566 CHOB,(202) 225-4735,armed_services|budget|veterans_affairs,"0","0","0","1","0","0","0","0","0","0","0","0","0","0","1","0","0","0","0","0","0","1","0","0","0","0","50290",Department of Defense,NG MTC-H Camp Grayling,https://www.nationalguard.mil/,0.017297204418338,0.000018200301685
"26","2601","01",Congressional District 1,C2,"118",G5200,N,"69721319636","78348958948","+46.0652062","-086.2306832",tl_rd22_26_cd118,Jack Bergman,Michigan 1st,Michigan,R,566 CHOB,(202) 225-4735,armed_services|budget|veterans_affairs,"0","0","0","1","0","0","0","0","0","0","0","0","0","0","1","0","0","0","0","0","0","1","0","0","0","0","50291",Department of Defense,NG MTC-H Camp Grayling,https://www.nationalguard.mil/,0.006151857222506,0.000001535085275
"26","2601","01",Congressional District 1,C2,"118",G5200,N,"69721319636","78348958948","+46.0652062","-086.2306832",tl_rd22_26_cd118,Jack Bergman,Michigan 1st,Michigan,R,566 CHOB,(202) 225-4735,armed_services|budget|veterans_affairs,"0","0","0","1","0","0","0","0","0","0","0","0","0","0","1","0","0","0","0","0","0","1","0","0","0","0","50292",Department of Defense,NG MTC-H Camp Grayling,https://www.nationalguard.mil/,0.032788994241463,0.000050229905271
"26","2601","01",Congressional District 1,C2,"118",G5200,N,"69721319636","78348958948","+46.0652062","-086.2306832",tl_rd22_26_cd118,Jack Bergman,Michigan 1st,Michigan,R,566 CHOB,(202) 225-4735,armed_services|budget|veterans_affairs,"0","0","0","1","0","0","0","0","0","0","0","0","0","0","1","0","0","0","0","0","0","1","0","0","0","0","50293",Department of Defense,NG MTC-H Camp Grayling,https://www.nationalguard.mil/,0.432205950131580,0.003715939706579
"26","2601","01",Congressional District 1,C2,"118",G5200,N,"69721319636","78348958948","+46.0652062","-086.2306832",tl_rd22_26_cd118,Jack Bergman,Michigan 1st,Michigan,R,566 CHOB,(202) 225-4735,armed_services|budget|veterans_affairs,"0","0","0","1","0","0","0","0","0","0","0","0","0","0","1","0","0","0","0","0","0","1","0","0","0","0","50294",Department of Defense,NG MTC-H Camp Grayling,https://www.nationalguard.mil/,0.011359683180782,0.000005580739854
"26","2601","01",Congressional District 1,C2,"118",G5200,N,"69721319636","78348958948","+46.0652062","-086.2306832",tl_rd22_26_cd118,Jack Bergman,Michigan 1st,Michigan,R,566 CHOB,(202) 225-4735,armed_services|budget|veterans_affairs,"0","0","0","1","0","0","0","0","0","0","0","0","0","0","1","0","0","0","0","0","0","1","0","0","0","0","50295",Department of Defense,NG MTC-H Camp Grayling,https://www.nationalguard.mil/,0.341402917070943,0.001407894403471
"26","2601","01",Congressional District 1,C2,"118",G5200,N,"69721319636","78348958948","+46.0652062","-086.2306832",tl_rd22_26_cd118,Jack Bergman,Michigan 1st,Michigan,R,566 CHOB,(202) 225-4735,armed_services|budget|veterans_affairs,"0","0","0","1","0","0","0","0","0","0","0","0","0","0","1","0","0","0","0","0","0","1","0","0","0","0","50296",Department of Defense,NG MTC-H Camp Grayling,https://www.nationalguard.mil/,1.987195453968209,0.029966049771877
"26","2601","01",Congressional District 1,C2,"118",G5200,N,"69721319636","78348958948","+46.0652062","-086.2306832",tl_rd22_26_cd118,Jack Bergman,Michigan 1st,Michigan,R,566 CHOB,(202) 225-4735,armed_services|budget|veterans_affairs,"0","0","0","1","0","0","0","0","0","0","0","0","0","0","1","0","0","0","0","0","0","1","0","0","0","0","50297",Department of Defense,NG MTC-H Camp Grayling,https://www.nationalguard.mil/,0.149735038031312,0.001044592952724
"26","2601","01",Congressional District 1,C2,"118",G5200,N,"69721319636","78348958948","+46.0652062","-086.2306832",tl_rd22_26_cd118,Jack Bergman,Michigan 1st,Michigan,R,566 CHOB,(202) 225-4735,armed_services|budget|veterans_affairs,"0","0","0","1","0","0","0","0","0","0","0","0","0","0","1","0","0","0","0","0","0","1","0","0","0","0","50298",Department of Defense,NG MTC-H Camp Grayling,https://www.nationalguard.mil/,0.017436668366840,0.000018434320527
"26","2601","01",Congressional District 1,C2,"118",G5200,N,"69721319636","78348958948","+46.0652062","-086.2306832",tl_rd22_26_cd118,Jack Bergman,Michigan 1st,Michigan,R,566 CHOB,(202) 225-4735,armed_services|budget|veterans_affairs,"0","0","0","1","0","0","0","0","0","0","0","0","0","0","1","0","0","0","0","0","0","1","0","0","0","0","50299",Department of Defense,NG MTC-H Camp Grayling,https://www.nationalguard.mil/,1.896890806420317,0.030888435922475
"26","2601","01",Congressional District 1,C2,"118",G5200,N,"69721319636","78348958948","+46.0652062","-086.2306832",tl_rd22_26_cd118,Jack Bergman,Michigan 1st,Michigan,R,566 CHOB,(202) 225-4735,armed_services|budget|veterans_affairs,"0","0","0","1","0","0","0","0","0","0","0","0","0","0","1","0","0","0","0","0","0","1","0","0","0","0","51277",Department of Defense,Alpena County Regional Airport,https://www.ang.af.mil/,0.102205344352086,0.000253104037967
"26","2604","04",Congressional District 4,C2,"118",G5200,N,"6180137787","3931986824","+42.4676621","-086.1511036",tl_rd22_26_cd118,Bill Huizenga,Michigan 4th,Michigan,R,2232 RHOB,(202) 225-4401,financial_services|foreign_affairs,"0","0","0","0","0","1","0","0","0","0","1","0","0","0","0","0","0","0","0","0","0","0","0","0","0","0","50048",Department of Defense,NG CTC Fort Custer Trng Center,https://www.nationalguard.mil/,0.320669417273975,0.003314944523618
"26","2604","04",Congressional District 4,C2,"118",G5200,N,"6180137787","3931986824","+42.4676621","-086.1511036",tl_rd22_26_cd118,Bill Huizenga,Michigan 4th,Michigan,R,2232 RHOB,(202) 225-4401,financial_services|foreign_affairs,"0","0","0","0","0","1","0","0","0","0","1","0","0","0","0","0","0","0","0","0","0","0","0","0","0","0","50748",Department of Defense,W K Kellogg,https://www.ang.af.mil/,0.017155353043980,0.000006888851687
"26","2604","04",Congressional District 4,C2,"118",G5200,N,"6180137787","3931986824","+42.4676621","-086.1511036",tl_rd22_26_cd118,Bill Huizenga,Michigan 4th,Michigan,R,2232 RHOB,(202) 225-4401,financial_services|foreign_affairs,"0","0","0","0","0","1","0","0","0","0","1","0","0","0","0","0","0","0","0","0","0","0","0","0","0","0","50749",Department of Defense,W K Kellogg,https://www.ang.af.mil/,0.022746820067150,0.000001563061152
"26","2604","04",Congressional District 4,C2,"118",G5200,N,"6180137787","3931986824","+42.4676621","-086.1511036",tl_rd22_26_cd118,Bill Huizenga,Michigan 4th,Michigan,R,2232 RHOB,(202) 225-4401,financial_services|foreign_affairs,"0","0","0","0","0","1","0","0","0","0","1","0","0","0","0","0","0","0","0","0","0","0","0","0","0","0","50750",Department of Defense,W K Kellogg,https://www.ang.af.mil/,0.039787160498791,0.000070446737641
"26","2604","04",Congressional District 4,C2,"118",G5200,N,"6180137787","3931986824","+42.4676621","-086.1511036",tl_rd22_26_cd118,Bill Huizenga,Michigan 4th,Michigan,R,2232 RHOB,(202) 225-4401,financial_services|foreign_affairs,"0","0","0","0","0","1","0","0","0","0","1","0","0","0","0","0","0","0","0","0","0","0","0","0","0","0","50751",Department of Defense,W K Kellogg,https://www.ang.af.mil/,0.054584962463288,0.000061854781387
"26","2607","07",Congressional District 7,C2,"118",G5200,N,"7161312297","127919788","+42.7359221","-084.3443446",tl_rd22_26_cd118,Elissa Slotkin,Michigan 7th,Michigan,D,2245 RHOB,(202) 225-4872,agriculture|armed_services,"0","1","0","1","0","0","0","0","0","0","0","0","0","0","0","0","0","0","0","0","0","0","0","0","0","0","50231",Department of Defense,NG Lansing Joint Forces Readiness Center,https://www.nationalguard.mil/,0.023881144074980,0.000025866803139
"26","2609","09",Congressional District 9,C2,"118",G5200,N,"12012945458","5856335202","+43.4257935","-082.9389385",tl_rd22_26_cd118,Lisa McClain,Michigan 9th,Michigan,R,444 CHOB,(202) 225-2106,armed_services|budget|education_and_the_workforce|oversight_and_accountability,"0","0","1","1","0","0","0","1","0","0","0","0","0","0","1","0","0","0","0","0","0","0","0","0","0","0","50438",Department of Defense,US Army Garrison Selfridge,https://www.army.mil/,0.027425141146170,0.000045722511008
"26","2609","09",Congressional District 9,C2,"118",G5200,N,"12012945458","5856335202","+43.4257935","-082.9389385",tl_rd22_26_cd118,Lisa McClain,Michigan 9th,Michigan,R,444 CHOB,(202) 225-2106,armed_services|budget|education_and_the_workforce|oversight_and_accountability,"0","0","1","1","0","0","0","1","0","0","0","0","0","0","1","0","0","0","0","0","0","0","0","0","0","0","50779",Department of Defense,Selfridge ANGB,https://www.ang.af.mil/,0.207425096467440,0.001371890992640
"26","2610","10",Congressional District 10,C2,"118",G5200,N,"588604483","37211035","+42.5842536","-082.9951439",tl_rd22_26_cd118,John James,Michigan 10th,Michigan,R,1319 LHOB,(202) 225-4961,education_and_the_workforce|foreign_affairs|transportation_and_infrastructure,"0","0","0","0","0","1","0","1","0","0","0","1","0","0","0","0","0","0","0","0","0","0","0","0","0","0","50055",Department of Defense,Detroit Arsenal,https://www.army.mil/,0.043504142533737,0.000081512260324
"26","2610","10",Congressional District 10,C2,"118",G5200,N,"588604483","37211035","+42.5842536","-082.9951439",tl_rd22_26_cd118,John James,Michigan 10th,Michigan,R,1319 LHOB,(202) 225-4961,education_and_the_workforce|foreign_affairs|transportation_and_infrastructure,"0","0","0","0","0","1","0","1","0","0","0","1","0","0","0","0","0","0","0","0","0","0","0","0","0","0","50779",Department of Defense,Selfridge ANGB,https://www.ang.af.mil/,0.207425096467440,0.001371890992640
"27","2701","01",Congressional District 1,C2,"118",G5200,N,"31696631195","561313409","+43.9048576","-093.5311250",tl_rd22_27_cd118,Brad Finstad,Minnesota 1st,Minnesota,R,1605 LHOB,(202) 225-2472,agriculture|armed_services,"0","1","0","1","0","0","0","0","0","0","0","0","0","0","0","0","0","0","0","0","0","0","0","0","0","0","50369",Department of Defense,NG Rochester NGA and OMS 2,https://www.nationalguard.mil/,0.011085262697442,0.000005180808568
"27","2702","02",Congressional District 2,C2,"118",G5200,N,"4475031221","212413973","+44.5509936","-093.3739838",tl_rd22_27_cd118,Angie Craig,Minnesota 2nd,Minnesota,D,2442 RHOB,(202) 225-2271,agriculture|energy_and_commerce,"0","1","0","0","0","0","0","0","1","0","0","0","0","0","0","0","0","0","0","0","0","0","0","0","0","0","50370",Department of Defense,NG Rosemount NG Armory,https://www.nationalguard.mil/,0.009811086626634,0.000005522279393
"27","2704","04",Congressional District 4,C2,"118",G5200,N,"785183064","79859521","+45.0016036","-092.9900225",tl_rd22_27_cd118,Betty McCollum,Minnesota 4th,Minnesota,D,2426 RHOB,(202) 225-6631,appropriations,"1","0","0","0","0","0","0","0","0","0","0","0","0","0","0","0","0","0","0","0","0","0","0","0","0","0","49955",Department of Defense,NG Arden Hills Army Training Site,https://www.nationalguard.mil/,0.143490770918770,0.000693849939312
"27","2704","04",Congressional District 4,C2,"118",G5200,N,"785183064","79859521","+45.0016036","-092.9900225",tl_rd22_27_cd118,Betty McCollum,Minnesota 4th,Minnesota,D,2426 RHOB,(202) 225-6631,appropriations,"1","0","0","0","0","0","0","0","0","0","0","0","0","0","0","0","0","0","0","0","0","0","0","0","0","0","51494",Department of Defense,Twin Cities AAP,https://www.army.mil/,0.095811720538385,0.000077364109853
"27","2705","05",Congressional District 5,C2,"118",G5200,N,"338801927","16523255","+44.9836547","-093.2922722",tl_rd22_27_cd118,Ilhan Omar,Minnesota 5th,Minnesota,D,1730 LHOB,(202) 225-4755,budget|education_and_the_workforce,"0","0","0","0","0","0","0","1","0","0","0","0","0","0","1","0","0","0","0","0","0","0","0","0","0","0","50624",Department of Defense,Minn-St Paul,https://www.afrc.af.mil/,0.087325746124570,0.000128095269048
"27","2706","06",Congressional District 6,C2,"118",G5200,N,"6434969741","338372347","+45.2920692","-093.8388074",tl_rd22_27_cd118,Tom Emmer,Minnesota 6th,Minnesota,R,464 CHOB,(202) 225-2331,financial_services,"0","0","0","0","0","0","0","0","0","0","1","0","0","0","0","0","0","0","0","0","0","0","0","0","0","0","50419",Department of Defense,NG St Cloud AASF,https://www.nationalguard.mil/,0.021394576221858,0.000024989694613
"27","2706","06",Congressional District 6,C2,"118",G5200,N,"6434969741","338372347","+45.2920692","-093.8388074",tl_rd22_27_cd118,Tom Emmer,Minnesota 6th,Minnesota,R,464 CHOB,(202) 225-2331,financial_services,"0","0","0","0","0","0","0","0","0","0","1","0","0","0","0","0","0","0","0","0","0","0","0","0","0","0","50420",Department of Defense,NG St Cloud NG Armory,https://www.nationalguard.mil/,0.009750589843303,0.000003024491807
"27","2707","07",Congressional District 7,C2,"118",G5200,N,"80378750068","2565861595","+46.2075570","-095.6669740",tl_rd22_27_cd118,Michelle Fischbach,Minnesota 7th,Minnesota,R,1004 LHOB,(202) 225-2165,budget|Rules|ethics|ways_and_means,"0","0","0","0","0","0","0","0","0","1","0","0","0","0","1","0","0","0","0","0","0","0","0","1","1","0","50004",Department of Defense,NG Camp Ripley,https://www.nationalguard.mil/,0.023852844224722,0.000027965168016
"27","2707","07",Congressional District 7,C2,"118",G5200,N,"80378750068","2565861595","+46.2075570","-095.6669740",tl_rd22_27_cd118,Michelle Fischbach,Minnesota 7th,Minnesota,R,1004 LHOB,(202) 225-2165,budget|Rules|ethics|ways_and_means,"0","0","0","0","0","0","0","0","0","1","0","0","0","0","1","0","0","0","0","0","0","0","0","1","1","0","50005",Department of Defense,NG Camp Ripley,https://www.nationalguard.mil/,0.039867614899143,0.000098684245321
"27","2707","07",Congressional District 7,C2,"118",G5200,N,"80378750068","2565861595","+46.2075570","-095.6669740",tl_rd22_27_cd118,Michelle Fischbach,Minnesota 7th,Minnesota,R,1004 LHOB,(202) 225-2165,budget|Rules|ethics|ways_and_means,"0","0","0","0","0","0","0","0","0","1","0","0","0","0","1","0","0","0","0","0","0","0","0","1","1","0","50006",Department of Defense,NG Camp Ripley,https://www.nationalguard.mil/,0.015839389466577,0.000012732401462
"27","2707","07",Congressional District 7,C2,"118",G5200,N,"80378750068","2565861595","+46.2075570","-095.6669740",tl_rd22_27_cd118,Michelle Fischbach,Minnesota 7th,Minnesota,R,1004 LHOB,(202) 225-2165,budget|Rules|ethics|ways_and_means,"0","0","0","0","0","0","0","0","0","1","0","0","0","0","1","0","0","0","0","0","0","0","0","1","1","0","50007",Department of Defense,NG Camp Ripley,https://www.nationalguard.mil/,0.005228831792201,0.000000808440295
"27","2707","07",Congressional District 7,C2,"118",G5200,N,"80378750068","2565861595","+46.2075570","-095.6669740",tl_rd22_27_cd118,Michelle Fischbach,Minnesota 7th,Minnesota,R,1004 LHOB,(202) 225-2165,budget|Rules|ethics|ways_and_means,"0","0","0","0","0","0","0","0","0","1","0","0","0","0","1","0","0","0","0","0","0","0","0","1","1","0","50008",Department of Defense,NG Camp Ripley,https://www.nationalguard.mil/,0.052824096475530,0.000093715938994
"27","2707","07",Congressional District 7,C2,"118",G5200,N,"80378750068","2565861595","+46.2075570","-095.6669740",tl_rd22_27_cd118,Michelle Fischbach,Minnesota 7th,Minnesota,R,1004 LHOB,(202) 225-2165,budget|Rules|ethics|ways_and_means,"0","0","0","0","0","0","0","0","0","1","0","0","0","0","1","0","0","0","0","0","0","0","0","1","1","0","50009",Department of Defense,NG Camp Ripley,https://www.nationalguard.mil/,0.074229722116011,0.000170673034633
"27","2707","07",Congressional District 7,C2,"118",G5200,N,"80378750068","2565861595","+46.2075570","-095.6669740",tl_rd22_27_cd118,Michelle Fischbach,Minnesota 7th,Minnesota,R,1004 LHOB,(202) 225-2165,budget|Rules|ethics|ways_and_means,"0","0","0","0","0","0","0","0","0","1","0","0","0","0","1","0","0","0","0","0","0","0","0","1","1","0","50010",Department of Defense,NG Camp Ripley,https://www.nationalguard.mil/,0.028170628038015,0.000037523534319
"27","2707","07",Congressional District 7,C2,"118",G5200,N,"80378750068","2565861595","+46.2075570","-095.6669740",tl_rd22_27_cd118,Michelle Fischbach,Minnesota 7th,Minnesota,R,1004 LHOB,(202) 225-2165,budget|Rules|ethics|ways_and_means,"0","0","0","0","0","0","0","0","0","1","0","0","0","0","1","0","0","0","0","0","0","0","0","1","1","0","50011",Department of Defense,NG Camp Ripley,https://www.nationalguard.mil/,0.085846517678622,0.000157780092464
"27","2707","07",Congressional District 7,C2,"118",G5200,N,"80378750068","2565861595","+46.2075570","-095.6669740",tl_rd22_27_cd118,Michelle Fischbach,Minnesota 7th,Minnesota,R,1004 LHOB,(202) 225-2165,budget|Rules|ethics|ways_and_means,"0","0","0","0","0","0","0","0","0","1","0","0","0","0","1","0","0","0","0","0","0","0","0","1","1","0","50012",Department of Defense,NG Camp Ripley,https://www.nationalguard.mil/,0.014122737964813,0.000009490462038
"27","2707","07",Congressional District 7,C2,"118",G5200,N,"80378750068","2565861595","+46.2075570","-095.6669740",tl_rd22_27_cd118,Michelle Fischbach,Minnesota 7th,Minnesota,R,1004 LHOB,(202) 225-2165,budget|Rules|ethics|ways_and_means,"0","0","0","0","0","0","0","0","0","1","0","0","0","0","1","0","0","0","0","0","0","0","0","1","1","0","50013",Department of Defense,NG Camp Ripley,https://www.nationalguard.mil/,0.017725761369409,0.000018963615969
"27","2707","07",Congressional District 7,C2,"118",G5200,N,"80378750068","2565861595","+46.2075570","-095.6669740",tl_rd22_27_cd118,Michelle Fischbach,Minnesota 7th,Minnesota,R,1004 LHOB,(202) 225-2165,budget|Rules|ethics|ways_and_means,"0","0","0","0","0","0","0","0","0","1","0","0","0","0","1","0","0","0","0","0","0","0","0","1","1","0","50014",Department of Defense,NG Camp Ripley,https://www.nationalguard.mil/,1.295610846398556,0.024262345826395
"27","2708","08",Congressional District 8,C2,"118",G5200,N,"80910343301","15048858250","+47.4007817","-093.2332477",tl_rd22_27_cd118,Pete Stauber,Minnesota 8th,Minnesota,R,145 CHOB,(202) 225-6211,natural_resources|transportation_and_infrastructure|small_business,"0","0","0","0","1","0","0","0","0","0","0","1","1","0","0","0","0","0","0","0","0","0","0","0","0","0","50004",Department of Defense,NG Camp Ripley,https://www.nationalguard.mil/,0.023852844224722,0.000027965168016
"27","2708","08",Congressional District 8,C2,"118",G5200,N,"80910343301","15048858250","+47.4007817","-093.2332477",tl_rd22_27_cd118,Pete Stauber,Minnesota 8th,Minnesota,R,145 CHOB,(202) 225-6211,natural_resources|transportation_and_infrastructure|small_business,"0","0","0","0","1","0","0","0","0","0","0","1","1","0","0","0","0","0","0","0","0","0","0","0","0","0","50057",Department of Defense,NG Duluth NG Armory,https://www.nationalguard.mil/,0.007300767383854,0.000003299572057
"27","2708","08",Congressional District 8,C2,"118",G5200,N,"80910343301","15048858250","+47.4007817","-093.2332477",tl_rd22_27_cd118,Pete Stauber,Minnesota 8th,Minnesota,R,145 CHOB,(202) 225-6211,natural_resources|transportation_and_infrastructure|small_business,"0","0","0","0","1","0","0","0","0","0","0","1","1","0","0","0","0","0","0","0","0","0","0","0","0","0","50808",Department of Defense,Duluth IAP,https://www.ang.af.mil/,0.003310620625281,0.000000605507353
"27","2708","08",Congressional District 8,C2,"118",G5200,N,"80910343301","15048858250","+47.4007817","-093.2332477",tl_rd22_27_cd118,Pete Stauber,Minnesota 8th,Minnesota,R,145 CHOB,(202) 225-6211,natural_resources|transportation_and_infrastructure|small_business,"0","0","0","0","1","0","0","0","0","0","0","1","1","0","0","0","0","0","0","0","0","0","0","0","0","0","50809",Department of Defense,Duluth IAP,https://www.ang.af.mil/,0.002998068264200,0.000000532156849
"27","2708","08",Congressional District 8,C2,"118",G5200,N,"80910343301","15048858250","+47.4007817","-093.2332477",tl_rd22_27_cd118,Pete Stauber,Minnesota 8th,Minnesota,R,145 CHOB,(202) 225-6211,natural_resources|transportation_and_infrastructure|small_business,"0","0","0","0","1","0","0","0","0","0","0","1","1","0","0","0","0","0","0","0","0","0","0","0","0","0","50810",Department of Defense,Duluth IAP,https://www.ang.af.mil/,0.019233360246120,0.000010460571339
"27","2708","08",Congressional District 8,C2,"118",G5200,N,"80910343301","15048858250","+47.4007817","-093.2332477",tl_rd22_27_cd118,Pete Stauber,Minnesota 8th,Minnesota,R,145 CHOB,(202) 225-6211,natural_resources|transportation_and_infrastructure|small_business,"0","0","0","0","1","0","0","0","0","0","0","1","1","0","0","0","0","0","0","0","0","0","0","0","0","0","50811",Department of Defense,Duluth IAP,https://www.ang.af.mil/,0.004323522168689,0.000000303686821
"27","2708","08",Congressional District 8,C2,"118",G5200,N,"80910343301","15048858250","+47.4007817","-093.2332477",tl_rd22_27_cd118,Pete Stauber,Minnesota 8th,Minnesota,R,145 CHOB,(202) 225-6211,natural_resources|transportation_and_infrastructure|small_business,"0","0","0","0","1","0","0","0","0","0","0","1","1","0","0","0","0","0","0","0","0","0","0","0","0","0","50812",Department of Defense,Duluth IAP,https://www.ang.af.mil/,0.005676061787231,0.000001935127933
"27","2708","08",Congressional District 8,C2,"118",G5200,N,"80910343301","15048858250","+47.4007817","-093.2332477",tl_rd22_27_cd118,Pete Stauber,Minnesota 8th,Minnesota,R,145 CHOB,(202) 225-6211,natural_resources|transportation_and_infrastructure|small_business,"0","0","0","0","1","0","0","0","0","0","0","1","1","0","0","0","0","0","0","0","0","0","0","0","0","0","50813",Department of Defense,Duluth IAP,https://www.ang.af.mil/,0.018510884381392,0.000007982701954
"27","2708","08",Congressional District 8,C2,"118",G5200,N,"80910343301","15048858250","+47.4007817","-093.2332477",tl_rd22_27_cd118,Pete Stauber,Minnesota 8th,Minnesota,R,145 CHOB,(202) 225-6211,natural_resources|transportation_and_infrastructure|small_business,"0","0","0","0","1","0","0","0","0","0","0","1","1","0","0","0","0","0","0","0","0","0","0","0","0","0","50814",Department of Defense,Duluth IAP,https://www.ang.af.mil/,0.061777577383364,0.000072782628066
"28","2801","01",Congressional District 1,C2,"118",G5200,N,"25749355268","395672699","+34.2632506","-089.0057529",tl_rd22_28_cd118,Trent Kelly,Mississippi 1st,Mississippi,R,2243 RHOB,(202) 225-4306,agriculture|armed_services|Intelligence,"0","1","0","1","0","0","0","0","0","0","0","0","0","0","0","0","0","0","1","0","0","0","0","0","0","0","50571",Department of Defense,Columbus AFB,https://www.af.mil/,0.197491929927362,0.001726690735301
"28","2802","02",Congressional District 2,C2,"118",G5200,N,"46607885799","1058493814","+32.9387814","-090.4344022",tl_rd22_28_cd118,Bennie Thompson,Mississippi 2nd,Mississippi,D,2466 RHOB,(202) 225-5876,homeland_security,"0","0","0","0","0","0","1","0","0","0","0","0","0","0","0","0","0","0","0","0","0","0","0","0","0","0","50041",Department of Defense,NG CTA Camp Mccain,https://www.nationalguard.mil/,0.456711014670625,0.005106190505058
"28","2803","03",Congressional District 3,C2,"118",G5200,N,"30361366786","260126644","+32.1881614","-089.4165197",tl_rd22_28_cd118,Michael Guest,Mississippi 3rd,Mississippi,R,450 CHOB,(202) 225-5031,appropriations|homeland_security|ethics,"1","0","0","0","0","0","1","0","0","0","0","0","0","0","0","0","0","0","0","0","0","0","0","1","0","0","50522",Department of Defense,Columbus Auxiliary Airfield,https://www.af.mil/,0.109981169492199,0.000352283787936
"28","2803","03",Congressional District 3,C2,"118",G5200,N,"30361366786","260126644","+32.1881614","-089.4165197",tl_rd22_28_cd118,Michael Guest,Mississippi 3rd,Mississippi,R,450 CHOB,(202) 225-5031,appropriations|homeland_security|ethics,"1","0","0","0","0","0","1","0","0","0","0","0","0","0","0","0","0","0","0","0","0","0","0","1","0","0","50755",Department of Defense,Jackson IAP Thompson Field,https://www.ang.af.mil/,0.033669343552551,0.000041519391819
"28","2803","03",Congressional District 3,C2,"118",G5200,N,"30361366786","260126644","+32.1881614","-089.4165197",tl_rd22_28_cd118,Michael Guest,Mississippi 3rd,Mississippi,R,450 CHOB,(202) 225-5031,appropriations|homeland_security|ethics,"1","0","0","0","0","0","1","0","0","0","0","0","0","0","0","0","0","0","0","0","0","0","0","1","0","0","50756",Department of Defense,Jackson IAP Thompson Field,https://www.ang.af.mil/,0.009137947993536,0.000001797375539
"28","2803","03",Congressional District 3,C2,"118",G5200,N,"30361366786","260126644","+32.1881614","-089.4165197",tl_rd22_28_cd118,Michael Guest,Mississippi 3rd,Mississippi,R,450 CHOB,(202) 225-5031,appropriations|homeland_security|ethics,"1","0","0","0","0","0","1","0","0","0","0","0","0","0","0","0","0","0","0","0","0","0","0","1","0","0","50757",Department of Defense,Jackson IAP Thompson Field,https://www.ang.af.mil/,0.007982204444200,0.000003423512648
"28","2803","03",Congressional District 3,C2,"118",G5200,N,"30361366786","260126644","+32.1881614","-089.4165197",tl_rd22_28_cd118,Michael Guest,Mississippi 3rd,Mississippi,R,450 CHOB,(202) 225-5031,appropriations|homeland_security|ethics,"1","0","0","0","0","0","1","0","0","0","0","0","0","0","0","0","0","0","0","0","0","0","0","1","0","0","50950",Department of Defense,OLF Bravo,https://www.navy.mil/,0.034837130039202,0.000047481208406
"28","2803","03",Congressional District 3,C2,"118",G5200,N,"30361366786","260126644","+32.1881614","-089.4165197",tl_rd22_28_cd118,Michael Guest,Mississippi 3rd,Mississippi,R,450 CHOB,(202) 225-5031,appropriations|homeland_security|ethics,"1","0","0","0","0","0","1","0","0","0","0","0","0","0","0","0","0","0","0","0","0","0","0","1","0","0","50951",Department of Defense,OLF Bravo,https://www.navy.mil/,0.009826424971032,0.000003097799482
"28","2803","03",Congressional District 3,C2,"118",G5200,N,"30361366786","260126644","+32.1881614","-089.4165197",tl_rd22_28_cd118,Michael Guest,Mississippi 3rd,Mississippi,R,450 CHOB,(202) 225-5031,appropriations|homeland_security|ethics,"1","0","0","0","0","0","1","0","0","0","0","0","0","0","0","0","0","0","0","0","0","0","0","1","0","0","50952",Department of Defense,OLF Bravo,https://www.navy.mil/,0.048969745305879,0.000087969636134
"28","2803","03",Congressional District 3,C2,"118",G5200,N,"30361366786","260126644","+32.1881614","-089.4165197",tl_rd22_28_cd118,Michael Guest,Mississippi 3rd,Mississippi,R,450 CHOB,(202) 225-5031,appropriations|homeland_security|ethics,"1","0","0","0","0","0","1","0","0","0","0","0","0","0","0","0","0","0","0","0","0","0","0","1","0","0","50953",Department of Defense,OLF Bravo,https://www.navy.mil/,0.174753097950692,0.000586920348095
"28","2803","03",Congressional District 3,C2,"118",G5200,N,"30361366786","260126644","+32.1881614","-089.4165197",tl_rd22_28_cd118,Michael Guest,Mississippi 3rd,Mississippi,R,450 CHOB,(202) 225-5031,appropriations|homeland_security|ethics,"1","0","0","0","0","0","1","0","0","0","0","0","0","0","0","0","0","0","0","0","0","0","0","1","0","0","51078",Department of Defense,Naval Air Station Meridian,https://www.navy.mil/,0.007834228277948,0.000001320002001
"28","2803","03",Congressional District 3,C2,"118",G5200,N,"30361366786","260126644","+32.1881614","-089.4165197",tl_rd22_28_cd118,Michael Guest,Mississippi 3rd,Mississippi,R,450 CHOB,(202) 225-5031,appropriations|homeland_security|ethics,"1","0","0","0","0","0","1","0","0","0","0","0","0","0","0","0","0","0","0","0","0","0","0","1","0","0","51079",Department of Defense,Naval Air Station Meridian,https://www.navy.mil/,0.034090441650334,0.000056818623672
"28","2803","03",Congressional District 3,C2,"118",G5200,N,"30361366786","260126644","+32.1881614","-089.4165197",tl_rd22_28_cd118,Michael Guest,Mississippi 3rd,Mississippi,R,450 CHOB,(202) 225-5031,appropriations|homeland_security|ethics,"1","0","0","0","0","0","1","0","0","0","0","0","0","0","0","0","0","0","0","0","0","0","0","1","0","0","51080",Department of Defense,Naval Air Station Meridian,https://www.navy.mil/,0.020816264067132,0.000014448319340
"28","2803","03",Congressional District 3,C2,"118",G5200,N,"30361366786","260126644","+32.1881614","-089.4165197",tl_rd22_28_cd118,Michael Guest,Mississippi 3rd,Mississippi,R,450 CHOB,(202) 225-5031,appropriations|homeland_security|ethics,"1","0","0","0","0","0","1","0","0","0","0","0","0","0","0","0","0","0","0","0","0","0","0","1","0","0","51081",Department of Defense,Naval Air Station Meridian,https://www.navy.mil/,0.015454604641894,0.000013908992744
"28","2803","03",Congressional District 3,C2,"118",G5200,N,"30361366786","260126644","+32.1881614","-089.4165197",tl_rd22_28_cd118,Michael Guest,Mississippi 3rd,Mississippi,R,450 CHOB,(202) 225-5031,appropriations|homeland_security|ethics,"1","0","0","0","0","0","1","0","0","0","0","0","0","0","0","0","0","0","0","0","0","0","0","1","0","0","51082",Department of Defense,Naval Air Station Meridian,https://www.navy.mil/,0.021991976492434,0.000027436094384
"28","2803","03",Congressional District 3,C2,"118",G5200,N,"30361366786","260126644","+32.1881614","-089.4165197",tl_rd22_28_cd118,Michael Guest,Mississippi 3rd,Mississippi,R,450 CHOB,(202) 225-5031,appropriations|homeland_security|ethics,"1","0","0","0","0","0","1","0","0","0","0","0","0","0","0","0","0","0","0","0","0","0","0","1","0","0","51083",Department of Defense,Naval Air Station Meridian,https://www.navy.mil/,0.027090341268867,0.000040958262568
"28","2803","03",Congressional District 3,C2,"118",G5200,N,"30361366786","260126644","+32.1881614","-089.4165197",tl_rd22_28_cd118,Michael Guest,Mississippi 3rd,Mississippi,R,450 CHOB,(202) 225-5031,appropriations|homeland_security|ethics,"1","0","0","0","0","0","1","0","0","0","0","0","0","0","0","0","0","0","0","0","0","0","0","1","0","0","51084",Department of Defense,Naval Air Station Meridian,https://www.navy.mil/,0.015819539768996,0.000015517824268
"28","2803","03",Congressional District 3,C2,"118",G5200,N,"30361366786","260126644","+32.1881614","-089.4165197",tl_rd22_28_cd118,Michael Guest,Mississippi 3rd,Mississippi,R,450 CHOB,(202) 225-5031,appropriations|homeland_security|ethics,"1","0","0","0","0","0","1","0","0","0","0","0","0","0","0","0","0","0","0","0","0","0","0","1","0","0","51085",Department of Defense,Naval Air Station Meridian,https://www.navy.mil/,0.052653265215228,0.000062428547501
"28","2803","03",Congressional District 3,C2,"118",G5200,N,"30361366786","260126644","+32.1881614","-089.4165197",tl_rd22_28_cd118,Michael Guest,Mississippi 3rd,Mississippi,R,450 CHOB,(202) 225-5031,appropriations|homeland_security|ethics,"1","0","0","0","0","0","1","0","0","0","0","0","0","0","0","0","0","0","0","0","0","0","0","1","0","0","51086",Department of Defense,Naval Air Station Meridian,https://www.navy.mil/,0.003448738087544,0.000000443718690
"28","2803","03",Congressional District 3,C2,"118",G5200,N,"30361366786","260126644","+32.1881614","-089.4165197",tl_rd22_28_cd118,Michael Guest,Mississippi 3rd,Mississippi,R,450 CHOB,(202) 225-5031,appropriations|homeland_security|ethics,"1","0","0","0","0","0","1","0","0","0","0","0","0","0","0","0","0","0","0","0","0","0","0","1","0","0","51087",Department of Defense,Naval Air Station Meridian,https://www.navy.mil/,0.557766960379301,0.003219554470381
"28","2804","04",Congressional District 4,C2,"118",G5200,N,"18813879952","2201498519","+30.9301995","-089.0395433",tl_rd22_28_cd118,Mike Ezell,Mississippi 4th,Mississippi,R,443 CHOB,(202) 225-5772,homeland_security|transportation_and_infrastructure,"0","0","0","0","0","0","1","0","0","0","0","1","0","0","0","0","0","0","0","0","0","0","0","0","0","0","50188",Department of Defense,NG Gulfport AVCRAD,https://www.nationalguard.mil/,0.006028591558316,0.000002084201023
"28","2804","04",Congressional District 4,C2,"118",G5200,N,"18813879952","2201498519","+30.9301995","-089.0395433",tl_rd22_28_cd118,Mike Ezell,Mississippi 4th,Mississippi,R,443 CHOB,(202) 225-5772,homeland_security|transportation_and_infrastructure,"0","0","0","0","0","0","1","0","0","0","0","1","0","0","0","0","0","0","0","0","0","0","0","0","0","0","50189",Department of Defense,NG Gulfport AVCRAD,https://www.nationalguard.mil/,0.025578343619209,0.000025397522053
"28","2804","04",Congressional District 4,C2,"118",G5200,N,"18813879952","2201498519","+30.9301995","-089.0395433",tl_rd22_28_cd118,Mike Ezell,Mississippi 4th,Mississippi,R,443 CHOB,(202) 225-5772,homeland_security|transportation_and_infrastructure,"0","0","0","0","0","0","1","0","0","0","0","1","0","0","0","0","0","0","0","0","0","0","0","0","0","0","50282",Department of Defense,Camp Shelby,https://www.nationalguard.mil/,1.771717841897915,0.052958072052715
"28","2804","04",Congressional District 4,C2,"118",G5200,N,"18813879952","2201498519","+30.9301995","-089.0395433",tl_rd22_28_cd118,Mike Ezell,Mississippi 4th,Mississippi,R,443 CHOB,(202) 225-5772,homeland_security|transportation_and_infrastructure,"0","0","0","0","0","0","1","0","0","0","0","1","0","0","0","0","0","0","0","0","0","0","0","0","0","0","50768",Department of Defense,Gulfport-Biloxi Regional Airport (ANG),https://www.ang.af.mil/,0.032513560089517,0.000040975494992
"28","2804","04",Congressional District 4,C2,"118",G5200,N,"18813879952","2201498519","+30.9301995","-089.0395433",tl_rd22_28_cd118,Mike Ezell,Mississippi 4th,Mississippi,R,443 CHOB,(202) 225-5772,homeland_security|transportation_and_infrastructure,"0","0","0","0","0","0","1","0","0","0","0","1","0","0","0","0","0","0","0","0","0","0","0","0","0","0","50916",Department of Defense,Woolmarket (De Soto),https://www.navy.mil/,0.126656493452115,0.000939136991910
"28","2804","04",Congressional District 4,C2,"118",G5200,N,"18813879952","2201498519","+30.9301995","-089.0395433",tl_rd22_28_cd118,Mike Ezell,Mississippi 4th,Mississippi,R,443 CHOB,(202) 225-5772,homeland_security|transportation_and_infrastructure,"0","0","0","0","0","0","1","0","0","0","0","1","0","0","0","0","0","0","0","0","0","0","0","0","0","0","50984",Department of Defense,CBC Gulfport MS,https://www.navy.mil/,0.111567077523926,0.000426004619569
"28","2804","04",Congressional District 4,C2,"118",G5200,N,"18813879952","2201498519","+30.9301995","-089.0395433",tl_rd22_28_cd118,Mike Ezell,Mississippi 4th,Mississippi,R,443 CHOB,(202) 225-5772,homeland_security|transportation_and_infrastructure,"0","0","0","0","0","0","1","0","0","0","0","1","0","0","0","0","0","0","0","0","0","0","0","0","0","0","51094",Department of Defense,Naval Research Laboratory – Stennis Space Center,https://www.navy.mil/,0.368890953628894,0.005292512921948
"28","2804","04",Congressional District 4,C2,"118",G5200,N,"18813879952","2201498519","+30.9301995","-089.0395433",tl_rd22_28_cd118,Mike Ezell,Mississippi 4th,Mississippi,R,443 CHOB,(202) 225-5772,homeland_security|transportation_and_infrastructure,"0","0","0","0","0","0","1","0","0","0","0","1","0","0","0","0","0","0","0","0","0","0","0","0","0","0","51385",Department of Defense,Keesler AFB,https://www.af.mil/,0.152319676687620,0.000540646382661
"29","2901","01",Congressional District 1,C2,"118",G5200,N,"642206906","27393195","+38.7269305","-090.3058980",tl_rd22_29_cd118,Cori Bush,Missouri 1st,Missouri,D,2463 RHOB,(202) 225-2406,oversight_and_accountability|judiciary,"0","0","1","0","0","0","0","0","0","0","0","0","0","1","0","0","0","0","0","0","0","0","0","0","0","0","50645",Department of Defense,St Louis Air Force Station,https://www.af.mil/,0.012105884060515,0.000009008255937
"29","2901","01",Congressional District 1,C2,"118",G5200,N,"642206906","27393195","+38.7269305","-090.3058980",tl_rd22_29_cd118,Cori Bush,Missouri 1st,Missouri,D,2463 RHOB,(202) 225-2406,oversight_and_accountability|judiciary,"0","0","1","0","0","0","0","0","0","0","0","0","0","1","0","0","0","0","0","0","0","0","0","0","0","0","50646",Department of Defense,St Louis Air Force Station,https://www.af.mil/,0.008553622145303,0.000004038924142
"29","2903","03",Congressional District 3,C2,"118",G5200,N,"19644595459","293025728","+38.4751005","-091.7247548",tl_rd22_29_cd118,Blaine Luetkemeyer,Missouri 3rd,Missouri,R,2230 RHOB,(202) 225-2956,financial_services|small_business|select_sub_us_china,"0","0","0","0","0","0","0","0","0","0","1","0","1","0","0","0","0","0","0","0","0","0","1","0","0","0","50436",Department of Defense,NG TS Ike Skelton Jefferson City,https://www.nationalguard.mil/,0.070514674198353,0.000197011069664
"29","2904","04",Congressional District 4,C2,"118",G5200,N,"37179605186","801333846","+38.2277394","-093.4848237",tl_rd22_29_cd118,Mark Alford,Missouri 4th,Missouri,R,1516 LHOB,(202) 225-2876,agriculture|armed_services|small_business,"0","1","0","1","0","0","0","0","0","0","0","0","1","0","0","0","0","0","0","0","0","0","0","0","0","0","50106",Department of Defense,Fort Leonard Wood,https://www.army.mil/,0.872428486955269,0.025513606894998
"29","2904","04",Congressional District 4,C2,"118",G5200,N,"37179605186","801333846","+38.2277394","-093.4848237",tl_rd22_29_cd118,Mark Alford,Missouri 4th,Missouri,R,1516 LHOB,(202) 225-2876,agriculture|armed_services|small_business,"0","1","0","1","0","0","0","0","0","0","0","0","1","0","0","0","0","0","0","0","0","0","0","0","0","0","50228",Department of Defense,Lake City AAP,https://www.army.mil/,0.196418158524831,0.001823510755820
"29","2904","04",Congressional District 4,C2,"118",G5200,N,"37179605186","801333846","+38.2277394","-093.4848237",tl_rd22_29_cd118,Mark Alford,Missouri 4th,Missouri,R,1516 LHOB,(202) 225-2876,agriculture|armed_services|small_business,"0","1","0","1","0","0","0","0","0","0","0","0","1","0","0","0","0","0","0","0","0","0","0","0","0","0","50229",Department of Defense,Lake Of The Ozarks Recreation,https://www.army.mil/,0.063917496845339,0.000133171556513
"29","2904","04",Congressional District 4,C2,"118",G5200,N,"37179605186","801333846","+38.2277394","-093.4848237",tl_rd22_29_cd118,Mark Alford,Missouri 4th,Missouri,R,1516 LHOB,(202) 225-2876,agriculture|armed_services|small_business,"0","1","0","1","0","0","0","0","0","0","0","0","1","0","0","0","0","0","0","0","0","0","0","0","0","0","50274",Department of Defense,NG MTA Camp Clark Nevada,https://www.nationalguard.mil/,0.101402578049253,0.000522051944689
"29","2904","04",Congressional District 4,C2,"118",G5200,N,"37179605186","801333846","+38.2277394","-093.4848237",tl_rd22_29_cd118,Mark Alford,Missouri 4th,Missouri,R,1516 LHOB,(202) 225-2876,agriculture|armed_services|small_business,"0","1","0","1","0","0","0","0","0","0","0","0","1","0","0","0","0","0","0","0","0","0","0","0","0","0","50581",Department of Defense,Whiteman AFB,https://www.af.mil/,0.005589265359920,0.000001806047131
"29","2904","04",Congressional District 4,C2,"118",G5200,N,"37179605186","801333846","+38.2277394","-093.4848237",tl_rd22_29_cd118,Mark Alford,Missouri 4th,Missouri,R,1516 LHOB,(202) 225-2876,agriculture|armed_services|small_business,"0","1","0","1","0","0","0","0","0","0","0","0","1","0","0","0","0","0","0","0","0","0","0","0","0","0","50582",Department of Defense,Whiteman AFB,https://www.af.mil/,0.081641566776529,0.000224317542299
"29","2904","04",Congressional District 4,C2,"118",G5200,N,"37179605186","801333846","+38.2277394","-093.4848237",tl_rd22_29_cd118,Mark Alford,Missouri 4th,Missouri,R,1516 LHOB,(202) 225-2876,agriculture|armed_services|small_business,"0","1","0","1","0","0","0","0","0","0","0","0","1","0","0","0","0","0","0","0","0","0","0","0","0","0","50583",Department of Defense,Whiteman AFB,https://www.af.mil/,0.208642203185148,0.001976274634945
"29","2905","05",Congressional District 5,C2,"118",G5200,N,"1093783225","23559915","+39.0281303","-094.4602235",tl_rd22_29_cd118,Emanuel Cleaver,Missouri 5th,Missouri,D,2217 RHOB,(202) 225-4535,financial_services,"0","0","0","0","0","0","0","0","0","0","1","0","0","0","0","0","0","0","0","0","0","0","0","0","0","0","50228",Department of Defense,Lake City AAP,https://www.army.mil/,0.196418158524831,0.001823510755820
"29","2906","06",Congressional District 6,C2,"118",G5200,N,"52459015915","593025506","+39.8729583","-093.1835241",tl_rd22_29_cd118,Sam Graves,Missouri 6th,Missouri,R,1135 LHOB,(202) 225-7041,armed_services|transportation_and_infrastructure,"0","0","0","1","0","0","0","0","0","0","0","1","0","0","0","0","0","0","0","0","0","0","0","0","0","0","50228",Department of Defense,Lake City AAP,https://www.army.mil/,0.196418158524831,0.001823510755820
"29","2906","06",Congressional District 6,C2,"118",G5200,N,"52459015915","593025506","+39.8729583","-093.1835241",tl_rd22_29_cd118,Sam Graves,Missouri 6th,Missouri,R,1135 LHOB,(202) 225-7041,armed_services|transportation_and_infrastructure,"0","0","0","1","0","0","0","0","0","0","0","1","0","0","0","0","0","0","0","0","0","0","0","0","0","0","50255",Department of Defense,NG Macon TS,https://www.nationalguard.mil/,0.120912596667912,0.000519451221980
"29","2906","06",Congressional District 6,C2,"118",G5200,N,"52459015915","593025506","+39.8729583","-093.1835241",tl_rd22_29_cd118,Sam Graves,Missouri 6th,Missouri,R,1135 LHOB,(202) 225-7041,armed_services|transportation_and_infrastructure,"0","0","0","1","0","0","0","0","0","0","0","1","0","0","0","0","0","0","0","0","0","0","0","0","0","0","50256",Department of Defense,NG Macon TS,https://www.nationalguard.mil/,0.085197274017747,0.000261093957750
"29","2906","06",Congressional District 6,C2,"118",G5200,N,"52459015915","593025506","+39.8729583","-093.1835241",tl_rd22_29_cd118,Sam Graves,Missouri 6th,Missouri,R,1135 LHOB,(202) 225-7041,armed_services|transportation_and_infrastructure,"0","0","0","1","0","0","0","0","0","0","0","1","0","0","0","0","0","0","0","0","0","0","0","0","0","0","50257",Department of Defense,NG Macon TS,https://www.nationalguard.mil/,0.129759940974810,0.000523497896950
"29","2906","06",Congressional District 6,C2,"118",G5200,N,"52459015915","593025506","+39.8729583","-093.1835241",tl_rd22_29_cd118,Sam Graves,Missouri 6th,Missouri,R,1135 LHOB,(202) 225-7041,armed_services|transportation_and_infrastructure,"0","0","0","1","0","0","0","0","0","0","0","1","0","0","0","0","0","0","0","0","0","0","0","0","0","0","50258",Department of Defense,NG Macon TS,https://www.nationalguard.mil/,0.037033671677647,0.000002790122980
"29","2906","06",Congressional District 6,C2,"118",G5200,N,"52459015915","593025506","+39.8729583","-093.1835241",tl_rd22_29_cd118,Sam Graves,Missouri 6th,Missouri,R,1135 LHOB,(202) 225-7041,armed_services|transportation_and_infrastructure,"0","0","0","1","0","0","0","0","0","0","0","1","0","0","0","0","0","0","0","0","0","0","0","0","0","0","51324",Department of Defense,Rosecrans MAP (139AG),https://www.ang.af.mil/,0.029906075885748,0.000038010549717
"29","2907","07",Congressional District 7,C2,"118",G5200,N,"14958659175","231413928","+36.9180924","-093.7105470",tl_rd22_29_cd118,Eric Burlison,Missouri 7th,Missouri,R,1108 LHOB,(202) 225-6536,education_and_the_workforce|oversight_and_accountability|transportation_and_infrastructure,"0","0","1","0","0","0","0","1","0","0","0","1","0","0","0","0","0","0","0","0","0","0","0","0","0","0","50275",Department of Defense,NG MTA Camp Crowder Neosho,https://www.nationalguard.mil/,0.294639537713787,0.001755020765595
"29","2907","07",Congressional District 7,C2,"118",G5200,N,"14958659175","231413928","+36.9180924","-093.7105470",tl_rd22_29_cd118,Eric Burlison,Missouri 7th,Missouri,R,1108 LHOB,(202) 225-6536,education_and_the_workforce|oversight_and_accountability|transportation_and_infrastructure,"0","0","1","0","0","0","0","1","0","0","0","1","0","0","0","0","0","0","0","0","0","0","0","0","0","0","50480",Department of Defense,NG Springfield AVCRAD (New),https://www.nationalguard.mil/,0.028619006648448,0.000044066814809
"29","2908","08",Congressional District 8,C2,"118",G5200,N,"47436833427","438376537","+37.1287716","-090.9200670",tl_rd22_29_cd118,Jason Smith,Missouri 8th,Missouri,R,1011 LHOB,(202) 225-4404,joint_committee_on_taxation|ways_and_means,"0","0","0","0","0","0","0","0","0","1","0","0","0","0","0","0","1","0","0","0","0","0","0","0","0","0","50106",Department of Defense,Fort Leonard Wood,https://www.army.mil/,0.872428486955269,0.025513606894998
"29","2908","08",Congressional District 8,C2,"118",G5200,N,"47436833427","438376537","+37.1287716","-090.9200670",tl_rd22_29_cd118,Jason Smith,Missouri 8th,Missouri,R,1011 LHOB,(202) 225-4404,joint_committee_on_taxation|ways_and_means,"0","0","0","0","0","0","0","0","0","1","0","0","0","0","0","0","1","0","0","0","0","0","0","0","0","0","50434",Department of Defense,NG TS Mark Twain Natl Forest Wapp,https://www.nationalguard.mil/,0.166982908560558,0.000837494201244
"29","2908","08",Congressional District 8,C2,"118",G5200,N,"47436833427","438376537","+37.1287716","-090.9200670",tl_rd22_29_cd118,Jason Smith,Missouri 8th,Missouri,R,1011 LHOB,(202) 225-4404,joint_committee_on_taxation|ways_and_means,"0","0","0","0","0","0","0","0","0","1","0","0","0","0","0","0","1","0","0","0","0","0","0","0","0","0","50647",Department of Defense,NGA Arnold Site,https://www.af.mil/,0.016046935694594,0.000014365085210
"30","3002","02",Congressional District 2,C2,"118",G5200,N,"272940130247","2286101308","+47.0710540","-108.1464846",tl_rd22_30_cd118,Matthew Rosendale,Montana 2nd,Montana,R,1023 LHOB,(202) 225-3211,natural_resources|veterans_affairs,"0","0","0","0","1","0","0","0","0","0","0","0","0","0","0","0","0","0","0","0","0","1","0","0","0","0","50197",Department of Defense,NG Helena Aviation RC- AASF- C12,https://www.nationalguard.mil/,0.023534102625803,0.000028460210341
"30","3002","02",Congressional District 2,C2,"118",G5200,N,"272940130247","2286101308","+47.0710540","-108.1464846",tl_rd22_30_cd118,Matthew Rosendale,Montana 2nd,Montana,R,1023 LHOB,(202) 225-3211,natural_resources|veterans_affairs,"0","0","0","0","1","0","0","0","0","0","0","0","0","0","0","0","0","0","0","0","0","1","0","0","0","0","50284",Department of Defense,NG MTA Ft Wm Henry Harrison,https://www.nationalguard.mil/,0.400316317014757,0.003118797326337
"30","3002","02",Congressional District 2,C2,"118",G5200,N,"272940130247","2286101308","+47.0710540","-108.1464846",tl_rd22_30_cd118,Matthew Rosendale,Montana 2nd,Montana,R,1023 LHOB,(202) 225-3211,natural_resources|veterans_affairs,"0","0","0","0","1","0","0","0","0","0","0","0","0","0","0","0","0","0","0","0","0","1","0","0","0","0","50286",Department of Defense,NG MTA Limestone Hills,https://www.nationalguard.mil/,0.525370310819344,0.010068535424993
"30","3002","02",Congressional District 2,C2,"118",G5200,N,"272940130247","2286101308","+47.0710540","-108.1464846",tl_rd22_30_cd118,Matthew Rosendale,Montana 2nd,Montana,R,1023 LHOB,(202) 225-3211,natural_resources|veterans_affairs,"0","0","0","0","1","0","0","0","0","0","0","0","0","0","0","0","0","0","0","0","0","1","0","0","0","0","50708",Department of Defense,Malmstrom Air Force Base,https://www.af.mil/,0.006384026039001,0.000001642900823
"30","3002","02",Congressional District 2,C2,"118",G5200,N,"272940130247","2286101308","+47.0710540","-108.1464846",tl_rd22_30_cd118,Matthew Rosendale,Montana 2nd,Montana,R,1023 LHOB,(202) 225-3211,natural_resources|veterans_affairs,"0","0","0","0","1","0","0","0","0","0","0","0","0","0","0","0","0","0","0","0","0","1","0","0","0","0","50709",Department of Defense,Malmstrom Air Force Base,https://www.af.mil/,0.216720033599573,0.001584006943055
"30","3002","02",Congressional District 2,C2,"118",G5200,N,"272940130247","2286101308","+47.0710540","-108.1464846",tl_rd22_30_cd118,Matthew Rosendale,Montana 2nd,Montana,R,1023 LHOB,(202) 225-3211,natural_resources|veterans_affairs,"0","0","0","0","1","0","0","0","0","0","0","0","0","0","0","0","0","0","0","0","0","1","0","0","0","0","50744",Department of Defense,Great Falls IAP,https://www.ang.af.mil/,0.041375955538513,0.000064539715428
"31","3101","01",Congressional District 1,C2,"118",G5200,N,"15494032149","184100372","+41.3776094","-096.9798487",tl_rd22_31_cd118,Mike Flood,Nebraska 1st,Nebraska,R,343 CHOB,(202) 225-4806,financial_services,"0","0","0","0","0","0","0","0","0","0","1","0","0","0","0","0","0","0","0","0","0","0","0","0","0","0","50239",Department of Defense,NG Lincoln AASF/Readiness Center,https://www.nationalguard.mil/,0.025745223580701,0.000028235083492
"31","3101","01",Congressional District 1,C2,"118",G5200,N,"15494032149","184100372","+41.3776094","-096.9798487",tl_rd22_31_cd118,Mike Flood,Nebraska 1st,Nebraska,R,343 CHOB,(202) 225-4806,financial_services,"0","0","0","0","0","0","0","0","0","0","1","0","0","0","0","0","0","0","0","0","0","0","0","0","0","0","50508",Department of Defense,Offut Air Force Base,https://www.af.mil/,0.173568171973494,0.000829691753032
"31","3101","01",Congressional District 1,C2,"118",G5200,N,"15494032149","184100372","+41.3776094","-096.9798487",tl_rd22_31_cd118,Mike Flood,Nebraska 1st,Nebraska,R,343 CHOB,(202) 225-4806,financial_services,"0","0","0","0","0","0","0","0","0","0","1","0","0","0","0","0","0","0","0","0","0","0","0","0","0","0","50803",Department of Defense,Lincoln Map,https://www.ang.af.mil/,0.034771330480763,0.000049282732626
"31","3102","02",Congressional District 2,C2,"118",G5200,N,"3157603723","77282209","+41.2285893","-096.4506899",tl_rd22_31_cd118,Don Bacon,Nebraska 2nd,Nebraska,R,2104 RHOB,(202) 225-4155,agriculture|armed_services,"0","1","0","1","0","0","0","0","0","0","0","0","0","0","0","0","0","0","0","0","0","0","0","0","0","0","49979",Department of Defense,NG Camp Ashland,https://www.nationalguard.mil/,0.119000384249491,0.000452777627044
"31","3102","02",Congressional District 2,C2,"118",G5200,N,"3157603723","77282209","+41.2285893","-096.4506899",tl_rd22_31_cd118,Don Bacon,Nebraska 2nd,Nebraska,R,2104 RHOB,(202) 225-4155,agriculture|armed_services,"0","1","0","1","0","0","0","0","0","0","0","0","0","0","0","0","0","0","0","0","0","0","0","0","0","0","50265",Department of Defense,NG Mead TS/FMS 06/Utes 02,https://www.nationalguard.mil/,0.012911261733804,0.000004913197889
"31","3102","02",Congressional District 2,C2,"118",G5200,N,"3157603723","77282209","+41.2285893","-096.4506899",tl_rd22_31_cd118,Don Bacon,Nebraska 2nd,Nebraska,R,2104 RHOB,(202) 225-4155,agriculture|armed_services,"0","1","0","1","0","0","0","0","0","0","0","0","0","0","0","0","0","0","0","0","0","0","0","0","0","0","50266",Department of Defense,NG Mead TS/FMS 06/Utes 02,https://www.nationalguard.mil/,0.093321896313307,0.000512555526613
"31","3103","03",Congressional District 3,C2,"118",G5200,N,"180305737659","1109735376","+41.5409372","-100.1521229",tl_rd22_31_cd118,Adrian Smith,Nebraska 3rd,Nebraska,R,502 CHOB,(202) 225-6435,joint_committee_on_taxation|ways_and_means,"0","0","0","0","0","0","0","0","0","1","0","0","0","0","0","0","1","0","0","0","0","0","0","0","0","0","50180",Department of Defense,NG Grand Island AASF/RC,https://www.nationalguard.mil/,0.017969108981292,0.000021581955331
"31","3103","03",Congressional District 3,C2,"118",G5200,N,"180305737659","1109735376","+41.5409372","-100.1521229",tl_rd22_31_cd118,Adrian Smith,Nebraska 3rd,Nebraska,R,502 CHOB,(202) 225-6435,joint_committee_on_taxation|ways_and_means,"0","0","0","0","0","0","0","0","0","1","0","0","0","0","0","0","1","0","0","0","0","0","0","0","0","0","50186",Department of Defense,NG Greenlief TS/UTES 01,https://www.nationalguard.mil/,0.165004526274938,0.001416375445216
"32","3201","01",Congressional District 1,C2,"118",G5200,N,"2589025406","49891535","+35.8643966","-114.9494955",tl_rd22_32_cd118,Dina Titus,Nevada 1st,Nevada,D,2464 RHOB,(202) 225-5965,foreign_affairs|homeland_security|transportation_and_infrastructure,"0","0","0","0","0","1","1","0","0","0","0","1","0","0","0","0","0","0","0","0","0","0","0","0","0","0","51441",Department of Defense,Nellis Air Force Base,https://www.af.mil/,0.581927832045826,0.006303853283311
"32","3202","02",Congressional District 2,C2,"118",G5200,N,"168519096772","1172371520","+40.5281662","-116.9894216",tl_rd22_32_cd118,Mark Amodei,Nevada 2nd,Nevada,R,104 CHOB,(202) 225-6155,appropriations|joint_library,"1","0","0","0","0","0","0","0","0","0","0","0","0","0","0","0","0","0","0","0","0","0","0","0","0","1","50603",Department of Defense,Utah Test and Training Range,https://www.af.mil/,2.819172510899689,0.247831937805561
"32","3202","02",Congressional District 2,C2,"118",G5200,N,"168519096772","1172371520","+40.5281662","-116.9894216",tl_rd22_32_cd118,Mark Amodei,Nevada 2nd,Nevada,R,104 CHOB,(202) 225-6155,appropriations|joint_library,"1","0","0","0","0","0","0","0","0","0","0","0","0","0","0","0","0","0","0","0","0","0","0","0","0","1","50773",Department of Defense,Reno Tahoe IAP,https://www.ang.af.mil/,0.022759090516236,0.000025502157079
"32","3202","02",Congressional District 2,C2,"118",G5200,N,"168519096772","1172371520","+40.5281662","-116.9894216",tl_rd22_32_cd118,Mark Amodei,Nevada 2nd,Nevada,R,104 CHOB,(202) 225-6155,appropriations|joint_library,"1","0","0","0","0","0","0","0","0","0","0","0","0","0","0","0","0","0","0","0","0","0","0","0","0","1","51108",Department of Defense,Target B-17,https://www.navy.mil/,0.634840627266130,0.023049879657727
"32","3202","02",Congressional District 2,C2,"118",G5200,N,"168519096772","1172371520","+40.5281662","-116.9894216",tl_rd22_32_cd118,Mark Amodei,Nevada 2nd,Nevada,R,104 CHOB,(202) 225-6155,appropriations|joint_library,"1","0","0","0","0","0","0","0","0","0","0","0","0","0","0","0","0","0","0","0","0","0","0","0","0","1","51111",Department of Defense,Target B-20,https://www.navy.mil/,0.536623658599662,0.017523167512500
"32","3202","02",Congressional District 2,C2,"118",G5200,N,"168519096772","1172371520","+40.5281662","-116.9894216",tl_rd22_32_cd118,Mark Amodei,Nevada 2nd,Nevada,R,104 CHOB,(202) 225-6155,appropriations|joint_library,"1","0","0","0","0","0","0","0","0","0","0","0","0","0","0","0","0","0","0","0","0","0","0","0","0","1","51118",Department of Defense,Target B-19,https://www.navy.mil/,0.555954300088219,0.012267622849651
"32","3202","02",Congressional District 2,C2,"118",G5200,N,"168519096772","1172371520","+40.5281662","-116.9894216",tl_rd22_32_cd118,Mark Amodei,Nevada 2nd,Nevada,R,104 CHOB,(202) 225-6155,appropriations|joint_library,"1","0","0","0","0","0","0","0","0","0","0","0","0","0","0","0","0","0","0","0","0","0","0","0","0","1","51141",Department of Defense,Target B-16,https://www.navy.mil/,0.453309995014244,0.009209136258888
"32","3202","02",Congressional District 2,C2,"118",G5200,N,"168519096772","1172371520","+40.5281662","-116.9894216",tl_rd22_32_cd118,Mark Amodei,Nevada 2nd,Nevada,R,104 CHOB,(202) 225-6155,appropriations|joint_library,"1","0","0","0","0","0","0","0","0","0","0","0","0","0","0","0","0","0","0","0","0","0","0","0","0","1","51142",Department of Defense,Target B-16,https://www.navy.mil/,0.294402714743353,0.002507747918341
"32","3202","02",Congressional District 2,C2,"118",G5200,N,"168519096772","1172371520","+40.5281662","-116.9894216",tl_rd22_32_cd118,Mark Amodei,Nevada 2nd,Nevada,R,104 CHOB,(202) 225-6155,appropriations|joint_library,"1","0","0","0","0","0","0","0","0","0","0","0","0","0","0","0","0","0","0","0","0","0","0","0","0","1","51430",Department of Defense,Fallon Range Complex,https://www.navy.mil/,0.375094564860804,0.003603870187362
"32","3203","03",Congressional District 3,C2,"118",G5200,N,"5192469316","51631716","+35.9873028","-115.5658771",tl_rd22_32_cd118,Susie Lee,Nevada 3rd,Nevada,D,365 CHOB,(202) 225-3252,appropriations|natural_resources,"1","0","0","0","1","0","0","0","0","0","0","0","0","0","0","0","0","0","0","0","0","0","0","0","0","0","50253",Department of Defense,NG Anthony Cometa Complex,https://www.nationalguard.mil/,0.026553514974886,0.000023329769765
"32","3204","04",Congressional District 4,C2,"118",G5200,N,"108236672750","565767481","+37.8021410","-116.2121690",tl_rd22_32_cd118,Steven Horsford,Nevada 4th,Nevada,D,406 CHOB,(202) 225-9894,armed_services|financial_services,"0","0","0","1","0","0","0","0","0","0","1","0","0","0","0","0","0","0","0","0","0","0","0","0","0","0","50064",Department of Defense,NG Floyd Edsall Training Center,https://www.nationalguard.mil/,0.141258267420396,0.000679766315784
"32","3204","04",Congressional District 4,C2,"118",G5200,N,"108236672750","565767481","+37.8021410","-116.2121690",tl_rd22_32_cd118,Steven Horsford,Nevada 4th,Nevada,D,406 CHOB,(202) 225-9894,armed_services|financial_services,"0","0","0","1","0","0","0","0","0","0","1","0","0","0","0","0","0","0","0","0","0","0","0","0","0","0","50192",Department of Defense,Hawthorne Army Depot,https://www.army.mil/,0.140208903849818,0.001326234415578
"32","3204","04",Congressional District 4,C2,"118",G5200,N,"108236672750","565767481","+37.8021410","-116.2121690",tl_rd22_32_cd118,Steven Horsford,Nevada 4th,Nevada,D,406 CHOB,(202) 225-9894,armed_services|financial_services,"0","0","0","1","0","0","0","0","0","0","1","0","0","0","0","0","0","0","0","0","0","0","0","0","0","0","50193",Department of Defense,Hawthorne Army Depot,https://www.army.mil/,0.323079549135135,0.001108237607435
"32","3204","04",Congressional District 4,C2,"118",G5200,N,"108236672750","565767481","+37.8021410","-116.2121690",tl_rd22_32_cd118,Steven Horsford,Nevada 4th,Nevada,D,406 CHOB,(202) 225-9894,armed_services|financial_services,"0","0","0","1","0","0","0","0","0","0","1","0","0","0","0","0","0","0","0","0","0","0","0","0","0","0","50194",Department of Defense,Hawthorne Army Depot,https://www.army.mil/,0.570856109367319,0.017429822669040
"32","3204","04",Congressional District 4,C2,"118",G5200,N,"108236672750","565767481","+37.8021410","-116.2121690",tl_rd22_32_cd118,Steven Horsford,Nevada 4th,Nevada,D,406 CHOB,(202) 225-9894,armed_services|financial_services,"0","0","0","1","0","0","0","0","0","0","1","0","0","0","0","0","0","0","0","0","0","0","0","0","0","0","50195",Department of Defense,Hawthorne Army Depot,https://www.army.mil/,0.726460009823933,0.021680583853547
"32","3204","04",Congressional District 4,C2,"118",G5200,N,"108236672750","565767481","+37.8021410","-116.2121690",tl_rd22_32_cd118,Steven Horsford,Nevada 4th,Nevada,D,406 CHOB,(202) 225-9894,armed_services|financial_services,"0","0","0","1","0","0","0","0","0","0","1","0","0","0","0","0","0","0","0","0","0","0","0","0","0","0","50196",Department of Defense,Hawthorne Army Depot,https://www.army.mil/,0.855006612952654,0.019537275103027
"32","3204","04",Congressional District 4,C2,"118",G5200,N,"108236672750","565767481","+37.8021410","-116.2121690",tl_rd22_32_cd118,Steven Horsford,Nevada 4th,Nevada,D,406 CHOB,(202) 225-9894,armed_services|financial_services,"0","0","0","1","0","0","0","0","0","0","1","0","0","0","0","0","0","0","0","0","0","0","0","0","0","0","50511",Department of Defense,Creech Air Force Base,https://www.af.mil/,1.701430318658190,0.055094339980449
"32","3204","04",Congressional District 4,C2,"118",G5200,N,"108236672750","565767481","+37.8021410","-116.2121690",tl_rd22_32_cd118,Steven Horsford,Nevada 4th,Nevada,D,406 CHOB,(202) 225-9894,armed_services|financial_services,"0","0","0","1","0","0","0","0","0","0","1","0","0","0","0","0","0","0","0","0","0","0","0","0","0","0","51118",Department of Defense,Target B-19,https://www.navy.mil/,0.555954300088219,0.012267622849651
"32","3204","04",Congressional District 4,C2,"118",G5200,N,"108236672750","565767481","+37.8021410","-116.2121690",tl_rd22_32_cd118,Steven Horsford,Nevada 4th,Nevada,D,406 CHOB,(202) 225-9894,armed_services|financial_services,"0","0","0","1","0","0","0","0","0","0","1","0","0","0","0","0","0","0","0","0","0","0","0","0","0","0","51440",Department of Defense,Nellis Air Force Base,https://www.af.mil/,0.010985894344779,0.000006535422883
"32","3204","04",Congressional District 4,C2,"118",G5200,N,"108236672750","565767481","+37.8021410","-116.2121690",tl_rd22_32_cd118,Steven Horsford,Nevada 4th,Nevada,D,406 CHOB,(202) 225-9894,armed_services|financial_services,"0","0","0","1","0","0","0","0","0","0","1","0","0","0","0","0","0","0","0","0","0","0","0","0","0","0","51441",Department of Defense,Nellis Air Force Base,https://www.af.mil/,0.581927832045826,0.006303853283311
"32","3204","04",Congressional District 4,C2,"118",G5200,N,"108236672750","565767481","+37.8021410","-116.2121690",tl_rd22_32_cd118,Steven Horsford,Nevada 4th,Nevada,D,406 CHOB,(202) 225-9894,armed_services|financial_services,"0","0","0","1","0","0","0","0","0","0","1","0","0","0","0","0","0","0","0","0","0","0","0","0","0","0","51442",Department of Defense,Nellis Air Force Base,https://www.af.mil/,0.052004896217321,0.000095113747182
"32","3204","04",Congressional District 4,C2,"118",G5200,N,"108236672750","565767481","+37.8021410","-116.2121690",tl_rd22_32_cd118,Steven Horsford,Nevada 4th,Nevada,D,406 CHOB,(202) 225-9894,armed_services|financial_services,"0","0","0","1","0","0","0","0","0","0","1","0","0","0","0","0","0","0","0","0","0","0","0","0","0","0","51443",Department of Defense,Nellis Air Force Base,https://www.af.mil/,0.015365541132523,0.000013336796649
"32","3204","04",Congressional District 4,C2,"118",G5200,N,"108236672750","565767481","+37.8021410","-116.2121690",tl_rd22_32_cd118,Steven Horsford,Nevada 4th,Nevada,D,406 CHOB,(202) 225-9894,armed_services|financial_services,"0","0","0","1","0","0","0","0","0","0","1","0","0","0","0","0","0","0","0","0","0","0","0","0","0","0","51444",Department of Defense,Nellis Air Force Base,https://www.af.mil/,0.153389211010257,0.001338495185062
"32","3204","04",Congressional District 4,C2,"118",G5200,N,"108236672750","565767481","+37.8021410","-116.2121690",tl_rd22_32_cd118,Steven Horsford,Nevada 4th,Nevada,D,406 CHOB,(202) 225-9894,armed_services|financial_services,"0","0","0","1","0","0","0","0","0","0","1","0","0","0","0","0","0","0","0","0","0","0","0","0","0","0","51445",Department of Defense,Nevada Test and Training Range,https://www.af.mil/,3.226290610495591,0.398959518443910
"32","3204","04",Congressional District 4,C2,"118",G5200,N,"108236672750","565767481","+37.8021410","-116.2121690",tl_rd22_32_cd118,Steven Horsford,Nevada 4th,Nevada,D,406 CHOB,(202) 225-9894,armed_services|financial_services,"0","0","0","1","0","0","0","0","0","0","1","0","0","0","0","0","0","0","0","0","0","0","0","0","0","0","51446",Department of Defense,Nevada Test and Training Range,https://www.af.mil/,4.934789812917884,0.789212969704827
"33","3301","01",Congressional District 1,C2,"118",G5200,N,"5551887515","477702592","+43.4072139","-071.1869535",tl_rd22_33_cd118,Chris Pappas,New Hampshire 1st,New Hampshire,D,452 CHOB,(202) 225-5456,transportation_and_infrastructure|small_business|veterans_affairs,"0","0","0","0","0","0","0","0","0","0","0","1","1","0","0","0","0","0","0","0","0","1","0","0","0","0","50330",Department of Defense,NG Training Site,https://www.nationalguard.mil/,0.038702697336545,0.000046945370759
"33","3301","01",Congressional District 1,C2,"118",G5200,N,"5551887515","477702592","+43.4072139","-071.1869535",tl_rd22_33_cd118,Chris Pappas,New Hampshire 1st,New Hampshire,D,452 CHOB,(202) 225-5456,transportation_and_infrastructure|small_business|veterans_affairs,"0","0","0","0","0","0","0","0","0","0","0","1","1","0","0","0","0","0","0","0","0","1","0","0","0","0","50584",Department of Defense,Newington Defense Fuel Support Point,https://www.af.mil/,0.015174250345939,0.000004972078123
"33","3301","01",Congressional District 1,C2,"118",G5200,N,"5551887515","477702592","+43.4072139","-071.1869535",tl_rd22_33_cd118,Chris Pappas,New Hampshire 1st,New Hampshire,D,452 CHOB,(202) 225-5456,transportation_and_infrastructure|small_business|veterans_affairs,"0","0","0","0","0","0","0","0","0","0","0","1","1","0","0","0","0","0","0","0","0","1","0","0","0","0","50734",Department of Defense,Pease ANGB,https://www.ang.af.mil/,0.004957853172667,0.000001427825658
"33","3301","01",Congressional District 1,C2,"118",G5200,N,"5551887515","477702592","+43.4072139","-071.1869535",tl_rd22_33_cd118,Chris Pappas,New Hampshire 1st,New Hampshire,D,452 CHOB,(202) 225-5456,transportation_and_infrastructure|small_business|veterans_affairs,"0","0","0","0","0","0","0","0","0","0","0","1","1","0","0","0","0","0","0","0","0","1","0","0","0","0","50735",Department of Defense,Pease ANGB,https://www.ang.af.mil/,0.050752750779170,0.000096114226307
"33","3301","01",Congressional District 1,C2,"118",G5200,N,"5551887515","477702592","+43.4072139","-071.1869535",tl_rd22_33_cd118,Chris Pappas,New Hampshire 1st,New Hampshire,D,452 CHOB,(202) 225-5456,transportation_and_infrastructure|small_business|veterans_affairs,"0","0","0","0","0","0","0","0","0","0","0","1","1","0","0","0","0","0","0","0","0","1","0","0","0","0","51276",Department of Defense,Newington Defense Fuel Support Point,https://www.af.mil/,0.037481739072495,0.000071943622625
"33","3302","02",Congressional District 2,C2,"118",G5200,N,"17638226463","416748347","+43.7675493","-071.6970813",tl_rd22_33_cd118,Ann Kuster,New Hampshire 2nd,New Hampshire,D,2201 RHOB,(202) 225-5206,energy_and_commerce,"0","0","0","0","0","0","0","0","1","0","0","0","0","0","0","0","0","0","0","0","0","0","0","0","0","0","50707",Department of Defense,New Boston Air Station,https://www.af.mil/,0.166654671806635,0.001288332969326
"34","3402","02",Congressional District 2,C2,"118",G5200,N,"5164993148","2518783388","+39.4226952","-074.8553631",tl_rd22_34_cd118,Jefferson Van Drew,New Jersey 2nd,New Jersey,R,2447 RHOB,(202) 225-6572,judiciary|transportation_and_infrastructure,"0","0","0","0","0","0","0","0","0","0","0","1","0","1","0","0","0","0","0","0","0","0","0","0","0","0","50715",Department of Defense,Atlantic City IAP,https://www.ang.af.mil/,0.042773093873906,0.000097704001371
"34","3402","02",Congressional District 2,C2,"118",G5200,N,"5164993148","2518783388","+39.4226952","-074.8553631",tl_rd22_34_cd118,Jefferson Van Drew,New Jersey 2nd,New Jersey,R,2447 RHOB,(202) 225-6572,judiciary|transportation_and_infrastructure,"0","0","0","0","0","0","0","0","0","0","0","1","0","1","0","0","0","0","0","0","0","0","0","0","0","0","50716",Department of Defense,Atlantic City IAP,https://www.ang.af.mil/,0.023689487661662,0.000027607267923
"34","3402","02",Congressional District 2,C2,"118",G5200,N,"5164993148","2518783388","+39.4226952","-074.8553631",tl_rd22_34_cd118,Jefferson Van Drew,New Jersey 2nd,New Jersey,R,2447 RHOB,(202) 225-6572,judiciary|transportation_and_infrastructure,"0","0","0","0","0","0","0","0","0","0","0","1","0","1","0","0","0","0","0","0","0","0","0","0","0","0","50717",Department of Defense,Atlantic City IAP,https://www.ang.af.mil/,0.352754955118336,0.004008880279468
"34","3403","03",Congressional District 3,C2,"118",G5200,N,"2799117246","61578892","+39.9751096","-074.6114410",tl_rd22_34_cd118,Andy Kim,New Jersey 3rd,New Jersey,D,2444 RHOB,(202) 225-4765,armed_services|foreign_affairs|select_sub_us_china,"0","0","0","1","0","1","0","0","0","0","0","0","0","0","0","0","0","0","0","0","0","0","1","0","0","0","50233",Department of Defense,NG Lawrenceville,https://www.nationalguard.mil/,0.027342290379019,0.000033876665778
"34","3403","03",Congressional District 3,C2,"118",G5200,N,"2799117246","61578892","+39.9751096","-074.6114410",tl_rd22_34_cd118,Andy Kim,New Jersey 3rd,New Jersey,D,2444 RHOB,(202) 225-4765,armed_services|foreign_affairs|select_sub_us_china,"0","0","0","1","0","1","0","0","0","0","0","0","0","0","0","0","0","0","0","0","0","0","1","0","0","0","50717",Department of Defense,Atlantic City IAP,https://www.ang.af.mil/,0.352754955118336,0.004008880279468
"34","3403","03",Congressional District 3,C2,"118",G5200,N,"2799117246","61578892","+39.9751096","-074.6114410",tl_rd22_34_cd118,Andy Kim,New Jersey 3rd,New Jersey,D,2444 RHOB,(202) 225-4765,armed_services|foreign_affairs|select_sub_us_china,"0","0","0","1","0","1","0","0","0","0","0","0","0","0","0","0","0","0","0","0","0","0","1","0","0","0","50718",Department of Defense,Atlantic City IAP,https://www.ang.af.mil/,0.000479029956374,0.000000007384726
"34","3403","03",Congressional District 3,C2,"118",G5200,N,"2799117246","61578892","+39.9751096","-074.6114410",tl_rd22_34_cd118,Andy Kim,New Jersey 3rd,New Jersey,D,2444 RHOB,(202) 225-4765,armed_services|foreign_affairs|select_sub_us_china,"0","0","0","1","0","1","0","0","0","0","0","0","0","0","0","0","0","0","0","0","0","0","1","0","0","0","51417",Department of Defense,Joint Base McGuire-Dix-Lakehurst,https://www.af.mil/,0.007892544825132,0.000003492364318
"34","3403","03",Congressional District 3,C2,"118",G5200,N,"2799117246","61578892","+39.9751096","-074.6114410",tl_rd22_34_cd118,Andy Kim,New Jersey 3rd,New Jersey,D,2444 RHOB,(202) 225-4765,armed_services|foreign_affairs|select_sub_us_china,"0","0","0","1","0","1","0","0","0","0","0","0","0","0","0","0","0","0","0","0","0","0","1","0","0","0","51418",Department of Defense,Joint Base McGuire-Dix-Lakehurst,https://www.af.mil/,0.005117602486316,0.000001535607827
"34","3403","03",Congressional District 3,C2,"118",G5200,N,"2799117246","61578892","+39.9751096","-074.6114410",tl_rd22_34_cd118,Andy Kim,New Jersey 3rd,New Jersey,D,2444 RHOB,(202) 225-4765,armed_services|foreign_affairs|select_sub_us_china,"0","0","0","1","0","1","0","0","0","0","0","0","0","0","0","0","0","0","0","0","0","0","1","0","0","0","51419",Department of Defense,Joint Base McGuire-Dix-Lakehurst,https://www.af.mil/,0.003681622236709,0.000000134649808
"34","3403","03",Congressional District 3,C2,"118",G5200,N,"2799117246","61578892","+39.9751096","-074.6114410",tl_rd22_34_cd118,Andy Kim,New Jersey 3rd,New Jersey,D,2444 RHOB,(202) 225-4765,armed_services|foreign_affairs|select_sub_us_china,"0","0","0","1","0","1","0","0","0","0","0","0","0","0","0","0","0","0","0","0","0","0","1","0","0","0","51422",Department of Defense,Joint Base McGuire-Dix-Lakehurst,https://www.af.mil/,0.131282566121695,0.000460104000075
"34","3403","03",Congressional District 3,C2,"118",G5200,N,"2799117246","61578892","+39.9751096","-074.6114410",tl_rd22_34_cd118,Andy Kim,New Jersey 3rd,New Jersey,D,2444 RHOB,(202) 225-4765,armed_services|foreign_affairs|select_sub_us_china,"0","0","0","1","0","1","0","0","0","0","0","0","0","0","0","0","0","0","0","0","0","0","1","0","0","0","51423",Department of Defense,Joint Base McGuire-Dix-Lakehurst,https://www.af.mil/,0.932875625446322,0.017164889047801
"34","3404","04",Congressional District 4,C2,"118",G5200,N,"1686718459","132586413","+40.0687917","-074.2445565",tl_rd22_34_cd118,Christopher Smith,New Jersey 4th,New Jersey,R,2373 RHOB,(202) 225-3765,foreign_affairs,"0","0","0","0","0","1","0","0","0","0","0","0","0","0","0","0","0","0","0","0","0","0","0","0","0","0","50126",Department of Defense,Fort Monmouth Main Post,https://www.army.mil/,0.028274156979134,0.000042616432142
"34","3404","04",Congressional District 4,C2,"118",G5200,N,"1686718459","132586413","+40.0687917","-074.2445565",tl_rd22_34_cd118,Christopher Smith,New Jersey 4th,New Jersey,R,2373 RHOB,(202) 225-3765,foreign_affairs,"0","0","0","0","0","1","0","0","0","0","0","0","0","0","0","0","0","0","0","0","0","0","0","0","0","0","50127",Department of Defense,Fort Monmouth Main Post,https://www.army.mil/,0.008778868907048,0.000002722268354
"34","3404","04",Congressional District 4,C2,"118",G5200,N,"1686718459","132586413","+40.0687917","-074.2445565",tl_rd22_34_cd118,Christopher Smith,New Jersey 4th,New Jersey,R,2373 RHOB,(202) 225-3765,foreign_affairs,"0","0","0","0","0","1","0","0","0","0","0","0","0","0","0","0","0","0","0","0","0","0","0","0","0","0","50128",Department of Defense,Fort Monmouth Main Post,https://www.army.mil/,0.008480571590769,0.000003298489272
"34","3404","04",Congressional District 4,C2,"118",G5200,N,"1686718459","132586413","+40.0687917","-074.2445565",tl_rd22_34_cd118,Christopher Smith,New Jersey 4th,New Jersey,R,2373 RHOB,(202) 225-3765,foreign_affairs,"0","0","0","0","0","1","0","0","0","0","0","0","0","0","0","0","0","0","0","0","0","0","0","0","0","0","50129",Department of Defense,Fort Monmouth Main Post,https://www.army.mil/,0.045934250130780,0.000099857396652
"34","3404","04",Congressional District 4,C2,"118",G5200,N,"1686718459","132586413","+40.0687917","-074.2445565",tl_rd22_34_cd118,Christopher Smith,New Jersey 4th,New Jersey,R,2373 RHOB,(202) 225-3765,foreign_affairs,"0","0","0","0","0","1","0","0","0","0","0","0","0","0","0","0","0","0","0","0","0","0","0","0","0","0","50130",Department of Defense,Fort Monmouth Main Post,https://www.army.mil/,0.017478276752721,0.000000667592050
"34","3404","04",Congressional District 4,C2,"118",G5200,N,"1686718459","132586413","+40.0687917","-074.2445565",tl_rd22_34_cd118,Christopher Smith,New Jersey 4th,New Jersey,R,2373 RHOB,(202) 225-3765,foreign_affairs,"0","0","0","0","0","1","0","0","0","0","0","0","0","0","0","0","0","0","0","0","0","0","0","0","0","0","50131",Department of Defense,Fort Monmouth Main Post,https://www.army.mil/,0.004692180021639,0.000000057786084
"34","3404","04",Congressional District 4,C2,"118",G5200,N,"1686718459","132586413","+40.0687917","-074.2445565",tl_rd22_34_cd118,Christopher Smith,New Jersey 4th,New Jersey,R,2373 RHOB,(202) 225-3765,foreign_affairs,"0","0","0","0","0","1","0","0","0","0","0","0","0","0","0","0","0","0","0","0","0","0","0","0","0","0","50132",Department of Defense,Fort Monmouth Main Post,https://www.army.mil/,0.007057000233869,0.000000110031884
"34","3404","04",Congressional District 4,C2,"118",G5200,N,"1686718459","132586413","+40.0687917","-074.2445565",tl_rd22_34_cd118,Christopher Smith,New Jersey 4th,New Jersey,R,2373 RHOB,(202) 225-3765,foreign_affairs,"0","0","0","0","0","1","0","0","0","0","0","0","0","0","0","0","0","0","0","0","0","0","0","0","0","0","50133",Department of Defense,Fort Monmouth Main Post,https://www.army.mil/,0.145066929772446,0.000274914763746
"34","3404","04",Congressional District 4,C2,"118",G5200,N,"1686718459","132586413","+40.0687917","-074.2445565",tl_rd22_34_cd118,Christopher Smith,New Jersey 4th,New Jersey,R,2373 RHOB,(202) 225-3765,foreign_affairs,"0","0","0","0","0","1","0","0","0","0","0","0","0","0","0","0","0","0","0","0","0","0","0","0","0","0","50134",Department of Defense,Fort Monmouth Main Post,https://www.army.mil/,0.001887466913361,0.000000034384830
"34","3404","04",Congressional District 4,C2,"118",G5200,N,"1686718459","132586413","+40.0687917","-074.2445565",tl_rd22_34_cd118,Christopher Smith,New Jersey 4th,New Jersey,R,2373 RHOB,(202) 225-3765,foreign_affairs,"0","0","0","0","0","1","0","0","0","0","0","0","0","0","0","0","0","0","0","0","0","0","0","0","0","0","50135",Department of Defense,Fort Monmouth Main Post,https://www.army.mil/,0.006047717767694,0.000000103953200
"34","3404","04",Congressional District 4,C2,"118",G5200,N,"1686718459","132586413","+40.0687917","-074.2445565",tl_rd22_34_cd118,Christopher Smith,New Jersey 4th,New Jersey,R,2373 RHOB,(202) 225-3765,foreign_affairs,"0","0","0","0","0","1","0","0","0","0","0","0","0","0","0","0","0","0","0","0","0","0","0","0","0","0","50136",Department of Defense,Fort Monmouth Main Post,https://www.army.mil/,0.011005938527487,0.000004499774575
"34","3404","04",Congressional District 4,C2,"118",G5200,N,"1686718459","132586413","+40.0687917","-074.2445565",tl_rd22_34_cd118,Christopher Smith,New Jersey 4th,New Jersey,R,2373 RHOB,(202) 225-3765,foreign_affairs,"0","0","0","0","0","1","0","0","0","0","0","0","0","0","0","0","0","0","0","0","0","0","0","0","0","0","50406",Department of Defense,NG Sea Girt NJ NGTC,https://www.nationalguard.mil/,0.040849503190853,0.000074271236422
"34","3404","04",Congressional District 4,C2,"118",G5200,N,"1686718459","132586413","+40.0687917","-074.2445565",tl_rd22_34_cd118,Christopher Smith,New Jersey 4th,New Jersey,R,2373 RHOB,(202) 225-3765,foreign_affairs,"0","0","0","0","0","1","0","0","0","0","0","0","0","0","0","0","0","0","0","0","0","0","0","0","0","0","51164",Department of Defense,Naval Weapons Station Earle NJ,https://www.navy.mil/,0.204693619373936,0.001910736357774
"34","3404","04",Congressional District 4,C2,"118",G5200,N,"1686718459","132586413","+40.0687917","-074.2445565",tl_rd22_34_cd118,Christopher Smith,New Jersey 4th,New Jersey,R,2373 RHOB,(202) 225-3765,foreign_affairs,"0","0","0","0","0","1","0","0","0","0","0","0","0","0","0","0","0","0","0","0","0","0","0","0","0","0","51165",Department of Defense,Naval Weapons Station Earle NJ,https://www.navy.mil/,0.196529589919659,0.001759512845398
"34","3404","04",Congressional District 4,C2,"118",G5200,N,"1686718459","132586413","+40.0687917","-074.2445565",tl_rd22_34_cd118,Christopher Smith,New Jersey 4th,New Jersey,R,2373 RHOB,(202) 225-3765,foreign_affairs,"0","0","0","0","0","1","0","0","0","0","0","0","0","0","0","0","0","0","0","0","0","0","0","0","0","0","51416",Department of Defense,Joint Base McGuire-Dix-Lakehurst,https://www.af.mil/,0.047578943592311,0.000125895347975
"34","3404","04",Congressional District 4,C2,"118",G5200,N,"1686718459","132586413","+40.0687917","-074.2445565",tl_rd22_34_cd118,Christopher Smith,New Jersey 4th,New Jersey,R,2373 RHOB,(202) 225-3765,foreign_affairs,"0","0","0","0","0","1","0","0","0","0","0","0","0","0","0","0","0","0","0","0","0","0","0","0","0","0","51420",Department of Defense,Joint Base McGuire-Dix-Lakehurst,https://www.af.mil/,0.013674040890653,0.000010627285513
"34","3404","04",Congressional District 4,C2,"118",G5200,N,"1686718459","132586413","+40.0687917","-074.2445565",tl_rd22_34_cd118,Christopher Smith,New Jersey 4th,New Jersey,R,2373 RHOB,(202) 225-3765,foreign_affairs,"0","0","0","0","0","1","0","0","0","0","0","0","0","0","0","0","0","0","0","0","0","0","0","0","0","0","51421",Department of Defense,Joint Base McGuire-Dix-Lakehurst,https://www.af.mil/,0.007039741729713,0.000000842936717
"34","3404","04",Congressional District 4,C2,"118",G5200,N,"1686718459","132586413","+40.0687917","-074.2445565",tl_rd22_34_cd118,Christopher Smith,New Jersey 4th,New Jersey,R,2373 RHOB,(202) 225-3765,foreign_affairs,"0","0","0","0","0","1","0","0","0","0","0","0","0","0","0","0","0","0","0","0","0","0","0","0","0","0","51423",Department of Defense,Joint Base McGuire-Dix-Lakehurst,https://www.af.mil/,0.932875625446322,0.017164889047801
"34","3406","06",Congressional District 6,C2,"118",G5200,N,"496703999","503206109","+40.4845910","-074.3624350",tl_rd22_34_cd118,Frank Pallone,New Jersey 6th,New Jersey,D,2107 RHOB,(202) 225-4671,energy_and_commerce,"0","0","0","0","0","0","0","0","1","0","0","0","0","0","0","0","0","0","0","0","0","0","0","0","0","0","50133",Department of Defense,Fort Monmouth Main Post,https://www.army.mil/,0.145066929772446,0.000274914763746
"34","3406","06",Congressional District 6,C2,"118",G5200,N,"496703999","503206109","+40.4845910","-074.3624350",tl_rd22_34_cd118,Frank Pallone,New Jersey 6th,New Jersey,D,2107 RHOB,(202) 225-4671,energy_and_commerce,"0","0","0","0","0","0","0","0","1","0","0","0","0","0","0","0","0","0","0","0","0","0","0","0","0","0","50944",Department of Defense,Waterfront,https://www.navy.mil/,0.121742506849353,0.000181191812775
"34","3407","07",Congressional District 7,C2,"118",G5200,N,"3490450233","78793237","+40.7356657","-074.8331210",tl_rd22_34_cd118,Thomas Kean,New Jersey 7th,New Jersey,R,251 CHOB,(202) 225-5361,foreign_affairs|transportation_and_infrastructure|science_space_and_technology,"0","0","0","0","0","1","0","0","0","0","0","1","0","0","0","0","0","0","0","0","1","0","0","0","0","0","50343",Department of Defense,Picatinny Arsenal,https://www.army.mil/,0.017082482776002,0.000001209800799
"34","3407","07",Congressional District 7,C2,"118",G5200,N,"3490450233","78793237","+40.7356657","-074.8331210",tl_rd22_34_cd118,Thomas Kean,New Jersey 7th,New Jersey,R,251 CHOB,(202) 225-5361,foreign_affairs|transportation_and_infrastructure|science_space_and_technology,"0","0","0","0","0","1","0","0","0","0","0","1","0","0","0","0","0","0","0","0","1","0","0","0","0","0","50344",Department of Defense,Picatinny Arsenal,https://www.army.mil/,0.354320547528433,0.002844950452061
"34","3411","11",Congressional District 11,C2,"118",G5200,N,"1021574484","46841965","+40.8766250","-074.4189995",tl_rd22_34_cd118,Mikie Sherrill,New Jersey 11th,New Jersey,D,1427 LHOB,(202) 225-5034,armed_services|select_sub_us_china,"0","0","0","1","0","0","0","0","0","0","0","0","0","0","0","0","0","0","0","0","0","0","1","0","0","0","50343",Department of Defense,Picatinny Arsenal,https://www.army.mil/,0.017082482776002,0.000001209800799
"34","3411","11",Congressional District 11,C2,"118",G5200,N,"1021574484","46841965","+40.8766250","-074.4189995",tl_rd22_34_cd118,Mikie Sherrill,New Jersey 11th,New Jersey,D,1427 LHOB,(202) 225-5034,armed_services|select_sub_us_china,"0","0","0","1","0","0","0","0","0","0","0","0","0","0","0","0","0","0","0","0","0","0","1","0","0","0","50344",Department of Defense,Picatinny Arsenal,https://www.army.mil/,0.354320547528433,0.002844950452061
"35","3501","01",Congressional District 1,C2,"118",G5200,N,"45505735277","51375670","+34.2867891","-105.2383164",tl_rd22_35_cd118,Melanie Stansbury,New Mexico 1st,New Mexico,D,1421 LHOB,(202) 225-6316,oversight_and_accountability|natural_resources,"0","0","1","0","1","0","0","0","0","0","0","0","0","0","0","0","0","0","0","0","0","0","0","0","0","0","50475",Department of Defense,White Sands Missile Range,https://www.army.mil/,5.147482584446064,0.888365066255591
"35","3501","01",Congressional District 1,C2,"118",G5200,N,"45505735277","51375670","+34.2867891","-105.2383164",tl_rd22_35_cd118,Melanie Stansbury,New Mexico 1st,New Mexico,D,1421 LHOB,(202) 225-6316,oversight_and_accountability|natural_resources,"0","0","1","0","1","0","0","0","0","0","0","0","0","0","0","0","0","0","0","0","0","0","0","0","0","0","51319",Department of Defense,Kirtland Air Force Base,https://www.af.mil/,0.024415409438986,0.000034604137306
"35","3501","01",Congressional District 1,C2,"118",G5200,N,"45505735277","51375670","+34.2867891","-105.2383164",tl_rd22_35_cd118,Melanie Stansbury,New Mexico 1st,New Mexico,D,1421 LHOB,(202) 225-6316,oversight_and_accountability|natural_resources,"0","0","1","0","1","0","0","0","0","0","0","0","0","0","0","0","0","0","0","0","0","0","0","0","0","0","51320",Department of Defense,Kirtland Air Force Base,https://www.af.mil/,0.882371497857905,0.020034059340380
"35","3502","02",Congressional District 2,C2,"118",G5200,N,"133193763191","329926956","+33.2129511","-107.0033033",tl_rd22_35_cd118,Gabe Vasquez,New Mexico 2nd,New Mexico,D,1517 LHOB,(202) 225-2365,agriculture|armed_services,"0","1","0","1","0","0","0","0","0","0","0","0","0","0","0","0","0","0","0","0","0","0","0","0","0","0","50232",Department of Defense,NG Las Cruces,https://www.nationalguard.mil/,0.034764450389072,0.000036184954645
"35","3502","02",Congressional District 2,C2,"118",G5200,N,"133193763191","329926956","+33.2129511","-107.0033033",tl_rd22_35_cd118,Gabe Vasquez,New Mexico 2nd,New Mexico,D,1517 LHOB,(202) 225-2365,agriculture|armed_services,"0","1","0","1","0","0","0","0","0","0","0","0","0","0","0","0","0","0","0","0","0","0","0","0","0","0","50475",Department of Defense,White Sands Missile Range,https://www.army.mil/,5.147482584446064,0.888365066255591
"35","3502","02",Congressional District 2,C2,"118",G5200,N,"133193763191","329926956","+33.2129511","-107.0033033",tl_rd22_35_cd118,Gabe Vasquez,New Mexico 2nd,New Mexico,D,1517 LHOB,(202) 225-2365,agriculture|armed_services,"0","1","0","1","0","0","0","0","0","0","0","0","0","0","0","0","0","0","0","0","0","0","0","0","0","0","50566",Department of Defense,Holloman Air Force Base,https://www.af.mil/,0.038241245439808,0.000042720267511
"35","3502","02",Congressional District 2,C2,"118",G5200,N,"133193763191","329926956","+33.2129511","-107.0033033",tl_rd22_35_cd118,Gabe Vasquez,New Mexico 2nd,New Mexico,D,1517 LHOB,(202) 225-2365,agriculture|armed_services,"0","1","0","1","0","0","0","0","0","0","0","0","0","0","0","0","0","0","0","0","0","0","0","0","0","0","50567",Department of Defense,Holloman Air Force Base,https://www.af.mil/,0.008067122529891,0.000002367313766
"35","3502","02",Congressional District 2,C2,"118",G5200,N,"133193763191","329926956","+33.2129511","-107.0033033",tl_rd22_35_cd118,Gabe Vasquez,New Mexico 2nd,New Mexico,D,1517 LHOB,(202) 225-2365,agriculture|armed_services,"0","1","0","1","0","0","0","0","0","0","0","0","0","0","0","0","0","0","0","0","0","0","0","0","0","0","50568",Department of Defense,Holloman Air Force Base,https://www.af.mil/,0.800878519856590,0.019820476333540
"35","3502","02",Congressional District 2,C2,"118",G5200,N,"133193763191","329926956","+33.2129511","-107.0033033",tl_rd22_35_cd118,Gabe Vasquez,New Mexico 2nd,New Mexico,D,1517 LHOB,(202) 225-2365,agriculture|armed_services,"0","1","0","1","0","0","0","0","0","0","0","0","0","0","0","0","0","0","0","0","0","0","0","0","0","0","50569",Department of Defense,Holloman Air Force Base,https://www.af.mil/,0.000963924000075,0.000000053621611
"35","3502","02",Congressional District 2,C2,"118",G5200,N,"133193763191","329926956","+33.2129511","-107.0033033",tl_rd22_35_cd118,Gabe Vasquez,New Mexico 2nd,New Mexico,D,1517 LHOB,(202) 225-2365,agriculture|armed_services,"0","1","0","1","0","0","0","0","0","0","0","0","0","0","0","0","0","0","0","0","0","0","0","0","0","0","51320",Department of Defense,Kirtland Air Force Base,https://www.af.mil/,0.882371497857905,0.020034059340380
"35","3502","02",Congressional District 2,C2,"118",G5200,N,"133193763191","329926956","+33.2129511","-107.0033033",tl_rd22_35_cd118,Gabe Vasquez,New Mexico 2nd,New Mexico,D,1517 LHOB,(202) 225-2365,agriculture|armed_services,"0","1","0","1","0","0","0","0","0","0","0","0","0","0","0","0","0","0","0","0","0","0","0","0","0","0","51361",Department of Defense,Fort Bliss,https://www.army.mil/,1.534293838173992,0.114574823185507
"35","3502","02",Congressional District 2,C2,"118",G5200,N,"133193763191","329926956","+33.2129511","-107.0033033",tl_rd22_35_cd118,Gabe Vasquez,New Mexico 2nd,New Mexico,D,1517 LHOB,(202) 225-2365,agriculture|armed_services,"0","1","0","1","0","0","0","0","0","0","0","0","0","0","0","0","0","0","0","0","0","0","0","0","0","0","51362",Department of Defense,Fort Bliss,https://www.army.mil/,3.199901113422164,0.307380935862324
"35","3503","03",Congressional District 3,C2,"118",G5200,N,"135499062467","345179489","+35.6392433","-105.5236390",tl_rd22_35_cd118,Teresa Leger Fernandez,New Mexico 3rd,New Mexico,D,1510 LHOB,(202) 225-6190,education_and_the_workforce|natural_resources|Rules,"0","0","0","0","1","0","0","1","0","0","0","0","0","0","0","0","0","0","0","0","0","0","0","0","1","0","50169",Department of Defense,Fort Wingate Depot Activity,https://www.army.mil/,0.381960920548053,0.005136232678745
"35","3503","03",Congressional District 3,C2,"118",G5200,N,"135499062467","345179489","+35.6392433","-105.5236390",tl_rd22_35_cd118,Teresa Leger Fernandez,New Mexico 3rd,New Mexico,D,1510 LHOB,(202) 225-6190,education_and_the_workforce|natural_resources|Rules,"0","0","0","0","1","0","0","1","0","0","0","0","0","0","0","0","0","0","0","0","0","0","0","0","1","0","50335",Department of Defense,NG Santa Fe - Onate Complex TS,https://www.nationalguard.mil/,0.051277971677954,0.000130173625408
"35","3503","03",Congressional District 3,C2,"118",G5200,N,"135499062467","345179489","+35.6392433","-105.5236390",tl_rd22_35_cd118,Teresa Leger Fernandez,New Mexico 3rd,New Mexico,D,1510 LHOB,(202) 225-6190,education_and_the_workforce|natural_resources|Rules,"0","0","0","0","1","0","0","1","0","0","0","0","0","0","0","0","0","0","0","0","0","0","0","0","1","0","50336",Department of Defense,NG Santa Fe - Onate Complex TS,https://www.nationalguard.mil/,0.008945042874672,0.000003226329277
"35","3503","03",Congressional District 3,C2,"118",G5200,N,"135499062467","345179489","+35.6392433","-105.5236390",tl_rd22_35_cd118,Teresa Leger Fernandez,New Mexico 3rd,New Mexico,D,1510 LHOB,(202) 225-6190,education_and_the_workforce|natural_resources|Rules,"0","0","0","0","1","0","0","1","0","0","0","0","0","0","0","0","0","0","0","0","0","0","0","0","1","0","50365",Department of Defense,NG Rio Rancho TS,https://www.nationalguard.mil/,0.029308239672723,0.000047882215642
"35","3503","03",Congressional District 3,C2,"118",G5200,N,"135499062467","345179489","+35.6392433","-105.5236390",tl_rd22_35_cd118,Teresa Leger Fernandez,New Mexico 3rd,New Mexico,D,1510 LHOB,(202) 225-6190,education_and_the_workforce|natural_resources|Rules,"0","0","0","0","1","0","0","1","0","0","0","0","0","0","0","0","0","0","0","0","0","0","0","0","1","0","50631",Department of Defense,Cannon AFB Site 2,https://www.af.mil/,0.048695752598717,0.000112131640156
"35","3503","03",Congressional District 3,C2,"118",G5200,N,"135499062467","345179489","+35.6392433","-105.5236390",tl_rd22_35_cd118,Teresa Leger Fernandez,New Mexico 3rd,New Mexico,D,1510 LHOB,(202) 225-6190,education_and_the_workforce|natural_resources|Rules,"0","0","0","0","1","0","0","1","0","0","0","0","0","0","0","0","0","0","0","0","0","0","0","0","1","0","50632",Department of Defense,Melrose Air Force Range,https://www.af.mil/,0.805559758674432,0.023248641665436
"35","3503","03",Congressional District 3,C2,"118",G5200,N,"135499062467","345179489","+35.6392433","-105.5236390",tl_rd22_35_cd118,Teresa Leger Fernandez,New Mexico 3rd,New Mexico,D,1510 LHOB,(202) 225-6190,education_and_the_workforce|natural_resources|Rules,"0","0","0","0","1","0","0","1","0","0","0","0","0","0","0","0","0","0","0","0","0","0","0","0","1","0","50634",Department of Defense,Cannon AFB,https://www.af.mil/,0.161160899104767,0.001370013537011
"36","3621","21",Congressional District 21,C2,"118",G5200,N,"42475647906","1904923105","+43.8364910","-074.4714615",tl_rd22_36_cd118,Elise Stefanik,New York 21st,New York,R,2211 RHOB,(202) 225-4611,armed_services|education_and_the_workforce|select_subcommittee_on_the_weaponization_of_the_fed_govt|Intelligence,"0","0","0","1","0","0","0","1","0","0","0","0","0","0","0","1","0","0","1","0","0","0","0","0","0","0","50089",Department of Defense,Fort Drum,https://www.army.mil/,1.504155348887256,0.049550386561011
"36","3601","01",Congressional District 1,C2,"118",G5200,N,"1640298311","3105584264","+40.9981583","-072.5695018",tl_rd22_36_cd118,Nick LaLota,New York 1st,New York,R,1530 LHOB,(202) 225-3826,armed_services|homeland_security|small_business,"0","0","0","1","0","0","1","0","0","0","0","0","1","0","0","0","0","0","0","0","0","0","0","0","0","0","50792",Department of Defense,Francis S Gabreski Airport,https://www.ang.af.mil/,0.006708750911899,0.000002363794293
"36","3601","01",Congressional District 1,C2,"118",G5200,N,"1640298311","3105584264","+40.9981583","-072.5695018",tl_rd22_36_cd118,Nick LaLota,New York 1st,New York,R,1530 LHOB,(202) 225-3826,armed_services|homeland_security|small_business,"0","0","0","1","0","0","1","0","0","0","0","0","1","0","0","0","0","0","0","0","0","0","0","0","0","0","50793",Department of Defense,Francis S Gabreski Airport,https://www.ang.af.mil/,0.017429813939239,0.000000074088428
"36","3601","01",Congressional District 1,C2,"118",G5200,N,"1640298311","3105584264","+40.9981583","-072.5695018",tl_rd22_36_cd118,Nick LaLota,New York 1st,New York,R,1530 LHOB,(202) 225-3826,armed_services|homeland_security|small_business,"0","0","0","1","0","0","1","0","0","0","0","0","1","0","0","0","0","0","0","0","0","0","0","0","0","0","50794",Department of Defense,Francis S Gabreski Airport,https://www.ang.af.mil/,0.003166470714653,0.000000371445735
"36","3601","01",Congressional District 1,C2,"118",G5200,N,"1640298311","3105584264","+40.9981583","-072.5695018",tl_rd22_36_cd118,Nick LaLota,New York 1st,New York,R,1530 LHOB,(202) 225-3826,armed_services|homeland_security|small_business,"0","0","0","1","0","0","1","0","0","0","0","0","1","0","0","0","0","0","0","0","0","0","0","0","0","0","50795",Department of Defense,Francis S Gabreski Airport,https://www.ang.af.mil/,0.026723340956330,0.000035862705268
"36","3601","01",Congressional District 1,C2,"118",G5200,N,"1640298311","3105584264","+40.9981583","-072.5695018",tl_rd22_36_cd118,Nick LaLota,New York 1st,New York,R,1530 LHOB,(202) 225-3826,armed_services|homeland_security|small_business,"0","0","0","1","0","0","1","0","0","0","0","0","1","0","0","0","0","0","0","0","0","0","0","0","0","0","50796",Department of Defense,Francis S Gabreski Airport,https://www.ang.af.mil/,0.012315711724503,0.000000067760433
"36","3601","01",Congressional District 1,C2,"118",G5200,N,"1640298311","3105584264","+40.9981583","-072.5695018",tl_rd22_36_cd118,Nick LaLota,New York 1st,New York,R,1530 LHOB,(202) 225-3826,armed_services|homeland_security|small_business,"0","0","0","1","0","0","1","0","0","0","0","0","1","0","0","0","0","0","0","0","0","0","0","0","0","0","50797",Department of Defense,Francis S Gabreski Airport,https://www.ang.af.mil/,0.009419713455942,0.000000039739981
"36","3608","08",Congressional District 8,C2,"118",G5200,N,"68647619","47278107","+40.6112503","-073.9170851",tl_rd22_36_cd118,Hakeem Jeffries,New York 8th,New York,D,2433 RHOB,(202) 225-5936,"0","0","0","0","0","0","0","0","0","0","0","0","0","0","0","0","0","0","0","0","0","0","0","0","0","0",,"50820",Department of Defense,Brooklyn NY,https://www.marforres.marines.mil/,0.051559651730053,0.000040673612356
"36","3611","11",Congressional District 11,C2,"118",G5200,N,"166353200","130066035","+40.5669743","-074.1263136",tl_rd22_36_cd118,Nicole Malliotakis,New York 11th,New York,R,351 CHOB,(202) 225-3371,select_subcommittee_on_the_coronavirus_pandemic|ways_and_means,"0","0","0","0","0","0","0","0","0","1","0","0","0","0","0","0","0","0","0","1","0","0","0","0","0","0","50093",Department of Defense,Fort Hamilton,https://www.army.mil/,0.042574879551092,0.000051648910882
"36","3617","17",Congressional District 17,C2,"118",G5200,N,"2135175405","207284704","+41.3086976","-073.8034657",tl_rd22_36_cd118,Michael Lawler,New York 17th,New York,R,1013 LHOB,(202) 225-6506,financial_services|foreign_affairs,"0","0","0","0","0","1","0","0","0","0","1","0","0","0","0","0","0","0","0","0","0","0","0","0","0","0","50016",Department of Defense,NG Camp Smith Tng Site,https://www.nationalguard.mil/,0.144207648317630,0.000684515007630
"36","3618","18",Congressional District 18,C2,"118",G5200,N,"5135209681","176232757","+41.6311261","-074.0785750",tl_rd22_36_cd118,Patrick Ryan,New York 18th,New York,D,1030 LHOB,(202) 225-5614,armed_services|transportation_and_infrastructure,"0","0","0","1","0","0","0","0","0","0","0","1","0","0","0","0","0","0","0","0","0","0","0","0","0","0","49948",Department of Defense,Stewart Annex,https://www.army.mil/,0.009888394500068,0.000004403172858
"36","3618","18",Congressional District 18,C2,"118",G5200,N,"5135209681","176232757","+41.6311261","-074.0785750",tl_rd22_36_cd118,Patrick Ryan,New York 18th,New York,D,1030 LHOB,(202) 225-5614,armed_services|transportation_and_infrastructure,"0","0","0","1","0","0","0","0","0","0","0","1","0","0","0","0","0","0","0","0","0","0","0","0","0","0","50469",Department of Defense,West Point Military Reservation,https://www.army.mil/,0.639573121975073,0.006905534777388
"36","3618","18",Congressional District 18,C2,"118",G5200,N,"5135209681","176232757","+41.6311261","-074.0785750",tl_rd22_36_cd118,Patrick Ryan,New York 18th,New York,D,1030 LHOB,(202) 225-5614,armed_services|transportation_and_infrastructure,"0","0","0","1","0","0","0","0","0","0","0","1","0","0","0","0","0","0","0","0","0","0","0","0","0","0","50774",Department of Defense,Stewart IAP,https://www.ang.af.mil/,0.048788015901922,0.000113255879431
"36","3620","20",Congressional District 20,C2,"118",G5200,N,"4041298795","130198309","+42.8956279","-073.9220297",tl_rd22_36_cd118,Paul Tonko,New York 20th,New York,D,2369 RHOB,(202) 225-5076,energy_and_commerce|science_space_and_technology,"0","0","0","0","0","0","0","0","1","0","0","0","0","0","0","0","0","0","0","0","1","0","0","0","0","0","50466",Department of Defense,Watervliet Arsenal,https://www.army.mil/,0.035400465674827,0.000051197602100
"36","3620","20",Congressional District 20,C2,"118",G5200,N,"4041298795","130198309","+42.8956279","-073.9220297",tl_rd22_36_cd118,Paul Tonko,New York 20th,New York,D,2369 RHOB,(202) 225-5076,energy_and_commerce|science_space_and_technology,"0","0","0","0","0","0","0","0","1","0","0","0","0","0","0","0","0","0","0","0","1","0","0","0","0","0","50467",Department of Defense,Watervliet Arsenal,https://www.army.mil/,0.012572762836510,0.000007792986412
"36","3620","20",Congressional District 20,C2,"118",G5200,N,"4041298795","130198309","+42.8956279","-073.9220297",tl_rd22_36_cd118,Paul Tonko,New York 20th,New York,D,2369 RHOB,(202) 225-5076,energy_and_commerce|science_space_and_technology,"0","0","0","0","0","0","0","0","1","0","0","0","0","0","0","0","0","0","0","0","1","0","0","0","0","0","50777",Department of Defense,Schenectady ANG MAP,https://www.ang.af.mil/,0.010427239092355,0.000005700151727
"36","3620","20",Congressional District 20,C2,"118",G5200,N,"4041298795","130198309","+42.8956279","-073.9220297",tl_rd22_36_cd118,Paul Tonko,New York 20th,New York,D,2369 RHOB,(202) 225-5076,energy_and_commerce|science_space_and_technology,"0","0","0","0","0","0","0","0","1","0","0","0","0","0","0","0","0","0","0","0","1","0","0","0","0","0","50778",Department of Defense,Schenectady ANG MAP,https://www.ang.af.mil/,0.032080867729622,0.000050503399108
"36","3620","20",Congressional District 20,C2,"118",G5200,N,"4041298795","130198309","+42.8956279","-073.9220297",tl_rd22_36_cd118,Paul Tonko,New York 20th,New York,D,2369 RHOB,(202) 225-5076,energy_and_commerce|science_space_and_technology,"0","0","0","0","0","0","0","0","1","0","0","0","0","0","0","0","0","0","0","0","1","0","0","0","0","0","50939",Department of Defense,NSA Saratoga Springs NY,https://www.navy.mil/,0.015234105477501,0.000010063090293
"36","3622","22",Congressional District 22,C2,"118",G5200,N,"6853174327","314221591","+43.0892420","-075.7226198",tl_rd22_36_cd118,Brandon Williams,New York 22nd,New York,R,1022 LHOB,(202) 225-3701,education_and_the_workforce|transportation_and_infrastructure|science_space_and_technology,"0","0","0","0","0","0","0","1","0","0","0","1","0","0","0","0","0","0","0","0","1","0","0","0","0","0","50726",Department of Defense,Hancock Field,https://www.ang.af.mil/,0.071032396967062,0.000120846069219
"36","3622","22",Congressional District 22,C2,"118",G5200,N,"6853174327","314221591","+43.0892420","-075.7226198",tl_rd22_36_cd118,Brandon Williams,New York 22nd,New York,R,1022 LHOB,(202) 225-3701,education_and_the_workforce|transportation_and_infrastructure|science_space_and_technology,"0","0","0","0","0","0","0","1","0","0","0","1","0","0","0","0","0","0","0","0","1","0","0","0","0","0","50727",Department of Defense,Hancock Field,https://www.ang.af.mil/,0.033774517568341,0.000038667529836
"36","3622","22",Congressional District 22,C2,"118",G5200,N,"6853174327","314221591","+43.0892420","-075.7226198",tl_rd22_36_cd118,Brandon Williams,New York 22nd,New York,R,1022 LHOB,(202) 225-3701,education_and_the_workforce|transportation_and_infrastructure|science_space_and_technology,"0","0","0","0","0","0","0","1","0","0","0","1","0","0","0","0","0","0","0","0","1","0","0","0","0","0","50821",Department of Defense,Syracuse MCRC,https://www.marforres.marines.mil/,0.037412862998871,0.000066597684112
"36","3622","22",Congressional District 22,C2,"118",G5200,N,"6853174327","314221591","+43.0892420","-075.7226198",tl_rd22_36_cd118,Brandon Williams,New York 22nd,New York,R,1022 LHOB,(202) 225-3701,education_and_the_workforce|transportation_and_infrastructure|science_space_and_technology,"0","0","0","0","0","0","0","1","0","0","0","1","0","0","0","0","0","0","0","0","1","0","0","0","0","0","50822",Department of Defense,Syracuse MCRC,https://www.marforres.marines.mil/,0.031863273471295,0.000047768130420
"36","3622","22",Congressional District 22,C2,"118",G5200,N,"6853174327","314221591","+43.0892420","-075.7226198",tl_rd22_36_cd118,Brandon Williams,New York 22nd,New York,R,1022 LHOB,(202) 225-3701,education_and_the_workforce|transportation_and_infrastructure|science_space_and_technology,"0","0","0","0","0","0","0","1","0","0","0","1","0","0","0","0","0","0","0","0","1","0","0","0","0","0","51272",Department of Defense,Rome Research Laboratory,https://www.af.mil/,0.031594357108690,0.000044263006646
"36","3622","22",Congressional District 22,C2,"118",G5200,N,"6853174327","314221591","+43.0892420","-075.7226198",tl_rd22_36_cd118,Brandon Williams,New York 22nd,New York,R,1022 LHOB,(202) 225-3701,education_and_the_workforce|transportation_and_infrastructure|science_space_and_technology,"0","0","0","0","0","0","0","1","0","0","0","1","0","0","0","0","0","0","0","0","1","0","0","0","0","0","51273",Department of Defense,Rome Research Laboratory,https://www.af.mil/,0.007066857946558,0.000002491709010
"36","3622","22",Congressional District 22,C2,"118",G5200,N,"6853174327","314221591","+43.0892420","-075.7226198",tl_rd22_36_cd118,Brandon Williams,New York 22nd,New York,R,1022 LHOB,(202) 225-3701,education_and_the_workforce|transportation_and_infrastructure|science_space_and_technology,"0","0","0","0","0","0","0","1","0","0","0","1","0","0","0","0","0","0","0","0","1","0","0","0","0","0","51281",Department of Defense,Verona Defense Fuel Support Point,https://www.af.mil/,0.010027129944462,0.000005844900507
"36","3624","24",Congressional District 24,C2,"118",G5200,N,"17012367271","6676570717","+43.2310052","-077.1393898",tl_rd22_36_cd118,Claudia Tenney,New York 24th,New York,R,2349 RHOB,(202) 225-3665,science_space_and_technology|ways_and_means,"0","0","0","0","0","0","0","0","0","1","0","0","0","0","0","0","0","0","0","0","1","0","0","0","0","0","50089",Department of Defense,Fort Drum,https://www.army.mil/,1.504155348887256,0.049550386561011
"36","3626","26",Congressional District 26,C2,"118",G5200,N,"1149669165","89800864","+43.0950129","-078.8593916",tl_rd22_36_cd118,Brian Higgins,New York 26th,New York,D,2269 RHOB,(202) 225-3306,budget|ways_and_means,"0","0","0","0","0","0","0","0","0","1","0","0","0","0","1","0","0","0","0","0","0","0","0","0","0","0","50329",Department of Defense,NG Youngstown Tng Site,https://www.nationalguard.mil/,0.085599565106477,0.000384845572794
"36","3626","26",Congressional District 26,C2,"118",G5200,N,"1149669165","89800864","+43.0950129","-078.8593916",tl_rd22_36_cd118,Brian Higgins,New York 26th,New York,D,2269 RHOB,(202) 225-3306,budget|ways_and_means,"0","0","0","0","0","0","0","0","0","1","0","0","0","0","1","0","0","0","0","0","0","0","0","0","0","0","50625",Department of Defense,Niagara Falls,https://www.afrc.af.mil/,0.002144067009275,0.000000287088397
"36","3626","26",Congressional District 26,C2,"118",G5200,N,"1149669165","89800864","+43.0950129","-078.8593916",tl_rd22_36_cd118,Brian Higgins,New York 26th,New York,D,2269 RHOB,(202) 225-3306,budget|ways_and_means,"0","0","0","0","0","0","0","0","0","1","0","0","0","0","1","0","0","0","0","0","0","0","0","0","0","0","50626",Department of Defense,Niagara Falls,https://www.afrc.af.mil/,0.127381887899592,0.000282198681396
"37","3702","02",Congressional District 2,C2,"118",G5200,N,"1277986585","36259602","+35.8746835","-078.5960400",tl_rd22_37_cd118,Deborah Ross,North Carolina 2nd,North Carolina,D,1221 LHOB,(202) 225-3032,judiciary|ethics|science_space_and_technology|select_subcommittee_on_the_coronavirus_pandemic,"0","0","0","0","0","0","0","0","0","0","0","0","0","1","0","0","0","0","0","1","1","0","0","1","0","0","50353",Department of Defense,NG Raleigh,https://www.nationalguard.mil/,0.010746841845335,0.000004849261562
"37","3702","02",Congressional District 2,C2,"118",G5200,N,"1277986585","36259602","+35.8746835","-078.5960400",tl_rd22_37_cd118,Deborah Ross,North Carolina 2nd,North Carolina,D,1221 LHOB,(202) 225-3032,judiciary|ethics|science_space_and_technology|select_subcommittee_on_the_coronavirus_pandemic,"0","0","0","0","0","0","0","0","0","0","0","0","0","1","0","0","0","0","0","1","1","0","0","1","0","0","50354",Department of Defense,NG Raleigh,https://www.nationalguard.mil/,0.023300555953841,0.000027753101763
"37","3703","03",Congressional District 3,C2,"118",G5200,N,"19869963826","9689791356","+35.2752592","-076.8299629",tl_rd22_37_cd118,Gregory Murphy,North Carolina 3rd,North Carolina,R,407 CHOB,(202) 225-3415,house_administration|veterans_affairs|ways_and_means,"0","0","0","0","0","0","0","0","0","1","0","0","0","0","0","0","0","1","0","0","0","1","0","0","0","0","50519",Department of Defense,Seymour Johnson Air Force Base,https://www.af.mil/,0.217985946231382,0.001296754664411
"37","3703","03",Congressional District 3,C2,"118",G5200,N,"19869963826","9689791356","+35.2752592","-076.8299629",tl_rd22_37_cd118,Gregory Murphy,North Carolina 3rd,North Carolina,R,407 CHOB,(202) 225-3415,house_administration|veterans_affairs|ways_and_means,"0","0","0","0","0","0","0","0","0","1","0","0","0","0","0","0","0","1","0","0","0","1","0","0","0","0","50520",Department of Defense,Dare County Range,https://www.af.mil/,0.643543700987813,0.018794696557579
"37","3703","03",Congressional District 3,C2,"118",G5200,N,"19869963826","9689791356","+35.2752592","-076.8299629",tl_rd22_37_cd118,Gregory Murphy,North Carolina 3rd,North Carolina,R,407 CHOB,(202) 225-3415,house_administration|veterans_affairs|ways_and_means,"0","0","0","0","0","0","0","0","0","1","0","0","0","0","0","0","0","1","0","0","0","1","0","0","0","0","50853",Department of Defense,Point of Marsh Target,https://www.marines.mil/,0.801975942638557,0.004716672414744
"37","3703","03",Congressional District 3,C2,"118",G5200,N,"19869963826","9689791356","+35.2752592","-076.8299629",tl_rd22_37_cd118,Gregory Murphy,North Carolina 3rd,North Carolina,R,407 CHOB,(202) 225-3415,house_administration|veterans_affairs|ways_and_means,"0","0","0","0","0","0","0","0","0","1","0","0","0","0","0","0","0","1","0","0","0","1","0","0","0","0","50854",Department of Defense,Point of Marsh Target,https://www.marines.mil/,0.034611387901364,0.000045160611071
"37","3703","03",Congressional District 3,C2,"118",G5200,N,"19869963826","9689791356","+35.2752592","-076.8299629",tl_rd22_37_cd118,Gregory Murphy,North Carolina 3rd,North Carolina,R,407 CHOB,(202) 225-3415,house_administration|veterans_affairs|ways_and_means,"0","0","0","0","0","0","0","0","0","1","0","0","0","0","0","0","0","1","0","0","0","1","0","0","0","0","50855",Department of Defense,ALF Bogue,https://www.marines.mil/,0.138264254767607,0.000359634363746
"37","3703","03",Congressional District 3,C2,"118",G5200,N,"19869963826","9689791356","+35.2752592","-076.8299629",tl_rd22_37_cd118,Gregory Murphy,North Carolina 3rd,North Carolina,R,407 CHOB,(202) 225-3415,house_administration|veterans_affairs|ways_and_means,"0","0","0","0","0","0","0","0","0","1","0","0","0","0","0","0","0","1","0","0","0","1","0","0","0","0","50856",Department of Defense,OLF Atlantic,https://www.marines.mil/,0.132728356357957,0.000586621436552
"37","3703","03",Congressional District 3,C2,"118",G5200,N,"19869963826","9689791356","+35.2752592","-076.8299629",tl_rd22_37_cd118,Gregory Murphy,North Carolina 3rd,North Carolina,R,407 CHOB,(202) 225-3415,house_administration|veterans_affairs|ways_and_means,"0","0","0","0","0","0","0","0","0","1","0","0","0","0","0","0","0","1","0","0","0","1","0","0","0","0","50857",Department of Defense,Oak Grove,https://www.marines.mil/,0.107188833645042,0.000379796151786
"37","3703","03",Congressional District 3,C2,"118",G5200,N,"19869963826","9689791356","+35.2752592","-076.8299629",tl_rd22_37_cd118,Gregory Murphy,North Carolina 3rd,North Carolina,R,407 CHOB,(202) 225-3415,house_administration|veterans_affairs|ways_and_means,"0","0","0","0","0","0","0","0","0","1","0","0","0","0","0","0","0","1","0","0","0","1","0","0","0","0","50858",Department of Defense,Marine Corps Air Station Cherry Point,https://www.marines.mil/,0.186135201222200,0.000712580968209
"37","3703","03",Congressional District 3,C2,"118",G5200,N,"19869963826","9689791356","+35.2752592","-076.8299629",tl_rd22_37_cd118,Gregory Murphy,North Carolina 3rd,North Carolina,R,407 CHOB,(202) 225-3415,house_administration|veterans_affairs|ways_and_means,"0","0","0","0","0","0","0","0","0","1","0","0","0","0","0","0","0","1","0","0","0","1","0","0","0","0","50859",Department of Defense,Marine Corps Air Station Cherry Point,https://www.marines.mil/,0.715987591043822,0.003822502753065
"37","3703","03",Congressional District 3,C2,"118",G5200,N,"19869963826","9689791356","+35.2752592","-076.8299629",tl_rd22_37_cd118,Gregory Murphy,North Carolina 3rd,North Carolina,R,407 CHOB,(202) 225-3415,house_administration|veterans_affairs|ways_and_means,"0","0","0","0","0","0","0","0","0","1","0","0","0","0","0","0","0","1","0","0","0","1","0","0","0","0","50938",Department of Defense,Northwest Chesapeake VA,https://www.navy.mil/,0.177270393751807,0.001493833872636
"37","3703","03",Congressional District 3,C2,"118",G5200,N,"19869963826","9689791356","+35.2752592","-076.8299629",tl_rd22_37_cd118,Gregory Murphy,North Carolina 3rd,North Carolina,R,407 CHOB,(202) 225-3415,house_administration|veterans_affairs|ways_and_means,"0","0","0","0","0","0","0","0","0","1","0","0","0","0","0","0","0","1","0","0","0","1","0","0","0","0","51398",Department of Defense,Marine Corps Base Camp Lejeune,https://www.marines.mil/,0.026051484832497,0.000018706455513
"37","3703","03",Congressional District 3,C2,"118",G5200,N,"19869963826","9689791356","+35.2752592","-076.8299629",tl_rd22_37_cd118,Gregory Murphy,North Carolina 3rd,North Carolina,R,407 CHOB,(202) 225-3415,house_administration|veterans_affairs|ways_and_means,"0","0","0","0","0","0","0","0","0","1","0","0","0","0","0","0","0","1","0","0","0","1","0","0","0","0","51399",Department of Defense,Marine Corps Base Camp Lejeune,https://www.marines.mil/,0.031164096024553,0.000020003784009
"37","3703","03",Congressional District 3,C2,"118",G5200,N,"19869963826","9689791356","+35.2752592","-076.8299629",tl_rd22_37_cd118,Gregory Murphy,North Carolina 3rd,North Carolina,R,407 CHOB,(202) 225-3415,house_administration|veterans_affairs|ways_and_means,"0","0","0","0","0","0","0","0","0","1","0","0","0","0","0","0","0","1","0","0","0","1","0","0","0","0","51400",Department of Defense,Marine Corps Base Camp Lejeune,https://www.marines.mil/,0.081874427143215,0.000166398415827
"37","3703","03",Congressional District 3,C2,"118",G5200,N,"19869963826","9689791356","+35.2752592","-076.8299629",tl_rd22_37_cd118,Gregory Murphy,North Carolina 3rd,North Carolina,R,407 CHOB,(202) 225-3415,house_administration|veterans_affairs|ways_and_means,"0","0","0","0","0","0","0","0","0","1","0","0","0","0","0","0","0","1","0","0","0","1","0","0","0","0","51401",Department of Defense,Marine Corps Base Camp Lejeune,https://www.marines.mil/,0.284031117329850,0.000448360291719
"37","3703","03",Congressional District 3,C2,"118",G5200,N,"19869963826","9689791356","+35.2752592","-076.8299629",tl_rd22_37_cd118,Gregory Murphy,North Carolina 3rd,North Carolina,R,407 CHOB,(202) 225-3415,house_administration|veterans_affairs|ways_and_means,"0","0","0","0","0","0","0","0","0","1","0","0","0","0","0","0","0","1","0","0","0","1","0","0","0","0","51402",Department of Defense,Marine Corps Base Camp Lejeune,https://www.marines.mil/,0.055424252792983,0.000051218238807
"37","3703","03",Congressional District 3,C2,"118",G5200,N,"19869963826","9689791356","+35.2752592","-076.8299629",tl_rd22_37_cd118,Gregory Murphy,North Carolina 3rd,North Carolina,R,407 CHOB,(202) 225-3415,house_administration|veterans_affairs|ways_and_means,"0","0","0","0","0","0","0","0","0","1","0","0","0","0","0","0","0","1","0","0","0","1","0","0","0","0","51403",Department of Defense,Marine Corps Base Camp Lejeune,https://www.marines.mil/,0.011255206184307,0.000002556940606
"37","3703","03",Congressional District 3,C2,"118",G5200,N,"19869963826","9689791356","+35.2752592","-076.8299629",tl_rd22_37_cd118,Gregory Murphy,North Carolina 3rd,North Carolina,R,407 CHOB,(202) 225-3415,house_administration|veterans_affairs|ways_and_means,"0","0","0","0","0","0","0","0","0","1","0","0","0","0","0","0","0","1","0","0","0","1","0","0","0","0","51404",Department of Defense,Marine Corps Base Camp Lejeune,https://www.marines.mil/,0.008421091134838,0.000003078848619
"37","3703","03",Congressional District 3,C2,"118",G5200,N,"19869963826","9689791356","+35.2752592","-076.8299629",tl_rd22_37_cd118,Gregory Murphy,North Carolina 3rd,North Carolina,R,407 CHOB,(202) 225-3415,house_administration|veterans_affairs|ways_and_means,"0","0","0","0","0","0","0","0","0","1","0","0","0","0","0","0","0","1","0","0","0","1","0","0","0","0","51405",Department of Defense,Marine Corps Base Camp Lejeune,https://www.marines.mil/,0.039906093209334,0.000051595507372
"37","3703","03",Congressional District 3,C2,"118",G5200,N,"19869963826","9689791356","+35.2752592","-076.8299629",tl_rd22_37_cd118,Gregory Murphy,North Carolina 3rd,North Carolina,R,407 CHOB,(202) 225-3415,house_administration|veterans_affairs|ways_and_means,"0","0","0","0","0","0","0","0","0","1","0","0","0","0","0","0","0","1","0","0","0","1","0","0","0","0","51406",Department of Defense,Marine Corps Base Camp Lejeune,https://www.marines.mil/,0.003076925770846,0.000000537477826
"37","3703","03",Congressional District 3,C2,"118",G5200,N,"19869963826","9689791356","+35.2752592","-076.8299629",tl_rd22_37_cd118,Gregory Murphy,North Carolina 3rd,North Carolina,R,407 CHOB,(202) 225-3415,house_administration|veterans_affairs|ways_and_means,"0","0","0","0","0","0","0","0","0","1","0","0","0","0","0","0","0","1","0","0","0","1","0","0","0","0","51407",Department of Defense,Marine Corps Base Camp Lejeune,https://www.marines.mil/,0.016971173609959,0.000007169411258
"37","3703","03",Congressional District 3,C2,"118",G5200,N,"19869963826","9689791356","+35.2752592","-076.8299629",tl_rd22_37_cd118,Gregory Murphy,North Carolina 3rd,North Carolina,R,407 CHOB,(202) 225-3415,house_administration|veterans_affairs|ways_and_means,"0","0","0","0","0","0","0","0","0","1","0","0","0","0","0","0","0","1","0","0","0","1","0","0","0","0","51408",Department of Defense,Marine Corps Base Camp Lejeune,https://www.marines.mil/,0.206954718110851,0.000344666386222
"37","3703","03",Congressional District 3,C2,"118",G5200,N,"19869963826","9689791356","+35.2752592","-076.8299629",tl_rd22_37_cd118,Gregory Murphy,North Carolina 3rd,North Carolina,R,407 CHOB,(202) 225-3415,house_administration|veterans_affairs|ways_and_means,"0","0","0","0","0","0","0","0","0","1","0","0","0","0","0","0","0","1","0","0","0","1","0","0","0","0","51409",Department of Defense,Marine Corps Base Camp Lejeune,https://www.marines.mil/,0.041505115875045,0.000048189215943
"37","3703","03",Congressional District 3,C2,"118",G5200,N,"19869963826","9689791356","+35.2752592","-076.8299629",tl_rd22_37_cd118,Gregory Murphy,North Carolina 3rd,North Carolina,R,407 CHOB,(202) 225-3415,house_administration|veterans_affairs|ways_and_means,"0","0","0","0","0","0","0","0","0","1","0","0","0","0","0","0","0","1","0","0","0","1","0","0","0","0","51410",Department of Defense,Marine Corps Base Camp Lejeune,https://www.marines.mil/,0.060824192783248,0.000123998592801
"37","3703","03",Congressional District 3,C2,"118",G5200,N,"19869963826","9689791356","+35.2752592","-076.8299629",tl_rd22_37_cd118,Gregory Murphy,North Carolina 3rd,North Carolina,R,407 CHOB,(202) 225-3415,house_administration|veterans_affairs|ways_and_means,"0","0","0","0","0","0","0","0","0","1","0","0","0","0","0","0","0","1","0","0","0","1","0","0","0","0","51411",Department of Defense,Marine Corps Base Camp Lejeune,https://www.marines.mil/,0.009864234121117,0.000003853831131
"37","3703","03",Congressional District 3,C2,"118",G5200,N,"19869963826","9689791356","+35.2752592","-076.8299629",tl_rd22_37_cd118,Gregory Murphy,North Carolina 3rd,North Carolina,R,407 CHOB,(202) 225-3415,house_administration|veterans_affairs|ways_and_means,"0","0","0","0","0","0","0","0","0","1","0","0","0","0","0","0","0","1","0","0","0","1","0","0","0","0","51412",Department of Defense,Marine Corps Base Camp Lejeune,https://www.marines.mil/,0.596221850474018,0.016358718567243
"37","3703","03",Congressional District 3,C2,"118",G5200,N,"19869963826","9689791356","+35.2752592","-076.8299629",tl_rd22_37_cd118,Gregory Murphy,North Carolina 3rd,North Carolina,R,407 CHOB,(202) 225-3415,house_administration|veterans_affairs|ways_and_means,"0","0","0","0","0","0","0","0","0","1","0","0","0","0","0","0","0","1","0","0","0","1","0","0","0","0","51413",Department of Defense,Marine Corps Base Camp Lejeune,https://www.marines.mil/,1.721406992677219,0.020016315750664
"37","3703","03",Congressional District 3,C2,"118",G5200,N,"19869963826","9689791356","+35.2752592","-076.8299629",tl_rd22_37_cd118,Gregory Murphy,North Carolina 3rd,North Carolina,R,407 CHOB,(202) 225-3415,house_administration|veterans_affairs|ways_and_means,"0","0","0","0","0","0","0","0","0","1","0","0","0","0","0","0","0","1","0","0","0","1","0","0","0","0","51414",Department of Defense,Marine Corps Base Camp Lejeune,https://www.marines.mil/,0.003365493713077,0.000000752148110
"37","3703","03",Congressional District 3,C2,"118",G5200,N,"19869963826","9689791356","+35.2752592","-076.8299629",tl_rd22_37_cd118,Gregory Murphy,North Carolina 3rd,North Carolina,R,407 CHOB,(202) 225-3415,house_administration|veterans_affairs|ways_and_means,"0","0","0","0","0","0","0","0","0","1","0","0","0","0","0","0","0","1","0","0","0","1","0","0","0","0","51415",Department of Defense,Marine Corps Base Camp Lejeune,https://www.marines.mil/,0.308220021529259,0.001115359289771
"37","3703","03",Congressional District 3,C2,"118",G5200,N,"19869963826","9689791356","+35.2752592","-076.8299629",tl_rd22_37_cd118,Gregory Murphy,North Carolina 3rd,North Carolina,R,407 CHOB,(202) 225-3415,house_administration|veterans_affairs|ways_and_means,"0","0","0","0","0","0","0","0","0","1","0","0","0","0","0","0","0","1","0","0","0","1","0","0","0","0","51512",Department of Defense,Marine Corps Base Camp Lejeune,https://www.marines.mil/,0.029814959558152,0.000050922703232
"37","3703","03",Congressional District 3,C2,"118",G5200,N,"19869963826","9689791356","+35.2752592","-076.8299629",tl_rd22_37_cd118,Gregory Murphy,North Carolina 3rd,North Carolina,R,407 CHOB,(202) 225-3415,house_administration|veterans_affairs|ways_and_means,"0","0","0","0","0","0","0","0","0","1","0","0","0","0","0","0","0","1","0","0","0","1","0","0","0","0","51513",Department of Defense,Marine Corps Base Camp Lejeune,https://www.marines.mil/,0.003655614930834,0.000000821228794
"37","3703","03",Congressional District 3,C2,"118",G5200,N,"19869963826","9689791356","+35.2752592","-076.8299629",tl_rd22_37_cd118,Gregory Murphy,North Carolina 3rd,North Carolina,R,407 CHOB,(202) 225-3415,house_administration|veterans_affairs|ways_and_means,"0","0","0","0","0","0","0","0","0","1","0","0","0","0","0","0","0","1","0","0","0","1","0","0","0","0","51514",Department of Defense,Marine Corps Base Camp Lejeune,https://www.marines.mil/,0.003102738844415,0.000000339746113
"37","3703","03",Congressional District 3,C2,"118",G5200,N,"19869963826","9689791356","+35.2752592","-076.8299629",tl_rd22_37_cd118,Gregory Murphy,North Carolina 3rd,North Carolina,R,407 CHOB,(202) 225-3415,house_administration|veterans_affairs|ways_and_means,"0","0","0","0","0","0","0","0","0","1","0","0","0","0","0","0","0","1","0","0","0","1","0","0","0","0","51515",Department of Defense,Marine Corps Base Camp Lejeune,https://www.marines.mil/,0.007374862175267,0.000000594920226
"37","3703","03",Congressional District 3,C2,"118",G5200,N,"19869963826","9689791356","+35.2752592","-076.8299629",tl_rd22_37_cd118,Gregory Murphy,North Carolina 3rd,North Carolina,R,407 CHOB,(202) 225-3415,house_administration|veterans_affairs|ways_and_means,"0","0","0","0","0","0","0","0","0","1","0","0","0","0","0","0","0","1","0","0","0","1","0","0","0","0","51516",Department of Defense,Marine Corps Base Camp Lejeune,https://www.marines.mil/,0.000684809521859,0.000000030325664
"37","3703","03",Congressional District 3,C2,"118",G5200,N,"19869963826","9689791356","+35.2752592","-076.8299629",tl_rd22_37_cd118,Gregory Murphy,North Carolina 3rd,North Carolina,R,407 CHOB,(202) 225-3415,house_administration|veterans_affairs|ways_and_means,"0","0","0","0","0","0","0","0","0","1","0","0","0","0","0","0","0","1","0","0","0","1","0","0","0","0","51517",Department of Defense,Marine Corps Base Camp Lejeune,https://www.marines.mil/,0.001303703442106,0.000000080790384
"37","3703","03",Congressional District 3,C2,"118",G5200,N,"19869963826","9689791356","+35.2752592","-076.8299629",tl_rd22_37_cd118,Gregory Murphy,North Carolina 3rd,North Carolina,R,407 CHOB,(202) 225-3415,house_administration|veterans_affairs|ways_and_means,"0","0","0","0","0","0","0","0","0","1","0","0","0","0","0","0","0","1","0","0","0","1","0","0","0","0","51518",Department of Defense,Marine Corps Base Camp Lejeune,https://www.marines.mil/,0.005234362807043,0.000001087252941
"37","3703","03",Congressional District 3,C2,"118",G5200,N,"19869963826","9689791356","+35.2752592","-076.8299629",tl_rd22_37_cd118,Gregory Murphy,North Carolina 3rd,North Carolina,R,407 CHOB,(202) 225-3415,house_administration|veterans_affairs|ways_and_means,"0","0","0","0","0","0","0","0","0","1","0","0","0","0","0","0","0","1","0","0","0","1","0","0","0","0","51519",Department of Defense,Marine Corps Base Camp Lejeune,https://www.marines.mil/,0.014130248782651,0.000005497198218
"37","3703","03",Congressional District 3,C2,"118",G5200,N,"19869963826","9689791356","+35.2752592","-076.8299629",tl_rd22_37_cd118,Gregory Murphy,North Carolina 3rd,North Carolina,R,407 CHOB,(202) 225-3415,house_administration|veterans_affairs|ways_and_means,"0","0","0","0","0","0","0","0","0","1","0","0","0","0","0","0","0","1","0","0","0","1","0","0","0","0","51520",Department of Defense,Marine Corps Base Camp Lejeune,https://www.marines.mil/,0.031406513412326,0.000020714343870
"37","3703","03",Congressional District 3,C2,"118",G5200,N,"19869963826","9689791356","+35.2752592","-076.8299629",tl_rd22_37_cd118,Gregory Murphy,North Carolina 3rd,North Carolina,R,407 CHOB,(202) 225-3415,house_administration|veterans_affairs|ways_and_means,"0","0","0","0","0","0","0","0","0","1","0","0","0","0","0","0","0","1","0","0","0","1","0","0","0","0","51521",Department of Defense,Marine Corps Base Camp Lejeune,https://www.marines.mil/,0.006104758380162,0.000000731858346
"37","3703","03",Congressional District 3,C2,"118",G5200,N,"19869963826","9689791356","+35.2752592","-076.8299629",tl_rd22_37_cd118,Gregory Murphy,North Carolina 3rd,North Carolina,R,407 CHOB,(202) 225-3415,house_administration|veterans_affairs|ways_and_means,"0","0","0","0","0","0","0","0","0","1","0","0","0","0","0","0","0","1","0","0","0","1","0","0","0","0","51522",Department of Defense,Marine Corps Base Camp Lejeune,https://www.marines.mil/,0.007534748246666,0.000001244979665
"37","3703","03",Congressional District 3,C2,"118",G5200,N,"19869963826","9689791356","+35.2752592","-076.8299629",tl_rd22_37_cd118,Gregory Murphy,North Carolina 3rd,North Carolina,R,407 CHOB,(202) 225-3415,house_administration|veterans_affairs|ways_and_means,"0","0","0","0","0","0","0","0","0","1","0","0","0","0","0","0","0","1","0","0","0","1","0","0","0","0","51523",Department of Defense,Marine Corps Base Camp Lejeune,https://www.marines.mil/,0.007801472827345,0.000001776513017
"37","3703","03",Congressional District 3,C2,"118",G5200,N,"19869963826","9689791356","+35.2752592","-076.8299629",tl_rd22_37_cd118,Gregory Murphy,North Carolina 3rd,North Carolina,R,407 CHOB,(202) 225-3415,house_administration|veterans_affairs|ways_and_means,"0","0","0","0","0","0","0","0","0","1","0","0","0","0","0","0","0","1","0","0","0","1","0","0","0","0","51524",Department of Defense,Marine Corps Base Camp Lejeune,https://www.marines.mil/,0.006096568640622,0.000001074893938
"37","3703","03",Congressional District 3,C2,"118",G5200,N,"19869963826","9689791356","+35.2752592","-076.8299629",tl_rd22_37_cd118,Gregory Murphy,North Carolina 3rd,North Carolina,R,407 CHOB,(202) 225-3415,house_administration|veterans_affairs|ways_and_means,"0","0","0","0","0","0","0","0","0","1","0","0","0","0","0","0","0","1","0","0","0","1","0","0","0","0","51525",Department of Defense,Marine Corps Base Camp Lejeune,https://www.marines.mil/,0.001869411559964,0.000000187424046
"37","3703","03",Congressional District 3,C2,"118",G5200,N,"19869963826","9689791356","+35.2752592","-076.8299629",tl_rd22_37_cd118,Gregory Murphy,North Carolina 3rd,North Carolina,R,407 CHOB,(202) 225-3415,house_administration|veterans_affairs|ways_and_means,"0","0","0","0","0","0","0","0","0","1","0","0","0","0","0","0","0","1","0","0","0","1","0","0","0","0","51526",Department of Defense,Marine Corps Base Camp Lejeune,https://www.marines.mil/,0.003664495677143,0.000000722554400
"37","3703","03",Congressional District 3,C2,"118",G5200,N,"19869963826","9689791356","+35.2752592","-076.8299629",tl_rd22_37_cd118,Gregory Murphy,North Carolina 3rd,North Carolina,R,407 CHOB,(202) 225-3415,house_administration|veterans_affairs|ways_and_means,"0","0","0","0","0","0","0","0","0","1","0","0","0","0","0","0","0","1","0","0","0","1","0","0","0","0","51527",Department of Defense,Marine Corps Base Camp Lejeune,https://www.marines.mil/,0.019979249254686,0.000006270955299
"37","3703","03",Congressional District 3,C2,"118",G5200,N,"19869963826","9689791356","+35.2752592","-076.8299629",tl_rd22_37_cd118,Gregory Murphy,North Carolina 3rd,North Carolina,R,407 CHOB,(202) 225-3415,house_administration|veterans_affairs|ways_and_means,"0","0","0","0","0","0","0","0","0","1","0","0","0","0","0","0","0","1","0","0","0","1","0","0","0","0","51528",Department of Defense,Marine Corps Base Camp Lejeune,https://www.marines.mil/,0.007830505186563,0.000002931324248
"37","3703","03",Congressional District 3,C2,"118",G5200,N,"19869963826","9689791356","+35.2752592","-076.8299629",tl_rd22_37_cd118,Gregory Murphy,North Carolina 3rd,North Carolina,R,407 CHOB,(202) 225-3415,house_administration|veterans_affairs|ways_and_means,"0","0","0","0","0","0","0","0","0","1","0","0","0","0","0","0","0","1","0","0","0","1","0","0","0","0","51529",Department of Defense,Marine Corps Base Camp Lejeune,https://www.marines.mil/,0.002393729667969,0.000000294006582
"37","3703","03",Congressional District 3,C2,"118",G5200,N,"19869963826","9689791356","+35.2752592","-076.8299629",tl_rd22_37_cd118,Gregory Murphy,North Carolina 3rd,North Carolina,R,407 CHOB,(202) 225-3415,house_administration|veterans_affairs|ways_and_means,"0","0","0","0","0","0","0","0","0","1","0","0","0","0","0","0","0","1","0","0","0","1","0","0","0","0","51530",Department of Defense,Marine Corps Air Station New River,https://www.marines.mil/,1.471881378924965,0.010690139327171
"37","3704","04",Congressional District 4,C2,"118",G5200,N,"5294522153","114094222","+36.1931632","-078.9922678",tl_rd22_37_cd118,Valerie Foushee,North Carolina 4th,North Carolina,D,1716 LHOB,(202) 225-1784,transportation_and_infrastructure|science_space_and_technology,"0","0","0","0","0","0","0","0","0","0","0","1","0","0","0","0","0","0","0","0","1","0","0","0","0","0","50478",Department of Defense,NG MTA Camp Butner,https://www.nationalguard.mil/,0.003767654178176,0.000000817022136
"37","3704","04",Congressional District 4,C2,"118",G5200,N,"5294522153","114094222","+36.1931632","-078.9922678",tl_rd22_37_cd118,Valerie Foushee,North Carolina 4th,North Carolina,D,1716 LHOB,(202) 225-1784,transportation_and_infrastructure|science_space_and_technology,"0","0","0","0","0","0","0","0","0","0","0","1","0","0","0","0","0","0","0","0","1","0","0","0","0","0","50479",Department of Defense,NG MTA Camp Butner,https://www.nationalguard.mil/,0.210601083279275,0.001992019288887
"37","3704","04",Congressional District 4,C2,"118",G5200,N,"5294522153","114094222","+36.1931632","-078.9922678",tl_rd22_37_cd118,Valerie Foushee,North Carolina 4th,North Carolina,D,1716 LHOB,(202) 225-1784,transportation_and_infrastructure|science_space_and_technology,"0","0","0","0","0","0","0","0","0","0","0","1","0","0","0","0","0","0","0","0","1","0","0","0","0","0","51534",Department of Defense,Army Research Lab – Raleigh Durham,https://www.army.mil/,0.000078274003808,0.000000000293798
"37","3707","07",Congressional District 7,C2,"118",G5200,N,"13335649129","1125626891","+34.4417848","-078.4824670",tl_rd22_37_cd118,David Rouzer,North Carolina 7th,North Carolina,R,2333 RHOB,(202) 225-2731,agriculture|transportation_and_infrastructure,"0","1","0","0","0","0","0","0","0","0","0","1","0","0","0","0","0","0","0","0","0","0","0","0","0","0","50269",Department of Defense,Military Ocean Tml Sunny Point,https://www.army.mil/,0.009106284128098,0.000005496295617
"37","3707","07",Congressional District 7,C2,"118",G5200,N,"13335649129","1125626891","+34.4417848","-078.4824670",tl_rd22_37_cd118,David Rouzer,North Carolina 7th,North Carolina,R,2333 RHOB,(202) 225-2731,agriculture|transportation_and_infrastructure,"0","1","0","0","0","0","0","0","0","0","0","1","0","0","0","0","0","0","0","0","0","0","0","0","0","0","50270",Department of Defense,Military Ocean Tml Sunny Point,https://www.army.mil/,0.299956485110353,0.003412454168877
"37","3707","07",Congressional District 7,C2,"118",G5200,N,"13335649129","1125626891","+34.4417848","-078.4824670",tl_rd22_37_cd118,David Rouzer,North Carolina 7th,North Carolina,R,2333 RHOB,(202) 225-2731,agriculture|transportation_and_infrastructure,"0","1","0","0","0","0","0","0","0","0","0","1","0","0","0","0","0","0","0","0","0","0","0","0","0","0","50271",Department of Defense,Military Ocean Tml Sunny Point,https://www.army.mil/,0.279179693580334,0.000881890696886
"37","3707","07",Congressional District 7,C2,"118",G5200,N,"13335649129","1125626891","+34.4417848","-078.4824670",tl_rd22_37_cd118,David Rouzer,North Carolina 7th,North Carolina,R,2333 RHOB,(202) 225-2731,agriculture|transportation_and_infrastructure,"0","1","0","0","0","0","0","0","0","0","0","1","0","0","0","0","0","0","0","0","0","0","0","0","0","0","50272",Department of Defense,Military Ocean Tml Sunny Point,https://www.army.mil/,0.061745991938072,0.000258303274920
"37","3707","07",Congressional District 7,C2,"118",G5200,N,"13335649129","1125626891","+34.4417848","-078.4824670",tl_rd22_37_cd118,David Rouzer,North Carolina 7th,North Carolina,R,2333 RHOB,(202) 225-2731,agriculture|transportation_and_infrastructure,"0","1","0","0","0","0","0","0","0","0","0","1","0","0","0","0","0","0","0","0","0","0","0","0","0","0","50518",Department of Defense,Fort Fisher Recreation Site,https://www.af.mil/,0.030874774857725,0.000016424304106
"37","3709","09",Congressional District 9,C2,"118",G5200,N,"9389768841","140109348","+35.3825589","-079.4120154",tl_rd22_37_cd118,Richard Hudson,North Carolina 9th,North Carolina,R,2112 RHOB,(202) 225-3715,energy_and_commerce,"0","0","0","0","0","0","0","0","1","0","0","0","0","0","0","0","0","0","0","0","0","0","0","0","0","0","49994",Department of Defense,Camp Mackall,https://www.army.mil/,0.027052342346063,0.000004489156040
"37","3709","09",Congressional District 9,C2,"118",G5200,N,"9389768841","140109348","+35.3825589","-079.4120154",tl_rd22_37_cd118,Richard Hudson,North Carolina 9th,North Carolina,R,2112 RHOB,(202) 225-3715,energy_and_commerce,"0","0","0","0","0","0","0","0","1","0","0","0","0","0","0","0","0","0","0","0","0","0","0","0","0","0","49995",Department of Defense,Camp Mackall,https://www.army.mil/,0.364985650588403,0.003181862861496
"37","3709","09",Congressional District 9,C2,"118",G5200,N,"9389768841","140109348","+35.3825589","-079.4120154",tl_rd22_37_cd118,Richard Hudson,North Carolina 9th,North Carolina,R,2112 RHOB,(202) 225-3715,energy_and_commerce,"0","0","0","0","0","0","0","0","1","0","0","0","0","0","0","0","0","0","0","0","0","0","0","0","0","0","50077",Department of Defense,Fort Bragg,https://www.army.mil/,0.068519194334567,0.000133725419006
"37","3709","09",Congressional District 9,C2,"118",G5200,N,"9389768841","140109348","+35.3825589","-079.4120154",tl_rd22_37_cd118,Richard Hudson,North Carolina 9th,North Carolina,R,2112 RHOB,(202) 225-3715,energy_and_commerce,"0","0","0","0","0","0","0","0","1","0","0","0","0","0","0","0","0","0","0","0","0","0","0","0","0","0","50078",Department of Defense,Fort Bragg,https://www.army.mil/,1.930056490146872,0.061861739005935
"37","3713","13",Congressional District 13,C2,"118",G5200,N,"4742259598","48983642","+35.5013949","-078.4942736",tl_rd22_37_cd118,Wiley Nickel,North Carolina 13th,North Carolina,D,1133 LHOB,(202) 225-4531,financial_services,"0","0","0","0","0","0","0","0","0","0","1","0","0","0","0","0","0","0","0","0","0","0","0","0","0","0","50519",Department of Defense,Seymour Johnson Air Force Base,https://www.af.mil/,0.217985946231382,0.001296754664411
"37","3714","14",Congressional District 14,C2,"118",G5200,N,"1239007247","33656820","+35.2124574","-081.0103844",tl_rd22_37_cd118,Jeff Jackson,North Carolina 14th,North Carolina,D,1318 LHOB,(202) 225-5634,armed_services|science_space_and_technology,"0","0","0","1","0","0","0","0","0","0","0","0","0","0","0","0","0","0","0","0","1","0","0","0","0","0","50730",Department of Defense,Charlotte/Douglas IAP,https://www.ang.af.mil/,0.031699299858749,0.000041882842093
"38","3800","00",Congressional District (at Large),C1,"118",G5200,N,"178698456949","4410633765","+47.4421740","-100.4608258",tl_rd22_38_cd118,Kelly Armstrong,North Dakota,North Dakota,R,2235 RHOB,(202) 225-2611,select_subcommittee_on_the_weaponization_of_the_fed_govt|oversight_and_accountability|energy_and_commerce,"0","0","1","0","0","0","0","0","1","0","0","0","0","0","0","1","0","0","0","0","0","0","0","0","0","0","49966",Department of Defense,NG Bismarck RJB Complex,https://www.nationalguard.mil/,0.017559274517825,0.000009880679434
"38","3800","00",Congressional District (at Large),C1,"118",G5200,N,"178698456949","4410633765","+47.4421740","-100.4608258",tl_rd22_38_cd118,Kelly Armstrong,North Dakota,North Dakota,R,2235 RHOB,(202) 225-2611,select_subcommittee_on_the_weaponization_of_the_fed_govt|oversight_and_accountability|energy_and_commerce,"0","0","1","0","0","0","0","0","1","0","0","0","0","0","0","1","0","0","0","0","0","0","0","0","0","0","49967",Department of Defense,NG Bismarck RJB Complex,https://www.nationalguard.mil/,0.028818951099966,0.000030108344001
"38","3800","00",Congressional District (at Large),C1,"118",G5200,N,"178698456949","4410633765","+47.4421740","-100.4608258",tl_rd22_38_cd118,Kelly Armstrong,North Dakota,North Dakota,R,2235 RHOB,(202) 225-2611,select_subcommittee_on_the_weaponization_of_the_fed_govt|oversight_and_accountability|energy_and_commerce,"0","0","1","0","0","0","0","0","1","0","0","0","0","0","0","1","0","0","0","0","0","0","0","0","0","0","49987",Department of Defense,NG Camp Grafton,https://www.nationalguard.mil/,0.529750734956570,0.004385522678267
"38","3800","00",Congressional District (at Large),C1,"118",G5200,N,"178698456949","4410633765","+47.4421740","-100.4608258",tl_rd22_38_cd118,Kelly Armstrong,North Dakota,North Dakota,R,2235 RHOB,(202) 225-2611,select_subcommittee_on_the_weaponization_of_the_fed_govt|oversight_and_accountability|energy_and_commerce,"0","0","1","0","0","0","0","0","1","0","0","0","0","0","0","1","0","0","0","0","0","0","0","0","0","0","49988",Department of Defense,NG Camp Grafton,https://www.nationalguard.mil/,0.186887730290302,0.001231310026963
"38","3800","00",Congressional District (at Large),C1,"118",G5200,N,"178698456949","4410633765","+47.4421740","-100.4608258",tl_rd22_38_cd118,Kelly Armstrong,North Dakota,North Dakota,R,2235 RHOB,(202) 225-2611,select_subcommittee_on_the_weaponization_of_the_fed_govt|oversight_and_accountability|energy_and_commerce,"0","0","1","0","0","0","0","0","1","0","0","0","0","0","0","1","0","0","0","0","0","0","0","0","0","0","50510",Department of Defense,Grand Forks AFB,https://www.af.mil/,0.284863523660036,0.002560190081071
"38","3800","00",Congressional District (at Large),C1,"118",G5200,N,"178698456949","4410633765","+47.4421740","-100.4608258",tl_rd22_38_cd118,Kelly Armstrong,North Dakota,North Dakota,R,2235 RHOB,(202) 225-2611,select_subcommittee_on_the_weaponization_of_the_fed_govt|oversight_and_accountability|energy_and_commerce,"0","0","1","0","0","0","0","0","1","0","0","0","0","0","0","1","0","0","0","0","0","0","0","0","0","0","50695",Department of Defense,Cavalier Air Force Station,https://www.af.mil/,0.055941797481307,0.000131512206892
"38","3800","00",Congressional District (at Large),C1,"118",G5200,N,"178698456949","4410633765","+47.4421740","-100.4608258",tl_rd22_38_cd118,Kelly Armstrong,North Dakota,North Dakota,R,2235 RHOB,(202) 225-2611,select_subcommittee_on_the_weaponization_of_the_fed_govt|oversight_and_accountability|energy_and_commerce,"0","0","1","0","0","0","0","0","1","0","0","0","0","0","0","1","0","0","0","0","0","0","0","0","0","0","50710",Department of Defense,Minot Air Force Base,https://www.af.mil/,0.336495286872341,0.002441733122278
"38","3800","00",Congressional District (at Large),C1,"118",G5200,N,"178698456949","4410633765","+47.4421740","-100.4608258",tl_rd22_38_cd118,Kelly Armstrong,North Dakota,North Dakota,R,2235 RHOB,(202) 225-2611,select_subcommittee_on_the_weaponization_of_the_fed_govt|oversight_and_accountability|energy_and_commerce,"0","0","1","0","0","0","0","0","1","0","0","0","0","0","0","1","0","0","0","0","0","0","0","0","0","0","50767",Department of Defense,Hector IAP,https://www.ang.af.mil/,0.065395689263269,0.000121948550998
"39","3902","02",Congressional District 2,C2,"118",G5200,N,"19122942808","151521058","+39.1038221","-083.0597447",tl_rd22_39_cd118,Brad Wenstrup,Ohio 2nd,Ohio,R,2335 RHOB,(202) 225-3164,Intelligence|select_subcommittee_on_the_coronavirus_pandemic|ways_and_means,"0","0","0","0","0","0","0","0","0","1","0","0","0","0","0","0","0","0","1","1","0","0","0","0","0","0","50015",Department of Defense,NG Camp Sherman Joint Training Center,https://www.nationalguard.mil/,0.079486186000239,0.000192788820621
"39","3902","02",Congressional District 2,C2,"118",G5200,N,"19122942808","151521058","+39.1038221","-083.0597447",tl_rd22_39_cd118,Brad Wenstrup,Ohio 2nd,Ohio,R,2335 RHOB,(202) 225-3164,Intelligence|select_subcommittee_on_the_coronavirus_pandemic|ways_and_means,"0","0","0","0","0","0","0","0","0","1","0","0","0","0","0","0","0","0","1","1","0","0","0","0","0","0","50364",Department of Defense,NG Rickenbacker,https://www.nationalguard.mil/,0.030931836118297,0.000052833585849
"39","3903","03",Congressional District 3,C2,"118",G5200,N,"564096878","8553130","+40.0351897","-082.9224800",tl_rd22_39_cd118,Joyce Beatty,Ohio 3rd,Ohio,D,2079 RHOB,(202) 225-4324,financial_services,"0","0","0","0","0","0","0","0","0","0","1","0","0","0","0","0","0","0","0","0","0","0","0","0","0","0","49962",Department of Defense,NG Beightler Armory,https://www.nationalguard.mil/,0.010969681587832,0.000007445626359
"39","3903","03",Congressional District 3,C2,"118",G5200,N,"564096878","8553130","+40.0351897","-082.9224800",tl_rd22_39_cd118,Joyce Beatty,Ohio 3rd,Ohio,D,2079 RHOB,(202) 225-4324,financial_services,"0","0","0","0","0","0","0","0","0","0","1","0","0","0","0","0","0","0","0","0","0","0","0","0","0","0","50052",Department of Defense,Defense Supply Center Columbus,https://www.army.mil/,0.072312332553841,0.000246781624515
"39","3904","04",Congressional District 4,C2,"118",G5200,N,"12639050226","106951384","+40.5407546","-083.3722662",tl_rd22_39_cd118,Jim Jordan,Ohio 4th,Ohio,R,2056 RHOB,(202) 225-2676,select_subcommittee_on_the_weaponization_of_the_fed_govt|oversight_and_accountability|judiciary,"0","0","1","0","0","0","0","0","0","0","0","0","0","1","0","1","0","0","0","0","0","0","0","0","0","0","50439",Department of Defense,Us Army Joint Sys Mfg CtrLima,https://www.army.mil/,0.062227286406449,0.000158917463542
"39","3904","04",Congressional District 4,C2,"118",G5200,N,"12639050226","106951384","+40.5407546","-083.3722662",tl_rd22_39_cd118,Jim Jordan,Ohio 4th,Ohio,R,2056 RHOB,(202) 225-2676,select_subcommittee_on_the_weaponization_of_the_fed_govt|oversight_and_accountability|judiciary,"0","0","1","0","0","0","0","0","0","0","0","0","0","1","0","1","0","0","0","0","0","0","0","0","0","0","50764",Department of Defense,Site 1 Cantonement Area,https://www.ang.af.mil/,0.040522119929957,0.000030460255772
"39","3909","09",Congressional District 9,C2,"118",G5200,N,"6704316848","2536064644","+41.5272629","-083.5320378",tl_rd22_39_cd118,Marcy Kaptur,Ohio 9th,Ohio,D,2186 RHOB,(202) 225-4146,appropriations,"1","0","0","0","0","0","0","0","0","0","0","0","0","0","0","0","0","0","0","0","0","0","0","0","0","0","50001",Department of Defense,NG Camp Perry Joint Training Center,https://www.nationalguard.mil/,0.104462806812970,0.000252479915591
"39","3909","09",Congressional District 9,C2,"118",G5200,N,"6704316848","2536064644","+41.5272629","-083.5320378",tl_rd22_39_cd118,Marcy Kaptur,Ohio 9th,Ohio,D,2186 RHOB,(202) 225-4146,appropriations,"1","0","0","0","0","0","0","0","0","0","0","0","0","0","0","0","0","0","0","0","0","0","0","0","0","0","50804",Department of Defense,Toledo/Exp Airport,https://www.ang.af.mil/,0.049692997413117,0.000059079205340
"39","3909","09",Congressional District 9,C2,"118",G5200,N,"6704316848","2536064644","+41.5272629","-083.5320378",tl_rd22_39_cd118,Marcy Kaptur,Ohio 9th,Ohio,D,2186 RHOB,(202) 225-4146,appropriations,"1","0","0","0","0","0","0","0","0","0","0","0","0","0","0","0","0","0","0","0","0","0","0","0","0","0","50805",Department of Defense,Toledo/Exp Airport,https://www.ang.af.mil/,0.001322583898889,0.000000066899076
"39","3910","10",Congressional District 10,C2,"118",G5200,N,"2565458739","15876172","+39.7366144","-084.0669557",tl_rd22_39_cd118,Michael Turner,Ohio 10th,Ohio,R,2183 RHOB,(202) 225-6465,armed_services|oversight_and_accountability|Intelligence,"0","0","1","1","0","0","0","0","0","0","0","0","0","0","0","0","0","0","1","0","0","0","0","0","0","0","50608",Department of Defense,Wright-Patterson Air Force Base,https://www.af.mil/,0.003372219836968,0.000000116838476
"39","3910","10",Congressional District 10,C2,"118",G5200,N,"2565458739","15876172","+39.7366144","-084.0669557",tl_rd22_39_cd118,Michael Turner,Ohio 10th,Ohio,R,2183 RHOB,(202) 225-6465,armed_services|oversight_and_accountability|Intelligence,"0","0","1","1","0","0","0","0","0","0","0","0","0","0","0","0","0","0","1","0","0","0","0","0","0","0","50609",Department of Defense,Wright-Patterson Air Force Base,https://www.af.mil/,0.005360526287776,0.000001722999616
"39","3910","10",Congressional District 10,C2,"118",G5200,N,"2565458739","15876172","+39.7366144","-084.0669557",tl_rd22_39_cd118,Michael Turner,Ohio 10th,Ohio,R,2183 RHOB,(202) 225-6465,armed_services|oversight_and_accountability|Intelligence,"0","0","1","1","0","0","0","0","0","0","0","0","0","0","0","0","0","0","1","0","0","0","0","0","0","0","50610",Department of Defense,Wright-Patterson Air Force Base,https://www.af.mil/,0.000486824771360,0.000000011842303
"39","3910","10",Congressional District 10,C2,"118",G5200,N,"2565458739","15876172","+39.7366144","-084.0669557",tl_rd22_39_cd118,Michael Turner,Ohio 10th,Ohio,R,2183 RHOB,(202) 225-6465,armed_services|oversight_and_accountability|Intelligence,"0","0","1","1","0","0","0","0","0","0","0","0","0","0","0","0","0","0","1","0","0","0","0","0","0","0","50611",Department of Defense,Wright-Patterson Air Force Base,https://www.af.mil/,0.242599844458435,0.002222030840903
"39","3910","10",Congressional District 10,C2,"118",G5200,N,"2565458739","15876172","+39.7366144","-084.0669557",tl_rd22_39_cd118,Michael Turner,Ohio 10th,Ohio,R,2183 RHOB,(202) 225-6465,armed_services|oversight_and_accountability|Intelligence,"0","0","1","1","0","0","0","0","0","0","0","0","0","0","0","0","0","0","1","0","0","0","0","0","0","0","50775",Department of Defense,Springfield Beckley,https://www.ang.af.mil/,0.048885974299758,0.000056347637046
"39","3911","11",Congressional District 11,C2,"118",G5200,N,"558379121","2030659355","+41.5453374","-081.6305568",tl_rd22_39_cd118,Shontel Brown,Ohio 11th,Ohio,D,449 CHOB,(202) 225-7032,agriculture|oversight_and_accountability|select_sub_us_china,"0","1","1","0","0","0","0","0","0","0","0","0","0","0","0","0","0","0","0","0","0","0","1","0","0","0","50966",Department of Defense,Bratenahl,https://www.navy.mil/,0.019395115570702,0.000013692091752
"39","3912","12",Congressional District 12,C2,"118",G5200,N,"14454371548","135946884","+40.0108957","-082.1028357",tl_rd22_39_cd118,Troy Balderson,Ohio 12th,Ohio,R,2429 RHOB,(202) 225-5355,energy_and_commerce,"0","0","0","0","0","0","0","0","1","0","0","0","0","0","0","0","0","0","0","0","0","0","0","0","0","0","50263",Department of Defense,NG McConnelsville Training Site,https://www.nationalguard.mil/,0.086928365198828,0.000190570802887
"39","3914","14",Congressional District 14,C2,"118",G5200,N,"6300296717","3778357148","+41.6676427","-080.9851859",tl_rd22_39_cd118,David Joyce,Ohio 14th,Ohio,R,2065 RHOB,(202) 225-5731,appropriations|ethics,"1","0","0","0","0","0","0","0","0","0","0","0","0","0","0","0","0","0","0","0","0","0","0","1","0","0","50355",Department of Defense,NG Camp Ravenna Joint Military Training Center,https://www.nationalguard.mil/,0.010245652488050,0.000003619203038
"39","3914","14",Congressional District 14,C2,"118",G5200,N,"6300296717","3778357148","+41.6676427","-080.9851859",tl_rd22_39_cd118,David Joyce,Ohio 14th,Ohio,R,2065 RHOB,(202) 225-5731,appropriations|ethics,"1","0","0","0","0","0","0","0","0","0","0","0","0","0","0","0","0","0","0","0","0","0","0","1","0","0","50356",Department of Defense,NG Camp Ravenna Joint Military Training Center,https://www.nationalguard.mil/,0.004712462060868,0.000000924677686
"39","3914","14",Congressional District 14,C2,"118",G5200,N,"6300296717","3778357148","+41.6676427","-080.9851859",tl_rd22_39_cd118,David Joyce,Ohio 14th,Ohio,R,2065 RHOB,(202) 225-5731,appropriations|ethics,"1","0","0","0","0","0","0","0","0","0","0","0","0","0","0","0","0","0","0","0","0","0","0","1","0","0","50357",Department of Defense,NG Camp Ravenna Joint Military Training Center,https://www.nationalguard.mil/,0.516886083144901,0.009415254176619
"39","3914","14",Congressional District 14,C2,"118",G5200,N,"6300296717","3778357148","+41.6676427","-080.9851859",tl_rd22_39_cd118,David Joyce,Ohio 14th,Ohio,R,2065 RHOB,(202) 225-5731,appropriations|ethics,"1","0","0","0","0","0","0","0","0","0","0","0","0","0","0","0","0","0","0","0","0","0","0","1","0","0","50629",Department of Defense,Youngstown,https://www.afrc.af.mil/,0.048867853777660,0.000041665462778
"39","3914","14",Congressional District 14,C2,"118",G5200,N,"6300296717","3778357148","+41.6676427","-080.9851859",tl_rd22_39_cd118,David Joyce,Ohio 14th,Ohio,R,2065 RHOB,(202) 225-5731,appropriations|ethics,"1","0","0","0","0","0","0","0","0","0","0","0","0","0","0","0","0","0","0","0","0","0","0","1","0","0","50630",Department of Defense,Youngstown,https://www.afrc.af.mil/,0.049861671952354,0.000096981264406
"39","3915","15",Congressional District 15,C2,"118",G5200,N,"4986410503","46211953","+39.9170324","-083.6185935",tl_rd22_39_cd118,Mike Carey,Ohio 15th,Ohio,R,1433 LHOB,(202) 225-2015,house_administration|joint_library|ways_and_means,"0","0","0","0","0","0","0","0","0","1","0","0","0","0","0","0","0","1","0","0","0","0","0","0","0","1","50364",Department of Defense,NG Rickenbacker,https://www.nationalguard.mil/,0.030931836118297,0.000052833585849
"39","3915","15",Congressional District 15,C2,"118",G5200,N,"4986410503","46211953","+39.9170324","-083.6185935",tl_rd22_39_cd118,Mike Carey,Ohio 15th,Ohio,R,1433 LHOB,(202) 225-2015,house_administration|joint_library|ways_and_means,"0","0","0","0","0","0","0","0","0","1","0","0","0","0","0","0","0","1","0","0","0","0","0","0","0","1","50611",Department of Defense,Wright-Patterson Air Force Base,https://www.af.mil/,0.242599844458435,0.002222030840903
"39","3915","15",Congressional District 15,C2,"118",G5200,N,"4986410503","46211953","+39.9170324","-083.6185935",tl_rd22_39_cd118,Mike Carey,Ohio 15th,Ohio,R,1433 LHOB,(202) 225-2015,house_administration|joint_library|ways_and_means,"0","0","0","0","0","0","0","0","0","1","0","0","0","0","0","0","0","1","0","0","0","0","0","0","0","1","50765",Department of Defense,Rickenbacker,https://www.ang.af.mil/,0.054495865704323,0.000071745779446
"40","4001","01",Congressional District 1,C2,"118",G5200,N,"2793575199","64322089","+36.0563735","-095.8532655",tl_rd22_40_cd118,Kevin Hern,Oklahoma 1st,Oklahoma,R,1019 LHOB,(202) 225-2211,ways_and_means,"0","0","0","0","0","0","0","0","0","1","0","0","0","0","0","0","0","0","0","0","0","0","0","0","0","0","50791",Department of Defense,Tulsa IAP,https://www.ang.af.mil/,0.037543176359194,0.000040743912721
"40","4002","02",Congressional District 2,C2,"118",G5200,N,"56022800190","2030304804","+35.1841435","-095.4621702",tl_rd22_40_cd118,Josh Brecheen,Oklahoma 2nd,Oklahoma,R,1208 LHOB,(202) 225-2701,budget|homeland_security,"0","0","0","0","0","0","1","0","0","0","0","0","0","0","1","0","0","0","0","0","0","0","0","0","0","0","49989",Department of Defense,NG Camp Gruber,https://www.nationalguard.mil/,0.613687336461324,0.013493172905935
"40","4002","02",Congressional District 2,C2,"118",G5200,N,"56022800190","2030304804","+35.1841435","-095.4621702",tl_rd22_40_cd118,Josh Brecheen,Oklahoma 2nd,Oklahoma,R,1208 LHOB,(202) 225-2701,budget|homeland_security,"0","0","0","0","0","0","1","0","0","0","0","0","0","0","1","0","0","0","0","0","0","0","0","0","0","0","50262",Department of Defense,McAlester AAP,https://www.army.mil/,0.632364288502084,0.017908503674813
"40","4002","02",Congressional District 2,C2,"118",G5200,N,"56022800190","2030304804","+35.1841435","-095.4621702",tl_rd22_40_cd118,Josh Brecheen,Oklahoma 2nd,Oklahoma,R,1208 LHOB,(202) 225-2701,budget|homeland_security,"0","0","0","0","0","0","1","0","0","0","0","0","0","0","1","0","0","0","0","0","0","0","0","0","0","0","50346",Department of Defense,NG Thunderbird Youth Academy,https://www.nationalguard.mil/,0.096684635526162,0.000214723872967
"40","4002","02",Congressional District 2,C2,"118",G5200,N,"56022800190","2030304804","+35.1841435","-095.4621702",tl_rd22_40_cd118,Josh Brecheen,Oklahoma 2nd,Oklahoma,R,1208 LHOB,(202) 225-2701,budget|homeland_security,"0","0","0","0","0","0","1","0","0","0","0","0","0","0","1","0","0","0","0","0","0","0","0","0","0","0","50488",Department of Defense,NG Muskogee AFRC,https://www.nationalguard.mil/,0.022987914730097,0.000023451279296
"40","4003","03",Congressional District 3,C2,"118",G5200,N,"84467434359","761208369","+36.1411830","-098.9146815",tl_rd22_40_cd118,Frank Lucas,Oklahoma 3rd,Oklahoma,R,2405 RHOB,(202) 225-5565,agriculture|financial_services|science_space_and_technology,"0","1","0","0","0","0","0","0","0","0","1","0","0","0","0","0","0","0","0","0","1","0","0","0","0","0","50557",Department of Defense,Vance AFB,https://www.af.mil/,0.223252252021135,0.001375065519545
"40","4003","03",Congressional District 3,C2,"118",G5200,N,"84467434359","761208369","+36.1411830","-098.9146815",tl_rd22_40_cd118,Frank Lucas,Oklahoma 3rd,Oklahoma,R,2405 RHOB,(202) 225-5565,agriculture|financial_services|science_space_and_technology,"0","1","0","0","0","0","0","0","0","0","1","0","0","0","0","0","0","0","0","0","1","0","0","0","0","0","50558",Department of Defense,Kegelman Air Force Auxiliary Field,https://www.af.mil/,0.122799190123311,0.000494790442467
"40","4003","03",Congressional District 3,C2,"118",G5200,N,"84467434359","761208369","+36.1411830","-098.9146815",tl_rd22_40_cd118,Frank Lucas,Oklahoma 3rd,Oklahoma,R,2405 RHOB,(202) 225-5565,agriculture|financial_services|science_space_and_technology,"0","1","0","0","0","0","0","0","0","0","1","0","0","0","0","0","0","0","0","0","1","0","0","0","0","0","50559",Department of Defense,Kegelman Air Force Auxiliary Field,https://www.af.mil/,0.004157114178897,0.000000546816548
"40","4003","03",Congressional District 3,C2,"118",G5200,N,"84467434359","761208369","+36.1411830","-098.9146815",tl_rd22_40_cd118,Frank Lucas,Oklahoma 3rd,Oklahoma,R,2405 RHOB,(202) 225-5565,agriculture|financial_services|science_space_and_technology,"0","1","0","0","0","0","0","0","0","0","1","0","0","0","0","0","0","0","0","0","1","0","0","0","0","0","50598",Department of Defense,Tinker Air Force Base,https://www.af.mil/,0.370262262013325,0.002246627105217
"40","4003","03",Congressional District 3,C2,"118",G5200,N,"84467434359","761208369","+36.1411830","-098.9146815",tl_rd22_40_cd118,Frank Lucas,Oklahoma 3rd,Oklahoma,R,2405 RHOB,(202) 225-5565,agriculture|financial_services|science_space_and_technology,"0","1","0","0","0","0","0","0","0","0","1","0","0","0","0","0","0","0","0","0","1","0","0","0","0","0","50781",Department of Defense,Will Rogers World Airport,https://www.ang.af.mil/,0.029187548124142,0.000054263139062
"40","4003","03",Congressional District 3,C2,"118",G5200,N,"84467434359","761208369","+36.1411830","-098.9146815",tl_rd22_40_cd118,Frank Lucas,Oklahoma 3rd,Oklahoma,R,2405 RHOB,(202) 225-5565,agriculture|financial_services|science_space_and_technology,"0","1","0","0","0","0","0","0","0","0","1","0","0","0","0","0","0","0","0","0","1","0","0","0","0","0","51326",Department of Defense,Altus AFB,https://www.af.mil/,0.238544022162418,0.001629917811286
"40","4004","04",Congressional District 4,C2,"118",G5200,N,"25210038439","405170740","+34.5693741","-097.7511820",tl_rd22_40_cd118,Tom Cole,Oklahoma 4th,Oklahoma,R,2207 RHOB,(202) 225-6165,appropriations|Rules,"1","0","0","0","0","0","0","0","0","0","0","0","0","0","0","0","0","0","0","0","0","0","0","0","1","0","50166",Department of Defense,Fort Sill,https://www.army.mil/,1.257430678405091,0.037309666168414
"40","4004","04",Congressional District 4,C2,"118",G5200,N,"25210038439","405170740","+34.5693741","-097.7511820",tl_rd22_40_cd118,Tom Cole,Oklahoma 4th,Oklahoma,R,2207 RHOB,(202) 225-6165,appropriations|Rules,"1","0","0","0","0","0","0","0","0","0","0","0","0","0","0","0","0","0","0","0","0","0","0","0","1","0","50238",Department of Defense,NG Lexington AASF No 1,https://www.nationalguard.mil/,0.059301961512972,0.000125008744123
"40","4004","04",Congressional District 4,C2,"118",G5200,N,"25210038439","405170740","+34.5693741","-097.7511820",tl_rd22_40_cd118,Tom Cole,Oklahoma 4th,Oklahoma,R,2207 RHOB,(202) 225-6165,appropriations|Rules,"1","0","0","0","0","0","0","0","0","0","0","0","0","0","0","0","0","0","0","0","0","0","0","0","1","0","50331",Department of Defense,NG Norman CSMS,https://www.nationalguard.mil/,0.027364354567997,0.000031161610645
"40","4004","04",Congressional District 4,C2,"118",G5200,N,"25210038439","405170740","+34.5693741","-097.7511820",tl_rd22_40_cd118,Tom Cole,Oklahoma 4th,Oklahoma,R,2207 RHOB,(202) 225-6165,appropriations|Rules,"1","0","0","0","0","0","0","0","0","0","0","0","0","0","0","0","0","0","0","0","0","0","0","0","1","0","50597",Department of Defense,Tinker Air Force Base,https://www.af.mil/,0.006689851489264,0.000002168801908
"40","4004","04",Congressional District 4,C2,"118",G5200,N,"25210038439","405170740","+34.5693741","-097.7511820",tl_rd22_40_cd118,Tom Cole,Oklahoma 4th,Oklahoma,R,2207 RHOB,(202) 225-6165,appropriations|Rules,"1","0","0","0","0","0","0","0","0","0","0","0","0","0","0","0","0","0","0","0","0","0","0","0","1","0","50598",Department of Defense,Tinker Air Force Base,https://www.af.mil/,0.370262262013325,0.002246627105217
"40","4004","04",Congressional District 4,C2,"118",G5200,N,"25210038439","405170740","+34.5693741","-097.7511820",tl_rd22_40_cd118,Tom Cole,Oklahoma 4th,Oklahoma,R,2207 RHOB,(202) 225-6165,appropriations|Rules,"1","0","0","0","0","0","0","0","0","0","0","0","0","0","0","0","0","0","0","0","0","0","0","0","1","0","50599",Department of Defense,Tinker Support Annex,https://www.af.mil/,0.043297684867069,0.000066062342825
"40","4004","04",Congressional District 4,C2,"118",G5200,N,"25210038439","405170740","+34.5693741","-097.7511820",tl_rd22_40_cd118,Tom Cole,Oklahoma 4th,Oklahoma,R,2207 RHOB,(202) 225-6165,appropriations|Rules,"1","0","0","0","0","0","0","0","0","0","0","0","0","0","0","0","0","0","0","0","0","0","0","0","1","0","50601",Department of Defense,Tinker Aerospace Complex,https://www.af.mil/,0.006692971001692,0.000002168078313
"40","4004","04",Congressional District 4,C2,"118",G5200,N,"25210038439","405170740","+34.5693741","-097.7511820",tl_rd22_40_cd118,Tom Cole,Oklahoma 4th,Oklahoma,R,2207 RHOB,(202) 225-6165,appropriations|Rules,"1","0","0","0","0","0","0","0","0","0","0","0","0","0","0","0","0","0","0","0","0","0","0","0","1","0","50602",Department of Defense,Tinker Aerospace Complex,https://www.af.mil/,0.065425222210369,0.000234789894822
"41","4101","01",Congressional District 1,C2,"118",G5200,N,"8679189499","1360715729","+45.7636060","-123.4560758",tl_rd22_41_cd118,Suzanne Bonamici,Oregon 1st,Oregon,D,2231 RHOB,(202) 225-0855,education_and_the_workforce|science_space_and_technology,"0","0","0","0","0","0","0","1","0","0","0","0","0","0","0","0","0","0","0","0","1","0","0","0","0","0","50280",Department of Defense,NG MTA Camp Rilea,https://www.nationalguard.mil/,0.155642773320019,0.000855027056244
"41","4102","02",Congressional District 2,C2,"118",G5200,N,"186890786038","1859320295","+43.7699313","-119.7426476",tl_rd22_41_cd118,Cliff Bentz,Oregon 2nd,Oregon,R,409 CHOB,(202) 225-6730,natural_resources|judiciary,"0","0","0","0","1","0","0","0","0","0","0","0","0","1","0","0","0","0","0","0","0","0","0","0","0","0","49963",Department of Defense,NG Bend Cotef,https://www.nationalguard.mil/,0.034324431646749,0.000071659325824
"41","4102","02",Congressional District 2,C2,"118",G5200,N,"186890786038","1859320295","+43.7699313","-119.7426476",tl_rd22_41_cd118,Cliff Bentz,Oregon 2nd,Oregon,R,409 CHOB,(202) 225-6730,natural_resources|judiciary,"0","0","0","0","1","0","0","0","0","0","0","0","0","1","0","0","0","0","0","0","0","0","0","0","0","0","49965",Department of Defense,NG Biak Training Center COUTES,https://www.nationalguard.mil/,0.894232240286567,0.013033314914873
"41","4102","02",Congressional District 2,C2,"118",G5200,N,"186890786038","1859320295","+43.7699313","-119.7426476",tl_rd22_41_cd118,Cliff Bentz,Oregon 2nd,Oregon,R,409 CHOB,(202) 225-6730,natural_resources|judiciary,"0","0","0","0","1","0","0","0","0","0","0","0","0","1","0","0","0","0","0","0","0","0","0","0","0","0","50107",Department of Defense,Joint Base Lewis-McChord,https://www.army.mil/,0.431090895725021,0.009297755954037
"41","4102","02",Congressional District 2,C2,"118",G5200,N,"186890786038","1859320295","+43.7699313","-119.7426476",tl_rd22_41_cd118,Cliff Bentz,Oregon 2nd,Oregon,R,409 CHOB,(202) 225-6730,natural_resources|judiciary,"0","0","0","0","1","0","0","0","0","0","0","0","0","1","0","0","0","0","0","0","0","0","0","0","0","0","51093",Department of Defense,Naval Weapons Systems Training Facility Boardman,https://www.navy.mil/,0.683866701524101,0.022246690116668
"41","4102","02",Congressional District 2,C2,"118",G5200,N,"186890786038","1859320295","+43.7699313","-119.7426476",tl_rd22_41_cd118,Cliff Bentz,Oregon 2nd,Oregon,R,409 CHOB,(202) 225-6730,natural_resources|judiciary,"0","0","0","0","1","0","0","0","0","0","0","0","0","1","0","0","0","0","0","0","0","0","0","0","0","0","51390",Department of Defense,Kingsley Field Cantonement Site 1,https://www.ang.af.mil/,0.010976296856621,0.000006080985974
"41","4102","02",Congressional District 2,C2,"118",G5200,N,"186890786038","1859320295","+43.7699313","-119.7426476",tl_rd22_41_cd118,Cliff Bentz,Oregon 2nd,Oregon,R,409 CHOB,(202) 225-6730,natural_resources|judiciary,"0","0","0","0","1","0","0","0","0","0","0","0","0","1","0","0","0","0","0","0","0","0","0","0","0","0","51391",Department of Defense,Kingsley Field Cantonement Site 1,https://www.ang.af.mil/,0.057897258509603,0.000064122003420
"41","4103","03",Congressional District 3,C2,"118",G5200,N,"3590219168","105858910","+45.4562687","-121.9561275",tl_rd22_41_cd118,Earl Blumenauer,Oregon 3rd,Oregon,D,1111 LHOB,(202) 225-4811,budget|ways_and_means,"0","0","0","0","0","0","0","0","0","1","0","0","0","0","1","0","0","0","0","0","0","0","0","0","0","0","51271",Department of Defense,Portland IAP ANG,https://www.ang.af.mil/,0.052181045654333,0.000103422420205
"41","4104","04",Congressional District 4,C2,"118",G5200,N,"30077750950","2713641885","+43.6296441","-123.5163052",tl_rd22_41_cd118,Val Hoyle,Oregon 4th,Oregon,D,1620 LHOB,(202) 225-6416,natural_resources|transportation_and_infrastructure,"0","0","0","0","1","0","0","0","0","0","0","1","0","0","0","0","0","0","0","0","0","0","0","0","0","0","49978",Department of Defense,NG Camp Adair Corvallis,https://www.nationalguard.mil/,0.065026066025541,0.000242489271181
"41","4104","04",Congressional District 4,C2,"118",G5200,N,"30077750950","2713641885","+43.6296441","-123.5163052",tl_rd22_41_cd118,Val Hoyle,Oregon 4th,Oregon,D,1620 LHOB,(202) 225-6416,natural_resources|transportation_and_infrastructure,"0","0","0","0","1","0","0","0","0","0","0","1","0","0","0","0","0","0","0","0","0","0","0","0","0","0","50230",Department of Defense,NG Lane County AFRC FMS 5,https://www.nationalguard.mil/,0.019522325976766,0.000010202712990
"41","4105","05",Congressional District 5,C2,"118",G5200,N,"14482292905","100947119","+44.6183029","-122.2483834",tl_rd22_41_cd118,Lori Chavez-DeRemer,Oregon 5th,Oregon,R,1722 LHOB,(202) 225-5711,agriculture|education_and_the_workforce|transportation_and_infrastructure,"0","1","0","0","0","0","0","1","0","0","0","1","0","0","0","0","0","0","0","0","0","0","0","0","0","0","49965",Department of Defense,NG Biak Training Center COUTES,https://www.nationalguard.mil/,0.894232240286567,0.013033314914873
"41","4105","05",Congressional District 5,C2,"118",G5200,N,"14482292905","100947119","+44.6183029","-122.2483834",tl_rd22_41_cd118,Lori Chavez-DeRemer,Oregon 5th,Oregon,R,1722 LHOB,(202) 225-5711,agriculture|education_and_the_workforce|transportation_and_infrastructure,"0","1","0","0","0","0","0","1","0","0","0","1","0","0","0","0","0","0","0","0","0","0","0","0","0","0","50020",Department of Defense,NG Camp Withycombe Clackamas,https://www.nationalguard.mil/,0.041462919121310,0.000037548174107
"41","4106","06",Congressional District 6,C2,"118",G5200,N,"4908188304","30469421","+45.0647035","-123.2628219",tl_rd22_41_cd118,Andrea Salinas,Oregon 6th,Oregon,D,109 CHOB,(202) 225-5643,agriculture|science_space_and_technology,"0","1","0","0","0","0","0","0","0","0","0","0","0","0","0","0","0","0","0","0","1","0","0","0","0","0","49978",Department of Defense,NG Camp Adair Corvallis,https://www.nationalguard.mil/,0.065026066025541,0.000242489271181
"41","4106","06",Congressional District 6,C2,"118",G5200,N,"4908188304","30469421","+45.0647035","-123.2628219",tl_rd22_41_cd118,Andrea Salinas,Oregon 6th,Oregon,D,109 CHOB,(202) 225-5643,agriculture|science_space_and_technology,"0","1","0","0","0","0","0","0","0","0","0","0","0","0","0","0","0","0","0","0","1","0","0","0","0","0","50264",Department of Defense,NG McNary Field Salem AASF,https://www.nationalguard.mil/,0.037861273824681,0.000036598141968
"42","4201","01",Congressional District 1,C2,"118",G5200,N,"1811663604","48270280","+40.3310889","-075.1401123",tl_rd22_42_cd118,Brian Fitzpatrick,Pennsylvania 1st,Pennsylvania,R,271 CHOB,(202) 225-4276,Intelligence|ways_and_means,"0","0","0","0","0","0","0","0","0","1","0","0","0","0","0","0","0","0","1","0","0","0","0","0","0","0","51160",Department of Defense,NAS JRB Willow Grove PA,https://www.navy.mil/,0.131687268130169,0.000377796701425
"42","4202","02",Congressional District 2,C2,"118",G5200,N,"165932010","8800016","+40.0449151","-075.0616471",tl_rd22_42_cd118,Brendan Boyle,Pennsylvania 2nd,Pennsylvania,D,1502 LHOB,(202) 225-6111,budget,"0","0","0","0","0","0","0","0","0","0","0","0","0","0","1","0","0","0","0","0","0","0","0","0","0","0","50958",Department of Defense,Naval Support Activity Philadelphia,https://www.navy.mil/,0.035289257980837,0.000057589177131
"42","4204","04",Congressional District 4,C2,"118",G5200,N,"1880087307","19814732","+40.3134124","-075.5799307",tl_rd22_42_cd118,Madeleine Dean,Pennsylvania 4th,Pennsylvania,D,150 CHOB,(202) 225-4731,foreign_affairs|judiciary,"0","0","0","0","0","1","0","0","0","0","0","0","0","1","0","0","0","0","0","0","0","0","0","0","0","0","50490",Department of Defense,NG Collegeville FMS 4,https://www.nationalguard.mil/,0.021053827562458,0.000022157096213
"42","4205","05",Congressional District 5,C2,"118",G5200,N,"593632500","26879528","+39.9305328","-075.3745919",tl_rd22_42_cd118,Mary Scanlon,Pennsylvania 5th,Pennsylvania,D,1227 LHOB,(202) 225-2011,judiciary|Rules,"0","0","0","0","0","0","0","0","0","0","0","0","0","1","0","0","0","0","0","0","0","0","0","0","1","0","51246",Department of Defense,Det Phil Pny Annex,https://www.navy.mil/,0.011113156672911,0.000006846036576
"42","4205","05",Congressional District 5,C2,"118",G5200,N,"593632500","26879528","+39.9305328","-075.3745919",tl_rd22_42_cd118,Mary Scanlon,Pennsylvania 5th,Pennsylvania,D,1227 LHOB,(202) 225-2011,judiciary|Rules,"0","0","0","0","0","0","0","0","0","0","0","0","0","1","0","0","0","0","0","0","0","0","0","0","1","0","51247",Department of Defense,Det Phil Pny Annex,https://www.navy.mil/,0.012317465640609,0.000009193856627
"42","4205","05",Congressional District 5,C2,"118",G5200,N,"593632500","26879528","+39.9305328","-075.3745919",tl_rd22_42_cd118,Mary Scanlon,Pennsylvania 5th,Pennsylvania,D,1227 LHOB,(202) 225-2011,judiciary|Rules,"0","0","0","0","0","0","0","0","0","0","0","0","0","1","0","0","0","0","0","0","0","0","0","0","1","0","51248",Department of Defense,Det Phil Pny Annex,https://www.navy.mil/,0.008811549642256,0.000004440095068
"42","4205","05",Congressional District 5,C2,"118",G5200,N,"593632500","26879528","+39.9305328","-075.3745919",tl_rd22_42_cd118,Mary Scanlon,Pennsylvania 5th,Pennsylvania,D,1227 LHOB,(202) 225-2011,judiciary|Rules,"0","0","0","0","0","0","0","0","0","0","0","0","0","1","0","0","0","0","0","0","0","0","0","0","1","0","51249",Department of Defense,Det Phil Pny Annex,https://www.navy.mil/,0.006607072241417,0.000002473602759
"42","4205","05",Congressional District 5,C2,"118",G5200,N,"593632500","26879528","+39.9305328","-075.3745919",tl_rd22_42_cd118,Mary Scanlon,Pennsylvania 5th,Pennsylvania,D,1227 LHOB,(202) 225-2011,judiciary|Rules,"0","0","0","0","0","0","0","0","0","0","0","0","0","1","0","0","0","0","0","0","0","0","0","0","1","0","51250",Department of Defense,Det Phil Pny Annex,https://www.navy.mil/,0.012279524782319,0.000008100158109
"42","4205","05",Congressional District 5,C2,"118",G5200,N,"593632500","26879528","+39.9305328","-075.3745919",tl_rd22_42_cd118,Mary Scanlon,Pennsylvania 5th,Pennsylvania,D,1227 LHOB,(202) 225-2011,judiciary|Rules,"0","0","0","0","0","0","0","0","0","0","0","0","0","1","0","0","0","0","0","0","0","0","0","0","1","0","51251",Department of Defense,Det Phil Pny Annex,https://www.navy.mil/,0.006582912036614,0.000002495721732
"42","4205","05",Congressional District 5,C2,"118",G5200,N,"593632500","26879528","+39.9305328","-075.3745919",tl_rd22_42_cd118,Mary Scanlon,Pennsylvania 5th,Pennsylvania,D,1227 LHOB,(202) 225-2011,judiciary|Rules,"0","0","0","0","0","0","0","0","0","0","0","0","0","1","0","0","0","0","0","0","0","0","0","0","1","0","51252",Department of Defense,Det Phil Pny Annex,https://www.navy.mil/,0.008187918844420,0.000002880644286
"42","4205","05",Congressional District 5,C2,"118",G5200,N,"593632500","26879528","+39.9305328","-075.3745919",tl_rd22_42_cd118,Mary Scanlon,Pennsylvania 5th,Pennsylvania,D,1227 LHOB,(202) 225-2011,judiciary|Rules,"0","0","0","0","0","0","0","0","0","0","0","0","0","1","0","0","0","0","0","0","0","0","0","0","1","0","51253",Department of Defense,Det Phil Pny Annex,https://www.navy.mil/,0.049161257195150,0.000075708600684
"42","4205","05",Congressional District 5,C2,"118",G5200,N,"593632500","26879528","+39.9305328","-075.3745919",tl_rd22_42_cd118,Mary Scanlon,Pennsylvania 5th,Pennsylvania,D,1227 LHOB,(202) 225-2011,judiciary|Rules,"0","0","0","0","0","0","0","0","0","0","0","0","0","1","0","0","0","0","0","0","0","0","0","0","1","0","51254",Department of Defense,Det Phil Pny Annex,https://www.navy.mil/,0.007054269102074,0.000001738516656
"42","4206","06",Congressional District 6,C2,"118",G5200,N,"2395743848","27827781","+40.0269229","-075.7766366",tl_rd22_42_cd118,Chrissy Houlahan,Pennsylvania 6th,Pennsylvania,D,1727 LHOB,(202) 225-4315,armed_services|Intelligence,"0","0","0","1","0","0","0","0","0","0","0","0","0","0","0","0","0","0","1","0","0","0","0","0","0","0","50417",Department of Defense,NG Spring City Readiness Center,https://www.nationalguard.mil/,0.020345415758326,0.000022609176995
"42","4208","08",Congressional District 8,C2,"118",G5200,N,"7172985681","183510457","+41.3543388","-075.4014459",tl_rd22_42_cd118,Matt Cartwright,Pennsylvania 8th,Pennsylvania,D,2102 RHOB,(202) 225-5546,appropriations,"1","0","0","0","0","0","0","0","0","0","0","0","0","0","0","0","0","0","0","0","0","0","0","0","0","0","50405",Department of Defense,Scranton AAP,https://www.army.mil/,0.010817640969539,0.000006417279465
"42","4208","08",Congressional District 8,C2,"118",G5200,N,"7172985681","183510457","+41.3543388","-075.4014459",tl_rd22_42_cd118,Matt Cartwright,Pennsylvania 8th,Pennsylvania,D,2102 RHOB,(202) 225-5546,appropriations,"1","0","0","0","0","0","0","0","0","0","0","0","0","0","0","0","0","0","0","0","0","0","0","0","0","0","50426",Department of Defense,Tobyhanna Army Depot,https://www.army.mil/,0.115931390561336,0.000610173893431
"42","4209","09",Congressional District 9,C2,"118",G5200,N,"15729432181","207984962","+41.2528758","-076.3214338",tl_rd22_42_cd118,Daniel Meuser,Pennsylvania 9th,Pennsylvania,R,350 CHOB,(202) 225-6511,financial_services|small_business,"0","0","0","0","0","0","0","0","0","0","1","0","1","0","0","0","0","0","0","0","0","0","0","0","0","0","50097",Department of Defense,NG Fort Indiantown Gap,https://www.nationalguard.mil/,0.791646471332151,0.007547587709306
"42","4210","10",Congressional District 10,C2,"118",G5200,N,"3249784475","102280311","+40.2441330","-076.9219932",tl_rd22_42_cd118,Scott Perry,Pennsylvania 10th,Pennsylvania,R,2160 RHOB,(202) 225-5836,foreign_affairs|oversight_and_accountability|transportation_and_infrastructure,"0","0","1","0","0","1","0","0","0","0","0","1","0","0","0","0","0","0","0","0","0","0","0","0","0","0","50051",Department of Defense,Defense Distrib Depot Susq,https://www.army.mil/,0.110172532187874,0.000359042553870
"42","4210","10",Congressional District 10,C2,"118",G5200,N,"3249784475","102280311","+40.2441330","-076.9219932",tl_rd22_42_cd118,Scott Perry,Pennsylvania 10th,Pennsylvania,R,2160 RHOB,(202) 225-5836,foreign_affairs|oversight_and_accountability|transportation_and_infrastructure,"0","0","1","0","0","1","0","0","0","0","0","1","0","0","0","0","0","0","0","0","0","0","0","0","0","0","50096",Department of Defense,NG Fort Indiantown Gap,https://www.nationalguard.mil/,0.080379892771920,0.000177499331650
"42","4210","10",Congressional District 10,C2,"118",G5200,N,"3249784475","102280311","+40.2441330","-076.9219932",tl_rd22_42_cd118,Scott Perry,Pennsylvania 10th,Pennsylvania,R,2160 RHOB,(202) 225-5836,foreign_affairs|oversight_and_accountability|transportation_and_infrastructure,"0","0","1","0","0","1","0","0","0","0","0","1","0","0","0","0","0","0","0","0","0","0","0","0","0","0","50097",Department of Defense,NG Fort Indiantown Gap,https://www.nationalguard.mil/,0.791646471332151,0.007547587709306
"42","4210","10",Congressional District 10,C2,"118",G5200,N,"3249784475","102280311","+40.2441330","-076.9219932",tl_rd22_42_cd118,Scott Perry,Pennsylvania 10th,Pennsylvania,R,2160 RHOB,(202) 225-5836,foreign_affairs|oversight_and_accountability|transportation_and_infrastructure,"0","0","1","0","0","1","0","0","0","0","0","1","0","0","0","0","0","0","0","0","0","0","0","0","0","0","50970",Department of Defense,NAVSUPPACT Mechanicsburg PA,https://www.navy.mil/,0.104372957788691,0.000339467791408
"42","4210","10",Congressional District 10,C2,"118",G5200,N,"3249784475","102280311","+40.2441330","-076.9219932",tl_rd22_42_cd118,Scott Perry,Pennsylvania 10th,Pennsylvania,R,2160 RHOB,(202) 225-5836,foreign_affairs|oversight_and_accountability|transportation_and_infrastructure,"0","0","1","0","0","1","0","0","0","0","0","1","0","0","0","0","0","0","0","0","0","0","0","0","0","0","51343",Department of Defense,Carlisle Barracks,https://www.army.mil/,0.005300622720431,0.000000041908219
"42","4210","10",Congressional District 10,C2,"118",G5200,N,"3249784475","102280311","+40.2441330","-076.9219932",tl_rd22_42_cd118,Scott Perry,Pennsylvania 10th,Pennsylvania,R,2160 RHOB,(202) 225-5836,foreign_affairs|oversight_and_accountability|transportation_and_infrastructure,"0","0","1","0","0","1","0","0","0","0","0","1","0","0","0","0","0","0","0","0","0","0","0","0","0","0","51344",Department of Defense,Carlisle Barracks,https://www.army.mil/,0.042843178991941,0.000090376581646
"42","4210","10",Congressional District 10,C2,"118",G5200,N,"3249784475","102280311","+40.2441330","-076.9219932",tl_rd22_42_cd118,Scott Perry,Pennsylvania 10th,Pennsylvania,R,2160 RHOB,(202) 225-5836,foreign_affairs|oversight_and_accountability|transportation_and_infrastructure,"0","0","1","0","0","1","0","0","0","0","0","1","0","0","0","0","0","0","0","0","0","0","0","0","0","0","51345",Department of Defense,Carlisle Barracks,https://www.army.mil/,0.042542670534684,0.000088917875511
"42","4213","13",Congressional District 13,C2,"118",G5200,N,"16479036647","106133953","+40.2387834","-077.9649751",tl_rd22_42_cd118,John Joyce,Pennsylvania 13th,Pennsylvania,R,152 CHOB,(202) 225-2431,energy_and_commerce|select_subcommittee_on_the_coronavirus_pandemic,"0","0","0","0","0","0","0","0","1","0","0","0","0","0","0","0","0","0","0","1","0","0","0","0","0","0","50199",Department of Defense,NG Hollidaysburg Readiness Center,https://www.nationalguard.mil/,0.012636768320446,0.000008830607790
"42","4213","13",Congressional District 13,C2,"118",G5200,N,"16479036647","106133953","+40.2387834","-077.9649751",tl_rd22_42_cd118,John Joyce,Pennsylvania 13th,Pennsylvania,R,152 CHOB,(202) 225-2431,energy_and_commerce|select_subcommittee_on_the_coronavirus_pandemic,"0","0","0","0","0","0","0","0","1","0","0","0","0","0","0","0","0","0","0","1","0","0","0","0","0","0","50200",Department of Defense,NG Hollidaysburg Readiness Center,https://www.nationalguard.mil/,0.003574268184558,0.000000776887582
"42","4213","13",Congressional District 13,C2,"118",G5200,N,"16479036647","106133953","+40.2387834","-077.9649751",tl_rd22_42_cd118,John Joyce,Pennsylvania 13th,Pennsylvania,R,152 CHOB,(202) 225-2431,energy_and_commerce|select_subcommittee_on_the_coronavirus_pandemic,"0","0","0","0","0","0","0","0","1","0","0","0","0","0","0","0","0","0","0","1","0","0","0","0","0","0","50234",Department of Defense,Letterkenny Army Depot,https://www.army.mil/,0.022137726624713,0.000017931125931
"42","4213","13",Congressional District 13,C2,"118",G5200,N,"16479036647","106133953","+40.2387834","-077.9649751",tl_rd22_42_cd118,John Joyce,Pennsylvania 13th,Pennsylvania,R,152 CHOB,(202) 225-2431,energy_and_commerce|select_subcommittee_on_the_coronavirus_pandemic,"0","0","0","0","0","0","0","0","1","0","0","0","0","0","0","0","0","0","0","1","0","0","0","0","0","0","50235",Department of Defense,Letterkenny Army Depot,https://www.army.mil/,0.011000033361842,0.000008082088512
"42","4213","13",Congressional District 13,C2,"118",G5200,N,"16479036647","106133953","+40.2387834","-077.9649751",tl_rd22_42_cd118,John Joyce,Pennsylvania 13th,Pennsylvania,R,152 CHOB,(202) 225-2431,energy_and_commerce|select_subcommittee_on_the_coronavirus_pandemic,"0","0","0","0","0","0","0","0","1","0","0","0","0","0","0","0","0","0","0","1","0","0","0","0","0","0","50236",Department of Defense,Letterkenny Army Depot,https://www.army.mil/,0.009197993985035,0.000004402399665
"42","4213","13",Congressional District 13,C2,"118",G5200,N,"16479036647","106133953","+40.2387834","-077.9649751",tl_rd22_42_cd118,John Joyce,Pennsylvania 13th,Pennsylvania,R,152 CHOB,(202) 225-2431,energy_and_commerce|select_subcommittee_on_the_coronavirus_pandemic,"0","0","0","0","0","0","0","0","1","0","0","0","0","0","0","0","0","0","0","1","0","0","0","0","0","0","50237",Department of Defense,Letterkenny Army Depot,https://www.army.mil/,0.415458314933779,0.007625492900783
"42","4216","16",Congressional District 16,C2,"118",G5200,N,"9947826935","2092920442","+41.5711842","-080.1032268",tl_rd22_42_cd118,Mike Kelly,Pennsylvania 16th,Pennsylvania,R,1707 LHOB,(202) 225-5406,ways_and_means,"0","0","0","0","0","0","0","0","0","1","0","0","0","0","0","0","0","0","0","0","0","0","0","0","0","0","50324",Department of Defense,NG New Castle Readiness Center/FMS 9,https://www.nationalguard.mil/,0.006458242620012,0.000002553570741
"42","4216","16",Congressional District 16,C2,"118",G5200,N,"9947826935","2092920442","+41.5711842","-080.1032268",tl_rd22_42_cd118,Mike Kelly,Pennsylvania 16th,Pennsylvania,R,1707 LHOB,(202) 225-5406,ways_and_means,"0","0","0","0","0","0","0","0","0","1","0","0","0","0","0","0","0","0","0","0","0","0","0","0","0","0","50482",Department of Defense,NG Cambridge Springs Readiness Center and FMS 5,https://www.nationalguard.mil/,0.037180248400394,0.000046474862738
"42","4217","17",Congressional District 17,C2,"118",G5200,N,"2313231527","41263173","+40.6028919","-080.1862426",tl_rd22_42_cd118,Christopher Deluzio,Pennsylvania 17th,Pennsylvania,D,1222 LHOB,(202) 225-2301,armed_services|veterans_affairs,"0","0","0","1","0","0","0","0","0","0","0","0","0","0","0","0","0","0","0","0","0","1","0","0","0","0","50627",Department of Defense,Pittsburgh IAP ARS,https://www.afrc.af.mil/,0.033030042115165,0.000058842765265
"42","4217","17",Congressional District 17,C2,"118",G5200,N,"2313231527","41263173","+40.6028919","-080.1862426",tl_rd22_42_cd118,Christopher Deluzio,Pennsylvania 17th,Pennsylvania,D,1222 LHOB,(202) 225-2301,armed_services|veterans_affairs,"0","0","0","1","0","0","0","0","0","0","0","0","0","0","0","0","0","0","0","0","0","1","0","0","0","0","50789",Department of Defense,Pittsburgh IAP ANG,https://www.ang.af.mil/,0.000494306735023,0.000000006814033
"42","4217","17",Congressional District 17,C2,"118",G5200,N,"2313231527","41263173","+40.6028919","-080.1862426",tl_rd22_42_cd118,Christopher Deluzio,Pennsylvania 17th,Pennsylvania,D,1222 LHOB,(202) 225-2301,armed_services|veterans_affairs,"0","0","0","1","0","0","0","0","0","0","0","0","0","0","0","0","0","0","0","0","0","1","0","0","0","0","50790",Department of Defense,Pittsburgh IAP ANG,https://www.ang.af.mil/,0.038401666411482,0.000076253719493
"44","4401","01",Congressional District 1,C2,"118",G5200,N,"693809108","628713491","+41.6306771","-071.3286718",tl_rd22_44_cd118,Gabe Amo,Rhode Island 1st,Rhode Island,D,2233 RHOB,(202) 225-4911,"0","0","0","0","0","0","0","0","0","0","0","0","0","0","0","0","0","0","0","0","0","0","0","0","0","0",,"50946",Department of Defense,Gould Island RI,https://www.navy.mil/,0.013602728855677,0.000004614741615
"44","4401","01",Congressional District 1,C2,"118",G5200,N,"693809108","628713491","+41.6306771","-071.3286718",tl_rd22_44_cd118,Gabe Amo,Rhode Island 1st,Rhode Island,D,2233 RHOB,(202) 225-4911,"0","0","0","0","0","0","0","0","0","0","0","0","0","0","0","0","0","0","0","0","0","0","0","0","0","0",,"50969",Department of Defense,Fort Adams RI,https://www.navy.mil/,0.021748577993979,0.000010487313858
"44","4401","01",Congressional District 1,C2,"118",G5200,N,"693809108","628713491","+41.6306771","-071.3286718",tl_rd22_44_cd118,Gabe Amo,Rhode Island 1st,Rhode Island,D,2233 RHOB,(202) 225-4911,"0","0","0","0","0","0","0","0","0","0","0","0","0","0","0","0","0","0","0","0","0","0","0","0","0","0",,"51157",Department of Defense,Naval Station Newport,https://www.navy.mil/,0.198869835819969,0.000231599436139
"44","4401","01",Congressional District 1,C2,"118",G5200,N,"693809108","628713491","+41.6306771","-071.3286718",tl_rd22_44_cd118,Gabe Amo,Rhode Island 1st,Rhode Island,D,2233 RHOB,(202) 225-4911,"0","0","0","0","0","0","0","0","0","0","0","0","0","0","0","0","0","0","0","0","0","0","0","0","0","0",,"51158",Department of Defense,Naval Station Newport,https://www.navy.mil/,0.263708570558967,0.000250712006799
"44","4402","02",Congressional District 2,C2,"118",G5200,N,"1983950111","694977638","+41.5696012","-071.6155143",tl_rd22_44_cd118,Seth Magaziner,Rhode Island 2nd,Rhode Island,D,1218 LHOB,(202) 225-2735,homeland_security|natural_resources,"0","0","0","0","1","0","1","0","0","0","0","0","0","0","0","0","0","0","0","0","0","0","0","0","0","0","49985",Department of Defense,NG Camp Fogarty Tng Site,https://www.nationalguard.mil/,0.010079478622612,0.000006457491941
"44","4402","02",Congressional District 2,C2,"118",G5200,N,"1983950111","694977638","+41.5696012","-071.6155143",tl_rd22_44_cd118,Seth Magaziner,Rhode Island 2nd,Rhode Island,D,1218 LHOB,(202) 225-2735,homeland_security|natural_resources,"0","0","0","0","1","0","1","0","0","0","0","0","0","0","0","0","0","0","0","0","0","0","0","0","0","0","49986",Department of Defense,NG Camp Fogarty Tng Site,https://www.nationalguard.mil/,0.061093089064501,0.000158109797110
"44","4402","02",Congressional District 2,C2,"118",G5200,N,"1983950111","694977638","+41.5696012","-071.6155143",tl_rd22_44_cd118,Seth Magaziner,Rhode Island 2nd,Rhode Island,D,1218 LHOB,(202) 225-2735,homeland_security|natural_resources,"0","0","0","0","1","0","1","0","0","0","0","0","0","0","0","0","0","0","0","0","0","0","0","0","0","0","50787",Department of Defense,Quonset State Airport,https://www.ang.af.mil/,0.004111440272888,0.000000680451685
"44","4402","02",Congressional District 2,C2,"118",G5200,N,"1983950111","694977638","+41.5696012","-071.6155143",tl_rd22_44_cd118,Seth Magaziner,Rhode Island 2nd,Rhode Island,D,1218 LHOB,(202) 225-2735,homeland_security|natural_resources,"0","0","0","0","1","0","1","0","0","0","0","0","0","0","0","0","0","0","0","0","0","0","0","0","0","0","50788",Department of Defense,Quonset State Airport,https://www.ang.af.mil/,0.039290436682496,0.000045444937311
"45","4501","01",Congressional District 1,C2,"118",G5200,N,"6706260523","2511428587","+33.1523209","-079.6953264",tl_rd22_45_cd118,Nancy Mace,South Carolina 1st,South Carolina,R,1728 LHOB,(202) 225-3176,armed_services|oversight_and_accountability|veterans_affairs,"0","0","1","1","0","0","0","0","0","0","0","0","0","0","0","0","0","0","0","0","0","1","0","0","0","0","50657",Department of Defense,Joint Base Charleston,https://www.af.mil/,0.010639869853666,0.000004004285034
"45","4501","01",Congressional District 1,C2,"118",G5200,N,"6706260523","2511428587","+33.1523209","-079.6953264",tl_rd22_45_cd118,Nancy Mace,South Carolina 1st,South Carolina,R,1728 LHOB,(202) 225-3176,armed_services|oversight_and_accountability|veterans_affairs,"0","0","1","1","0","0","0","0","0","0","0","0","0","0","0","0","0","0","0","0","0","1","0","0","0","0","50658",Department of Defense,Joint Base Charleston,https://www.af.mil/,0.015608571856530,0.000009445694958
"45","4501","01",Congressional District 1,C2,"118",G5200,N,"6706260523","2511428587","+33.1523209","-079.6953264",tl_rd22_45_cd118,Nancy Mace,South Carolina 1st,South Carolina,R,1728 LHOB,(202) 225-3176,armed_services|oversight_and_accountability|veterans_affairs,"0","0","1","1","0","0","0","0","0","0","0","0","0","0","0","0","0","0","0","0","0","1","0","0","0","0","50660",Department of Defense,Joint Base Charleston,https://www.af.mil/,0.022352954261613,0.000017337885738
"45","4501","01",Congressional District 1,C2,"118",G5200,N,"6706260523","2511428587","+33.1523209","-079.6953264",tl_rd22_45_cd118,Nancy Mace,South Carolina 1st,South Carolina,R,1728 LHOB,(202) 225-3176,armed_services|oversight_and_accountability|veterans_affairs,"0","0","1","1","0","0","0","0","0","0","0","0","0","0","0","0","0","0","0","0","0","1","0","0","0","0","50661",Department of Defense,Joint Base Charleston,https://www.af.mil/,0.112502718391338,0.000366728719906
"45","4501","01",Congressional District 1,C2,"118",G5200,N,"6706260523","2511428587","+33.1523209","-079.6953264",tl_rd22_45_cd118,Nancy Mace,South Carolina 1st,South Carolina,R,1728 LHOB,(202) 225-3176,armed_services|oversight_and_accountability|veterans_affairs,"0","0","1","1","0","0","0","0","0","0","0","0","0","0","0","0","0","0","0","0","0","1","0","0","0","0","50663",Department of Defense,Joint Base Charleston,https://www.af.mil/,0.074920616062839,0.000132271428289
"45","4501","01",Congressional District 1,C2,"118",G5200,N,"6706260523","2511428587","+33.1523209","-079.6953264",tl_rd22_45_cd118,Nancy Mace,South Carolina 1st,South Carolina,R,1728 LHOB,(202) 225-3176,armed_services|oversight_and_accountability|veterans_affairs,"0","0","1","1","0","0","0","0","0","0","0","0","0","0","0","0","0","0","0","0","0","1","0","0","0","0","50664",Department of Defense,Joint Base Charleston,https://www.af.mil/,0.033660377117405,0.000044437792922
"45","4501","01",Congressional District 1,C2,"118",G5200,N,"6706260523","2511428587","+33.1523209","-079.6953264",tl_rd22_45_cd118,Nancy Mace,South Carolina 1st,South Carolina,R,1728 LHOB,(202) 225-3176,armed_services|oversight_and_accountability|veterans_affairs,"0","0","1","1","0","0","0","0","0","0","0","0","0","0","0","0","0","0","0","0","0","1","0","0","0","0","50665",Department of Defense,Joint Base Charleston,https://www.af.mil/,0.127314017999633,0.000422483138582
"45","4501","01",Congressional District 1,C2,"118",G5200,N,"6706260523","2511428587","+33.1523209","-079.6953264",tl_rd22_45_cd118,Nancy Mace,South Carolina 1st,South Carolina,R,1728 LHOB,(202) 225-3176,armed_services|oversight_and_accountability|veterans_affairs,"0","0","1","1","0","0","0","0","0","0","0","0","0","0","0","0","0","0","0","0","0","1","0","0","0","0","50666",Department of Defense,Joint Base Charleston,https://www.af.mil/,0.028677440485085,0.000060905403171
"45","4501","01",Congressional District 1,C2,"118",G5200,N,"6706260523","2511428587","+33.1523209","-079.6953264",tl_rd22_45_cd118,Nancy Mace,South Carolina 1st,South Carolina,R,1728 LHOB,(202) 225-3176,armed_services|oversight_and_accountability|veterans_affairs,"0","0","1","1","0","0","0","0","0","0","0","0","0","0","0","0","0","0","0","0","0","1","0","0","0","0","50667",Department of Defense,Joint Base Charleston,https://www.af.mil/,0.020671981458432,0.000020888126506
"45","4501","01",Congressional District 1,C2,"118",G5200,N,"6706260523","2511428587","+33.1523209","-079.6953264",tl_rd22_45_cd118,Nancy Mace,South Carolina 1st,South Carolina,R,1728 LHOB,(202) 225-3176,armed_services|oversight_and_accountability|veterans_affairs,"0","0","1","1","0","0","0","0","0","0","0","0","0","0","0","0","0","0","0","0","0","1","0","0","0","0","50668",Department of Defense,Joint Base Charleston,https://www.af.mil/,0.026533857349579,0.000016923360424
"45","4501","01",Congressional District 1,C2,"118",G5200,N,"6706260523","2511428587","+33.1523209","-079.6953264",tl_rd22_45_cd118,Nancy Mace,South Carolina 1st,South Carolina,R,1728 LHOB,(202) 225-3176,armed_services|oversight_and_accountability|veterans_affairs,"0","0","1","1","0","0","0","0","0","0","0","0","0","0","0","0","0","0","0","0","0","1","0","0","0","0","50669",Department of Defense,Joint Base Charleston,https://www.af.mil/,0.495049004980894,0.003485706585452
"45","4501","01",Congressional District 1,C2,"118",G5200,N,"6706260523","2511428587","+33.1523209","-079.6953264",tl_rd22_45_cd118,Nancy Mace,South Carolina 1st,South Carolina,R,1728 LHOB,(202) 225-3176,armed_services|oversight_and_accountability|veterans_affairs,"0","0","1","1","0","0","0","0","0","0","0","0","0","0","0","0","0","0","0","0","0","1","0","0","0","0","50670",Department of Defense,Joint Base Charleston,https://www.af.mil/,0.024124575470032,0.000029017399787
"45","4501","01",Congressional District 1,C2,"118",G5200,N,"6706260523","2511428587","+33.1523209","-079.6953264",tl_rd22_45_cd118,Nancy Mace,South Carolina 1st,South Carolina,R,1728 LHOB,(202) 225-3176,armed_services|oversight_and_accountability|veterans_affairs,"0","0","1","1","0","0","0","0","0","0","0","0","0","0","0","0","0","0","0","0","0","1","0","0","0","0","50671",Department of Defense,Joint Base Charleston,https://www.af.mil/,0.288895195295623,0.002009855657879
"45","4501","01",Congressional District 1,C2,"118",G5200,N,"6706260523","2511428587","+33.1523209","-079.6953264",tl_rd22_45_cd118,Nancy Mace,South Carolina 1st,South Carolina,R,1728 LHOB,(202) 225-3176,armed_services|oversight_and_accountability|veterans_affairs,"0","0","1","1","0","0","0","0","0","0","0","0","0","0","0","0","0","0","0","0","0","1","0","0","0","0","50672",Department of Defense,Joint Base Charleston,https://www.af.mil/,0.035505349051974,0.000024100477397
"45","4501","01",Congressional District 1,C2,"118",G5200,N,"6706260523","2511428587","+33.1523209","-079.6953264",tl_rd22_45_cd118,Nancy Mace,South Carolina 1st,South Carolina,R,1728 LHOB,(202) 225-3176,armed_services|oversight_and_accountability|veterans_affairs,"0","0","1","1","0","0","0","0","0","0","0","0","0","0","0","0","0","0","0","0","0","1","0","0","0","0","50851",Department of Defense,TBR Main,https://www.marines.mil/,0.043661645891559,0.000048346152201
"45","4501","01",Congressional District 1,C2,"118",G5200,N,"6706260523","2511428587","+33.1523209","-079.6953264",tl_rd22_45_cd118,Nancy Mace,South Carolina 1st,South Carolina,R,1728 LHOB,(202) 225-3176,armed_services|oversight_and_accountability|veterans_affairs,"0","0","1","1","0","0","0","0","0","0","0","0","0","0","0","0","0","0","0","0","0","1","0","0","0","0","50860",Department of Defense,MCRD Beaufort,https://www.marines.mil/,0.294457804663571,0.003946872292904
"45","4501","01",Congressional District 1,C2,"118",G5200,N,"6706260523","2511428587","+33.1523209","-079.6953264",tl_rd22_45_cd118,Nancy Mace,South Carolina 1st,South Carolina,R,1728 LHOB,(202) 225-3176,armed_services|oversight_and_accountability|veterans_affairs,"0","0","1","1","0","0","0","0","0","0","0","0","0","0","0","0","0","0","0","0","0","1","0","0","0","0","50942",Department of Defense,NAVSUPPFAC Beaufort SC,https://www.navy.mil/,0.030123616070982,0.000047314694433
"45","4501","01",Congressional District 1,C2,"118",G5200,N,"6706260523","2511428587","+33.1523209","-079.6953264",tl_rd22_45_cd118,Nancy Mace,South Carolina 1st,South Carolina,R,1728 LHOB,(202) 225-3176,armed_services|oversight_and_accountability|veterans_affairs,"0","0","1","1","0","0","0","0","0","0","0","0","0","0","0","0","0","0","0","0","0","1","0","0","0","0","51296",Department of Defense,Marine Corps Air Station Beaufort,https://www.marines.mil/,0.014814999086469,0.000012845807970
"45","4501","01",Congressional District 1,C2,"118",G5200,N,"6706260523","2511428587","+33.1523209","-079.6953264",tl_rd22_45_cd118,Nancy Mace,South Carolina 1st,South Carolina,R,1728 LHOB,(202) 225-3176,armed_services|oversight_and_accountability|veterans_affairs,"0","0","1","1","0","0","0","0","0","0","0","0","0","0","0","0","0","0","0","0","0","1","0","0","0","0","51297",Department of Defense,Marine Corps Air Station Beaufort,https://www.marines.mil/,0.011555906958087,0.000004269002648
"45","4501","01",Congressional District 1,C2,"118",G5200,N,"6706260523","2511428587","+33.1523209","-079.6953264",tl_rd22_45_cd118,Nancy Mace,South Carolina 1st,South Carolina,R,1728 LHOB,(202) 225-3176,armed_services|oversight_and_accountability|veterans_affairs,"0","0","1","1","0","0","0","0","0","0","0","0","0","0","0","0","0","0","0","0","0","1","0","0","0","0","51298",Department of Defense,Marine Corps Air Station Beaufort,https://www.marines.mil/,0.031316116506866,0.000034503950350
"45","4501","01",Congressional District 1,C2,"118",G5200,N,"6706260523","2511428587","+33.1523209","-079.6953264",tl_rd22_45_cd118,Nancy Mace,South Carolina 1st,South Carolina,R,1728 LHOB,(202) 225-3176,armed_services|oversight_and_accountability|veterans_affairs,"0","0","1","1","0","0","0","0","0","0","0","0","0","0","0","0","0","0","0","0","0","1","0","0","0","0","51299",Department of Defense,Marine Corps Air Station Beaufort,https://www.marines.mil/,0.021413210486500,0.000020443495218
"45","4501","01",Congressional District 1,C2,"118",G5200,N,"6706260523","2511428587","+33.1523209","-079.6953264",tl_rd22_45_cd118,Nancy Mace,South Carolina 1st,South Carolina,R,1728 LHOB,(202) 225-3176,armed_services|oversight_and_accountability|veterans_affairs,"0","0","1","1","0","0","0","0","0","0","0","0","0","0","0","0","0","0","0","0","0","1","0","0","0","0","51300",Department of Defense,Marine Corps Air Station Beaufort,https://www.marines.mil/,0.006101344213807,0.000001719617835
"45","4501","01",Congressional District 1,C2,"118",G5200,N,"6706260523","2511428587","+33.1523209","-079.6953264",tl_rd22_45_cd118,Nancy Mace,South Carolina 1st,South Carolina,R,1728 LHOB,(202) 225-3176,armed_services|oversight_and_accountability|veterans_affairs,"0","0","1","1","0","0","0","0","0","0","0","0","0","0","0","0","0","0","0","0","0","1","0","0","0","0","51301",Department of Defense,Marine Corps Air Station Beaufort,https://www.marines.mil/,0.001441906350906,0.000000111891416
"45","4501","01",Congressional District 1,C2,"118",G5200,N,"6706260523","2511428587","+33.1523209","-079.6953264",tl_rd22_45_cd118,Nancy Mace,South Carolina 1st,South Carolina,R,1728 LHOB,(202) 225-3176,armed_services|oversight_and_accountability|veterans_affairs,"0","0","1","1","0","0","0","0","0","0","0","0","0","0","0","0","0","0","0","0","0","1","0","0","0","0","51302",Department of Defense,Marine Corps Air Station Beaufort,https://www.marines.mil/,0.003237056784606,0.000000361814601
"45","4501","01",Congressional District 1,C2,"118",G5200,N,"6706260523","2511428587","+33.1523209","-079.6953264",tl_rd22_45_cd118,Nancy Mace,South Carolina 1st,South Carolina,R,1728 LHOB,(202) 225-3176,armed_services|oversight_and_accountability|veterans_affairs,"0","0","1","1","0","0","0","0","0","0","0","0","0","0","0","0","0","0","0","0","0","1","0","0","0","0","51303",Department of Defense,Marine Corps Air Station Beaufort,https://www.marines.mil/,0.023395006543524,0.000023632800378
"45","4501","01",Congressional District 1,C2,"118",G5200,N,"6706260523","2511428587","+33.1523209","-079.6953264",tl_rd22_45_cd118,Nancy Mace,South Carolina 1st,South Carolina,R,1728 LHOB,(202) 225-3176,armed_services|oversight_and_accountability|veterans_affairs,"0","0","1","1","0","0","0","0","0","0","0","0","0","0","0","0","0","0","0","0","0","1","0","0","0","0","51304",Department of Defense,Marine Corps Air Station Beaufort,https://www.marines.mil/,0.039480401900028,0.000077713967247
"45","4501","01",Congressional District 1,C2,"118",G5200,N,"6706260523","2511428587","+33.1523209","-079.6953264",tl_rd22_45_cd118,Nancy Mace,South Carolina 1st,South Carolina,R,1728 LHOB,(202) 225-3176,armed_services|oversight_and_accountability|veterans_affairs,"0","0","1","1","0","0","0","0","0","0","0","0","0","0","0","0","0","0","0","0","0","1","0","0","0","0","51305",Department of Defense,Marine Corps Air Station Beaufort,https://www.marines.mil/,0.005553618401051,0.000000770030191
"45","4501","01",Congressional District 1,C2,"118",G5200,N,"6706260523","2511428587","+33.1523209","-079.6953264",tl_rd22_45_cd118,Nancy Mace,South Carolina 1st,South Carolina,R,1728 LHOB,(202) 225-3176,armed_services|oversight_and_accountability|veterans_affairs,"0","0","1","1","0","0","0","0","0","0","0","0","0","0","0","0","0","0","0","0","0","1","0","0","0","0","51306",Department of Defense,Marine Corps Air Station Beaufort,https://www.marines.mil/,0.009434265964512,0.000002755691409
"45","4501","01",Congressional District 1,C2,"118",G5200,N,"6706260523","2511428587","+33.1523209","-079.6953264",tl_rd22_45_cd118,Nancy Mace,South Carolina 1st,South Carolina,R,1728 LHOB,(202) 225-3176,armed_services|oversight_and_accountability|veterans_affairs,"0","0","1","1","0","0","0","0","0","0","0","0","0","0","0","0","0","0","0","0","0","1","0","0","0","0","51307",Department of Defense,Marine Corps Air Station Beaufort,https://www.marines.mil/,0.173697249664146,0.000204352767051
"45","4501","01",Congressional District 1,C2,"118",G5200,N,"6706260523","2511428587","+33.1523209","-079.6953264",tl_rd22_45_cd118,Nancy Mace,South Carolina 1st,South Carolina,R,1728 LHOB,(202) 225-3176,armed_services|oversight_and_accountability|veterans_affairs,"0","0","1","1","0","0","0","0","0","0","0","0","0","0","0","0","0","0","0","0","0","1","0","0","0","0","51308",Department of Defense,Marine Corps Air Station Beaufort,https://www.marines.mil/,0.021494531140972,0.000008984600313
"45","4501","01",Congressional District 1,C2,"118",G5200,N,"6706260523","2511428587","+33.1523209","-079.6953264",tl_rd22_45_cd118,Nancy Mace,South Carolina 1st,South Carolina,R,1728 LHOB,(202) 225-3176,armed_services|oversight_and_accountability|veterans_affairs,"0","0","1","1","0","0","0","0","0","0","0","0","0","0","0","0","0","0","0","0","0","1","0","0","0","0","51309",Department of Defense,Marine Corps Air Station Beaufort,https://www.marines.mil/,0.001556853747795,0.000000128388899
"45","4501","01",Congressional District 1,C2,"118",G5200,N,"6706260523","2511428587","+33.1523209","-079.6953264",tl_rd22_45_cd118,Nancy Mace,South Carolina 1st,South Carolina,R,1728 LHOB,(202) 225-3176,armed_services|oversight_and_accountability|veterans_affairs,"0","0","1","1","0","0","0","0","0","0","0","0","0","0","0","0","0","0","0","0","0","1","0","0","0","0","51310",Department of Defense,Marine Corps Air Station Beaufort,https://www.marines.mil/,0.001502539261312,0.000000133288311
"45","4501","01",Congressional District 1,C2,"118",G5200,N,"6706260523","2511428587","+33.1523209","-079.6953264",tl_rd22_45_cd118,Nancy Mace,South Carolina 1st,South Carolina,R,1728 LHOB,(202) 225-3176,armed_services|oversight_and_accountability|veterans_affairs,"0","0","1","1","0","0","0","0","0","0","0","0","0","0","0","0","0","0","0","0","0","1","0","0","0","0","51311",Department of Defense,Marine Corps Air Station Beaufort,https://www.marines.mil/,0.005903364919762,0.000001583304080
"45","4501","01",Congressional District 1,C2,"118",G5200,N,"6706260523","2511428587","+33.1523209","-079.6953264",tl_rd22_45_cd118,Nancy Mace,South Carolina 1st,South Carolina,R,1728 LHOB,(202) 225-3176,armed_services|oversight_and_accountability|veterans_affairs,"0","0","1","1","0","0","0","0","0","0","0","0","0","0","0","0","0","0","0","0","0","1","0","0","0","0","51312",Department of Defense,Marine Corps Air Station Beaufort,https://www.marines.mil/,0.010964136402067,0.000006188362379
"45","4501","01",Congressional District 1,C2,"118",G5200,N,"6706260523","2511428587","+33.1523209","-079.6953264",tl_rd22_45_cd118,Nancy Mace,South Carolina 1st,South Carolina,R,1728 LHOB,(202) 225-3176,armed_services|oversight_and_accountability|veterans_affairs,"0","0","1","1","0","0","0","0","0","0","0","0","0","0","0","0","0","0","0","0","0","1","0","0","0","0","51313",Department of Defense,Marine Corps Air Station Beaufort,https://www.marines.mil/,0.031111182756908,0.000020383310940
"45","4501","01",Congressional District 1,C2,"118",G5200,N,"6706260523","2511428587","+33.1523209","-079.6953264",tl_rd22_45_cd118,Nancy Mace,South Carolina 1st,South Carolina,R,1728 LHOB,(202) 225-3176,armed_services|oversight_and_accountability|veterans_affairs,"0","0","1","1","0","0","0","0","0","0","0","0","0","0","0","0","0","0","0","0","0","1","0","0","0","0","51314",Department of Defense,Marine Corps Air Station Beaufort,https://www.marines.mil/,0.345061829419498,0.002206140962874
"45","4501","01",Congressional District 1,C2,"118",G5200,N,"6706260523","2511428587","+33.1523209","-079.6953264",tl_rd22_45_cd118,Nancy Mace,South Carolina 1st,South Carolina,R,1728 LHOB,(202) 225-3176,armed_services|oversight_and_accountability|veterans_affairs,"0","0","1","1","0","0","0","0","0","0","0","0","0","0","0","0","0","0","0","0","0","1","0","0","0","0","51315",Department of Defense,Marine Corps Air Station Beaufort,https://www.marines.mil/,0.030711122481041,0.000039446728100
"45","4501","01",Congressional District 1,C2,"118",G5200,N,"6706260523","2511428587","+33.1523209","-079.6953264",tl_rd22_45_cd118,Nancy Mace,South Carolina 1st,South Carolina,R,1728 LHOB,(202) 225-3176,armed_services|oversight_and_accountability|veterans_affairs,"0","0","1","1","0","0","0","0","0","0","0","0","0","0","0","0","0","0","0","0","0","1","0","0","0","0","51316",Department of Defense,Marine Corps Air Station Beaufort,https://www.marines.mil/,0.041130822597446,0.000027356673529
"45","4501","01",Congressional District 1,C2,"118",G5200,N,"6706260523","2511428587","+33.1523209","-079.6953264",tl_rd22_45_cd118,Nancy Mace,South Carolina 1st,South Carolina,R,1728 LHOB,(202) 225-3176,armed_services|oversight_and_accountability|veterans_affairs,"0","0","1","1","0","0","0","0","0","0","0","0","0","0","0","0","0","0","0","0","0","1","0","0","0","0","51317",Department of Defense,Marine Corps Air Station Beaufort,https://www.marines.mil/,0.095845255538800,0.000222622514967
"45","4501","01",Congressional District 1,C2,"118",G5200,N,"6706260523","2511428587","+33.1523209","-079.6953264",tl_rd22_45_cd118,Nancy Mace,South Carolina 1st,South Carolina,R,1728 LHOB,(202) 225-3176,armed_services|oversight_and_accountability|veterans_affairs,"0","0","1","1","0","0","0","0","0","0","0","0","0","0","0","0","0","0","0","0","0","1","0","0","0","0","51318",Department of Defense,Marine Corps Air Station Beaufort,https://www.marines.mil/,0.053931639607903,0.000154250068831
"45","4502","02",Congressional District 2,C2,"118",G5200,N,"8063781399","227457561","+33.6274876","-081.3489378",tl_rd22_45_cd118,Joe Wilson,South Carolina 2nd,South Carolina,R,1436 LHOB,(202) 225-2452,armed_services|education_and_the_workforce|foreign_affairs,"0","0","0","1","0","1","0","1","0","0","0","0","0","0","0","0","0","0","0","0","0","0","0","0","0","0","50098",Department of Defense,Fort Jackson,https://www.army.mil/,0.661079001124813,0.020290286896179
"45","4502","02",Congressional District 2,C2,"118",G5200,N,"8063781399","227457561","+33.6274876","-081.3489378",tl_rd22_45_cd118,Joe Wilson,South Carolina 2nd,South Carolina,R,1436 LHOB,(202) 225-2452,armed_services|education_and_the_workforce|foreign_affairs,"0","0","0","1","0","1","0","1","0","0","0","0","0","0","0","0","0","0","0","0","0","0","0","0","0","0","50673",Department of Defense,Joint Base Charleston North Field SBML,https://www.af.mil/,0.213157143219527,0.000882573638347
"45","4503","03",Congressional District 3,C2,"118",G5200,N,"14590527274","550164416","+34.3561465","-082.2873072",tl_rd22_45_cd118,Jeff Duncan,South Carolina 3rd,South Carolina,R,2229 RHOB,(202) 225-5301,energy_and_commerce,"0","0","0","0","0","0","0","0","1","0","0","0","0","0","0","0","0","0","0","0","0","0","0","0","0","0","50283",Department of Defense,NG MTA Clarks Hill Reservation,https://www.nationalguard.mil/,0.228673261757993,0.000341322797265
"45","4505","05",Congressional District 5,C2,"118",G5200,N,"13365966713","237046089","+34.5643203","-080.9933553",tl_rd22_45_cd118,Ralph Norman,South Carolina 5th,South Carolina,R,569 CHOB,(202) 225-5501,financial_services|budget|Rules,"0","0","0","0","0","0","0","0","0","0","1","0","0","0","1","0","0","0","0","0","0","0","0","0","1","0","50516",Department of Defense,Poinsett Electronic Combat Range,https://www.af.mil/,0.346226587361271,0.004935001384820
"45","4505","05",Congressional District 5,C2,"118",G5200,N,"13365966713","237046089","+34.5643203","-080.9933553",tl_rd22_45_cd118,Ralph Norman,South Carolina 5th,South Carolina,R,569 CHOB,(202) 225-5501,financial_services|budget|Rules,"0","0","0","0","0","0","0","0","0","0","1","0","0","0","1","0","0","0","0","0","0","0","0","0","1","0","50517",Department of Defense,Poinsett Electronic Combat Range,https://www.af.mil/,0.000879399138684,0.000000046277012
"45","4505","05",Congressional District 5,C2,"118",G5200,N,"13365966713","237046089","+34.5643203","-080.9933553",tl_rd22_45_cd118,Ralph Norman,South Carolina 5th,South Carolina,R,569 CHOB,(202) 225-5501,financial_services|budget|Rules,"0","0","0","0","0","0","0","0","0","0","1","0","0","0","1","0","0","0","0","0","0","0","0","0","1","0","51464",Department of Defense,Shaw Air Force Base,https://www.af.mil/,0.045269130001310,0.000029568200374
"45","4505","05",Congressional District 5,C2,"118",G5200,N,"13365966713","237046089","+34.5643203","-080.9933553",tl_rd22_45_cd118,Ralph Norman,South Carolina 5th,South Carolina,R,569 CHOB,(202) 225-5501,financial_services|budget|Rules,"0","0","0","0","0","0","0","0","0","0","1","0","0","0","1","0","0","0","0","0","0","0","0","0","1","0","51465",Department of Defense,Shaw Air Force Base,https://www.af.mil/,0.010583767115340,0.000007034352715
"45","4505","05",Congressional District 5,C2,"118",G5200,N,"13365966713","237046089","+34.5643203","-080.9933553",tl_rd22_45_cd118,Ralph Norman,South Carolina 5th,South Carolina,R,569 CHOB,(202) 225-5501,financial_services|budget|Rules,"0","0","0","0","0","0","0","0","0","0","1","0","0","0","1","0","0","0","0","0","0","0","0","0","1","0","51466",Department of Defense,Shaw Air Force Base,https://www.af.mil/,0.228143294345186,0.001303365620896
"45","4506","06",Congressional District 6,C2,"118",G5200,N,"17938359415","548041400","+33.2465684","-080.5942581",tl_rd22_45_cd118,James Clyburn,South Carolina 6th,South Carolina,D,274 CHOB,(202) 225-3315,"0","0","0","0","0","0","0","0","0","0","0","0","0","0","0","0","0","0","0","0","0","0","0","0","0","0",,"50098",Department of Defense,Fort Jackson,https://www.army.mil/,0.661079001124813,0.020290286896179
"45","4506","06",Congressional District 6,C2,"118",G5200,N,"17938359415","548041400","+33.2465684","-080.5942581",tl_rd22_45_cd118,James Clyburn,South Carolina 6th,South Carolina,D,274 CHOB,(202) 225-3315,"0","0","0","0","0","0","0","0","0","0","0","0","0","0","0","0","0","0","0","0","0","0","0","0","0","0",,"50653",Department of Defense,Joint Base Charleston,https://www.af.mil/,0.011292238829926,0.000006510119132
"45","4506","06",Congressional District 6,C2,"118",G5200,N,"17938359415","548041400","+33.2465684","-080.5942581",tl_rd22_45_cd118,James Clyburn,South Carolina 6th,South Carolina,D,274 CHOB,(202) 225-3315,"0","0","0","0","0","0","0","0","0","0","0","0","0","0","0","0","0","0","0","0","0","0","0","0","0","0",,"50654",Department of Defense,Joint Base Charleston,https://www.af.mil/,0.006045730506074,0.000001739580647
"45","4506","06",Congressional District 6,C2,"118",G5200,N,"17938359415","548041400","+33.2465684","-080.5942581",tl_rd22_45_cd118,James Clyburn,South Carolina 6th,South Carolina,D,274 CHOB,(202) 225-3315,"0","0","0","0","0","0","0","0","0","0","0","0","0","0","0","0","0","0","0","0","0","0","0","0","0","0",,"50655",Department of Defense,Joint Base Charleston,https://www.af.mil/,0.001920481531029,0.000000197839564
"45","4506","06",Congressional District 6,C2,"118",G5200,N,"17938359415","548041400","+33.2465684","-080.5942581",tl_rd22_45_cd118,James Clyburn,South Carolina 6th,South Carolina,D,274 CHOB,(202) 225-3315,"0","0","0","0","0","0","0","0","0","0","0","0","0","0","0","0","0","0","0","0","0","0","0","0","0","0",,"50656",Department of Defense,Joint Base Charleston,https://www.af.mil/,0.002474097065262,0.000000353323679
"45","4506","06",Congressional District 6,C2,"118",G5200,N,"17938359415","548041400","+33.2465684","-080.5942581",tl_rd22_45_cd118,James Clyburn,South Carolina 6th,South Carolina,D,274 CHOB,(202) 225-3315,"0","0","0","0","0","0","0","0","0","0","0","0","0","0","0","0","0","0","0","0","0","0","0","0","0","0",,"50659",Department of Defense,Joint Base Charleston,https://www.af.mil/,0.013117464216807,0.000005801963498
"45","4506","06",Congressional District 6,C2,"118",G5200,N,"17938359415","548041400","+33.2465684","-080.5942581",tl_rd22_45_cd118,James Clyburn,South Carolina 6th,South Carolina,D,274 CHOB,(202) 225-3315,"0","0","0","0","0","0","0","0","0","0","0","0","0","0","0","0","0","0","0","0","0","0","0","0","0","0",,"50661",Department of Defense,Joint Base Charleston,https://www.af.mil/,0.112502718391338,0.000366728719906
"45","4506","06",Congressional District 6,C2,"118",G5200,N,"17938359415","548041400","+33.2465684","-080.5942581",tl_rd22_45_cd118,James Clyburn,South Carolina 6th,South Carolina,D,274 CHOB,(202) 225-3315,"0","0","0","0","0","0","0","0","0","0","0","0","0","0","0","0","0","0","0","0","0","0","0","0","0","0",,"50662",Department of Defense,Joint Base Charleston,https://www.af.mil/,0.241445094429507,0.001175232346515
"45","4506","06",Congressional District 6,C2,"118",G5200,N,"17938359415","548041400","+33.2465684","-080.5942581",tl_rd22_45_cd118,James Clyburn,South Carolina 6th,South Carolina,D,274 CHOB,(202) 225-3315,"0","0","0","0","0","0","0","0","0","0","0","0","0","0","0","0","0","0","0","0","0","0","0","0","0","0",,"50762",Department of Defense,McEntire Joint National Guard Base,https://www.ang.af.mil/,0.182206405662390,0.000942996749249
"46","4600","00",Congressional District (at Large),C1,"118",G5200,N,"196345992286","3383664203","+44.4467957","-100.2381762",tl_rd22_46_cd118,Dusty Johnson,South Dakota,South Dakota,R,1714 LHOB,(202) 225-2801,agriculture|transportation_and_infrastructure|select_sub_us_china,"0","1","0","0","0","0","0","0","0","0","0","1","0","0","0","0","0","0","0","0","0","0","1","0","0","0","50002",Department of Defense,NG Camp Rapid,https://www.nationalguard.mil/,0.027536152875546,0.000037701456009
"46","4600","00",Congressional District (at Large),C1,"118",G5200,N,"196345992286","3383664203","+44.4467957","-100.2381762",tl_rd22_46_cd118,Dusty Johnson,South Dakota,South Dakota,R,1714 LHOB,(202) 225-2801,agriculture|transportation_and_infrastructure|select_sub_us_china,"0","1","0","0","0","0","0","0","0","0","0","1","0","0","0","0","0","0","0","0","0","0","1","0","0","0","50273",Department of Defense,NG Mitchell Complex,https://www.nationalguard.mil/,0.024494695819213,0.000027433766253
"46","4600","00",Congressional District (at Large),C1,"118",G5200,N,"196345992286","3383664203","+44.4467957","-100.2381762",tl_rd22_46_cd118,Dusty Johnson,South Dakota,South Dakota,R,1714 LHOB,(202) 225-2801,agriculture|transportation_and_infrastructure|select_sub_us_china,"0","1","0","0","0","0","0","0","0","0","0","1","0","0","0","0","0","0","0","0","0","0","1","0","0","0","50412",Department of Defense,NG Sioux Falls Benson Rd Complex,https://www.nationalguard.mil/,0.021691001151606,0.000025666756418
"46","4600","00",Congressional District (at Large),C1,"118",G5200,N,"196345992286","3383664203","+44.4467957","-100.2381762",tl_rd22_46_cd118,Dusty Johnson,South Dakota,South Dakota,R,1714 LHOB,(202) 225-2801,agriculture|transportation_and_infrastructure|select_sub_us_china,"0","1","0","0","0","0","0","0","0","0","0","1","0","0","0","0","0","0","0","0","0","0","1","0","0","0","50468",Department of Defense,NG West Camp,https://www.nationalguard.mil/,0.097401341894670,0.000347492066741
"46","4600","00",Congressional District (at Large),C1,"118",G5200,N,"196345992286","3383664203","+44.4467957","-100.2381762",tl_rd22_46_cd118,Dusty Johnson,South Dakota,South Dakota,R,1714 LHOB,(202) 225-2801,agriculture|transportation_and_infrastructure|select_sub_us_china,"0","1","0","0","0","0","0","0","0","0","0","1","0","0","0","0","0","0","0","0","0","0","1","0","0","0","50579",Department of Defense,Ellsworth AFB,https://www.af.mil/,0.204187198912428,0.001805073068108
"46","4600","00",Congressional District (at Large),C1,"118",G5200,N,"196345992286","3383664203","+44.4467957","-100.2381762",tl_rd22_46_cd118,Dusty Johnson,South Dakota,South Dakota,R,1714 LHOB,(202) 225-2801,agriculture|transportation_and_infrastructure|select_sub_us_china,"0","1","0","0","0","0","0","0","0","0","0","1","0","0","0","0","0","0","0","0","0","0","1","0","0","0","50580",Department of Defense,Ellsworth AFB Site 2,https://www.af.mil/,0.170233917147189,0.000583020291310
"46","4600","00",Congressional District (at Large),C1,"118",G5200,N,"196345992286","3383664203","+44.4467957","-100.2381762",tl_rd22_46_cd118,Dusty Johnson,South Dakota,South Dakota,R,1714 LHOB,(202) 225-2801,agriculture|transportation_and_infrastructure|select_sub_us_china,"0","1","0","0","0","0","0","0","0","0","0","1","0","0","0","0","0","0","0","0","0","0","1","0","0","0","50752",Department of Defense,Joe Foss Field,https://www.ang.af.mil/,0.036773478491160,0.000041655353405
"46","4600","00",Congressional District (at Large),C1,"118",G5200,N,"196345992286","3383664203","+44.4467957","-100.2381762",tl_rd22_46_cd118,Dusty Johnson,South Dakota,South Dakota,R,1714 LHOB,(202) 225-2801,agriculture|transportation_and_infrastructure|select_sub_us_china,"0","1","0","0","0","0","0","0","0","0","0","1","0","0","0","0","0","0","0","0","0","0","1","0","0","0","50753",Department of Defense,Joe Foss Field,https://www.ang.af.mil/,0.026996062546154,0.000030180983482
"46","4600","00",Congressional District (at Large),C1,"118",G5200,N,"196345992286","3383664203","+44.4467957","-100.2381762",tl_rd22_46_cd118,Dusty Johnson,South Dakota,South Dakota,R,1714 LHOB,(202) 225-2801,agriculture|transportation_and_infrastructure|select_sub_us_china,"0","1","0","0","0","0","0","0","0","0","0","1","0","0","0","0","0","0","0","0","0","0","1","0","0","0","50754",Department of Defense,Joe Foss Field,https://www.ang.af.mil/,0.009385825139585,0.000004128236418
"47","4701","01",Congressional District 1,C2,"118",G5200,N,"11276830298","289970886","+36.2044804","-082.8274455",tl_rd22_47_cd118,Diana Harshbarger,Tennessee 1st,Tennessee,R,167 CHOB,(202) 225-6356,energy_and_commerce,"0","0","0","0","0","0","0","0","1","0","0","0","0","0","0","0","0","0","0","0","0","0","0","0","0","0","50219",Department of Defense,NG Johnson City Gray,https://www.nationalguard.mil/,0.027519533147851,0.000043667183265
"47","4701","01",Congressional District 1,C2,"118",G5200,N,"11276830298","289970886","+36.2044804","-082.8274455",tl_rd22_47_cd118,Diana Harshbarger,Tennessee 1st,Tennessee,R,167 CHOB,(202) 225-6356,energy_and_commerce,"0","0","0","0","0","0","0","0","1","0","0","0","0","0","0","0","0","0","0","0","0","0","0","0","0","0","51373",Department of Defense,Holston Army Ammunition Plant,https://www.army.mil/,0.053166696358498,0.000024278324691
"47","4701","01",Congressional District 1,C2,"118",G5200,N,"11276830298","289970886","+36.2044804","-082.8274455",tl_rd22_47_cd118,Diana Harshbarger,Tennessee 1st,Tennessee,R,167 CHOB,(202) 225-6356,energy_and_commerce,"0","0","0","0","0","0","0","0","1","0","0","0","0","0","0","0","0","0","0","0","0","0","0","0","0","0","51374",Department of Defense,Holston Army Ammunition Plant,https://www.army.mil/,0.186611511755482,0.001219825914851
"47","4701","01",Congressional District 1,C2,"118",G5200,N,"11276830298","289970886","+36.2044804","-082.8274455",tl_rd22_47_cd118,Diana Harshbarger,Tennessee 1st,Tennessee,R,167 CHOB,(202) 225-6356,energy_and_commerce,"0","0","0","0","0","0","0","0","1","0","0","0","0","0","0","0","0","0","0","0","0","0","0","0","0","0","51375",Department of Defense,Holston Army Ammunition Plant,https://www.army.mil/,0.101015775027298,0.000060952605544
"47","4701","01",Congressional District 1,C2,"118",G5200,N,"11276830298","289970886","+36.2044804","-082.8274455",tl_rd22_47_cd118,Diana Harshbarger,Tennessee 1st,Tennessee,R,167 CHOB,(202) 225-6356,energy_and_commerce,"0","0","0","0","0","0","0","0","1","0","0","0","0","0","0","0","0","0","0","0","0","0","0","0","0","0","51376",Department of Defense,Holston Army Ammunition Plant,https://www.army.mil/,0.068566473428108,0.000045540877589
"47","4701","01",Congressional District 1,C2,"118",G5200,N,"11276830298","289970886","+36.2044804","-082.8274455",tl_rd22_47_cd118,Diana Harshbarger,Tennessee 1st,Tennessee,R,167 CHOB,(202) 225-6356,energy_and_commerce,"0","0","0","0","0","0","0","0","1","0","0","0","0","0","0","0","0","0","0","0","0","0","0","0","0","0","51377",Department of Defense,Holston Army Ammunition Plant,https://www.army.mil/,0.200149245854443,0.001151834250764
"47","4702","02",Congressional District 2,C2,"118",G5200,N,"6672217961","281691676","+36.1017485","-083.8871560",tl_rd22_47_cd118,Tim Burchett,Tennessee 2nd,Tennessee,R,1122 LHOB,(202) 225-5435,foreign_affairs|oversight_and_accountability|transportation_and_infrastructure,"0","0","1","0","0","1","0","0","0","0","0","1","0","0","0","0","0","0","0","0","0","0","0","0","0","0","50674",Department of Defense,McGhee Tyson Airport,https://www.ang.af.mil/,0.079661235358464,0.000147642131297
"47","4704","04",Congressional District 4,C2,"118",G5200,N,"16765631883","244455227","+35.4060411","-086.1466352",tl_rd22_47_cd118,Scott DesJarlais,Tennessee 4th,Tennessee,R,2304 RHOB,(202) 225-6831,agriculture|armed_services,"0","1","0","1","0","0","0","0","0","0","0","0","0","0","0","0","0","0","0","0","0","0","0","0","0","0","50454",Department of Defense,NG VTS Smyrna,https://www.nationalguard.mil/,0.121437233238213,0.000345331971234
"47","4704","04",Congressional District 4,C2,"118",G5200,N,"16765631883","244455227","+35.4060411","-086.1466352",tl_rd22_47_cd118,Scott DesJarlais,Tennessee 4th,Tennessee,R,2304 RHOB,(202) 225-6831,agriculture|armed_services,"0","1","0","1","0","0","0","0","0","0","0","0","0","0","0","0","0","0","0","0","0","0","0","0","0","0","50600",Department of Defense,Arnold Air Force Base,https://www.af.mil/,1.180608792440361,0.015609237825888
"47","4705","05",Congressional District 5,C2,"118",G5200,N,"5332905770","49000923","+35.7344465","-086.9138510",tl_rd22_47_cd118,Andrew Ogles,Tennessee 5th,Tennessee,R,151 CHOB,(202) 225-4311,financial_services,"0","0","0","0","0","0","0","0","0","0","1","0","0","0","0","0","0","0","0","0","0","0","0","0","0","0","50322",Department of Defense,NG Nashville,https://www.nationalguard.mil/,0.009047511708424,0.000004956518861
"47","4705","05",Congressional District 5,C2,"118",G5200,N,"5332905770","49000923","+35.7344465","-086.9138510",tl_rd22_47_cd118,Andrew Ogles,Tennessee 5th,Tennessee,R,151 CHOB,(202) 225-4311,financial_services,"0","0","0","0","0","0","0","0","0","0","1","0","0","0","0","0","0","0","0","0","0","0","0","0","0","0","50323",Department of Defense,NG Nashville,https://www.nationalguard.mil/,0.018993752189902,0.000021696820940
"47","4706","06",Congressional District 6,C2,"118",G5200,N,"15330319354","323168802","+36.2213771","-085.5732424",tl_rd22_47_cd118,John Rose,Tennessee 6th,Tennessee,R,2238 RHOB,(202) 225-4231,agriculture|financial_services,"0","1","0","0","0","0","0","0","0","0","1","0","0","0","0","0","0","0","0","0","0","0","0","0","0","0","50711",Department of Defense,Nashville IAP,https://www.ang.af.mil/,0.025919592046581,0.000035596902235
"47","4707","07",Congressional District 7,C2,"118",G5200,N,"15258461333","370667789","+36.0082944","-087.5547864",tl_rd22_47_cd118,Mark Green,Tennessee 7th,Tennessee,R,2446 RHOB,(202) 225-2811,foreign_affairs|homeland_security,"0","0","0","0","0","1","1","0","0","0","0","0","0","0","0","0","0","0","0","0","0","0","0","0","0","0","49945",Department of Defense,Fort Campbell,https://www.army.mil/,1.379092393904927,0.042675651756870
"47","4708","08",Congressional District 8,C2,"118",G5200,N,"23896236788","396264430","+35.7282358","-088.9163518",tl_rd22_47_cd118,David Kustoff,Tennessee 8th,Tennessee,R,560 CHOB,(202) 225-4714,ways_and_means,"0","0","0","0","0","0","0","0","0","1","0","0","0","0","0","0","0","0","0","0","0","0","0","0","0","0","50210",Department of Defense,NG Jackson Airport Armory,https://www.nationalguard.mil/,0.020556059952748,0.000025867273026
"47","4708","08",Congressional District 8,C2,"118",G5200,N,"23896236788","396264430","+35.7282358","-088.9163518",tl_rd22_47_cd118,David Kustoff,Tennessee 8th,Tennessee,R,560 CHOB,(202) 225-4714,ways_and_means,"0","0","0","0","0","0","0","0","0","1","0","0","0","0","0","0","0","0","0","0","0","0","0","0","0","0","50267",Department of Defense,Milan AAP,https://www.army.mil/,0.028298618525705,0.000031852424282
"47","4708","08",Congressional District 8,C2,"118",G5200,N,"23896236788","396264430","+35.7282358","-088.9163518",tl_rd22_47_cd118,David Kustoff,Tennessee 8th,Tennessee,R,560 CHOB,(202) 225-4714,ways_and_means,"0","0","0","0","0","0","0","0","0","1","0","0","0","0","0","0","0","0","0","0","0","0","0","0","0","0","50268",Department of Defense,Milan AAP,https://www.army.mil/,0.476893901003702,0.009003375340522
"47","4708","08",Congressional District 8,C2,"118",G5200,N,"23896236788","396264430","+35.7282358","-088.9163518",tl_rd22_47_cd118,David Kustoff,Tennessee 8th,Tennessee,R,560 CHOB,(202) 225-4714,ways_and_means,"0","0","0","0","0","0","0","0","0","1","0","0","0","0","0","0","0","0","0","0","0","0","0","0","0","0","50448",Department of Defense,NG VTS Milan,https://www.nationalguard.mil/,0.021461347853469,0.000019898394452
"47","4708","08",Congressional District 8,C2,"118",G5200,N,"23896236788","396264430","+35.7282358","-088.9163518",tl_rd22_47_cd118,David Kustoff,Tennessee 8th,Tennessee,R,560 CHOB,(202) 225-4714,ways_and_means,"0","0","0","0","0","0","0","0","0","1","0","0","0","0","0","0","0","0","0","0","0","0","0","0","0","0","50449",Department of Defense,NG VTS Milan,https://www.nationalguard.mil/,0.024336011202259,0.000026043499894
"47","4708","08",Congressional District 8,C2,"118",G5200,N,"23896236788","396264430","+35.7282358","-088.9163518",tl_rd22_47_cd118,David Kustoff,Tennessee 8th,Tennessee,R,560 CHOB,(202) 225-4714,ways_and_means,"0","0","0","0","0","0","0","0","0","1","0","0","0","0","0","0","0","0","0","0","0","0","0","0","0","0","50450",Department of Defense,NG VTS Milan,https://www.nationalguard.mil/,0.011456618452388,0.000006505016987
"47","4708","08",Congressional District 8,C2,"118",G5200,N,"23896236788","396264430","+35.7282358","-088.9163518",tl_rd22_47_cd118,David Kustoff,Tennessee 8th,Tennessee,R,560 CHOB,(202) 225-4714,ways_and_means,"0","0","0","0","0","0","0","0","0","1","0","0","0","0","0","0","0","0","0","0","0","0","0","0","0","0","50451",Department of Defense,NG VTS Milan,https://www.nationalguard.mil/,0.033134309259294,0.000038407700997
"47","4708","08",Congressional District 8,C2,"118",G5200,N,"23896236788","396264430","+35.7282358","-088.9163518",tl_rd22_47_cd118,David Kustoff,Tennessee 8th,Tennessee,R,560 CHOB,(202) 225-4714,ways_and_means,"0","0","0","0","0","0","0","0","0","1","0","0","0","0","0","0","0","0","0","0","0","0","0","0","0","0","50452",Department of Defense,NG VTS Milan,https://www.nationalguard.mil/,0.010139690579392,0.000004325784767
"47","4708","08",Congressional District 8,C2,"118",G5200,N,"23896236788","396264430","+35.7282358","-088.9163518",tl_rd22_47_cd118,David Kustoff,Tennessee 8th,Tennessee,R,560 CHOB,(202) 225-4714,ways_and_means,"0","0","0","0","0","0","0","0","0","1","0","0","0","0","0","0","0","0","0","0","0","0","0","0","0","0","50453",Department of Defense,NG VTS Milan,https://www.nationalguard.mil/,0.230531059584482,0.000910690521025
"47","4708","08",Congressional District 8,C2,"118",G5200,N,"23896236788","396264430","+35.7282358","-088.9163518",tl_rd22_47_cd118,David Kustoff,Tennessee 8th,Tennessee,R,560 CHOB,(202) 225-4714,ways_and_means,"0","0","0","0","0","0","0","0","0","1","0","0","0","0","0","0","0","0","0","0","0","0","0","0","0","0","50883",Department of Defense,NAVSUPPACT Midsouth Memphis TN,https://www.navy.mil/,0.107201076217967,0.000416698109223
"47","4709","09",Congressional District 9,C2,"118",G5200,N,"2012377833","82010230","+35.2819889","-089.9375173",tl_rd22_47_cd118,Steve Cohen,Tennessee 9th,Tennessee,D,2268 RHOB,(202) 225-3265,judiciary|transportation_and_infrastructure,"0","0","0","0","0","0","0","0","0","0","0","1","0","1","0","0","0","0","0","0","0","0","0","0","0","0","50766",Department of Defense,Memphis IAP,https://www.ang.af.mil/,0.031544242595683,0.000047522431000
"47","4709","09",Congressional District 9,C2,"118",G5200,N,"2012377833","82010230","+35.2819889","-089.9375173",tl_rd22_47_cd118,Steve Cohen,Tennessee 9th,Tennessee,D,2268 RHOB,(202) 225-3265,judiciary|transportation_and_infrastructure,"0","0","0","0","0","0","0","0","0","0","0","1","0","1","0","0","0","0","0","0","0","0","0","0","0","0","50883",Department of Defense,NAVSUPPACT Midsouth Memphis TN,https://www.navy.mil/,0.107201076217967,0.000416698109223
"47","4709","09",Congressional District 9,C2,"118",G5200,N,"2012377833","82010230","+35.2819889","-089.9375173",tl_rd22_47_cd118,Steve Cohen,Tennessee 9th,Tennessee,D,2268 RHOB,(202) 225-3265,judiciary|transportation_and_infrastructure,"0","0","0","0","0","0","0","0","0","0","0","1","0","1","0","0","0","0","0","0","0","0","0","0","0","0","50975",Department of Defense,Northside Mid-South,https://www.navy.mil/,0.083093183598606,0.000167523106042
"47","4709","09",Congressional District 9,C2,"118",G5200,N,"2012377833","82010230","+35.2819889","-089.9375173",tl_rd22_47_cd118,Steve Cohen,Tennessee 9th,Tennessee,D,2268 RHOB,(202) 225-3265,judiciary|transportation_and_infrastructure,"0","0","0","0","0","0","0","0","0","0","0","1","0","1","0","0","0","0","0","0","0","0","0","0","0","0","51054",Department of Defense,NSWC Carderock Div,https://www.navy.mil/,0.033971354430423,0.000045132011887
"48","4801","01",Congressional District 1,C2,"118",G5200,N,"24512591292","1047606100","+32.4896964","-094.5647255",tl_rd22_48_cd118,Nathaniel Moran,Texas 1st,Texas,R,1541 LHOB,(202) 225-3035,education_and_the_workforce|foreign_affairs|judiciary,"0","0","0","0","0","1","0","1","0","0","0","0","0","1","0","0","0","0","0","0","0","0","0","0","0","0","50240",Department of Defense,Longhorn AAP,https://www.army.mil/,0.018937355251796,0.000028080650548
"48","4801","01",Congressional District 1,C2,"118",G5200,N,"24512591292","1047606100","+32.4896964","-094.5647255",tl_rd22_48_cd118,Nathaniel Moran,Texas 1st,Texas,R,1541 LHOB,(202) 225-3035,education_and_the_workforce|foreign_affairs|judiciary,"0","0","0","0","0","1","0","1","0","0","0","0","0","1","0","0","0","0","0","0","0","0","0","0","0","0","50241",Department of Defense,Longhorn AAP,https://www.army.mil/,0.005253026913640,0.000000324682053
"48","4801","01",Congressional District 1,C2,"118",G5200,N,"24512591292","1047606100","+32.4896964","-094.5647255",tl_rd22_48_cd118,Nathaniel Moran,Texas 1st,Texas,R,1541 LHOB,(202) 225-3035,education_and_the_workforce|foreign_affairs|judiciary,"0","0","0","0","0","1","0","1","0","0","0","0","0","1","0","0","0","0","0","0","0","0","0","0","0","0","50242",Department of Defense,Longhorn AAP,https://www.army.mil/,0.017791788972113,0.000019944322373
"48","4801","01",Congressional District 1,C2,"118",G5200,N,"24512591292","1047606100","+32.4896964","-094.5647255",tl_rd22_48_cd118,Nathaniel Moran,Texas 1st,Texas,R,1541 LHOB,(202) 225-3035,education_and_the_workforce|foreign_affairs|judiciary,"0","0","0","0","0","1","0","1","0","0","0","0","0","1","0","0","0","0","0","0","0","0","0","0","0","0","50243",Department of Defense,Longhorn AAP,https://www.army.mil/,0.077154288470037,0.000178573826265
"48","4801","01",Congressional District 1,C2,"118",G5200,N,"24512591292","1047606100","+32.4896964","-094.5647255",tl_rd22_48_cd118,Nathaniel Moran,Texas 1st,Texas,R,1541 LHOB,(202) 225-3035,education_and_the_workforce|foreign_affairs|judiciary,"0","0","0","0","0","1","0","1","0","0","0","0","0","1","0","0","0","0","0","0","0","0","0","0","0","0","50244",Department of Defense,Longhorn AAP,https://www.army.mil/,0.004088509501397,0.000000981790690
"48","4801","01",Congressional District 1,C2,"118",G5200,N,"24512591292","1047606100","+32.4896964","-094.5647255",tl_rd22_48_cd118,Nathaniel Moran,Texas 1st,Texas,R,1541 LHOB,(202) 225-3035,education_and_the_workforce|foreign_affairs|judiciary,"0","0","0","0","0","1","0","1","0","0","0","0","0","1","0","0","0","0","0","0","0","0","0","0","0","0","50245",Department of Defense,Longhorn AAP,https://www.army.mil/,0.025321103567562,0.000016092329745
"48","4801","01",Congressional District 1,C2,"118",G5200,N,"24512591292","1047606100","+32.4896964","-094.5647255",tl_rd22_48_cd118,Nathaniel Moran,Texas 1st,Texas,R,1541 LHOB,(202) 225-3035,education_and_the_workforce|foreign_affairs|judiciary,"0","0","0","0","0","1","0","1","0","0","0","0","0","1","0","0","0","0","0","0","0","0","0","0","0","0","50246",Department of Defense,Longhorn AAP,https://www.army.mil/,0.019497266555021,0.000012343340778
"48","4801","01",Congressional District 1,C2,"118",G5200,N,"24512591292","1047606100","+32.4896964","-094.5647255",tl_rd22_48_cd118,Nathaniel Moran,Texas 1st,Texas,R,1541 LHOB,(202) 225-3035,education_and_the_workforce|foreign_affairs|judiciary,"0","0","0","0","0","1","0","1","0","0","0","0","0","1","0","0","0","0","0","0","0","0","0","0","0","0","50247",Department of Defense,Longhorn AAP,https://www.army.mil/,0.011547718199083,0.000006792858339
"48","4801","01",Congressional District 1,C2,"118",G5200,N,"24512591292","1047606100","+32.4896964","-094.5647255",tl_rd22_48_cd118,Nathaniel Moran,Texas 1st,Texas,R,1541 LHOB,(202) 225-3035,education_and_the_workforce|foreign_affairs|judiciary,"0","0","0","0","0","1","0","1","0","0","0","0","0","1","0","0","0","0","0","0","0","0","0","0","0","0","50248",Department of Defense,Longhorn AAP,https://www.army.mil/,0.005607744404637,0.000001585084775
"48","4801","01",Congressional District 1,C2,"118",G5200,N,"24512591292","1047606100","+32.4896964","-094.5647255",tl_rd22_48_cd118,Nathaniel Moran,Texas 1st,Texas,R,1541 LHOB,(202) 225-3035,education_and_the_workforce|foreign_affairs|judiciary,"0","0","0","0","0","1","0","1","0","0","0","0","0","1","0","0","0","0","0","0","0","0","0","0","0","0","50249",Department of Defense,Longhorn AAP,https://www.army.mil/,0.011827667645497,0.000007698919782
"48","4801","01",Congressional District 1,C2,"118",G5200,N,"24512591292","1047606100","+32.4896964","-094.5647255",tl_rd22_48_cd118,Nathaniel Moran,Texas 1st,Texas,R,1541 LHOB,(202) 225-3035,education_and_the_workforce|foreign_affairs|judiciary,"0","0","0","0","0","1","0","1","0","0","0","0","0","1","0","0","0","0","0","0","0","0","0","0","0","0","50250",Department of Defense,Longhorn AAP,https://www.army.mil/,0.003805693486894,0.000000851014665
"48","4801","01",Congressional District 1,C2,"118",G5200,N,"24512591292","1047606100","+32.4896964","-094.5647255",tl_rd22_48_cd118,Nathaniel Moran,Texas 1st,Texas,R,1541 LHOB,(202) 225-3035,education_and_the_workforce|foreign_affairs|judiciary,"0","0","0","0","0","1","0","1","0","0","0","0","0","1","0","0","0","0","0","0","0","0","0","0","0","0","50251",Department of Defense,Longhorn AAP,https://www.army.mil/,0.156053769967702,0.000292405299921
"48","4801","01",Congressional District 1,C2,"118",G5200,N,"24512591292","1047606100","+32.4896964","-094.5647255",tl_rd22_48_cd118,Nathaniel Moran,Texas 1st,Texas,R,1541 LHOB,(202) 225-3035,education_and_the_workforce|foreign_affairs|judiciary,"0","0","0","0","0","1","0","1","0","0","0","0","0","1","0","0","0","0","0","0","0","0","0","0","0","0","50358",Department of Defense,Red River Army Depot,https://www.army.mil/,0.361140824091170,0.005853841824707
"48","4804","04",Congressional District 4,C2,"118",G5200,N,"13505943256","563072374","+33.4694232","-095.8246567",tl_rd22_48_cd118,Pat Fallon,Texas 4th,Texas,R,2416 RHOB,(202) 225-6673,armed_services|oversight_and_accountability,"0","0","1","1","0","0","0","0","0","0","0","0","0","0","0","0","0","0","0","0","0","0","0","0","0","0","49996",Department of Defense,NG Camp Maxey,https://www.nationalguard.mil/,0.370852328437747,0.002602486694083
"48","4804","04",Congressional District 4,C2,"118",G5200,N,"13505943256","563072374","+33.4694232","-095.8246567",tl_rd22_48_cd118,Pat Fallon,Texas 4th,Texas,R,2416 RHOB,(202) 225-6673,armed_services|oversight_and_accountability,"0","0","1","1","0","0","0","0","0","0","0","0","0","0","0","0","0","0","0","0","0","0","0","0","0","0","50358",Department of Defense,Red River Army Depot,https://www.army.mil/,0.361140824091170,0.005853841824707
"48","4810","10",Congressional District 10,C2,"118",G5200,N,"19858746355","342175344","+30.2092119","-096.5640501",tl_rd22_48_cd118,Michael McCaul,Texas 10th,Texas,R,2300 RHOB,(202) 225-2401,foreign_affairs|homeland_security,"0","0","0","0","0","1","1","0","0","0","0","0","0","0","0","0","0","0","0","0","0","0","0","0","0","0","50017",Department of Defense,NG Camp Swift,https://www.nationalguard.mil/,0.316575837726730,0.004446772685044
"48","4811","11",Congressional District 11,C2,"118",G5200,N,"49741730522","360602347","+31.3938385","-099.9805848",tl_rd22_48_cd118,August Pfluger,Texas 11th,Texas,R,1124 LHOB,(202) 225-3605,homeland_security|energy_and_commerce,"0","0","0","0","0","0","1","0","1","0","0","0","0","0","0","0","0","0","0","0","0","0","0","0","0","0","49981",Department of Defense,NG Camp Bowie (State),https://www.nationalguard.mil/,0.232364336856546,0.001956795054838
"48","4811","11",Congressional District 11,C2,"118",G5200,N,"49741730522","360602347","+31.3938385","-099.9805848",tl_rd22_48_cd118,August Pfluger,Texas 11th,Texas,R,1124 LHOB,(202) 225-3605,homeland_security|energy_and_commerce,"0","0","0","0","0","0","1","0","1","0","0","0","0","0","0","0","0","0","0","0","0","0","0","0","0","0","50560",Department of Defense,Goodfellow AFB,https://www.af.mil/,0.004237931476629,0.000000341761032
"48","4811","11",Congressional District 11,C2,"118",G5200,N,"49741730522","360602347","+31.3938385","-099.9805848",tl_rd22_48_cd118,August Pfluger,Texas 11th,Texas,R,1124 LHOB,(202) 225-3605,homeland_security|energy_and_commerce,"0","0","0","0","0","0","1","0","1","0","0","0","0","0","0","0","0","0","0","0","0","0","0","0","0","0","50561",Department of Defense,Goodfellow AFB,https://www.af.mil/,0.015143625080781,0.000011441324077
"48","4811","11",Congressional District 11,C2,"118",G5200,N,"49741730522","360602347","+31.3938385","-099.9805848",tl_rd22_48_cd118,August Pfluger,Texas 11th,Texas,R,1124 LHOB,(202) 225-3605,homeland_security|energy_and_commerce,"0","0","0","0","0","0","1","0","1","0","0","0","0","0","0","0","0","0","0","0","0","0","0","0","0","0","50562",Department of Defense,Goodfellow AFB,https://www.af.mil/,0.093506423636928,0.000414549451785
"48","4811","11",Congressional District 11,C2,"118",G5200,N,"49741730522","360602347","+31.3938385","-099.9805848",tl_rd22_48_cd118,August Pfluger,Texas 11th,Texas,R,1124 LHOB,(202) 225-3605,homeland_security|energy_and_commerce,"0","0","0","0","0","0","1","0","1","0","0","0","0","0","0","0","0","0","0","0","0","0","0","0","0","0","50563",Department of Defense,Goodfellow AFB,https://www.af.mil/,0.033033233321262,0.000038717473985
"48","4811","11",Congressional District 11,C2,"118",G5200,N,"49741730522","360602347","+31.3938385","-099.9805848",tl_rd22_48_cd118,August Pfluger,Texas 11th,Texas,R,1124 LHOB,(202) 225-3605,homeland_security|energy_and_commerce,"0","0","0","0","0","0","1","0","1","0","0","0","0","0","0","0","0","0","0","0","0","0","0","0","0","0","51369",Department of Defense,Fort Hood,https://www.army.mil/,2.594802598655854,0.084011023560203
"48","4815","15",Congressional District 15,C2,"118",G5200,N,"16136451448","168108324","+27.9642869","-098.1036986",tl_rd22_48_cd118,Monica De La Cruz,Texas 15th,Texas,R,1415 LHOB,(202) 225-9901,agriculture|financial_services,"0","1","0","0","0","0","0","0","0","0","1","0","0","0","0","0","0","0","0","0","0","0","0","0","0","0","50545",Department of Defense,Joint Base San Antonio,https://www.af.mil/,0.121177874002649,0.000344676217410
"48","4815","15",Congressional District 15,C2,"118",G5200,N,"16136451448","168108324","+27.9642869","-098.1036986",tl_rd22_48_cd118,Monica De La Cruz,Texas 15th,Texas,R,1415 LHOB,(202) 225-9901,agriculture|financial_services,"0","1","0","0","0","0","0","0","0","0","1","0","0","0","0","0","0","0","0","0","0","0","0","0","0","0","50546",Department of Defense,Joint Base San Antonio,https://www.af.mil/,0.005894968454487,0.000001527183917
"48","4815","15",Congressional District 15,C2,"118",G5200,N,"16136451448","168108324","+27.9642869","-098.1036986",tl_rd22_48_cd118,Monica De La Cruz,Texas 15th,Texas,R,1415 LHOB,(202) 225-9901,agriculture|financial_services,"0","1","0","0","0","0","0","0","0","0","1","0","0","0","0","0","0","0","0","0","0","0","0","0","0","0","50547",Department of Defense,Joint Base San Antonio,https://www.af.mil/,0.016771838527738,0.000013328709059
"48","4815","15",Congressional District 15,C2,"118",G5200,N,"16136451448","168108324","+27.9642869","-098.1036986",tl_rd22_48_cd118,Monica De La Cruz,Texas 15th,Texas,R,1415 LHOB,(202) 225-9901,agriculture|financial_services,"0","1","0","0","0","0","0","0","0","0","1","0","0","0","0","0","0","0","0","0","0","0","0","0","0","0","50548",Department of Defense,Joint Base San Antonio,https://www.af.mil/,0.003258932100082,0.000000448062801
"48","4815","15",Congressional District 15,C2,"118",G5200,N,"16136451448","168108324","+27.9642869","-098.1036986",tl_rd22_48_cd118,Monica De La Cruz,Texas 15th,Texas,R,1415 LHOB,(202) 225-9901,agriculture|financial_services,"0","1","0","0","0","0","0","0","0","0","1","0","0","0","0","0","0","0","0","0","0","0","0","0","0","0","50549",Department of Defense,Joint Base San Antonio,https://www.af.mil/,0.004903455429952,0.000001135542290
"48","4815","15",Congressional District 15,C2,"118",G5200,N,"16136451448","168108324","+27.9642869","-098.1036986",tl_rd22_48_cd118,Monica De La Cruz,Texas 15th,Texas,R,1415 LHOB,(202) 225-9901,agriculture|financial_services,"0","1","0","0","0","0","0","0","0","0","1","0","0","0","0","0","0","0","0","0","0","0","0","0","0","0","51263",Department of Defense,ALF Orange,https://www.navy.mil/,0.356374364752662,0.001254327845123
"48","4819","19",Congressional District 19,C2,"118",G5200,N,"78138928704","235456451","+33.1884575","-101.4436953",tl_rd22_48_cd118,Jodey Arrington,Texas 19th,Texas,R,1107 LHOB,(202) 225-4005,budget|ways_and_means,"0","0","0","0","0","0","0","0","0","1","0","0","0","0","1","0","0","0","0","0","0","0","0","0","0","0","50577",Department of Defense,Dyess AFB,https://www.af.mil/,0.230931646336653,0.002078938858945
"48","4819","19",Congressional District 19,C2,"118",G5200,N,"78138928704","235456451","+33.1884575","-101.4436953",tl_rd22_48_cd118,Jodey Arrington,Texas 19th,Texas,R,1107 LHOB,(202) 225-4005,budget|ways_and_means,"0","0","0","0","0","0","0","0","0","1","0","0","0","0","1","0","0","0","0","0","0","0","0","0","0","0","50578",Department of Defense,Dyess AFB,https://www.af.mil/,0.009729301901018,0.000003393227086
"48","4823","23",Congressional District 23,C2,"118",G5200,N,"152260805961","448320587","+30.3784090","-102.3570257",tl_rd22_48_cd118,Tony Gonzales,Texas 23rd,Texas,R,2244 RHOB,(202) 225-4511,appropriations|homeland_security,"1","0","0","0","0","0","1","0","0","0","0","0","0","0","0","0","0","0","0","0","0","0","0","0","0","0","50523",Department of Defense,Joint Base San Antonio,https://www.af.mil/,0.004789759329628,0.000001311800029
"48","4823","23",Congressional District 23,C2,"118",G5200,N,"152260805961","448320587","+30.3784090","-102.3570257",tl_rd22_48_cd118,Tony Gonzales,Texas 23rd,Texas,R,2244 RHOB,(202) 225-4511,appropriations|homeland_security,"1","0","0","0","0","0","1","0","0","0","0","0","0","0","0","0","0","0","0","0","0","0","0","0","0","0","50525",Department of Defense,Joint Base San Antonio,https://www.af.mil/,0.157213205773889,0.001493605435419
"48","4823","23",Congressional District 23,C2,"118",G5200,N,"152260805961","448320587","+30.3784090","-102.3570257",tl_rd22_48_cd118,Tony Gonzales,Texas 23rd,Texas,R,2244 RHOB,(202) 225-4511,appropriations|homeland_security,"1","0","0","0","0","0","1","0","0","0","0","0","0","0","0","0","0","0","0","0","0","0","0","0","0","0","50526",Department of Defense,Joint Base San Antonio,https://www.af.mil/,0.099725575817773,0.000440020210310
"48","4823","23",Congressional District 23,C2,"118",G5200,N,"152260805961","448320587","+30.3784090","-102.3570257",tl_rd22_48_cd118,Tony Gonzales,Texas 23rd,Texas,R,2244 RHOB,(202) 225-4511,appropriations|homeland_security,"1","0","0","0","0","0","1","0","0","0","0","0","0","0","0","0","0","0","0","0","0","0","0","0","0","0","50527",Department of Defense,Joint Base San Antonio,https://www.af.mil/,0.278243384238783,0.001931327526740
"48","4823","23",Congressional District 23,C2,"118",G5200,N,"152260805961","448320587","+30.3784090","-102.3570257",tl_rd22_48_cd118,Tony Gonzales,Texas 23rd,Texas,R,2244 RHOB,(202) 225-4511,appropriations|homeland_security,"1","0","0","0","0","0","1","0","0","0","0","0","0","0","0","0","0","0","0","0","0","0","0","0","0","0","50550",Department of Defense,Joint Base San Antonio,https://www.af.mil/,0.552852134342579,0.010556354496020
"48","4823","23",Congressional District 23,C2,"118",G5200,N,"152260805961","448320587","+30.3784090","-102.3570257",tl_rd22_48_cd118,Tony Gonzales,Texas 23rd,Texas,R,2244 RHOB,(202) 225-4511,appropriations|homeland_security,"1","0","0","0","0","0","1","0","0","0","0","0","0","0","0","0","0","0","0","0","0","0","0","0","0","0","50552",Department of Defense,Laughlin AFB Aux 1,https://www.af.mil/,0.063639393981429,0.000150687352741
"48","4823","23",Congressional District 23,C2,"118",G5200,N,"152260805961","448320587","+30.3784090","-102.3570257",tl_rd22_48_cd118,Tony Gonzales,Texas 23rd,Texas,R,2244 RHOB,(202) 225-4511,appropriations|homeland_security,"1","0","0","0","0","0","1","0","0","0","0","0","0","0","0","0","0","0","0","0","0","0","0","0","0","0","51321",Department of Defense,Laughlin AFB,https://www.af.mil/,0.004871098839130,0.000000940241397
"48","4823","23",Congressional District 23,C2,"118",G5200,N,"152260805961","448320587","+30.3784090","-102.3570257",tl_rd22_48_cd118,Tony Gonzales,Texas 23rd,Texas,R,2244 RHOB,(202) 225-4511,appropriations|homeland_security,"1","0","0","0","0","0","1","0","0","0","0","0","0","0","0","0","0","0","0","0","0","0","0","0","0","0","51322",Department of Defense,Laughlin AFB,https://www.af.mil/,0.030406013086130,0.000036529617253
"48","4823","23",Congressional District 23,C2,"118",G5200,N,"152260805961","448320587","+30.3784090","-102.3570257",tl_rd22_48_cd118,Tony Gonzales,Texas 23rd,Texas,R,2244 RHOB,(202) 225-4511,appropriations|homeland_security,"1","0","0","0","0","0","1","0","0","0","0","0","0","0","0","0","0","0","0","0","0","0","0","0","0","0","51323",Department of Defense,Laughlin AFB,https://www.af.mil/,0.167621997896150,0.001499333604417
"48","4823","23",Congressional District 23,C2,"118",G5200,N,"152260805961","448320587","+30.3784090","-102.3570257",tl_rd22_48_cd118,Tony Gonzales,Texas 23rd,Texas,R,2244 RHOB,(202) 225-4511,appropriations|homeland_security,"1","0","0","0","0","0","1","0","0","0","0","0","0","0","0","0","0","0","0","0","0","0","0","0","0","0","51359",Department of Defense,Fort Bliss,https://www.army.mil/,0.456498132975464,0.006249950595871
"48","4823","23",Congressional District 23,C2,"118",G5200,N,"152260805961","448320587","+30.3784090","-102.3570257",tl_rd22_48_cd118,Tony Gonzales,Texas 23rd,Texas,R,2244 RHOB,(202) 225-4511,appropriations|homeland_security,"1","0","0","0","0","0","1","0","0","0","0","0","0","0","0","0","0","0","0","0","0","0","0","0","0","0","51360",Department of Defense,Fort Bliss,https://www.army.mil/,0.214720956174001,0.002614136829029
"48","4823","23",Congressional District 23,C2,"118",G5200,N,"152260805961","448320587","+30.3784090","-102.3570257",tl_rd22_48_cd118,Tony Gonzales,Texas 23rd,Texas,R,2244 RHOB,(202) 225-4511,appropriations|homeland_security,"1","0","0","0","0","0","1","0","0","0","0","0","0","0","0","0","0","0","0","0","0","0","0","0","0","0","51362",Department of Defense,Fort Bliss,https://www.army.mil/,3.199901113422164,0.307380935862324
"48","4825","25",Congressional District 25,C2,"118",G5200,N,"23296714921","364495341","+32.5667056","-098.4408153",tl_rd22_48_cd118,Roger Williams,Texas 25th,Texas,R,2336 RHOB,(202) 225-9896,financial_services|small_business,"0","0","0","0","0","0","0","0","0","0","1","0","1","0","0","0","0","0","0","0","0","0","0","0","0","0","50171",Department of Defense,NG Fort Wolters,https://www.nationalguard.mil/,0.327302312950427,0.001591464122788
"48","4827","27",Congressional District 27,C2,"118",G5200,N,"27008344343","3216126603","+28.7484113","-097.2271464",tl_rd22_48_cd118,Michael Cloud,Texas 27th,Texas,R,171 CHOB,(202) 225-7742,appropriations|select_subcommittee_on_the_coronavirus_pandemic,"1","0","0","0","0","0","0","0","0","0","0","0","0","0","0","0","0","0","0","1","0","0","0","0","0","0","50988",Department of Defense,NALF Goliad,https://www.navy.mil/,0.152395580833514,0.000424385029077
"48","4827","27",Congressional District 27,C2,"118",G5200,N,"27008344343","3216126603","+28.7484113","-097.2271464",tl_rd22_48_cd118,Michael Cloud,Texas 27th,Texas,R,171 CHOB,(202) 225-7742,appropriations|select_subcommittee_on_the_coronavirus_pandemic,"1","0","0","0","0","0","0","0","0","0","0","0","0","0","0","0","0","0","0","1","0","0","0","0","0","0","50994",Department of Defense,ALF Cabaniss,https://www.navy.mil/,0.013256497472858,0.000001075849385
"48","4827","27",Congressional District 27,C2,"118",G5200,N,"27008344343","3216126603","+28.7484113","-097.2271464",tl_rd22_48_cd118,Michael Cloud,Texas 27th,Texas,R,171 CHOB,(202) 225-7742,appropriations|select_subcommittee_on_the_coronavirus_pandemic,"1","0","0","0","0","0","0","0","0","0","0","0","0","0","0","0","0","0","0","1","0","0","0","0","0","0","50995",Department of Defense,ALF Cabaniss,https://www.navy.mil/,0.101746902041687,0.000323313978833
"48","4827","27",Congressional District 27,C2,"118",G5200,N,"27008344343","3216126603","+28.7484113","-097.2271464",tl_rd22_48_cd118,Michael Cloud,Texas 27th,Texas,R,171 CHOB,(202) 225-7742,appropriations|select_subcommittee_on_the_coronavirus_pandemic,"1","0","0","0","0","0","0","0","0","0","0","0","0","0","0","0","0","0","0","1","0","0","0","0","0","0","50996",Department of Defense,ALF Cabaniss,https://www.navy.mil/,0.037290736159851,0.000029189364552
"48","4827","27",Congressional District 27,C2,"118",G5200,N,"27008344343","3216126603","+28.7484113","-097.2271464",tl_rd22_48_cd118,Michael Cloud,Texas 27th,Texas,R,171 CHOB,(202) 225-7742,appropriations|select_subcommittee_on_the_coronavirus_pandemic,"1","0","0","0","0","0","0","0","0","0","0","0","0","0","0","0","0","0","0","1","0","0","0","0","0","0","50997",Department of Defense,ALF Cabaniss,https://www.navy.mil/,0.012214966063563,0.000007738154891
"48","4827","27",Congressional District 27,C2,"118",G5200,N,"27008344343","3216126603","+28.7484113","-097.2271464",tl_rd22_48_cd118,Michael Cloud,Texas 27th,Texas,R,171 CHOB,(202) 225-7742,appropriations|select_subcommittee_on_the_coronavirus_pandemic,"1","0","0","0","0","0","0","0","0","0","0","0","0","0","0","0","0","0","0","1","0","0","0","0","0","0","50998",Department of Defense,ALF Cabaniss,https://www.navy.mil/,0.012483097682981,0.000008573488687
"48","4827","27",Congressional District 27,C2,"118",G5200,N,"27008344343","3216126603","+28.7484113","-097.2271464",tl_rd22_48_cd118,Michael Cloud,Texas 27th,Texas,R,171 CHOB,(202) 225-7742,appropriations|select_subcommittee_on_the_coronavirus_pandemic,"1","0","0","0","0","0","0","0","0","0","0","0","0","0","0","0","0","0","0","1","0","0","0","0","0","0","50999",Department of Defense,ALF Waldron,https://www.navy.mil/,0.029832891012095,0.000029871879863
"48","4827","27",Congressional District 27,C2,"118",G5200,N,"27008344343","3216126603","+28.7484113","-097.2271464",tl_rd22_48_cd118,Michael Cloud,Texas 27th,Texas,R,171 CHOB,(202) 225-7742,appropriations|select_subcommittee_on_the_coronavirus_pandemic,"1","0","0","0","0","0","0","0","0","0","0","0","0","0","0","0","0","0","0","1","0","0","0","0","0","0","51000",Department of Defense,ALF Waldron,https://www.navy.mil/,0.019629978860259,0.000014794548475
"48","4827","27",Congressional District 27,C2,"118",G5200,N,"27008344343","3216126603","+28.7484113","-097.2271464",tl_rd22_48_cd118,Michael Cloud,Texas 27th,Texas,R,171 CHOB,(202) 225-7742,appropriations|select_subcommittee_on_the_coronavirus_pandemic,"1","0","0","0","0","0","0","0","0","0","0","0","0","0","0","0","0","0","0","1","0","0","0","0","0","0","51001",Department of Defense,ALF Waldron,https://www.navy.mil/,0.000932743605210,0.000000049186825
"48","4827","27",Congressional District 27,C2,"118",G5200,N,"27008344343","3216126603","+28.7484113","-097.2271464",tl_rd22_48_cd118,Michael Cloud,Texas 27th,Texas,R,171 CHOB,(202) 225-7742,appropriations|select_subcommittee_on_the_coronavirus_pandemic,"1","0","0","0","0","0","0","0","0","0","0","0","0","0","0","0","0","0","0","1","0","0","0","0","0","0","51002",Department of Defense,ALF Waldron,https://www.navy.mil/,0.002815306976260,0.000000368256064
"48","4827","27",Congressional District 27,C2,"118",G5200,N,"27008344343","3216126603","+28.7484113","-097.2271464",tl_rd22_48_cd118,Michael Cloud,Texas 27th,Texas,R,171 CHOB,(202) 225-7742,appropriations|select_subcommittee_on_the_coronavirus_pandemic,"1","0","0","0","0","0","0","0","0","0","0","0","0","0","0","0","0","0","0","1","0","0","0","0","0","0","51003",Department of Defense,ALF Waldron,https://www.navy.mil/,0.026417788732204,0.000024628362734
"48","4827","27",Congressional District 27,C2,"118",G5200,N,"27008344343","3216126603","+28.7484113","-097.2271464",tl_rd22_48_cd118,Michael Cloud,Texas 27th,Texas,R,171 CHOB,(202) 225-7742,appropriations|select_subcommittee_on_the_coronavirus_pandemic,"1","0","0","0","0","0","0","0","0","0","0","0","0","0","0","0","0","0","0","1","0","0","0","0","0","0","51004",Department of Defense,ALF Waldron,https://www.navy.mil/,0.069259539132133,0.000242993342467
"48","4827","27",Congressional District 27,C2,"118",G5200,N,"27008344343","3216126603","+28.7484113","-097.2271464",tl_rd22_48_cd118,Michael Cloud,Texas 27th,Texas,R,171 CHOB,(202) 225-7742,appropriations|select_subcommittee_on_the_coronavirus_pandemic,"1","0","0","0","0","0","0","0","0","0","0","0","0","0","0","0","0","0","0","1","0","0","0","0","0","0","51005",Department of Defense,ALF Waldron,https://www.navy.mil/,0.027429293902154,0.000013917894917
"48","4827","27",Congressional District 27,C2,"118",G5200,N,"27008344343","3216126603","+28.7484113","-097.2271464",tl_rd22_48_cd118,Michael Cloud,Texas 27th,Texas,R,171 CHOB,(202) 225-7742,appropriations|select_subcommittee_on_the_coronavirus_pandemic,"1","0","0","0","0","0","0","0","0","0","0","0","0","0","0","0","0","0","0","1","0","0","0","0","0","0","51055",Department of Defense,NAS Corpus Christi TX,https://www.navy.mil/,0.006667016310219,0.000000618081479
"48","4827","27",Congressional District 27,C2,"118",G5200,N,"27008344343","3216126603","+28.7484113","-097.2271464",tl_rd22_48_cd118,Michael Cloud,Texas 27th,Texas,R,171 CHOB,(202) 225-7742,appropriations|select_subcommittee_on_the_coronavirus_pandemic,"1","0","0","0","0","0","0","0","0","0","0","0","0","0","0","0","0","0","0","1","0","0","0","0","0","0","51056",Department of Defense,NAS Corpus Christi TX,https://www.navy.mil/,0.261035113857984,0.001067159757081
"48","4828","28",Congressional District 28,C2,"118",G5200,N,"29415111890","291657510","+27.7069786","-098.8616303",tl_rd22_48_cd118,Henry Cuellar,Texas 28th,Texas,D,2372 RHOB,(202) 225-1640,appropriations,"1","0","0","0","0","0","0","0","0","0","0","0","0","0","0","0","0","0","0","0","0","0","0","0","0","0","50261",Department of Defense,NG Martindale - AASF,https://www.nationalguard.mil/,0.046489509904015,0.000082161428012
"48","4828","28",Congressional District 28,C2,"118",G5200,N,"29415111890","291657510","+27.7069786","-098.8616303",tl_rd22_48_cd118,Henry Cuellar,Texas 28th,Texas,D,2372 RHOB,(202) 225-1640,appropriations,"1","0","0","0","0","0","0","0","0","0","0","0","0","0","0","0","0","0","0","0","0","0","0","0","0","0","50533",Department of Defense,Joint Base San Antonio,https://www.af.mil/,0.001502752688304,0.000000140026629
"48","4828","28",Congressional District 28,C2,"118",G5200,N,"29415111890","291657510","+27.7069786","-098.8616303",tl_rd22_48_cd118,Henry Cuellar,Texas 28th,Texas,D,2372 RHOB,(202) 225-1640,appropriations,"1","0","0","0","0","0","0","0","0","0","0","0","0","0","0","0","0","0","0","0","0","0","0","0","0","0","50534",Department of Defense,Joint Base San Antonio,https://www.af.mil/,0.011600466441648,0.000002282723794
"48","4828","28",Congressional District 28,C2,"118",G5200,N,"29415111890","291657510","+27.7069786","-098.8616303",tl_rd22_48_cd118,Henry Cuellar,Texas 28th,Texas,D,2372 RHOB,(202) 225-1640,appropriations,"1","0","0","0","0","0","0","0","0","0","0","0","0","0","0","0","0","0","0","0","0","0","0","0","0","0","50535",Department of Defense,Joint Base San Antonio,https://www.af.mil/,0.002155276192123,0.000000236243939
"48","4828","28",Congressional District 28,C2,"118",G5200,N,"29415111890","291657510","+27.7069786","-098.8616303",tl_rd22_48_cd118,Henry Cuellar,Texas 28th,Texas,D,2372 RHOB,(202) 225-1640,appropriations,"1","0","0","0","0","0","0","0","0","0","0","0","0","0","0","0","0","0","0","0","0","0","0","0","0","0","50536",Department of Defense,Joint Base San Antonio,https://www.af.mil/,0.006504908750344,0.000001433999181
"48","4828","28",Congressional District 28,C2,"118",G5200,N,"29415111890","291657510","+27.7069786","-098.8616303",tl_rd22_48_cd118,Henry Cuellar,Texas 28th,Texas,D,2372 RHOB,(202) 225-1640,appropriations,"1","0","0","0","0","0","0","0","0","0","0","0","0","0","0","0","0","0","0","0","0","0","0","0","0","0","50537",Department of Defense,Joint Base San Antonio,https://www.af.mil/,0.002928972139861,0.000000531141710
"48","4828","28",Congressional District 28,C2,"118",G5200,N,"29415111890","291657510","+27.7069786","-098.8616303",tl_rd22_48_cd118,Henry Cuellar,Texas 28th,Texas,D,2372 RHOB,(202) 225-1640,appropriations,"1","0","0","0","0","0","0","0","0","0","0","0","0","0","0","0","0","0","0","0","0","0","0","0","0","0","50538",Department of Defense,Joint Base San Antonio,https://www.af.mil/,0.015136004222628,0.000009222415217
"48","4828","28",Congressional District 28,C2,"118",G5200,N,"29415111890","291657510","+27.7069786","-098.8616303",tl_rd22_48_cd118,Henry Cuellar,Texas 28th,Texas,D,2372 RHOB,(202) 225-1640,appropriations,"1","0","0","0","0","0","0","0","0","0","0","0","0","0","0","0","0","0","0","0","0","0","0","0","0","0","50539",Department of Defense,Joint Base San Antonio,https://www.af.mil/,0.002915761688346,0.000000524819960
"48","4828","28",Congressional District 28,C2,"118",G5200,N,"29415111890","291657510","+27.7069786","-098.8616303",tl_rd22_48_cd118,Henry Cuellar,Texas 28th,Texas,D,2372 RHOB,(202) 225-1640,appropriations,"1","0","0","0","0","0","0","0","0","0","0","0","0","0","0","0","0","0","0","0","0","0","0","0","0","0","50540",Department of Defense,Joint Base San Antonio,https://www.af.mil/,0.003898766230727,0.000000662738285
"48","4828","28",Congressional District 28,C2,"118",G5200,N,"29415111890","291657510","+27.7069786","-098.8616303",tl_rd22_48_cd118,Henry Cuellar,Texas 28th,Texas,D,2372 RHOB,(202) 225-1640,appropriations,"1","0","0","0","0","0","0","0","0","0","0","0","0","0","0","0","0","0","0","0","0","0","0","0","0","0","50541",Department of Defense,Joint Base San Antonio,https://www.af.mil/,0.159229515425532,0.001020848262940
"48","4828","28",Congressional District 28,C2,"118",G5200,N,"29415111890","291657510","+27.7069786","-098.8616303",tl_rd22_48_cd118,Henry Cuellar,Texas 28th,Texas,D,2372 RHOB,(202) 225-1640,appropriations,"1","0","0","0","0","0","0","0","0","0","0","0","0","0","0","0","0","0","0","0","0","0","0","0","0","0","50542",Department of Defense,Joint Base San Antonio,https://www.af.mil/,0.011052925970299,0.000004036919912
"48","4828","28",Congressional District 28,C2,"118",G5200,N,"29415111890","291657510","+27.7069786","-098.8616303",tl_rd22_48_cd118,Henry Cuellar,Texas 28th,Texas,D,2372 RHOB,(202) 225-1640,appropriations,"1","0","0","0","0","0","0","0","0","0","0","0","0","0","0","0","0","0","0","0","0","0","0","0","0","0","50543",Department of Defense,Joint Base San Antonio,https://www.af.mil/,0.002285464978494,0.000000311060661
"48","4828","28",Congressional District 28,C2,"118",G5200,N,"29415111890","291657510","+27.7069786","-098.8616303",tl_rd22_48_cd118,Henry Cuellar,Texas 28th,Texas,D,2372 RHOB,(202) 225-1640,appropriations,"1","0","0","0","0","0","0","0","0","0","0","0","0","0","0","0","0","0","0","0","0","0","0","0","0","0","50544",Department of Defense,Joint Base San Antonio,https://www.af.mil/,0.011183232112750,0.000004635405326
"48","4828","28",Congressional District 28,C2,"118",G5200,N,"29415111890","291657510","+27.7069786","-098.8616303",tl_rd22_48_cd118,Henry Cuellar,Texas 28th,Texas,D,2372 RHOB,(202) 225-1640,appropriations,"1","0","0","0","0","0","0","0","0","0","0","0","0","0","0","0","0","0","0","0","0","0","0","0","0","0","51075",Department of Defense,Dixie Target Range,https://www.navy.mil/,0.287943656486559,0.002911345531335
"48","4828","28",Congressional District 28,C2,"118",G5200,N,"29415111890","291657510","+27.7069786","-098.8616303",tl_rd22_48_cd118,Henry Cuellar,Texas 28th,Texas,D,2372 RHOB,(202) 225-1640,appropriations,"1","0","0","0","0","0","0","0","0","0","0","0","0","0","0","0","0","0","0","0","0","0","0","0","0","0","51282",Department of Defense,Brooks AFB,https://www.af.mil/,0.095743301963874,0.000491535750386
"48","4828","28",Congressional District 28,C2,"118",G5200,N,"29415111890","291657510","+27.7069786","-098.8616303",tl_rd22_48_cd118,Henry Cuellar,Texas 28th,Texas,D,2372 RHOB,(202) 225-1640,appropriations,"1","0","0","0","0","0","0","0","0","0","0","0","0","0","0","0","0","0","0","0","0","0","0","0","0","0","51495",Department of Defense,Yankee Target Range,https://www.navy.mil/,0.003053106822961,0.000000575249153
"48","4828","28",Congressional District 28,C2,"118",G5200,N,"29415111890","291657510","+27.7069786","-098.8616303",tl_rd22_48_cd118,Henry Cuellar,Texas 28th,Texas,D,2372 RHOB,(202) 225-1640,appropriations,"1","0","0","0","0","0","0","0","0","0","0","0","0","0","0","0","0","0","0","0","0","0","0","0","0","0","51496",Department of Defense,Yankee Target Range,https://www.navy.mil/,0.134397035614328,0.001096654462178
"48","4831","31",Congressional District 31,C2,"118",G5200,N,"14537229868","259101900","+31.2412960","-097.8098235",tl_rd22_48_cd118,John Carter,Texas 31st,Texas,R,2208 RHOB,(202) 225-3864,appropriations,"1","0","0","0","0","0","0","0","0","0","0","0","0","0","0","0","0","0","0","0","0","0","0","0","0","0","51369",Department of Defense,Fort Hood,https://www.army.mil/,2.594802598655854,0.084011023560203
"48","4812","12",Congressional District 12,C2,"118",G5200,N,"2498587163","78075266","+32.8213284","-097.6645150",tl_rd22_48_cd118,Kay Granger,Texas 12th,Texas,R,2308 RHOB,(202) 225-5071,appropriations,"1","0","0","0","0","0","0","0","0","0","0","0","0","0","0","0","0","0","0","0","0","0","0","0","0","0","50170",Department of Defense,NG Fort Wolters,https://www.nationalguard.mil/,0.006217729708396,0.000002379107066
"48","4812","12",Congressional District 12,C2,"118",G5200,N,"2498587163","78075266","+32.8213284","-097.6645150",tl_rd22_48_cd118,Kay Granger,Texas 12th,Texas,R,2308 RHOB,(202) 225-5071,appropriations,"1","0","0","0","0","0","0","0","0","0","0","0","0","0","0","0","0","0","0","0","0","0","0","0","0","0","50171",Department of Defense,NG Fort Wolters,https://www.nationalguard.mil/,0.327302312950427,0.001591464122788
"48","4812","12",Congressional District 12,C2,"118",G5200,N,"2498587163","78075266","+32.8213284","-097.6645150",tl_rd22_48_cd118,Kay Granger,Texas 12th,Texas,R,2308 RHOB,(202) 225-5071,appropriations,"1","0","0","0","0","0","0","0","0","0","0","0","0","0","0","0","0","0","0","0","0","0","0","0","0","0","50172",Department of Defense,NG Fort Worth - Shoreview,https://www.nationalguard.mil/,0.030229633957064,0.000032336465144
"48","4812","12",Congressional District 12,C2,"118",G5200,N,"2498587163","78075266","+32.8213284","-097.6645150",tl_rd22_48_cd118,Kay Granger,Texas 12th,Texas,R,2308 RHOB,(202) 225-5071,appropriations,"1","0","0","0","0","0","0","0","0","0","0","0","0","0","0","0","0","0","0","0","0","0","0","0","0","0","50372",Department of Defense,NG Saginaw,https://www.nationalguard.mil/,0.045701174774739,0.000057444112865
"48","4812","12",Congressional District 12,C2,"118",G5200,N,"2498587163","78075266","+32.8213284","-097.6645150",tl_rd22_48_cd118,Kay Granger,Texas 12th,Texas,R,2308 RHOB,(202) 225-5071,appropriations,"1","0","0","0","0","0","0","0","0","0","0","0","0","0","0","0","0","0","0","0","0","0","0","0","0","0","51074",Department of Defense,NAS Fort Worth JRB TX,https://www.navy.mil/,0.177751797389090,0.000696129251652
"48","4812","12",Congressional District 12,C2,"118",G5200,N,"2498587163","78075266","+32.8213284","-097.6645150",tl_rd22_48_cd118,Kay Granger,Texas 12th,Texas,R,2308 RHOB,(202) 225-5071,appropriations,"1","0","0","0","0","0","0","0","0","0","0","0","0","0","0","0","0","0","0","0","0","0","0","0","0","0","51291",Department of Defense,Air Force Plant 4,https://www.af.mil/,0.063120480677140,0.000178241577069
"48","4833","33",Congressional District 33,C2,"118",G5200,N,"566408309","17957946","+32.6929076","-097.2546071",tl_rd22_48_cd118,Marc Veasey,Texas 33rd,Texas,D,2348 RHOB,(202) 225-9897,armed_services|energy_and_commerce,"0","0","0","1","0","0","0","0","1","0","0","0","0","0","0","0","0","0","0","0","0","0","0","0","0","0","50181",Department of Defense,Grand Prairie Reserve Complex,https://www.usar.army.mil/,0.024779065024485,0.000029044637186
"48","4834","34",Congressional District 34,C2,"118",G5200,N,"10675151903","3310402980","+26.7281401","-097.6059239",tl_rd22_48_cd118,Vicente Gonzalez,Texas 34th,Texas,D,154 CHOB,(202) 225-2531,financial_services,"0","0","0","0","0","0","0","0","0","0","1","0","0","0","0","0","0","0","0","0","0","0","0","0","0","0","51260",Department of Defense,NAS Kingsville TX,https://www.navy.mil/,0.031546206811058,0.000062181579742
"48","4834","34",Congressional District 34,C2,"118",G5200,N,"10675151903","3310402980","+26.7281401","-097.6059239",tl_rd22_48_cd118,Vicente Gonzalez,Texas 34th,Texas,D,154 CHOB,(202) 225-2531,financial_services,"0","0","0","0","0","0","0","0","0","0","1","0","0","0","0","0","0","0","0","0","0","0","0","0","0","0","51261",Department of Defense,NAS Kingsville TX,https://www.navy.mil/,0.211145095082038,0.001355270223541
"48","4834","34",Congressional District 34,C2,"118",G5200,N,"10675151903","3310402980","+26.7281401","-097.6059239",tl_rd22_48_cd118,Vicente Gonzalez,Texas 34th,Texas,D,154 CHOB,(202) 225-2531,financial_services,"0","0","0","0","0","0","0","0","0","0","1","0","0","0","0","0","0","0","0","0","0","0","0","0","0","0","51262",Department of Defense,NAS Kingsville TX,https://www.navy.mil/,0.038431965300810,0.000058007118244
"48","4813","13",Congressional District 13,C2,"118",G5200,N,"90919300438","665106666","+34.9281693","-100.7089677",tl_rd22_48_cd118,Ronny Jackson,Texas 13th,Texas,R,446 CHOB,(202) 225-3706,agriculture|armed_services|foreign_affairs|select_subcommittee_on_the_coronavirus_pandemic,"0","1","0","1","0","1","0","0","0","0","0","0","0","0","0","0","0","0","0","1","0","0","0","0","0","0","51467",Department of Defense,Sheppard AFB,https://www.af.mil/,0.196167328809063,0.001770167375003
"48","4835","35",Congressional District 35,C2,"118",G5200,N,"1348659693","17477886","+30.0078722","-097.8392996",tl_rd22_48_cd118,Greg Casar,Texas 35th,Texas,D,1339 LHOB,(202) 225-5645,agriculture|oversight_and_accountability,"0","1","1","0","0","0","0","0","0","0","0","0","0","0","0","0","0","0","0","0","0","0","0","0","0","0","49964",Department of Defense,NG Bergstrom - (Abia),https://www.nationalguard.mil/,0.018715553992821,0.000022763979257
"48","4835","35",Congressional District 35,C2,"118",G5200,N,"1348659693","17477886","+30.0078722","-097.8392996",tl_rd22_48_cd118,Greg Casar,Texas 35th,Texas,D,1339 LHOB,(202) 225-5645,agriculture|oversight_and_accountability,"0","1","1","0","0","0","0","0","0","0","0","0","0","0","0","0","0","0","0","0","0","0","0","0","0","0","50528",Department of Defense,Joint Base San Antonio,https://www.af.mil/,0.002854716000002,0.000000507664496
"48","4835","35",Congressional District 35,C2,"118",G5200,N,"1348659693","17477886","+30.0078722","-097.8392996",tl_rd22_48_cd118,Greg Casar,Texas 35th,Texas,D,1339 LHOB,(202) 225-5645,agriculture|oversight_and_accountability,"0","1","1","0","0","0","0","0","0","0","0","0","0","0","0","0","0","0","0","0","0","0","0","0","0","0","50530",Department of Defense,Joint Base San Antonio,https://www.af.mil/,0.265141678304155,0.001023398672486
"48","4835","35",Congressional District 35,C2,"118",G5200,N,"1348659693","17477886","+30.0078722","-097.8392996",tl_rd22_48_cd118,Greg Casar,Texas 35th,Texas,D,1339 LHOB,(202) 225-5645,agriculture|oversight_and_accountability,"0","1","1","0","0","0","0","0","0","0","0","0","0","0","0","0","0","0","0","0","0","0","0","0","0","0","50531",Department of Defense,Joint Base San Antonio,https://www.af.mil/,0.020480290439699,0.000022044629249
"48","4835","35",Congressional District 35,C2,"118",G5200,N,"1348659693","17477886","+30.0078722","-097.8392996",tl_rd22_48_cd118,Greg Casar,Texas 35th,Texas,D,1339 LHOB,(202) 225-5645,agriculture|oversight_and_accountability,"0","1","1","0","0","0","0","0","0","0","0","0","0","0","0","0","0","0","0","0","0","0","0","0","0","0","50532",Department of Defense,Joint Base San Antonio,https://www.af.mil/,0.019513788148074,0.000018784185962
"48","4836","36",Congressional District 36,C2,"118",G5200,N,"15396172336","974263017","+30.3685502","-094.3770652",tl_rd22_48_cd118,Brian Babin,Texas 36th,Texas,R,2236 RHOB,(202) 225-1555,transportation_and_infrastructure|science_space_and_technology,"0","0","0","0","0","0","0","0","0","0","0","1","0","0","0","0","0","0","0","0","1","0","0","0","0","0","50721",Department of Defense,Ellington Field Joint Reserve Base,https://www.ang.af.mil/,0.043206835813924,0.000078850680769
"48","4836","36",Congressional District 36,C2,"118",G5200,N,"15396172336","974263017","+30.3685502","-094.3770652",tl_rd22_48_cd118,Brian Babin,Texas 36th,Texas,R,2236 RHOB,(202) 225-1555,transportation_and_infrastructure|science_space_and_technology,"0","0","0","0","0","0","0","0","0","0","0","1","0","0","0","0","0","0","0","0","1","0","0","0","0","0","50722",Department of Defense,Ellington Field Joint Reserve Base,https://www.ang.af.mil/,0.005738503427995,0.000001260991961
"48","4836","36",Congressional District 36,C2,"118",G5200,N,"15396172336","974263017","+30.3685502","-094.3770652",tl_rd22_48_cd118,Brian Babin,Texas 36th,Texas,R,2236 RHOB,(202) 225-1555,transportation_and_infrastructure|science_space_and_technology,"0","0","0","0","0","0","0","0","0","0","0","1","0","0","0","0","0","0","0","0","1","0","0","0","0","0","50723",Department of Defense,Ellington Field Joint Reserve Base,https://www.ang.af.mil/,0.002901867567904,0.000000263460429
"48","4837","37",Congressional District 37,C2,"118",G5200,N,"578809721","9175198","+30.3005289","-097.7743605",tl_rd22_48_cd118,Lloyd Doggett,Texas 37th,Texas,D,2307 RHOB,(202) 225-4865,budget|joint_committee_on_taxation|ways_and_means,"0","0","0","0","0","0","0","0","0","1","0","0","0","0","1","0","1","0","0","0","0","0","0","0","0","0","49993",Department of Defense,NG Camp Mabry,https://www.nationalguard.mil/,0.054914327825853,0.000139709236046
"48","4837","37",Congressional District 37,C2,"118",G5200,N,"578809721","9175198","+30.3005289","-097.7743605",tl_rd22_48_cd118,Lloyd Doggett,Texas 37th,Texas,D,2307 RHOB,(202) 225-4865,budget|joint_committee_on_taxation|ways_and_means,"0","0","0","0","0","0","0","0","0","1","0","0","0","0","1","0","1","0","0","0","0","0","0","0","0","0","51531",Department of Defense,Army Futures Command,https://www.army.mil/,0.000066963999984,0.000000000278760
"48","4816","16",Congressional District 16,C2,"118",G5200,N,"816965869","2419312","+31.8121490","-106.4056841",tl_rd22_48_cd118,Veronica Escobar,Texas 16th,Texas,D,2448 RHOB,(202) 225-4831,armed_services|judiciary|ethics,"0","0","0","1","0","0","0","0","0","0","0","0","0","1","0","0","0","0","0","0","0","0","0","1","0","0","51356",Department of Defense,Fort Bliss,https://www.army.mil/,0.151502067155035,0.001116523994820
"48","4816","16",Congressional District 16,C2,"118",G5200,N,"816965869","2419312","+31.8121490","-106.4056841",tl_rd22_48_cd118,Veronica Escobar,Texas 16th,Texas,D,2448 RHOB,(202) 225-4831,armed_services|judiciary|ethics,"0","0","0","1","0","0","0","0","0","0","0","0","0","1","0","0","0","0","0","0","0","0","0","1","0","0","51357",Department of Defense,Fort Bliss,https://www.army.mil/,0.007255760914482,0.000002620435943
"48","4816","16",Congressional District 16,C2,"118",G5200,N,"816965869","2419312","+31.8121490","-106.4056841",tl_rd22_48_cd118,Veronica Escobar,Texas 16th,Texas,D,2448 RHOB,(202) 225-4831,armed_services|judiciary|ethics,"0","0","0","1","0","0","0","0","0","0","0","0","0","1","0","0","0","0","0","0","0","0","0","1","0","0","51358",Department of Defense,Fort Bliss,https://www.army.mil/,0.009034290634643,0.000005494034984
"48","4816","16",Congressional District 16,C2,"118",G5200,N,"816965869","2419312","+31.8121490","-106.4056841",tl_rd22_48_cd118,Veronica Escobar,Texas 16th,Texas,D,2448 RHOB,(202) 225-4831,armed_services|judiciary|ethics,"0","0","0","1","0","0","0","0","0","0","0","0","0","1","0","0","0","0","0","0","0","0","0","1","0","0","51359",Department of Defense,Fort Bliss,https://www.army.mil/,0.456498132975464,0.006249950595871
"48","4816","16",Congressional District 16,C2,"118",G5200,N,"816965869","2419312","+31.8121490","-106.4056841",tl_rd22_48_cd118,Veronica Escobar,Texas 16th,Texas,D,2448 RHOB,(202) 225-4831,armed_services|judiciary|ethics,"0","0","0","1","0","0","0","0","0","0","0","0","0","1","0","0","0","0","0","0","0","0","0","1","0","0","51360",Department of Defense,Fort Bliss,https://www.army.mil/,0.214720956174001,0.002614136829029
"48","4816","16",Congressional District 16,C2,"118",G5200,N,"816965869","2419312","+31.8121490","-106.4056841",tl_rd22_48_cd118,Veronica Escobar,Texas 16th,Texas,D,2448 RHOB,(202) 225-4831,armed_services|judiciary|ethics,"0","0","0","1","0","0","0","0","0","0","0","0","0","1","0","0","0","0","0","0","0","0","0","1","0","0","51362",Department of Defense,Fort Bliss,https://www.army.mil/,3.199901113422164,0.307380935862324
"48","4820","20",Congressional District 20,C2,"118",G5200,N,"464891982","1244115","+29.4553754","-098.6182940",tl_rd22_48_cd118,Joaquin Castro,Texas 20th,Texas,D,2241 RHOB,(202) 225-3236,foreign_affairs|Intelligence,"0","0","0","0","0","1","0","0","0","0","0","0","0","0","0","0","0","0","1","0","0","0","0","0","0","0","50523",Department of Defense,Joint Base San Antonio,https://www.af.mil/,0.004789759329628,0.000001311800029
"48","4820","20",Congressional District 20,C2,"118",G5200,N,"464891982","1244115","+29.4553754","-098.6182940",tl_rd22_48_cd118,Joaquin Castro,Texas 20th,Texas,D,2241 RHOB,(202) 225-3236,foreign_affairs|Intelligence,"0","0","0","0","0","1","0","0","0","0","0","0","0","0","0","0","0","0","1","0","0","0","0","0","0","0","50524",Department of Defense,Joint Base San Antonio,https://www.af.mil/,0.054336806081138,0.000139242782323
"48","4820","20",Congressional District 20,C2,"118",G5200,N,"464891982","1244115","+29.4553754","-098.6182940",tl_rd22_48_cd118,Joaquin Castro,Texas 20th,Texas,D,2241 RHOB,(202) 225-3236,foreign_affairs|Intelligence,"0","0","0","0","0","1","0","0","0","0","0","0","0","0","0","0","0","0","1","0","0","0","0","0","0","0","50525",Department of Defense,Joint Base San Antonio,https://www.af.mil/,0.157213205773889,0.001493605435419
"48","4820","20",Congressional District 20,C2,"118",G5200,N,"464891982","1244115","+29.4553754","-098.6182940",tl_rd22_48_cd118,Joaquin Castro,Texas 20th,Texas,D,2241 RHOB,(202) 225-3236,foreign_affairs|Intelligence,"0","0","0","0","0","1","0","0","0","0","0","0","0","0","0","0","0","0","1","0","0","0","0","0","0","0","50526",Department of Defense,Joint Base San Antonio,https://www.af.mil/,0.099725575817773,0.000440020210310
"48","4820","20",Congressional District 20,C2,"118",G5200,N,"464891982","1244115","+29.4553754","-098.6182940",tl_rd22_48_cd118,Joaquin Castro,Texas 20th,Texas,D,2241 RHOB,(202) 225-3236,foreign_affairs|Intelligence,"0","0","0","0","0","1","0","0","0","0","0","0","0","0","0","0","0","0","1","0","0","0","0","0","0","0","50527",Department of Defense,Joint Base San Antonio,https://www.af.mil/,0.278243384238783,0.001931327526740
"48","4821","21",Congressional District 21,C2,"118",G5200,N,"16309947057","92213984","+30.0154814","-098.9146568",tl_rd22_48_cd118,Chip Roy,Texas 21st,Texas,R,103 CHOB,(202) 225-4236,budget|judiciary|Rules,"0","0","0","0","0","0","0","0","0","0","0","0","0","1","1","0","0","0","0","0","0","0","0","0","1","0","50529",Department of Defense,Joint Base San Antonio,https://www.af.mil/,0.044577798456766,0.000073709654429
"48","4821","21",Congressional District 21,C2,"118",G5200,N,"16309947057","92213984","+30.0154814","-098.9146568",tl_rd22_48_cd118,Chip Roy,Texas 21st,Texas,R,103 CHOB,(202) 225-4236,budget|judiciary|Rules,"0","0","0","0","0","0","0","0","0","0","0","0","0","1","1","0","0","0","0","0","0","0","0","0","1","0","50530",Department of Defense,Joint Base San Antonio,https://www.af.mil/,0.265141678304155,0.001023398672486
"48","4821","21",Congressional District 21,C2,"118",G5200,N,"16309947057","92213984","+30.0154814","-098.9146568",tl_rd22_48_cd118,Chip Roy,Texas 21st,Texas,R,103 CHOB,(202) 225-4236,budget|judiciary|Rules,"0","0","0","0","0","0","0","0","0","0","0","0","0","1","1","0","0","0","0","0","0","0","0","0","1","0","50550",Department of Defense,Joint Base San Antonio,https://www.af.mil/,0.552852134342579,0.010556354496020
"48","4821","21",Congressional District 21,C2,"118",G5200,N,"16309947057","92213984","+30.0154814","-098.9146568",tl_rd22_48_cd118,Chip Roy,Texas 21st,Texas,R,103 CHOB,(202) 225-4236,budget|judiciary|Rules,"0","0","0","0","0","0","0","0","0","0","0","0","0","1","1","0","0","0","0","0","0","0","0","0","1","0","50551",Department of Defense,Joint Base San Antonio,https://www.af.mil/,0.049969319990885,0.000144881966499
"49","4901","01",Congressional District 1,C2,"118",G5200,N,"26365723987","3046883671","+41.4801190","-112.5372057",tl_rd22_49_cd118,Blake Moore,Utah 1st,Utah,R,1131 LHOB,(202) 225-0453,budget|ways_and_means,"0","0","0","0","0","0","0","0","0","1","0","0","0","0","1","0","0","0","0","0","0","0","0","0","0","0","50604",Department of Defense,Hill Air Force Base,https://www.af.mil/,0.020710970634064,0.000021667835926
"49","4901","01",Congressional District 1,C2,"118",G5200,N,"26365723987","3046883671","+41.4801190","-112.5372057",tl_rd22_49_cd118,Blake Moore,Utah 1st,Utah,R,1131 LHOB,(202) 225-0453,budget|ways_and_means,"0","0","0","0","0","0","0","0","0","1","0","0","0","0","1","0","0","0","0","0","0","0","0","0","0","0","50605",Department of Defense,Hill Air Force Base,https://www.af.mil/,0.018053114115840,0.000017489348120
"49","4901","01",Congressional District 1,C2,"118",G5200,N,"26365723987","3046883671","+41.4801190","-112.5372057",tl_rd22_49_cd118,Blake Moore,Utah 1st,Utah,R,1131 LHOB,(202) 225-0453,budget|ways_and_means,"0","0","0","0","0","0","0","0","0","1","0","0","0","0","1","0","0","0","0","0","0","0","0","0","0","0","50606",Department of Defense,Hill Air Force Base,https://www.af.mil/,0.004224710317881,0.000000703594670
"49","4901","01",Congressional District 1,C2,"118",G5200,N,"26365723987","3046883671","+41.4801190","-112.5372057",tl_rd22_49_cd118,Blake Moore,Utah 1st,Utah,R,1131 LHOB,(202) 225-0453,budget|ways_and_means,"0","0","0","0","0","0","0","0","0","1","0","0","0","0","1","0","0","0","0","0","0","0","0","0","0","0","50607",Department of Defense,Hill Air Force Base,https://www.af.mil/,0.269037372332221,0.002832526210227
"49","4902","02",Congressional District 2,C2,"118",G5200,N,"101258098453","2447608884","+38.7304990","-112.5627162",tl_rd22_49_cd118,Chris- Vacancy Stewart,Utah 2nd,Utah,166 CHOB,(202) 225-9730,"0","0","0","0","0","0","0","0","0","0","0","0","0","0","0","0","0","0","0","0","0","0","0","0","0","0",,,"50053",Department of Defense,Tooele Army Depot South,https://www.army.mil/,0.388104718042631,0.008385945989474
"49","4902","02",Congressional District 2,C2,"118",G5200,N,"101258098453","2447608884","+38.7304990","-112.5627162",tl_rd22_49_cd118,Chris- Vacancy Stewart,Utah 2nd,Utah,166 CHOB,(202) 225-9730,"0","0","0","0","0","0","0","0","0","0","0","0","0","0","0","0","0","0","0","0","0","0","0","0","0","0",,,"50056",Department of Defense,West Desert Test Center,https://www.army.mil/,2.963381456498185,0.342422338195123
"49","4902","02",Congressional District 2,C2,"118",G5200,N,"101258098453","2447608884","+38.7304990","-112.5627162",tl_rd22_49_cd118,Chris- Vacancy Stewart,Utah 2nd,Utah,166 CHOB,(202) 225-9730,"0","0","0","0","0","0","0","0","0","0","0","0","0","0","0","0","0","0","0","0","0","0","0","0","0","0",,,"50373",Department of Defense,NG Saint George/FMS 5B,https://www.nationalguard.mil/,0.023282404790880,0.000028246972956
"49","4902","02",Congressional District 2,C2,"118",G5200,N,"101258098453","2447608884","+38.7304990","-112.5627162",tl_rd22_49_cd118,Chris- Vacancy Stewart,Utah 2nd,Utah,166 CHOB,(202) 225-9730,"0","0","0","0","0","0","0","0","0","0","0","0","0","0","0","0","0","0","0","0","0","0","0","0","0","0",,,"50427",Department of Defense,Tooele Army Depot,https://www.army.mil/,0.016115219527100,0.000012761756319
"49","4902","02",Congressional District 2,C2,"118",G5200,N,"101258098453","2447608884","+38.7304990","-112.5627162",tl_rd22_49_cd118,Chris- Vacancy Stewart,Utah 2nd,Utah,166 CHOB,(202) 225-9730,"0","0","0","0","0","0","0","0","0","0","0","0","0","0","0","0","0","0","0","0","0","0","0","0","0","0",,,"50428",Department of Defense,Tooele Army Depot,https://www.army.mil/,0.470258208611474,0.009792498161733
"49","4902","02",Congressional District 2,C2,"118",G5200,N,"101258098453","2447608884","+38.7304990","-112.5627162",tl_rd22_49_cd118,Chris- Vacancy Stewart,Utah 2nd,Utah,166 CHOB,(202) 225-9730,"0","0","0","0","0","0","0","0","0","0","0","0","0","0","0","0","0","0","0","0","0","0","0","0","0","0",,,"50603",Department of Defense,Utah Test and Training Range,https://www.af.mil/,2.819172510899689,0.247831937805561
"49","4902","02",Congressional District 2,C2,"118",G5200,N,"101258098453","2447608884","+38.7304990","-112.5627162",tl_rd22_49_cd118,Chris- Vacancy Stewart,Utah 2nd,Utah,166 CHOB,(202) 225-9730,"0","0","0","0","0","0","0","0","0","0","0","0","0","0","0","0","0","0","0","0","0","0","0","0","0","0",,,"50776",Department of Defense,Salt Lake City IAP,https://www.ang.af.mil/,0.033821367195480,0.000060404968520
"49","4902","02",Congressional District 2,C2,"118",G5200,N,"101258098453","2447608884","+38.7304990","-112.5627162",tl_rd22_49_cd118,Chris- Vacancy Stewart,Utah 2nd,Utah,166 CHOB,(202) 225-9730,"0","0","0","0","0","0","0","0","0","0","0","0","0","0","0","0","0","0","0","0","0","0","0","0","0","0",,,"51103",Department of Defense,NAVPMOSSP Magna Utah,https://www.navy.mil/,0.091367638174472,0.000228918407600
"49","4903","03",Congressional District 3,C2,"118",G5200,N,"74359669962","645983012","+39.1348769","-109.9333993",tl_rd22_49_cd118,John Curtis,Utah 3rd,Utah,R,2323 RHOB,(202) 225-7751,energy_and_commerce|natural_resources,"0","0","0","0","1","0","0","0","1","0","0","0","0","0","0","0","0","0","0","0","0","0","0","0","0","0","50184",Department of Defense,Green River Test Complex UT,https://www.army.mil/,0.052959054233337,0.000088442324600
"49","4903","03",Congressional District 3,C2,"118",G5200,N,"74359669962","645983012","+39.1348769","-109.9333993",tl_rd22_49_cd118,John Curtis,Utah 3rd,Utah,R,2323 RHOB,(202) 225-7751,energy_and_commerce|natural_resources,"0","0","0","0","1","0","0","0","1","0","0","0","0","0","0","0","0","0","0","0","0","0","0","0","0","0","50185",Department of Defense,Green River Test Complex UT,https://www.army.mil/,0.206842279651031,0.000978846690338
"49","4904","04",Congressional District 4,C2,"118",G5200,N,"11371566336","389511730","+39.7629000","-111.7718022",tl_rd22_49_cd118,Burgess Owens,Utah 4th,Utah,R,309 CHOB,(202) 225-3011,education_and_the_workforce|transportation_and_infrastructure,"0","0","0","0","0","0","0","1","0","0","0","1","0","0","0","0","0","0","0","0","0","0","0","0","0","0","50287",Department of Defense,NG MTA-L Camp Williams,https://www.nationalguard.mil/,0.009795664202305,0.000003420383802
"49","4904","04",Congressional District 4,C2,"118",G5200,N,"11371566336","389511730","+39.7629000","-111.7718022",tl_rd22_49_cd118,Burgess Owens,Utah 4th,Utah,R,309 CHOB,(202) 225-3011,education_and_the_workforce|transportation_and_infrastructure,"0","0","0","0","0","0","0","1","0","0","0","1","0","0","0","0","0","0","0","0","0","0","0","0","0","0","50288",Department of Defense,NG MTA-L Camp Williams,https://www.nationalguard.mil/,0.602997056390406,0.010356545110293
"50","5000","00",Congressional District (at Large),C1,"118",G5200,N,"23873081385","1030243281","+44.0589536","-072.6710173",tl_rd22_50_cd118,Becca Balint,Vermont,Vermont,D,1408 LHOB,(202) 225-4115,budget|judiciary,"0","0","0","0","0","0","0","0","0","0","0","0","0","1","1","0","0","0","0","0","0","0","0","0","0","0","50327",Department of Defense,NG Ethan Allen AFB MTA,https://www.nationalguard.mil/,0.085458038088903,0.000300905783314
"50","5000","00",Congressional District (at Large),C1,"118",G5200,N,"23873081385","1030243281","+44.0589536","-072.6710173",tl_rd22_50_cd118,Becca Balint,Vermont,Vermont,D,1408 LHOB,(202) 225-4115,budget|judiciary,"0","0","0","0","0","0","0","0","0","0","0","0","0","1","1","0","0","0","0","0","0","0","0","0","0","0","50433",Department of Defense,NG TS Camp Johnson,https://www.nationalguard.mil/,0.028789145970021,0.000028086125531
"50","5000","00",Congressional District (at Large),C1,"118",G5200,N,"23873081385","1030243281","+44.0589536","-072.6710173",tl_rd22_50_cd118,Becca Balint,Vermont,Vermont,D,1408 LHOB,(202) 225-4115,budget|judiciary,"0","0","0","0","0","0","0","0","0","0","0","0","0","1","1","0","0","0","0","0","0","0","0","0","0","0","50435",Department of Defense,NG TS Ethan Allen Range,https://www.nationalguard.mil/,0.349768460879540,0.005069916574160
"50","5000","00",Congressional District (at Large),C1,"118",G5200,N,"23873081385","1030243281","+44.0589536","-072.6710173",tl_rd22_50_cd118,Becca Balint,Vermont,Vermont,D,1408 LHOB,(202) 225-4115,budget|judiciary,"0","0","0","0","0","0","0","0","0","0","0","0","0","1","1","0","0","0","0","0","0","0","0","0","0","0","50470",Department of Defense,NG Westminster Training Site,https://www.nationalguard.mil/,0.025803760654747,0.000021460498307
"50","5000","00",Congressional District (at Large),C1,"118",G5200,N,"23873081385","1030243281","+44.0589536","-072.6710173",tl_rd22_50_cd118,Becca Balint,Vermont,Vermont,D,1408 LHOB,(202) 225-4115,budget|judiciary,"0","0","0","0","0","0","0","0","0","0","0","0","0","1","1","0","0","0","0","0","0","0","0","0","0","0","50786",Department of Defense,Burlington IAP,https://www.ang.af.mil/,0.076901061064544,0.000113800377449
"51","5107","07",Congressional District 7,C2,"118",G5200,N,"7056406350","149260523","+38.2880970","-077.7322133",tl_rd22_51_cd118,Abigail Spanberger,Virginia 7th,Virginia,D,562 CHOB,(202) 225-2815,agriculture|Intelligence,"0","1","0","0","0","0","0","0","0","0","0","0","0","0","0","0","0","0","1","0","0","0","0","0","0","0","50065",Department of Defense,Fort A P Hill,https://www.army.mil/,0.947134254852088,0.031020648277481
"51","5107","07",Congressional District 7,C2,"118",G5200,N,"7056406350","149260523","+38.2880970","-077.7322133",tl_rd22_51_cd118,Abigail Spanberger,Virginia 7th,Virginia,D,562 CHOB,(202) 225-2815,agriculture|Intelligence,"0","1","0","0","0","0","0","0","0","0","0","0","0","0","0","0","0","0","1","0","0","0","0","0","0","0","50826",Department of Defense,Marine Corps Base Quantico,https://www.marines.mil/,0.030829169275254,0.000042181334485
"51","5107","07",Congressional District 7,C2,"118",G5200,N,"7056406350","149260523","+38.2880970","-077.7322133",tl_rd22_51_cd118,Abigail Spanberger,Virginia 7th,Virginia,D,562 CHOB,(202) 225-2815,agriculture|Intelligence,"0","1","0","0","0","0","0","0","0","0","0","0","0","0","0","0","0","0","1","0","0","0","0","0","0","0","50827",Department of Defense,Marine Corps Base Quantico,https://www.marines.mil/,0.340124104161547,0.003273581135372
"51","5107","07",Congressional District 7,C2,"118",G5200,N,"7056406350","149260523","+38.2880970","-077.7322133",tl_rd22_51_cd118,Abigail Spanberger,Virginia 7th,Virginia,D,562 CHOB,(202) 225-2815,agriculture|Intelligence,"0","1","0","0","0","0","0","0","0","0","0","0","0","0","0","0","0","0","1","0","0","0","0","0","0","0","50828",Department of Defense,Marine Corps Base Quantico,https://www.marines.mil/,0.031463517517542,0.000058909466305
"51","5107","07",Congressional District 7,C2,"118",G5200,N,"7056406350","149260523","+38.2880970","-077.7322133",tl_rd22_51_cd118,Abigail Spanberger,Virginia 7th,Virginia,D,562 CHOB,(202) 225-2815,agriculture|Intelligence,"0","1","0","0","0","0","0","0","0","0","0","0","0","0","0","0","0","0","1","0","0","0","0","0","0","0","50829",Department of Defense,Marine Corps Base Quantico,https://www.marines.mil/,0.837039557962820,0.021313315826737
"51","5107","07",Congressional District 7,C2,"118",G5200,N,"7056406350","149260523","+38.2880970","-077.7322133",tl_rd22_51_cd118,Abigail Spanberger,Virginia 7th,Virginia,D,562 CHOB,(202) 225-2815,agriculture|Intelligence,"0","1","0","0","0","0","0","0","0","0","0","0","0","0","0","0","0","0","1","0","0","0","0","0","0","0","51134",Department of Defense,Naval Support Facility Dahlgren,https://www.navy.mil/,0.144127900889187,0.001114134031640
"51","5107","07",Congressional District 7,C2,"118",G5200,N,"7056406350","149260523","+38.2880970","-077.7322133",tl_rd22_51_cd118,Abigail Spanberger,Virginia 7th,Virginia,D,562 CHOB,(202) 225-2815,agriculture|Intelligence,"0","1","0","0","0","0","0","0","0","0","0","0","0","0","0","0","0","0","1","0","0","0","0","0","0","0","51151",Department of Defense,Pumpkin Neck,https://www.navy.mil/,0.158424675134978,0.000679702692006
"51","5107","07",Congressional District 7,C2,"118",G5200,N,"7056406350","149260523","+38.2880970","-077.7322133",tl_rd22_51_cd118,Abigail Spanberger,Virginia 7th,Virginia,D,562 CHOB,(202) 225-2815,agriculture|Intelligence,"0","1","0","0","0","0","0","0","0","0","0","0","0","0","0","0","0","0","1","0","0","0","0","0","0","0","51286",Department of Defense,Marine Corps Museum,https://www.marines.mil/,0.030829169275254,0.000042181334485
"51","5109","09",Congressional District 9,C2,"118",G5200,N,"26082607145","238582529","+36.9753732","-081.1586268",tl_rd22_51_cd118,H. Griffith,Virginia 9th,Virginia,R,2202 RHOB,(202) 225-3861,house_administration|energy_and_commerce,"0","0","0","0","0","0","0","0","1","0","0","0","0","0","0","0","0","1","0","0","0","0","0","0","0","0","50350",Department of Defense,Radford Army Ammunition Plant,https://www.army.mil/,0.009408303967378,0.000002170076305
"51","5109","09",Congressional District 9,C2,"118",G5200,N,"26082607145","238582529","+36.9753732","-081.1586268",tl_rd22_51_cd118,H. Griffith,Virginia 9th,Virginia,R,2202 RHOB,(202) 225-3861,house_administration|energy_and_commerce,"0","0","0","0","0","0","0","0","1","0","0","0","0","0","0","0","0","1","0","0","0","0","0","0","0","0","50351",Department of Defense,Radford Army Ammunition Plant,https://www.army.mil/,0.159378182783278,0.000708542706272
"51","5109","09",Congressional District 9,C2,"118",G5200,N,"26082607145","238582529","+36.9753732","-081.1586268",tl_rd22_51_cd118,H. Griffith,Virginia 9th,Virginia,R,2202 RHOB,(202) 225-3861,house_administration|energy_and_commerce,"0","0","0","0","0","0","0","0","1","0","0","0","0","0","0","0","0","1","0","0","0","0","0","0","0","0","50352",Department of Defense,Radford Army Ammunition Plant,https://www.army.mil/,0.181646663615601,0.000943783148042
"51","5110","10",Congressional District 10,C2,"118",G5200,N,"4378363465","39606705","+38.8049398","-077.7926467",tl_rd22_51_cd118,Jennifer Wexton,Virginia 10th,Virginia,D,1210 LHOB,(202) 225-5136,appropriations|budget,"1","0","0","0","0","0","0","0","0","0","0","0","0","0","1","0","0","0","0","0","0","0","0","0","0","0","50829",Department of Defense,Marine Corps Base Quantico,https://www.marines.mil/,0.837039557962820,0.021313315826737
"51","5101","01",Congressional District 1,C2,"118",G5200,N,"7871294109","2184656027","+37.6562637","-076.8024918",tl_rd22_51_cd118,Robert Wittman,Virginia 1st,Virginia,R,2055 RHOB,(202) 225-4261,armed_services|natural_resources|select_sub_us_china,"0","0","0","1","1","0","0","0","0","0","0","0","0","0","0","0","0","0","0","0","0","0","1","0","0","0","50065",Department of Defense,Fort A P Hill,https://www.army.mil/,0.947134254852088,0.031020648277481
"51","5101","01",Congressional District 1,C2,"118",G5200,N,"7871294109","2184656027","+37.6562637","-076.8024918",tl_rd22_51_cd118,Robert Wittman,Virginia 1st,Virginia,R,2055 RHOB,(202) 225-4261,armed_services|natural_resources|select_sub_us_china,"0","0","0","1","1","0","0","0","0","0","0","0","0","0","0","0","0","0","0","0","0","0","1","0","0","0","50941",Department of Defense,Yorktown Fuel Depot,https://www.navy.mil/,0.054434248910857,0.000076734050361
"51","5101","01",Congressional District 1,C2,"118",G5200,N,"7871294109","2184656027","+37.6562637","-076.8024918",tl_rd22_51_cd118,Robert Wittman,Virginia 1st,Virginia,R,2055 RHOB,(202) 225-4261,armed_services|natural_resources|select_sub_us_china,"0","0","0","1","1","0","0","0","0","0","0","0","0","0","0","0","0","0","0","0","0","0","1","0","0","0","50971",Department of Defense,Naval Weapons Station Yorktown,https://www.navy.mil/,0.004650134614036,0.000001377987346
"51","5101","01",Congressional District 1,C2,"118",G5200,N,"7871294109","2184656027","+37.6562637","-076.8024918",tl_rd22_51_cd118,Robert Wittman,Virginia 1st,Virginia,R,2055 RHOB,(202) 225-4261,armed_services|natural_resources|select_sub_us_china,"0","0","0","1","1","0","0","0","0","0","0","0","0","0","0","0","0","0","0","0","0","0","1","0","0","0","50972",Department of Defense,Naval Weapons Station Yorktown,https://www.navy.mil/,0.002481627558420,0.000000295586935
"51","5101","01",Congressional District 1,C2,"118",G5200,N,"7871294109","2184656027","+37.6562637","-076.8024918",tl_rd22_51_cd118,Robert Wittman,Virginia 1st,Virginia,R,2055 RHOB,(202) 225-4261,armed_services|natural_resources|select_sub_us_china,"0","0","0","1","1","0","0","0","0","0","0","0","0","0","0","0","0","0","0","0","0","0","1","0","0","0","50973",Department of Defense,Naval Weapons Station Yorktown,https://www.navy.mil/,0.300623268963874,0.004356446773428
"51","5101","01",Congressional District 1,C2,"118",G5200,N,"7871294109","2184656027","+37.6562637","-076.8024918",tl_rd22_51_cd118,Robert Wittman,Virginia 1st,Virginia,R,2055 RHOB,(202) 225-4261,armed_services|natural_resources|select_sub_us_china,"0","0","0","1","1","0","0","0","0","0","0","0","0","0","0","0","0","0","0","0","0","0","1","0","0","0","51346",Department of Defense,Cheatham Annex,https://www.navy.mil/,0.061542975310359,0.000169775623862
"51","5101","01",Congressional District 1,C2,"118",G5200,N,"7871294109","2184656027","+37.6562637","-076.8024918",tl_rd22_51_cd118,Robert Wittman,Virginia 1st,Virginia,R,2055 RHOB,(202) 225-4261,armed_services|natural_resources|select_sub_us_china,"0","0","0","1","1","0","0","0","0","0","0","0","0","0","0","0","0","0","0","0","0","0","1","0","0","0","51347",Department of Defense,Cheatham Annex,https://www.navy.mil/,0.189050920904644,0.000775795203450
"51","5101","01",Congressional District 1,C2,"118",G5200,N,"7871294109","2184656027","+37.6562637","-076.8024918",tl_rd22_51_cd118,Robert Wittman,Virginia 1st,Virginia,R,2055 RHOB,(202) 225-4261,armed_services|natural_resources|select_sub_us_china,"0","0","0","1","1","0","0","0","0","0","0","0","0","0","0","0","0","0","0","0","0","0","1","0","0","0","51506",Department of Defense,Joint Base Langley-Eustis,https://www.af.mil/,0.016511193923160,0.000008986184962
"51","5101","01",Congressional District 1,C2,"118",G5200,N,"7871294109","2184656027","+37.6562637","-076.8024918",tl_rd22_51_cd118,Robert Wittman,Virginia 1st,Virginia,R,2055 RHOB,(202) 225-4261,armed_services|natural_resources|select_sub_us_china,"0","0","0","1","1","0","0","0","0","0","0","0","0","0","0","0","0","0","0","0","0","0","1","0","0","0","51507",Department of Defense,Joint Base Langley-Eustis,https://www.af.mil/,0.441852691837177,0.003217144520865
"51","5102","02",Congressional District 2,C2,"118",G5200,N,"5570643347","4623575986","+37.2213176","-076.0106865",tl_rd22_51_cd118,Jennifer Kiggans,Virginia 2nd,Virginia,R,1037 LHOB,(202) 225-4215,armed_services|natural_resources|veterans_affairs,"0","0","0","1","1","0","0","0","0","0","0","0","0","0","0","0","0","0","0","0","0","1","0","0","0","0","50000",Department of Defense,NG Camp Pendleton SMR,https://www.nationalguard.mil/,0.069527785501196,0.000127943474167
"51","5102","02",Congressional District 2,C2,"118",G5200,N,"5570643347","4623575986","+37.2213176","-076.0106865",tl_rd22_51_cd118,Jennifer Kiggans,Virginia 2nd,Virginia,R,1037 LHOB,(202) 225-4215,armed_services|natural_resources|veterans_affairs,"0","0","0","1","1","0","0","0","0","0","0","0","0","0","0","0","0","0","0","0","0","1","0","0","0","0","50938",Department of Defense,Northwest Chesapeake VA,https://www.navy.mil/,0.177270393751807,0.001493833872636
"51","5102","02",Congressional District 2,C2,"118",G5200,N,"5570643347","4623575986","+37.2213176","-076.0106865",tl_rd22_51_cd118,Jennifer Kiggans,Virginia 2nd,Virginia,R,1037 LHOB,(202) 225-4215,armed_services|natural_resources|veterans_affairs,"0","0","0","1","1","0","0","0","0","0","0","0","0","0","0","0","0","0","0","0","0","1","0","0","0","0","50945",Department of Defense,ALF Fentress Chesapke,https://www.navy.mil/,0.220572163924103,0.001057039046480
"51","5102","02",Congressional District 2,C2,"118",G5200,N,"5570643347","4623575986","+37.2213176","-076.0106865",tl_rd22_51_cd118,Jennifer Kiggans,Virginia 2nd,Virginia,R,1037 LHOB,(202) 225-4215,armed_services|natural_resources|veterans_affairs,"0","0","0","1","1","0","0","0","0","0","0","0","0","0","0","0","0","0","0","0","0","1","0","0","0","0","50964",Department of Defense,Naval Air Station Oceana,https://www.navy.mil/,0.003685427265820,0.000000390478390
"51","5102","02",Congressional District 2,C2,"118",G5200,N,"5570643347","4623575986","+37.2213176","-076.0106865",tl_rd22_51_cd118,Jennifer Kiggans,Virginia 2nd,Virginia,R,1037 LHOB,(202) 225-4215,armed_services|natural_resources|veterans_affairs,"0","0","0","1","1","0","0","0","0","0","0","0","0","0","0","0","0","0","0","0","0","1","0","0","0","0","50965",Department of Defense,Naval Air Station Oceana,https://www.navy.mil/,0.231046773471715,0.002171285915773
"51","5102","02",Congressional District 2,C2,"118",G5200,N,"5570643347","4623575986","+37.2213176","-076.0106865",tl_rd22_51_cd118,Jennifer Kiggans,Virginia 2nd,Virginia,R,1037 LHOB,(202) 225-4215,armed_services|natural_resources|veterans_affairs,"0","0","0","1","1","0","0","0","0","0","0","0","0","0","0","0","0","0","0","0","0","1","0","0","0","0","51240",Department of Defense,JEB Little Creek-Fort Story,https://www.navy.mil/,0.058347997089590,0.000109013991374
"51","5102","02",Congressional District 2,C2,"118",G5200,N,"5570643347","4623575986","+37.2213176","-076.0106865",tl_rd22_51_cd118,Jennifer Kiggans,Virginia 2nd,Virginia,R,1037 LHOB,(202) 225-4215,armed_services|natural_resources|veterans_affairs,"0","0","0","1","1","0","0","0","0","0","0","0","0","0","0","0","0","0","0","0","0","1","0","0","0","0","51241",Department of Defense,JEB Little Creek-Fort Story,https://www.navy.mil/,0.125799976150922,0.000639894816470
"51","5102","02",Congressional District 2,C2,"118",G5200,N,"5570643347","4623575986","+37.2213176","-076.0106865",tl_rd22_51_cd118,Jennifer Kiggans,Virginia 2nd,Virginia,R,1037 LHOB,(202) 225-4215,armed_services|natural_resources|veterans_affairs,"0","0","0","1","1","0","0","0","0","0","0","0","0","0","0","0","0","0","0","0","0","1","0","0","0","0","51242",Department of Defense,JEB Little Creek-Fort Story,https://www.navy.mil/,0.160695516665292,0.000781287393723
"51","5102","02",Congressional District 2,C2,"118",G5200,N,"5570643347","4623575986","+37.2213176","-076.0106865",tl_rd22_51_cd118,Jennifer Kiggans,Virginia 2nd,Virginia,R,1037 LHOB,(202) 225-4215,armed_services|natural_resources|veterans_affairs,"0","0","0","1","1","0","0","0","0","0","0","0","0","0","0","0","0","0","0","0","0","1","0","0","0","0","51255",Department of Defense,Naval Air Station Oceana Dam Neck Annex,https://www.navy.mil/,0.219573809618768,0.000816921113174
"51","5102","02",Congressional District 2,C2,"118",G5200,N,"5570643347","4623575986","+37.2213176","-076.0106865",tl_rd22_51_cd118,Jennifer Kiggans,Virginia 2nd,Virginia,R,1037 LHOB,(202) 225-4215,armed_services|natural_resources|veterans_affairs,"0","0","0","1","1","0","0","0","0","0","0","0","0","0","0","0","0","0","0","0","0","1","0","0","0","0","51497",Department of Defense,JEBLCFS Wallops Island,https://www.af.mil/,0.138177572939290,0.000513069982020
"51","5102","02",Congressional District 2,C2,"118",G5200,N,"5570643347","4623575986","+37.2213176","-076.0106865",tl_rd22_51_cd118,Jennifer Kiggans,Virginia 2nd,Virginia,R,1037 LHOB,(202) 225-4215,armed_services|natural_resources|veterans_affairs,"0","0","0","1","1","0","0","0","0","0","0","0","0","0","0","0","0","0","0","0","0","1","0","0","0","0","51498",Department of Defense,JEBLCFS Wallops Island,https://www.af.mil/,0.323292103510443,0.001360971504507
"51","5102","02",Congressional District 2,C2,"118",G5200,N,"5570643347","4623575986","+37.2213176","-076.0106865",tl_rd22_51_cd118,Jennifer Kiggans,Virginia 2nd,Virginia,R,1037 LHOB,(202) 225-4215,armed_services|natural_resources|veterans_affairs,"0","0","0","1","1","0","0","0","0","0","0","0","0","0","0","0","0","0","0","0","0","1","0","0","0","0","51499",Department of Defense,JEBLCFS Wallops Island,https://www.af.mil/,0.168138497306740,0.000809221336188
"51","5103","03",Congressional District 3,C2,"118",G5200,N,"653624195","505692382","+36.9553465","-076.3272145",tl_rd22_51_cd118,Robert Scott,Virginia 3rd,Virginia,D,2328 RHOB,(202) 225-8351,budget|education_and_the_workforce,"0","0","0","0","0","0","0","1","0","0","0","0","0","0","1","0","0","0","0","0","0","0","0","0","0","0","50137",Department of Defense,Fort Monroe,https://www.army.mil/,0.003587539528461,0.000000420243454
"51","5103","03",Congressional District 3,C2,"118",G5200,N,"653624195","505692382","+36.9553465","-076.3272145",tl_rd22_51_cd118,Robert Scott,Virginia 3rd,Virginia,D,2328 RHOB,(202) 225-8351,budget|education_and_the_workforce,"0","0","0","0","0","0","0","1","0","0","0","0","0","0","1","0","0","0","0","0","0","0","0","0","0","0","50138",Department of Defense,Fort Monroe,https://www.army.mil/,0.003865129695474,0.000000822963794
"51","5103","03",Congressional District 3,C2,"118",G5200,N,"653624195","505692382","+36.9553465","-076.3272145",tl_rd22_51_cd118,Robert Scott,Virginia 3rd,Virginia,D,2328 RHOB,(202) 225-8351,budget|education_and_the_workforce,"0","0","0","0","0","0","0","1","0","0","0","0","0","0","1","0","0","0","0","0","0","0","0","0","0","0","50139",Department of Defense,Fort Monroe,https://www.army.mil/,0.018025265242769,0.000004690170801
"51","5103","03",Congressional District 3,C2,"118",G5200,N,"653624195","505692382","+36.9553465","-076.3272145",tl_rd22_51_cd118,Robert Scott,Virginia 3rd,Virginia,D,2328 RHOB,(202) 225-8351,budget|education_and_the_workforce,"0","0","0","0","0","0","0","1","0","0","0","0","0","0","1","0","0","0","0","0","0","0","0","0","0","0","50140",Department of Defense,Fort Monroe,https://www.army.mil/,0.001578383179522,0.000000086492410
"51","5103","03",Congressional District 3,C2,"118",G5200,N,"653624195","505692382","+36.9553465","-076.3272145",tl_rd22_51_cd118,Robert Scott,Virginia 3rd,Virginia,D,2328 RHOB,(202) 225-8351,budget|education_and_the_workforce,"0","0","0","0","0","0","0","1","0","0","0","0","0","0","1","0","0","0","0","0","0","0","0","0","0","0","50141",Department of Defense,Fort Monroe,https://www.army.mil/,0.000694647534042,0.000000019617662
"51","5103","03",Congressional District 3,C2,"118",G5200,N,"653624195","505692382","+36.9553465","-076.3272145",tl_rd22_51_cd118,Robert Scott,Virginia 3rd,Virginia,D,2328 RHOB,(202) 225-8351,budget|education_and_the_workforce,"0","0","0","0","0","0","0","1","0","0","0","0","0","0","1","0","0","0","0","0","0","0","0","0","0","0","50142",Department of Defense,Fort Monroe,https://www.army.mil/,0.007262603922586,0.000001058689296
"51","5103","03",Congressional District 3,C2,"118",G5200,N,"653624195","505692382","+36.9553465","-076.3272145",tl_rd22_51_cd118,Robert Scott,Virginia 3rd,Virginia,D,2328 RHOB,(202) 225-8351,budget|education_and_the_workforce,"0","0","0","0","0","0","0","1","0","0","0","0","0","0","1","0","0","0","0","0","0","0","0","0","0","0","50143",Department of Defense,Fort Monroe,https://www.army.mil/,0.017425616694795,0.000006097482019
"51","5103","03",Congressional District 3,C2,"118",G5200,N,"653624195","505692382","+36.9553465","-076.3272145",tl_rd22_51_cd118,Robert Scott,Virginia 3rd,Virginia,D,2328 RHOB,(202) 225-8351,budget|education_and_the_workforce,"0","0","0","0","0","0","0","1","0","0","0","0","0","0","1","0","0","0","0","0","0","0","0","0","0","0","50144",Department of Defense,Fort Monroe,https://www.army.mil/,0.116626515794191,0.000216844908112
"51","5103","03",Congressional District 3,C2,"118",G5200,N,"653624195","505692382","+36.9553465","-076.3272145",tl_rd22_51_cd118,Robert Scott,Virginia 3rd,Virginia,D,2328 RHOB,(202) 225-8351,budget|education_and_the_workforce,"0","0","0","0","0","0","0","1","0","0","0","0","0","0","1","0","0","0","0","0","0","0","0","0","0","0","50870",Department of Defense,NAVSUPPACT Hampton Roads VA,https://www.navy.mil/,0.096635671908156,0.000324092671818
"51","5103","03",Congressional District 3,C2,"118",G5200,N,"653624195","505692382","+36.9553465","-076.3272145",tl_rd22_51_cd118,Robert Scott,Virginia 3rd,Virginia,D,2328 RHOB,(202) 225-8351,budget|education_and_the_workforce,"0","0","0","0","0","0","0","1","0","0","0","0","0","0","1","0","0","0","0","0","0","0","0","0","0","0","50947",Department of Defense,Lafayette Rvr Complex,https://www.navy.mil/,0.011937107701372,0.000008198504436
"51","5103","03",Congressional District 3,C2,"118",G5200,N,"653624195","505692382","+36.9553465","-076.3272145",tl_rd22_51_cd118,Robert Scott,Virginia 3rd,Virginia,D,2328 RHOB,(202) 225-8351,budget|education_and_the_workforce,"0","0","0","0","0","0","0","1","0","0","0","0","0","0","1","0","0","0","0","0","0","0","0","0","0","0","50973",Department of Defense,Naval Weapons Station Yorktown,https://www.navy.mil/,0.300623268963874,0.004356446773428
"51","5103","03",Congressional District 3,C2,"118",G5200,N,"653624195","505692382","+36.9553465","-076.3272145",tl_rd22_51_cd118,Robert Scott,Virginia 3rd,Virginia,D,2328 RHOB,(202) 225-8351,budget|education_and_the_workforce,"0","0","0","0","0","0","0","1","0","0","0","0","0","0","1","0","0","0","0","0","0","0","0","0","0","0","51097",Department of Defense,Naval Station Norfolk,https://www.navy.mil/,0.341344053056746,0.001899379759480
"51","5103","03",Congressional District 3,C2,"118",G5200,N,"653624195","505692382","+36.9553465","-076.3272145",tl_rd22_51_cd118,Robert Scott,Virginia 3rd,Virginia,D,2328 RHOB,(202) 225-8351,budget|education_and_the_workforce,"0","0","0","0","0","0","0","1","0","0","0","0","0","0","1","0","0","0","0","0","0","0","0","0","0","0","51155",Department of Defense,NAVSUPPACT Norfolk NSY,https://www.navy.mil/,0.073528265200631,0.000191291938359
"51","5103","03",Congressional District 3,C2,"118",G5200,N,"653624195","505692382","+36.9553465","-076.3272145",tl_rd22_51_cd118,Robert Scott,Virginia 3rd,Virginia,D,2328 RHOB,(202) 225-8351,budget|education_and_the_workforce,"0","0","0","0","0","0","0","1","0","0","0","0","0","0","1","0","0","0","0","0","0","0","0","0","0","0","51159",Department of Defense,NNSY South Gate,https://www.navy.mil/,0.025297622449698,0.000038958716330
"51","5103","03",Congressional District 3,C2,"118",G5200,N,"653624195","505692382","+36.9553465","-076.3272145",tl_rd22_51_cd118,Robert Scott,Virginia 3rd,Virginia,D,2328 RHOB,(202) 225-8351,budget|education_and_the_workforce,"0","0","0","0","0","0","0","1","0","0","0","0","0","0","1","0","0","0","0","0","0","0","0","0","0","0","51163",Department of Defense,SDA Area,https://www.navy.mil/,0.025622048352959,0.000036608017846
"51","5103","03",Congressional District 3,C2,"118",G5200,N,"653624195","505692382","+36.9553465","-076.3272145",tl_rd22_51_cd118,Robert Scott,Virginia 3rd,Virginia,D,2328 RHOB,(202) 225-8351,budget|education_and_the_workforce,"0","0","0","0","0","0","0","1","0","0","0","0","0","0","1","0","0","0","0","0","0","0","0","0","0","0","51238",Department of Defense,NAVMEDCEN Portsmouth VA,https://www.navy.mil/,0.037537007334923,0.000046157135488
"51","5103","03",Congressional District 3,C2,"118",G5200,N,"653624195","505692382","+36.9553465","-076.3272145",tl_rd22_51_cd118,Robert Scott,Virginia 3rd,Virginia,D,2328 RHOB,(202) 225-8351,budget|education_and_the_workforce,"0","0","0","0","0","0","0","1","0","0","0","0","0","0","1","0","0","0","0","0","0","0","0","0","0","0","51239",Department of Defense,NNSY St Helena,https://www.navy.mil/,0.010387886477910,0.000005153462186
"51","5103","03",Congressional District 3,C2,"118",G5200,N,"653624195","505692382","+36.9553465","-076.3272145",tl_rd22_51_cd118,Robert Scott,Virginia 3rd,Virginia,D,2328 RHOB,(202) 225-8351,budget|education_and_the_workforce,"0","0","0","0","0","0","0","1","0","0","0","0","0","0","1","0","0","0","0","0","0","0","0","0","0","0","51240",Department of Defense,JEB Little Creek-Fort Story,https://www.navy.mil/,0.058347997089590,0.000109013991374
"51","5103","03",Congressional District 3,C2,"118",G5200,N,"653624195","505692382","+36.9553465","-076.3272145",tl_rd22_51_cd118,Robert Scott,Virginia 3rd,Virginia,D,2328 RHOB,(202) 225-8351,budget|education_and_the_workforce,"0","0","0","0","0","0","0","1","0","0","0","0","0","0","1","0","0","0","0","0","0","0","0","0","0","0","51242",Department of Defense,JEB Little Creek-Fort Story,https://www.navy.mil/,0.160695516665292,0.000781287393723
"51","5103","03",Congressional District 3,C2,"118",G5200,N,"653624195","505692382","+36.9553465","-076.3272145",tl_rd22_51_cd118,Robert Scott,Virginia 3rd,Virginia,D,2328 RHOB,(202) 225-8351,budget|education_and_the_workforce,"0","0","0","0","0","0","0","1","0","0","0","0","0","0","1","0","0","0","0","0","0","0","0","0","0","0","51245",Department of Defense,Elizabeth Rvr Channel,https://www.navy.mil/,0.016988839132857,0.000015429352956
"51","5103","03",Congressional District 3,C2,"118",G5200,N,"653624195","505692382","+36.9553465","-076.3272145",tl_rd22_51_cd118,Robert Scott,Virginia 3rd,Virginia,D,2328 RHOB,(202) 225-8351,budget|education_and_the_workforce,"0","0","0","0","0","0","0","1","0","0","0","0","0","0","1","0","0","0","0","0","0","0","0","0","0","0","51257",Department of Defense,Fire Fighters School,https://www.navy.mil/,0.009984389831023,0.000005017989973
"51","5103","03",Congressional District 3,C2,"118",G5200,N,"653624195","505692382","+36.9553465","-076.3272145",tl_rd22_51_cd118,Robert Scott,Virginia 3rd,Virginia,D,2328 RHOB,(202) 225-8351,budget|education_and_the_workforce,"0","0","0","0","0","0","0","1","0","0","0","0","0","0","1","0","0","0","0","0","0","0","0","0","0","0","51258",Department of Defense,St Juliens Creek East,https://www.navy.mil/,0.045858688995942,0.000122745516515
"51","5103","03",Congressional District 3,C2,"118",G5200,N,"653624195","505692382","+36.9553465","-076.3272145",tl_rd22_51_cd118,Robert Scott,Virginia 3rd,Virginia,D,2328 RHOB,(202) 225-8351,budget|education_and_the_workforce,"0","0","0","0","0","0","0","1","0","0","0","0","0","0","1","0","0","0","0","0","0","0","0","0","0","0","51350",Department of Defense,Craney Island,https://www.navy.mil/,0.117194090951660,0.000316750928122
"51","5103","03",Congressional District 3,C2,"118",G5200,N,"653624195","505692382","+36.9553465","-076.3272145",tl_rd22_51_cd118,Robert Scott,Virginia 3rd,Virginia,D,2328 RHOB,(202) 225-8351,budget|education_and_the_workforce,"0","0","0","0","0","0","0","1","0","0","0","0","0","0","1","0","0","0","0","0","0","0","0","0","0","0","51501",Department of Defense,Joint Base Langley-Eustis,https://www.af.mil/,0.003112997014908,0.000000476715038
"51","5103","03",Congressional District 3,C2,"118",G5200,N,"653624195","505692382","+36.9553465","-076.3272145",tl_rd22_51_cd118,Robert Scott,Virginia 3rd,Virginia,D,2328 RHOB,(202) 225-8351,budget|education_and_the_workforce,"0","0","0","0","0","0","0","1","0","0","0","0","0","0","1","0","0","0","0","0","0","0","0","0","0","0","51502",Department of Defense,Joint Base Langley-Eustis,https://www.af.mil/,0.018837420594029,0.000010672925302
"51","5103","03",Congressional District 3,C2,"118",G5200,N,"653624195","505692382","+36.9553465","-076.3272145",tl_rd22_51_cd118,Robert Scott,Virginia 3rd,Virginia,D,2328 RHOB,(202) 225-8351,budget|education_and_the_workforce,"0","0","0","0","0","0","0","1","0","0","0","0","0","0","1","0","0","0","0","0","0","0","0","0","0","0","51503",Department of Defense,Joint Base Langley-Eustis,https://www.af.mil/,0.003559634794812,0.000000113631333
"51","5103","03",Congressional District 3,C2,"118",G5200,N,"653624195","505692382","+36.9553465","-076.3272145",tl_rd22_51_cd118,Robert Scott,Virginia 3rd,Virginia,D,2328 RHOB,(202) 225-8351,budget|education_and_the_workforce,"0","0","0","0","0","0","0","1","0","0","0","0","0","0","1","0","0","0","0","0","0","0","0","0","0","0","51504",Department of Defense,Joint Base Langley-Eustis,https://www.af.mil/,0.265975481328477,0.001105478749737
"51","5103","03",Congressional District 3,C2,"118",G5200,N,"653624195","505692382","+36.9553465","-076.3272145",tl_rd22_51_cd118,Robert Scott,Virginia 3rd,Virginia,D,2328 RHOB,(202) 225-8351,budget|education_and_the_workforce,"0","0","0","0","0","0","0","1","0","0","0","0","0","0","1","0","0","0","0","0","0","0","0","0","0","0","51505",Department of Defense,Joint Base Langley-Eustis,https://www.af.mil/,0.073664444022636,0.000159133521964
"51","5103","03",Congressional District 3,C2,"118",G5200,N,"653624195","505692382","+36.9553465","-076.3272145",tl_rd22_51_cd118,Robert Scott,Virginia 3rd,Virginia,D,2328 RHOB,(202) 225-8351,budget|education_and_the_workforce,"0","0","0","0","0","0","0","1","0","0","0","0","0","0","1","0","0","0","0","0","0","0","0","0","0","0","51507",Department of Defense,Joint Base Langley-Eustis,https://www.af.mil/,0.441852691837177,0.003217144520865
"51","5105","05",Congressional District 5,C2,"118",G5200,N,"24511895817","377771338","+37.3183982","-078.6062574",tl_rd22_51_cd118,Bob Good,Virginia 5th,Virginia,R,461 CHOB,(202) 225-4711,budget|education_and_the_workforce,"0","0","0","0","0","0","0","1","0","0","0","0","0","0","1","0","0","0","0","0","0","0","0","0","0","0","50147",Department of Defense,NG Fort Pickett MTC & FMS 15,https://www.nationalguard.mil/,1.082739949718937,0.016847636189147
"51","5105","05",Congressional District 5,C2,"118",G5200,N,"24511895817","377771338","+37.3183982","-078.6062574",tl_rd22_51_cd118,Bob Good,Virginia 5th,Virginia,R,461 CHOB,(202) 225-4711,budget|education_and_the_workforce,"0","0","0","0","0","0","0","1","0","0","0","0","0","0","1","0","0","0","0","0","0","0","0","0","0","0","50366",Department of Defense,Rivanna Station,https://www.army.mil/,0.031048828084177,0.000031012079989
"51","5108","08",Congressional District 8,C2,"118",G5200,N,"381276224","29253298","+38.7982990","-077.1371960",tl_rd22_51_cd118,Donald Beyer,Virginia 8th,Virginia,D,1119 LHOB,(202) 225-4376,ways_and_means,"0","0","0","0","0","0","0","0","0","1","0","0","0","0","0","0","0","0","0","0","0","0","0","0","0","0","49956",Department of Defense,Arlington National Cemetery,https://www.army.mil/,0.099089495759196,0.000261553927587
"51","5108","08",Congressional District 8,C2,"118",G5200,N,"381276224","29253298","+38.7982990","-077.1371960",tl_rd22_51_cd118,Donald Beyer,Virginia 8th,Virginia,D,1119 LHOB,(202) 225-4376,ways_and_means,"0","0","0","0","0","0","0","0","0","1","0","0","0","0","0","0","0","0","0","0","0","0","0","0","0","0","50066",Department of Defense,Fort Belvoir,https://www.army.mil/,0.004918908652069,0.000000544429694
"51","5108","08",Congressional District 8,C2,"118",G5200,N,"381276224","29253298","+38.7982990","-077.1371960",tl_rd22_51_cd118,Donald Beyer,Virginia 8th,Virginia,D,1119 LHOB,(202) 225-4376,ways_and_means,"0","0","0","0","0","0","0","0","0","1","0","0","0","0","0","0","0","0","0","0","0","0","0","0","0","0","50067",Department of Defense,Fort Belvoir,https://www.army.mil/,0.001711865110259,0.000000155593644
"51","5108","08",Congressional District 8,C2,"118",G5200,N,"381276224","29253298","+38.7982990","-077.1371960",tl_rd22_51_cd118,Donald Beyer,Virginia 8th,Virginia,D,1119 LHOB,(202) 225-4376,ways_and_means,"0","0","0","0","0","0","0","0","0","1","0","0","0","0","0","0","0","0","0","0","0","0","0","0","0","0","50070",Department of Defense,Fort Belvoir,https://www.army.mil/,0.445439586685568,0.003481951162929
"51","5108","08",Congressional District 8,C2,"118",G5200,N,"381276224","29253298","+38.7982990","-077.1371960",tl_rd22_51_cd118,Donald Beyer,Virginia 8th,Virginia,D,1119 LHOB,(202) 225-4376,ways_and_means,"0","0","0","0","0","0","0","0","0","1","0","0","0","0","0","0","0","0","0","0","0","0","0","0","0","0","50146",Department of Defense,Joint Base Myer-Henderson Hall,https://www.army.mil/,0.089048011346250,0.000114915369731
"51","5108","08",Congressional District 8,C2,"118",G5200,N,"381276224","29253298","+38.7982990","-077.1371960",tl_rd22_51_cd118,Donald Beyer,Virginia 8th,Virginia,D,1119 LHOB,(202) 225-4376,ways_and_means,"0","0","0","0","0","0","0","0","0","1","0","0","0","0","0","0","0","0","0","0","0","0","0","0","0","0","50919",Department of Defense,Arlington Service Ctr,https://www.navy.mil/,0.013580596719026,0.000008166135113
"51","5108","08",Congressional District 8,C2,"118",G5200,N,"381276224","29253298","+38.7982990","-077.1371960",tl_rd22_51_cd118,Donald Beyer,Virginia 8th,Virginia,D,1119 LHOB,(202) 225-4376,ways_and_means,"0","0","0","0","0","0","0","0","0","1","0","0","0","0","0","0","0","0","0","0","0","0","0","0","0","0","51264",Department of Defense,Defense Advanced Research Projects Agency,https://www.whs.mil/,0.003537845646121,0.000000762643499
"51","5108","08",Congressional District 8,C2,"118",G5200,N,"381276224","29253298","+38.7982990","-077.1371960",tl_rd22_51_cd118,Donald Beyer,Virginia 8th,Virginia,D,1119 LHOB,(202) 225-4376,ways_and_means,"0","0","0","0","0","0","0","0","0","1","0","0","0","0","0","0","0","0","0","0","0","0","0","0","0","0","51265",Department of Defense,Air Force Office of Scientific Research,https://www.whs.mil/,0.002721422739169,0.000000455153737
"51","5108","08",Congressional District 8,C2,"118",G5200,N,"381276224","29253298","+38.7982990","-077.1371960",tl_rd22_51_cd118,Donald Beyer,Virginia 8th,Virginia,D,1119 LHOB,(202) 225-4376,ways_and_means,"0","0","0","0","0","0","0","0","0","1","0","0","0","0","0","0","0","0","0","0","0","0","0","0","0","0","51266",Department of Defense,Pentagon,https://www.whs.mil/,0.035198650513917,0.000062756278594
"51","5108","08",Congressional District 8,C2,"118",G5200,N,"381276224","29253298","+38.7982990","-077.1371960",tl_rd22_51_cd118,Donald Beyer,Virginia 8th,Virginia,D,1119 LHOB,(202) 225-4376,ways_and_means,"0","0","0","0","0","0","0","0","0","1","0","0","0","0","0","0","0","0","0","0","0","0","0","0","0","0","51267",Department of Defense,Pentagon,https://www.whs.mil/,0.003146098626554,0.000000715392173
"51","5108","08",Congressional District 8,C2,"118",G5200,N,"381276224","29253298","+38.7982990","-077.1371960",tl_rd22_51_cd118,Donald Beyer,Virginia 8th,Virginia,D,1119 LHOB,(202) 225-4376,ways_and_means,"0","0","0","0","0","0","0","0","0","1","0","0","0","0","0","0","0","0","0","0","0","0","0","0","0","0","51268",Department of Defense,Pentagon,https://www.whs.mil/,0.043473690777514,0.000031315995898
"51","5108","08",Congressional District 8,C2,"118",G5200,N,"381276224","29253298","+38.7982990","-077.1371960",tl_rd22_51_cd118,Donald Beyer,Virginia 8th,Virginia,D,1119 LHOB,(202) 225-4376,ways_and_means,"0","0","0","0","0","0","0","0","0","1","0","0","0","0","0","0","0","0","0","0","0","0","0","0","0","0","51269",Department of Defense,Mark Center,https://www.whs.mil/,0.023722609303213,0.000013030038664
"51","5111","11",Congressional District 11,C2,"118",G5200,N,"649955417","8749326","+38.8677838","-077.3096945",tl_rd22_51_cd118,Gerald Connolly,Virginia 11th,Virginia,D,2265 RHOB,(202) 225-1492,foreign_affairs|select_subcommittee_on_the_weaponization_of_the_fed_govt|oversight_and_accountability,"0","0","1","0","0","1","0","0","0","0","0","0","0","0","0","1","0","0","0","0","0","0","0","0","0","0","50068",Department of Defense,Fort Belvoir,https://www.army.mil/,0.006824906578419,0.000001317419915
"51","5111","11",Congressional District 11,C2,"118",G5200,N,"649955417","8749326","+38.8677838","-077.3096945",tl_rd22_51_cd118,Gerald Connolly,Virginia 11th,Virginia,D,2265 RHOB,(202) 225-1492,foreign_affairs|select_subcommittee_on_the_weaponization_of_the_fed_govt|oversight_and_accountability,"0","0","1","0","0","1","0","0","0","0","0","0","0","0","0","1","0","0","0","0","0","0","0","0","0","0","50069",Department of Defense,Fort Belvoir,https://www.army.mil/,0.027800181907700,0.000004262998777
"51","5111","11",Congressional District 11,C2,"118",G5200,N,"649955417","8749326","+38.8677838","-077.3096945",tl_rd22_51_cd118,Gerald Connolly,Virginia 11th,Virginia,D,2265 RHOB,(202) 225-1492,foreign_affairs|select_subcommittee_on_the_weaponization_of_the_fed_govt|oversight_and_accountability,"0","0","1","0","0","1","0","0","0","0","0","0","0","0","0","1","0","0","0","0","0","0","0","0","0","0","50070",Department of Defense,Fort Belvoir,https://www.army.mil/,0.445439586685568,0.003481951162929
"51","5104","04",Congressional District 4,C2,"118",G5200,N,"8876894393","263762200","+37.0080838","-077.4227853",tl_rd22_51_cd118,Jennifer McClellan,Virginia 4th,Virginia,D,2417 RHOB,(202) 225-6365,armed_services|science_space_and_technology,"0","0","0","1","0","0","0","0","0","0","0","0","0","0","0","0","0","0","0","0","1","0","0","0","0","0","49949",Department of Defense,NG Sandson AASF,https://www.nationalguard.mil/,0.027985385814385,0.000037535696820
"51","5104","04",Congressional District 4,C2,"118",G5200,N,"8876894393","263762200","+37.0080838","-077.4227853",tl_rd22_51_cd118,Jennifer McClellan,Virginia 4th,Virginia,D,2417 RHOB,(202) 225-6365,armed_services|science_space_and_technology,"0","0","0","1","0","0","0","0","0","0","0","0","0","0","0","0","0","0","0","0","1","0","0","0","0","0","50050",Department of Defense,Def Gen Supply Center,https://www.army.mil/,0.100679031158665,0.000235803569574
"51","5104","04",Congressional District 4,C2,"118",G5200,N,"8876894393","263762200","+37.0080838","-077.4227853",tl_rd22_51_cd118,Jennifer McClellan,Virginia 4th,Virginia,D,2417 RHOB,(202) 225-6365,armed_services|science_space_and_technology,"0","0","0","1","0","0","0","0","0","0","0","0","0","0","0","0","0","0","0","0","1","0","0","0","0","0","50101",Department of Defense,Fort Lee,https://www.army.mil/,0.207057923009047,0.001576143271145
"51","5104","04",Congressional District 4,C2,"118",G5200,N,"8876894393","263762200","+37.0080838","-077.4227853",tl_rd22_51_cd118,Jennifer McClellan,Virginia 4th,Virginia,D,2417 RHOB,(202) 225-6365,armed_services|science_space_and_technology,"0","0","0","1","0","0","0","0","0","0","0","0","0","0","0","0","0","0","0","0","1","0","0","0","0","0","50102",Department of Defense,Fort Lee,https://www.army.mil/,0.009944775916673,0.000003924440491
"51","5104","04",Congressional District 4,C2,"118",G5200,N,"8876894393","263762200","+37.0080838","-077.4227853",tl_rd22_51_cd118,Jennifer McClellan,Virginia 4th,Virginia,D,2417 RHOB,(202) 225-6365,armed_services|science_space_and_technology,"0","0","0","1","0","0","0","0","0","0","0","0","0","0","0","0","0","0","0","0","1","0","0","0","0","0","50103",Department of Defense,Fort Lee,https://www.army.mil/,0.031379497721750,0.000021387714810
"51","5104","04",Congressional District 4,C2,"118",G5200,N,"8876894393","263762200","+37.0080838","-077.4227853",tl_rd22_51_cd118,Jennifer McClellan,Virginia 4th,Virginia,D,2417 RHOB,(202) 225-6365,armed_services|science_space_and_technology,"0","0","0","1","0","0","0","0","0","0","0","0","0","0","0","0","0","0","0","0","1","0","0","0","0","0","50104",Department of Defense,Fort Lee,https://www.army.mil/,0.006389937642489,0.000001123220818
"51","5104","04",Congressional District 4,C2,"118",G5200,N,"8876894393","263762200","+37.0080838","-077.4227853",tl_rd22_51_cd118,Jennifer McClellan,Virginia 4th,Virginia,D,2417 RHOB,(202) 225-6365,armed_services|science_space_and_technology,"0","0","0","1","0","0","0","0","0","0","0","0","0","0","0","0","0","0","0","0","1","0","0","0","0","0","50105",Department of Defense,Fort Lee,https://www.army.mil/,0.126537209711874,0.000726266551292
"51","5104","04",Congressional District 4,C2,"118",G5200,N,"8876894393","263762200","+37.0080838","-077.4227853",tl_rd22_51_cd118,Jennifer McClellan,Virginia 4th,Virginia,D,2417 RHOB,(202) 225-6365,armed_services|science_space_and_technology,"0","0","0","1","0","0","0","0","0","0","0","0","0","0","0","0","0","0","0","0","1","0","0","0","0","0","50147",Department of Defense,NG Fort Pickett MTC & FMS 15,https://www.nationalguard.mil/,1.082739949718937,0.016847636189147
"53","5310","10",Congressional District 10,C2,"118",G5200,N,"1833551359","215204267","+47.0493895","-122.7484883",tl_rd22_53_cd118,Marilyn Strickland,Washington 10th,Washington,D,1708 LHOB,(202) 225-9740,armed_services|transportation_and_infrastructure,"0","0","0","1","0","0","0","0","0","0","0","1","0","0","0","0","0","0","0","0","0","0","0","0","0","0","50109",Department of Defense,Joint Base Lewis-McChord,https://www.army.mil/,0.006097900046088,0.000000919819876
"53","5310","10",Congressional District 10,C2,"118",G5200,N,"1833551359","215204267","+47.0493895","-122.7484883",tl_rd22_53_cd118,Marilyn Strickland,Washington 10th,Washington,D,1708 LHOB,(202) 225-9740,armed_services|transportation_and_infrastructure,"0","0","0","1","0","0","0","0","0","0","0","1","0","0","0","0","0","0","0","0","0","0","0","0","0","0","50110",Department of Defense,Joint Base Lewis-McChord,https://www.army.mil/,0.512644384483636,0.008255417037995
"53","5310","10",Congressional District 10,C2,"118",G5200,N,"1833551359","215204267","+47.0493895","-122.7484883",tl_rd22_53_cd118,Marilyn Strickland,Washington 10th,Washington,D,1708 LHOB,(202) 225-9740,armed_services|transportation_and_infrastructure,"0","0","0","1","0","0","0","0","0","0","0","1","0","0","0","0","0","0","0","0","0","0","0","0","0","0","50111",Department of Defense,Joint Base Lewis-McChord,https://www.army.mil/,0.442961001587670,0.006108708985192
"53","5310","10",Congressional District 10,C2,"118",G5200,N,"1833551359","215204267","+47.0493895","-122.7484883",tl_rd22_53_cd118,Marilyn Strickland,Washington 10th,Washington,D,1708 LHOB,(202) 225-9740,armed_services|transportation_and_infrastructure,"0","0","0","1","0","0","0","0","0","0","0","1","0","0","0","0","0","0","0","0","0","0","0","0","0","0","50112",Department of Defense,Joint Base Lewis-McChord,https://www.army.mil/,0.017166517875747,0.000013457203906
"53","5310","10",Congressional District 10,C2,"118",G5200,N,"1833551359","215204267","+47.0493895","-122.7484883",tl_rd22_53_cd118,Marilyn Strickland,Washington 10th,Washington,D,1708 LHOB,(202) 225-9740,armed_services|transportation_and_infrastructure,"0","0","0","1","0","0","0","0","0","0","0","1","0","0","0","0","0","0","0","0","0","0","0","0","0","0","50113",Department of Defense,Joint Base Lewis-McChord,https://www.army.mil/,0.052231470473227,0.000073228362114
"53","5310","10",Congressional District 10,C2,"118",G5200,N,"1833551359","215204267","+47.0493895","-122.7484883",tl_rd22_53_cd118,Marilyn Strickland,Washington 10th,Washington,D,1708 LHOB,(202) 225-9740,armed_services|transportation_and_infrastructure,"0","0","0","1","0","0","0","0","0","0","0","1","0","0","0","0","0","0","0","0","0","0","0","0","0","0","50114",Department of Defense,Joint Base Lewis-McChord,https://www.army.mil/,0.022818075550471,0.000013161562459
"53","5310","10",Congressional District 10,C2,"118",G5200,N,"1833551359","215204267","+47.0493895","-122.7484883",tl_rd22_53_cd118,Marilyn Strickland,Washington 10th,Washington,D,1708 LHOB,(202) 225-9740,armed_services|transportation_and_infrastructure,"0","0","0","1","0","0","0","0","0","0","0","1","0","0","0","0","0","0","0","0","0","0","0","0","0","0","50115",Department of Defense,Joint Base Lewis-McChord,https://www.army.mil/,0.112720708502699,0.000253834415411
"53","5310","10",Congressional District 10,C2,"118",G5200,N,"1833551359","215204267","+47.0493895","-122.7484883",tl_rd22_53_cd118,Marilyn Strickland,Washington 10th,Washington,D,1708 LHOB,(202) 225-9740,armed_services|transportation_and_infrastructure,"0","0","0","1","0","0","0","0","0","0","0","1","0","0","0","0","0","0","0","0","0","0","0","0","0","0","50116",Department of Defense,Joint Base Lewis-McChord,https://www.army.mil/,0.070889895481274,0.000021458793520
"53","5310","10",Congressional District 10,C2,"118",G5200,N,"1833551359","215204267","+47.0493895","-122.7484883",tl_rd22_53_cd118,Marilyn Strickland,Washington 10th,Washington,D,1708 LHOB,(202) 225-9740,armed_services|transportation_and_infrastructure,"0","0","0","1","0","0","0","0","0","0","0","1","0","0","0","0","0","0","0","0","0","0","0","0","0","0","50117",Department of Defense,Joint Base Lewis-McChord,https://www.army.mil/,0.081786306092172,0.000246352581984
"53","5310","10",Congressional District 10,C2,"118",G5200,N,"1833551359","215204267","+47.0493895","-122.7484883",tl_rd22_53_cd118,Marilyn Strickland,Washington 10th,Washington,D,1708 LHOB,(202) 225-9740,armed_services|transportation_and_infrastructure,"0","0","0","1","0","0","0","0","0","0","0","1","0","0","0","0","0","0","0","0","0","0","0","0","0","0","50118",Department of Defense,Joint Base Lewis-McChord,https://www.army.mil/,0.823393023392847,0.019147087816061
"53","5310","10",Congressional District 10,C2,"118",G5200,N,"1833551359","215204267","+47.0493895","-122.7484883",tl_rd22_53_cd118,Marilyn Strickland,Washington 10th,Washington,D,1708 LHOB,(202) 225-9740,armed_services|transportation_and_infrastructure,"0","0","0","1","0","0","0","0","0","0","0","1","0","0","0","0","0","0","0","0","0","0","0","0","0","0","50119",Department of Defense,Joint Base Lewis-McChord,https://www.army.mil/,0.435558729774146,0.006453736630819
"53","5310","10",Congressional District 10,C2,"118",G5200,N,"1833551359","215204267","+47.0493895","-122.7484883",tl_rd22_53_cd118,Marilyn Strickland,Washington 10th,Washington,D,1708 LHOB,(202) 225-9740,armed_services|transportation_and_infrastructure,"0","0","0","1","0","0","0","0","0","0","0","1","0","0","0","0","0","0","0","0","0","0","0","0","0","0","50120",Department of Defense,Joint Base Lewis-McChord,https://www.army.mil/,0.322850060644087,0.003274179679941
"53","5310","10",Congressional District 10,C2,"118",G5200,N,"1833551359","215204267","+47.0493895","-122.7484883",tl_rd22_53_cd118,Marilyn Strickland,Washington 10th,Washington,D,1708 LHOB,(202) 225-9740,armed_services|transportation_and_infrastructure,"0","0","0","1","0","0","0","0","0","0","0","1","0","0","0","0","0","0","0","0","0","0","0","0","0","0","50121",Department of Defense,Joint Base Lewis-McChord,https://www.army.mil/,0.027818727899172,0.000027350912102
"53","5301","01",Congressional District 1,C2,"118",G5200,N,"860106638","44783830","+47.8728586","-122.1268855",tl_rd22_53_cd118,Suzan DelBene,Washington 1st,Washington,D,2330 RHOB,(202) 225-6311,ways_and_means,"0","0","0","0","0","0","0","0","0","1","0","0","0","0","0","0","0","0","0","0","0","0","0","0","0","0","51107",Department of Defense,Marysville WA,https://www.navy.mil/,0.019615443636966,0.000025469893663
"53","5302","02",Congressional District 2,C2,"118",G5200,N,"11406529745","3710457619","+48.5801394","-122.0443306",tl_rd22_53_cd118,Rick Larsen,Washington 2nd,Washington,D,2163 RHOB,(202) 225-2605,transportation_and_infrastructure,"0","0","0","0","0","0","0","0","0","0","0","1","0","0","0","0","0","0","0","0","0","0","0","0","0","0","50936",Department of Defense,Sea Plane Base,https://www.navy.mil/,0.374944802145172,0.001546776989292
"53","5302","02",Congressional District 2,C2,"118",G5200,N,"11406529745","3710457619","+48.5801394","-122.0443306",tl_rd22_53_cd118,Rick Larsen,Washington 2nd,Washington,D,2163 RHOB,(202) 225-2605,transportation_and_infrastructure,"0","0","0","0","0","0","0","0","0","0","0","1","0","0","0","0","0","0","0","0","0","0","0","0","0","0","51434",Department of Defense,Naval Air Station Whidbey Island,https://www.navy.mil/,0.017954607731706,0.000016181031874
"53","5302","02",Congressional District 2,C2,"118",G5200,N,"11406529745","3710457619","+48.5801394","-122.0443306",tl_rd22_53_cd118,Rick Larsen,Washington 2nd,Washington,D,2163 RHOB,(202) 225-2605,transportation_and_infrastructure,"0","0","0","0","0","0","0","0","0","0","0","1","0","0","0","0","0","0","0","0","0","0","0","0","0","0","51435",Department of Defense,Naval Air Station Whidbey Island,https://www.navy.mil/,0.364505787158197,0.002127353889787
"53","5302","02",Congressional District 2,C2,"118",G5200,N,"11406529745","3710457619","+48.5801394","-122.0443306",tl_rd22_53_cd118,Rick Larsen,Washington 2nd,Washington,D,2163 RHOB,(202) 225-2605,transportation_and_infrastructure,"0","0","0","0","0","0","0","0","0","0","0","1","0","0","0","0","0","0","0","0","0","0","0","0","0","0","51439",Department of Defense,NAVSTA Everett WA,https://www.navy.mil/,0.069696253453715,0.000114356860188
"53","5302","02",Congressional District 2,C2,"118",G5200,N,"11406529745","3710457619","+48.5801394","-122.0443306",tl_rd22_53_cd118,Rick Larsen,Washington 2nd,Washington,D,2163 RHOB,(202) 225-2605,transportation_and_infrastructure,"0","0","0","0","0","0","0","0","0","0","0","1","0","0","0","0","0","0","0","0","0","0","0","0","0","0","51448",Department of Defense,OLF Coupeville,https://www.navy.mil/,0.041598003592536,0.000068738124339
"53","5302","02",Congressional District 2,C2,"118",G5200,N,"11406529745","3710457619","+48.5801394","-122.0443306",tl_rd22_53_cd118,Rick Larsen,Washington 2nd,Washington,D,2163 RHOB,(202) 225-2605,transportation_and_infrastructure,"0","0","0","0","0","0","0","0","0","0","0","1","0","0","0","0","0","0","0","0","0","0","0","0","0","0","51449",Department of Defense,OLF Coupeville,https://www.navy.mil/,0.054280569480703,0.000180289976449
"53","5302","02",Congressional District 2,C2,"118",G5200,N,"11406529745","3710457619","+48.5801394","-122.0443306",tl_rd22_53_cd118,Rick Larsen,Washington 2nd,Washington,D,2163 RHOB,(202) 225-2605,transportation_and_infrastructure,"0","0","0","0","0","0","0","0","0","0","0","1","0","0","0","0","0","0","0","0","0","0","0","0","0","0","51450",Department of Defense,OLF Coupeville,https://www.navy.mil/,0.023340487919089,0.000031388992545
"53","5302","02",Congressional District 2,C2,"118",G5200,N,"11406529745","3710457619","+48.5801394","-122.0443306",tl_rd22_53_cd118,Rick Larsen,Washington 2nd,Washington,D,2163 RHOB,(202) 225-2605,transportation_and_infrastructure,"0","0","0","0","0","0","0","0","0","0","0","1","0","0","0","0","0","0","0","0","0","0","0","0","0","0","51451",Department of Defense,OLF Coupeville,https://www.navy.mil/,0.040003047767877,0.000077602083504
"53","5302","02",Congressional District 2,C2,"118",G5200,N,"11406529745","3710457619","+48.5801394","-122.0443306",tl_rd22_53_cd118,Rick Larsen,Washington 2nd,Washington,D,2163 RHOB,(202) 225-2605,transportation_and_infrastructure,"0","0","0","0","0","0","0","0","0","0","0","1","0","0","0","0","0","0","0","0","0","0","0","0","0","0","51452",Department of Defense,OLF Coupeville,https://www.navy.mil/,0.020177240607067,0.000024115480113
"53","5303","03",Congressional District 3,C2,"118",G5200,N,"18932131245","1132615059","+46.3265338","-122.6077265",tl_rd22_53_cd118,Marie Perez,Washington 3rd,Washington,D,1431 LHOB,(202) 225-3536,agriculture|small_business,"0","1","0","0","0","0","0","0","0","0","0","0","1","0","0","0","0","0","0","0","0","0","0","0","0","0","50110",Department of Defense,Joint Base Lewis-McChord,https://www.army.mil/,0.512644384483636,0.008255417037995
"53","5305","05",Congressional District 5,C2,"118",G5200,N,"48463560301","704438192","+47.4331704","-118.0146112",tl_rd22_53_cd118,Cathy Rodgers,Washington 5th,Washington,R,2188 RHOB,(202) 225-2006,energy_and_commerce,"0","0","0","0","0","0","0","0","1","0","0","0","0","0","0","0","0","0","0","0","0","0","0","0","0","0","50635",Department of Defense,White Bluff,https://www.af.mil/,0.007269160122275,0.000003084711774
"53","5305","05",Congressional District 5,C2,"118",G5200,N,"48463560301","704438192","+47.4331704","-118.0146112",tl_rd22_53_cd118,Cathy Rodgers,Washington 5th,Washington,R,2188 RHOB,(202) 225-2006,energy_and_commerce,"0","0","0","0","0","0","0","0","1","0","0","0","0","0","0","0","0","0","0","0","0","0","0","0","0","0","50636",Department of Defense,White Bluff,https://www.af.mil/,0.028089820984019,0.000036892046808
"53","5305","05",Congressional District 5,C2,"118",G5200,N,"48463560301","704438192","+47.4331704","-118.0146112",tl_rd22_53_cd118,Cathy Rodgers,Washington 5th,Washington,R,2188 RHOB,(202) 225-2006,energy_and_commerce,"0","0","0","0","0","0","0","0","1","0","0","0","0","0","0","0","0","0","0","0","0","0","0","0","0","0","50637",Department of Defense,Cusick Survival Training Site,https://www.af.mil/,0.024336240371702,0.000028798626744
"53","5305","05",Congressional District 5,C2,"118",G5200,N,"48463560301","704438192","+47.4331704","-118.0146112",tl_rd22_53_cd118,Cathy Rodgers,Washington 5th,Washington,R,2188 RHOB,(202) 225-2006,energy_and_commerce,"0","0","0","0","0","0","0","0","1","0","0","0","0","0","0","0","0","0","0","0","0","0","0","0","0","0","50638",Department of Defense,Cusick Survival Training Site,https://www.af.mil/,0.012600523403249,0.000008202188150
"53","5305","05",Congressional District 5,C2,"118",G5200,N,"48463560301","704438192","+47.4331704","-118.0146112",tl_rd22_53_cd118,Cathy Rodgers,Washington 5th,Washington,R,2188 RHOB,(202) 225-2006,energy_and_commerce,"0","0","0","0","0","0","0","0","1","0","0","0","0","0","0","0","0","0","0","0","0","0","0","0","0","0","50639",Department of Defense,Fairchild Air Force Base,https://www.af.mil/,0.262387594968446,0.002049481202118
"53","5306","06",Congressional District 6,C2,"118",G5200,N,"18017443169","5137051579","+47.6388582","-123.5509405",tl_rd22_53_cd118,Derek Kilmer,Washington 6th,Washington,D,1226 LHOB,(202) 225-5916,appropriations|house_administration,"1","0","0","0","0","0","0","0","0","0","0","0","0","0","0","0","0","1","0","0","0","0","0","0","0","0","49974",Department of Defense,NG Bremerton,https://www.nationalguard.mil/,0.025234329210657,0.000039158697864
"53","5306","06",Congressional District 6,C2,"118",G5200,N,"18017443169","5137051579","+47.6388582","-123.5509405",tl_rd22_53_cd118,Derek Kilmer,Washington 6th,Washington,D,1226 LHOB,(202) 225-5916,appropriations|house_administration,"1","0","0","0","0","0","0","0","0","0","0","0","0","0","0","0","0","1","0","0","0","0","0","0","0","0","50937",Department of Defense,CNI NAVMAG Indian Island,https://www.navy.mil/,0.248008455161347,0.001481044186414
"53","5306","06",Congressional District 6,C2,"118",G5200,N,"18017443169","5137051579","+47.6388582","-123.5509405",tl_rd22_53_cd118,Derek Kilmer,Washington 6th,Washington,D,1226 LHOB,(202) 225-5916,appropriations|house_administration,"1","0","0","0","0","0","0","0","0","0","0","0","0","0","0","0","0","1","0","0","0","0","0","0","0","0","51006",Department of Defense,Manchester,https://www.navy.mil/,0.069196527622828,0.000160778463018
"53","5306","06",Congressional District 6,C2,"118",G5200,N,"18017443169","5137051579","+47.6388582","-123.5509405",tl_rd22_53_cd118,Derek Kilmer,Washington 6th,Washington,D,1226 LHOB,(202) 225-5916,appropriations|house_administration,"1","0","0","0","0","0","0","0","0","0","0","0","0","0","0","0","0","1","0","0","0","0","0","0","0","0","51092",Department of Defense,Naval Base Kitsap Bangor,https://www.navy.mil/,0.281789667039374,0.003659033032265
"53","5306","06",Congressional District 6,C2,"118",G5200,N,"18017443169","5137051579","+47.6388582","-123.5509405",tl_rd22_53_cd118,Derek Kilmer,Washington 6th,Washington,D,1226 LHOB,(202) 225-5916,appropriations|house_administration,"1","0","0","0","0","0","0","0","0","0","0","0","0","0","0","0","0","1","0","0","0","0","0","0","0","0","51386",Department of Defense,Naval Base Kitsap – Keyport,https://www.navy.mil/,0.058525826265031,0.000150732091343
"53","5306","06",Congressional District 6,C2,"118",G5200,N,"18017443169","5137051579","+47.6388582","-123.5509405",tl_rd22_53_cd118,Derek Kilmer,Washington 6th,Washington,D,1226 LHOB,(202) 225-5916,appropriations|house_administration,"1","0","0","0","0","0","0","0","0","0","0","0","0","0","0","0","0","1","0","0","0","0","0","0","0","0","51436",Department of Defense,Naval Base Kitsap Bremerton WA,https://www.navy.mil/,0.004180407558087,0.000001057869347
"53","5306","06",Congressional District 6,C2,"118",G5200,N,"18017443169","5137051579","+47.6388582","-123.5509405",tl_rd22_53_cd118,Derek Kilmer,Washington 6th,Washington,D,1226 LHOB,(202) 225-5916,appropriations|house_administration,"1","0","0","0","0","0","0","0","0","0","0","0","0","0","0","0","0","1","0","0","0","0","0","0","0","0","51437",Department of Defense,Naval Base Kitsap Bremerton WA,https://www.navy.mil/,0.095241508956295,0.000211242383619
"53","5306","06",Congressional District 6,C2,"118",G5200,N,"18017443169","5137051579","+47.6388582","-123.5509405",tl_rd22_53_cd118,Derek Kilmer,Washington 6th,Washington,D,1226 LHOB,(202) 225-5916,appropriations|house_administration,"1","0","0","0","0","0","0","0","0","0","0","0","0","0","0","0","0","1","0","0","0","0","0","0","0","0","51468",Department of Defense,Shipyard Puget Sound,https://www.navy.mil/,0.064307598770812,0.000156513626623
"53","5308","08",Congressional District 8,C2,"118",G5200,N,"25453282248","436119797","+47.5413447","-121.1433921",tl_rd22_53_cd118,Kim Schrier,Washington 8th,Washington,D,1110 LHOB,(202) 225-7761,energy_and_commerce,"0","0","0","0","0","0","0","0","1","0","0","0","0","0","0","0","0","0","0","0","0","0","0","0","0","0","50108",Department of Defense,Joint Base Lewis-McChord,https://www.army.mil/,2.206237253794415,0.155833080752430
"53","5308","08",Congressional District 8,C2,"118",G5200,N,"25453282248","436119797","+47.5413447","-121.1433921",tl_rd22_53_cd118,Kim Schrier,Washington 8th,Washington,D,1110 LHOB,(202) 225-7761,energy_and_commerce,"0","0","0","0","0","0","0","0","1","0","0","0","0","0","0","0","0","0","0","0","0","0","0","0","0","0","50111",Department of Defense,Joint Base Lewis-McChord,https://www.army.mil/,0.442961001587670,0.006108708985192
"53","5308","08",Congressional District 8,C2,"118",G5200,N,"25453282248","436119797","+47.5413447","-121.1433921",tl_rd22_53_cd118,Kim Schrier,Washington 8th,Washington,D,1110 LHOB,(202) 225-7761,energy_and_commerce,"0","0","0","0","0","0","0","0","1","0","0","0","0","0","0","0","0","0","0","0","0","0","0","0","0","0","50115",Department of Defense,Joint Base Lewis-McChord,https://www.army.mil/,0.112720708502699,0.000253834415411
"53","5308","08",Congressional District 8,C2,"118",G5200,N,"25453282248","436119797","+47.5413447","-121.1433921",tl_rd22_53_cd118,Kim Schrier,Washington 8th,Washington,D,1110 LHOB,(202) 225-7761,energy_and_commerce,"0","0","0","0","0","0","0","0","1","0","0","0","0","0","0","0","0","0","0","0","0","0","0","0","0","0","51378",Department of Defense,Jim Creek,https://www.navy.mil/,0.272609969748655,0.002361108646928
"53","5304","04",Congressional District 4,C2,"118",G5200,N,"46323224439","788621864","+47.2499339","-120.0324618",tl_rd22_53_cd118,Dan Newhouse,Washington 4th,Washington,R,504 CHOB,(202) 225-5816,appropriations|select_sub_us_china,"1","0","0","0","0","0","0","0","0","0","0","0","0","0","0","0","0","0","0","0","0","0","1","0","0","0","50108",Department of Defense,Joint Base Lewis-McChord,https://www.army.mil/,2.206237253794415,0.155833080752430
"53","5304","04",Congressional District 4,C2,"118",G5200,N,"46323224439","788621864","+47.2499339","-120.0324618",tl_rd22_53_cd118,Dan Newhouse,Washington 4th,Washington,R,504 CHOB,(202) 225-5816,appropriations|select_sub_us_china,"1","0","0","0","0","0","0","0","0","0","0","0","0","0","0","0","0","0","0","0","0","0","1","0","0","0","50122",Department of Defense,Joint Base Lewis-McChord,https://www.army.mil/,0.052804870084176,0.000017022717867
"54","5401","01",Congressional District 1,C2,"118",G5200,N,"37140659722","284868191","+38.1996942","-081.1474453",tl_rd22_54_cd118,Carol Miller,West Virginia 1st,West Virginia,R,465 CHOB,(202) 225-3452,ways_and_means,"0","0","0","0","0","0","0","0","0","1","0","0","0","0","0","0","0","0","0","0","0","0","0","0","0","0","50485",Department of Defense,NG Jackson County AFRC,https://www.nationalguard.mil/,0.070054313894025,0.000130303722728
"54","5401","01",Congressional District 1,C2,"118",G5200,N,"37140659722","284868191","+38.1996942","-081.1474453",tl_rd22_54_cd118,Carol Miller,West Virginia 1st,West Virginia,R,465 CHOB,(202) 225-3452,ways_and_means,"0","0","0","0","0","0","0","0","0","1","0","0","0","0","0","0","0","0","0","0","0","0","0","0","0","0","50486",Department of Defense,NG Jackson County AFRC,https://www.nationalguard.mil/,0.020859820954292,0.000021220787801
"54","5401","01",Congressional District 1,C2,"118",G5200,N,"37140659722","284868191","+38.1996942","-081.1474453",tl_rd22_54_cd118,Carol Miller,West Virginia 1st,West Virginia,R,465 CHOB,(202) 225-3452,ways_and_means,"0","0","0","0","0","0","0","0","0","1","0","0","0","0","0","0","0","0","0","0","0","0","0","0","0","0","50798",Department of Defense,MCLAUGHLIN ANGB,https://www.ang.af.mil/,0.036157586163198,0.000051522187715
"54","5402","02",Congressional District 2,C2,"118",G5200,N,"25125637043","204337858","+39.2847063","-079.8502190",tl_rd22_54_cd118,Alexander Mooney,West Virginia 2nd,West Virginia,R,2228 RHOB,(202) 225-2711,financial_services,"0","0","0","0","0","0","0","0","0","0","1","0","0","0","0","0","0","0","0","0","0","0","0","0","0","0","50042",Department of Defense,NG CTC Camp Dawson-Kingwood,https://www.nationalguard.mil/,0.131407369770651,0.001105743595450
"54","5402","02",Congressional District 2,C2,"118",G5200,N,"25125637043","204337858","+39.2847063","-079.8502190",tl_rd22_54_cd118,Alexander Mooney,West Virginia 2nd,West Virginia,R,2228 RHOB,(202) 225-2711,financial_services,"0","0","0","0","0","0","0","0","0","0","1","0","0","0","0","0","0","0","0","0","0","0","0","0","0","0","50043",Department of Defense,NG CTC Camp Dawson-Kingwood,https://www.nationalguard.mil/,0.137409958025512,0.000529764022657
"54","5402","02",Congressional District 2,C2,"118",G5200,N,"25125637043","204337858","+39.2847063","-079.8502190",tl_rd22_54_cd118,Alexander Mooney,West Virginia 2nd,West Virginia,R,2228 RHOB,(202) 225-2711,financial_services,"0","0","0","0","0","0","0","0","0","0","1","0","0","0","0","0","0","0","0","0","0","0","0","0","0","0","50044",Department of Defense,NG CTC Camp Dawson-Kingwood,https://www.nationalguard.mil/,0.180020642749558,0.000674182864334
"54","5402","02",Congressional District 2,C2,"118",G5200,N,"25125637043","204337858","+39.2847063","-079.8502190",tl_rd22_54_cd118,Alexander Mooney,West Virginia 2nd,West Virginia,R,2228 RHOB,(202) 225-2711,financial_services,"0","0","0","0","0","0","0","0","0","0","1","0","0","0","0","0","0","0","0","0","0","0","0","0","0","0","50045",Department of Defense,NG CTC Camp Dawson-Kingwood,https://www.nationalguard.mil/,0.074664118096893,0.000173804993976
"54","5402","02",Congressional District 2,C2,"118",G5200,N,"25125637043","204337858","+39.2847063","-079.8502190",tl_rd22_54_cd118,Alexander Mooney,West Virginia 2nd,West Virginia,R,2228 RHOB,(202) 225-2711,financial_services,"0","0","0","0","0","0","0","0","0","0","1","0","0","0","0","0","0","0","0","0","0","0","0","0","0","0","50046",Department of Defense,NG CTC Camp Dawson-Kingwood,https://www.nationalguard.mil/,0.159337701137231,0.000882100098527
"54","5402","02",Congressional District 2,C2,"118",G5200,N,"25125637043","204337858","+39.2847063","-079.8502190",tl_rd22_54_cd118,Alexander Mooney,West Virginia 2nd,West Virginia,R,2228 RHOB,(202) 225-2711,financial_services,"0","0","0","0","0","0","0","0","0","0","1","0","0","0","0","0","0","0","0","0","0","0","0","0","0","0","50047",Department of Defense,NG CTC Camp Dawson-Kingwood,https://www.nationalguard.mil/,0.027750215020361,0.000022523545752
"54","5402","02",Congressional District 2,C2,"118",G5200,N,"25125637043","204337858","+39.2847063","-079.8502190",tl_rd22_54_cd118,Alexander Mooney,West Virginia 2nd,West Virginia,R,2228 RHOB,(202) 225-2711,financial_services,"0","0","0","0","0","0","0","0","0","0","1","0","0","0","0","0","0","0","0","0","0","0","0","0","0","0","50340",Department of Defense,NG Williamstown,https://www.nationalguard.mil/,0.044196896195359,0.000043519199599
"54","5402","02",Congressional District 2,C2,"118",G5200,N,"25125637043","204337858","+39.2847063","-079.8502190",tl_rd22_54_cd118,Alexander Mooney,West Virginia 2nd,West Virginia,R,2228 RHOB,(202) 225-2711,financial_services,"0","0","0","0","0","0","0","0","0","0","1","0","0","0","0","0","0","0","0","0","0","0","0","0","0","0","50445",Department of Defense,NG Volkstone,https://www.nationalguard.mil/,0.099833613504465,0.000213514675200
"54","5402","02",Congressional District 2,C2,"118",G5200,N,"25125637043","204337858","+39.2847063","-079.8502190",tl_rd22_54_cd118,Alexander Mooney,West Virginia 2nd,West Virginia,R,2228 RHOB,(202) 225-2711,financial_services,"0","0","0","0","0","0","0","0","0","0","1","0","0","0","0","0","0","0","0","0","0","0","0","0","0","0","50487",Department of Defense,NG Elkins AFRC,https://www.nationalguard.mil/,0.037911832183149,0.000061440713593
"54","5402","02",Congressional District 2,C2,"118",G5200,N,"25125637043","204337858","+39.2847063","-079.8502190",tl_rd22_54_cd118,Alexander Mooney,West Virginia 2nd,West Virginia,R,2228 RHOB,(202) 225-2711,financial_services,"0","0","0","0","0","0","0","0","0","0","1","0","0","0","0","0","0","0","0","0","0","0","0","0","0","0","50807",Department of Defense,EWVRA Shepherd Field,https://www.ang.af.mil/,0.088308765565369,0.000131706574390
"54","5402","02",Congressional District 2,C2,"118",G5200,N,"25125637043","204337858","+39.2847063","-079.8502190",tl_rd22_54_cd118,Alexander Mooney,West Virginia 2nd,West Virginia,R,2228 RHOB,(202) 225-2711,financial_services,"0","0","0","0","0","0","0","0","0","0","1","0","0","0","0","0","0","0","0","0","0","0","0","0","0","0","50974",Department of Defense,Allegany Ballistics Lab,https://www.navy.mil/,0.155960206275214,0.000643455731188
"54","5402","02",Congressional District 2,C2,"118",G5200,N,"25125637043","204337858","+39.2847063","-079.8502190",tl_rd22_54_cd118,Alexander Mooney,West Virginia 2nd,West Virginia,R,2228 RHOB,(202) 225-2711,financial_services,"0","0","0","0","0","0","0","0","0","0","1","0","0","0","0","0","0","0","0","0","0","0","0","0","0","0","51532",Department of Defense,Biometric Technology Center (Biometrics Identity Management Activity),https://www.fbi.gov/,0.054198422000013,0.000181832218894
"55","5501","01",Congressional District 1,C2,"118",G5200,N,"3972889119","3898449689","+42.7292699","-087.9425480",tl_rd22_55_cd118,Bryan Steil,Wisconsin 1st,Wisconsin,R,1526 LHOB,(202) 225-3031,financial_services|house_administration|joint_library,"0","0","0","0","0","0","0","0","0","0","1","0","0","0","0","0","0","1","0","0","0","0","0","0","0","1","50743",Department of Defense,Gen Mitchell IAP,https://www.ang.af.mil/,0.014298781170556,0.000008768929961
"55","5502","02",Congressional District 2,C2,"118",G5200,N,"11139165993","174603803","+42.9614077","-089.7339555",tl_rd22_55_cd118,Mark Pocan,Wisconsin 2nd,Wisconsin,D,1026 LHOB,(202) 225-2906,appropriations,"1","0","0","0","0","0","0","0","0","0","0","0","0","0","0","0","0","0","0","0","0","0","0","0","0","0","50784",Department of Defense,Truax ANGB,https://www.ang.af.mil/,0.004950922851266,0.000001625341376
"55","5502","02",Congressional District 2,C2,"118",G5200,N,"11139165993","174603803","+42.9614077","-089.7339555",tl_rd22_55_cd118,Mark Pocan,Wisconsin 2nd,Wisconsin,D,1026 LHOB,(202) 225-2906,appropriations,"1","0","0","0","0","0","0","0","0","0","0","0","0","0","0","0","0","0","0","0","0","0","0","0","0","0","50785",Department of Defense,Truax ANGB,https://www.ang.af.mil/,0.048381053955104,0.000066217357830
"55","5502","02",Congressional District 2,C2,"118",G5200,N,"11139165993","174603803","+42.9614077","-089.7339555",tl_rd22_55_cd118,Mark Pocan,Wisconsin 2nd,Wisconsin,D,1026 LHOB,(202) 225-2906,appropriations,"1","0","0","0","0","0","0","0","0","0","0","0","0","0","0","0","0","0","0","0","0","0","0","0","0","0","51327",Department of Defense,Badger AAP,https://www.army.mil/,0.096721979166386,0.000139988289042
"55","5502","02",Congressional District 2,C2,"118",G5200,N,"11139165993","174603803","+42.9614077","-089.7339555",tl_rd22_55_cd118,Mark Pocan,Wisconsin 2nd,Wisconsin,D,1026 LHOB,(202) 225-2906,appropriations,"1","0","0","0","0","0","0","0","0","0","0","0","0","0","0","0","0","0","0","0","0","0","0","0","0","0","51328",Department of Defense,Badger AAP,https://www.army.mil/,0.038420400948208,0.000033372403695
"55","5502","02",Congressional District 2,C2,"118",G5200,N,"11139165993","174603803","+42.9614077","-089.7339555",tl_rd22_55_cd118,Mark Pocan,Wisconsin 2nd,Wisconsin,D,1026 LHOB,(202) 225-2906,appropriations,"1","0","0","0","0","0","0","0","0","0","0","0","0","0","0","0","0","0","0","0","0","0","0","0","0","0","51329",Department of Defense,Badger AAP,https://www.army.mil/,0.092657100402347,0.000337132881728
"55","5502","02",Congressional District 2,C2,"118",G5200,N,"11139165993","174603803","+42.9614077","-089.7339555",tl_rd22_55_cd118,Mark Pocan,Wisconsin 2nd,Wisconsin,D,1026 LHOB,(202) 225-2906,appropriations,"1","0","0","0","0","0","0","0","0","0","0","0","0","0","0","0","0","0","0","0","0","0","0","0","0","0","51330",Department of Defense,Badger AAP,https://www.army.mil/,0.072066348495370,0.000078032196906
"55","5502","02",Congressional District 2,C2,"118",G5200,N,"11139165993","174603803","+42.9614077","-089.7339555",tl_rd22_55_cd118,Mark Pocan,Wisconsin 2nd,Wisconsin,D,1026 LHOB,(202) 225-2906,appropriations,"1","0","0","0","0","0","0","0","0","0","0","0","0","0","0","0","0","0","0","0","0","0","0","0","0","0","51331",Department of Defense,Badger AAP,https://www.army.mil/,0.037586855505176,0.000034998086794
"55","5502","02",Congressional District 2,C2,"118",G5200,N,"11139165993","174603803","+42.9614077","-089.7339555",tl_rd22_55_cd118,Mark Pocan,Wisconsin 2nd,Wisconsin,D,1026 LHOB,(202) 225-2906,appropriations,"1","0","0","0","0","0","0","0","0","0","0","0","0","0","0","0","0","0","0","0","0","0","0","0","0","0","51332",Department of Defense,Badger AAP,https://www.army.mil/,0.006729500187143,0.000002731423412
"55","5503","03",Congressional District 3,C2,"118",G5200,N,"29077415127","821908765","+44.0562970","-090.8917476",tl_rd22_55_cd118,Derrick Van Orden,Wisconsin 3rd,Wisconsin,R,1513 LHOB,(202) 225-5506,agriculture|transportation_and_infrastructure|veterans_affairs,"0","1","0","0","0","0","0","0","0","0","0","1","0","0","0","0","0","0","0","0","0","1","0","0","0","0","50019",Department of Defense,NG Camp Williams Tomah MTA,https://www.nationalguard.mil/,0.047935626636478,0.000051600450058
"55","5503","03",Congressional District 3,C2,"118",G5200,N,"29077415127","821908765","+44.0562970","-090.8917476",tl_rd22_55_cd118,Derrick Van Orden,Wisconsin 3rd,Wisconsin,R,1513 LHOB,(202) 225-5506,agriculture|transportation_and_infrastructure|veterans_affairs,"0","1","0","0","0","0","0","0","0","0","0","1","0","0","0","0","0","0","0","0","0","1","0","0","0","0","50125",Department of Defense,Fort McCoy,https://www.usar.army.mil/,1.119669266545375,0.027120658621809
"55","5503","03",Congressional District 3,C2,"118",G5200,N,"29077415127","821908765","+44.0562970","-090.8917476",tl_rd22_55_cd118,Derrick Van Orden,Wisconsin 3rd,Wisconsin,R,1513 LHOB,(202) 225-5506,agriculture|transportation_and_infrastructure|veterans_affairs,"0","1","0","0","0","0","0","0","0","0","0","1","0","0","0","0","0","0","0","0","0","1","0","0","0","0","50782",Department of Defense,Volk ANGB,https://www.ang.af.mil/,0.202029362899801,0.001005925853643
"55","5503","03",Congressional District 3,C2,"118",G5200,N,"29077415127","821908765","+44.0562970","-090.8917476",tl_rd22_55_cd118,Derrick Van Orden,Wisconsin 3rd,Wisconsin,R,1513 LHOB,(202) 225-5506,agriculture|transportation_and_infrastructure|veterans_affairs,"0","1","0","0","0","0","0","0","0","0","0","1","0","0","0","0","0","0","0","0","0","1","0","0","0","0","50783",Department of Defense,Volk ANGB,https://www.ang.af.mil/,0.287961157184314,0.003311001094515
"55","5503","03",Congressional District 3,C2,"118",G5200,N,"29077415127","821908765","+44.0562970","-090.8917476",tl_rd22_55_cd118,Derrick Van Orden,Wisconsin 3rd,Wisconsin,R,1513 LHOB,(202) 225-5506,agriculture|transportation_and_infrastructure|veterans_affairs,"0","1","0","0","0","0","0","0","0","0","0","1","0","0","0","0","0","0","0","0","0","1","0","0","0","0","51288",Department of Defense,Hardwood Range,https://www.ang.af.mil/,0.287961157184314,0.003311001094515
"55","5504","04",Congressional District 4,C2,"118",G5200,N,"362558779","1056809152","+43.0725822","-087.8653685",tl_rd22_55_cd118,Gwen Moore,Wisconsin 4th,Wisconsin,D,2252 RHOB,(202) 225-4572,ways_and_means,"0","0","0","0","0","0","0","0","0","1","0","0","0","0","0","0","0","0","0","0","0","0","0","0","0","0","50455",Department of Defense,W Silver Spring Complex,https://www.usar.army.mil/,0.036286262867169,0.000056449649338
"55","5504","04",Congressional District 4,C2,"118",G5200,N,"362558779","1056809152","+43.0725822","-087.8653685",tl_rd22_55_cd118,Gwen Moore,Wisconsin 4th,Wisconsin,D,2252 RHOB,(202) 225-4572,ways_and_means,"0","0","0","0","0","0","0","0","0","1","0","0","0","0","0","0","0","0","0","0","0","0","0","0","0","0","50741",Department of Defense,Gen Mitchell IAP,https://www.ang.af.mil/,0.007471442061117,0.000003023028616
"55","5504","04",Congressional District 4,C2,"118",G5200,N,"362558779","1056809152","+43.0725822","-087.8653685",tl_rd22_55_cd118,Gwen Moore,Wisconsin 4th,Wisconsin,D,2252 RHOB,(202) 225-4572,ways_and_means,"0","0","0","0","0","0","0","0","0","1","0","0","0","0","0","0","0","0","0","0","0","0","0","0","0","0","50742",Department of Defense,Gen Mitchell IAP,https://www.ang.af.mil/,0.041393549136071,0.000032291608707
"55","5507","07",Congressional District 7,C2,"118",G5200,N,"59856162190","7700079451","+45.6989971","-090.6553345",tl_rd22_55_cd118,Thomas Tiffany,Wisconsin 7th,Wisconsin,R,451 CHOB,(202) 225-3365,natural_resources|judiciary,"0","0","0","0","1","0","0","0","0","0","0","0","0","1","0","0","0","0","0","0","0","0","0","0","0","0","50783",Department of Defense,Volk ANGB,https://www.ang.af.mil/,0.287961157184314,0.003311001094515
"55","5507","07",Congressional District 7,C2,"118",G5200,N,"59856162190","7700079451","+45.6989971","-090.6553345",tl_rd22_55_cd118,Thomas Tiffany,Wisconsin 7th,Wisconsin,R,451 CHOB,(202) 225-3365,natural_resources|judiciary,"0","0","0","0","1","0","0","0","0","0","0","0","0","1","0","0","0","0","0","0","0","0","0","0","0","0","51288",Department of Defense,Hardwood Range,https://www.ang.af.mil/,0.287961157184314,0.003311001094515
"56","5600","00",Congressional District (at Large),C1,"118",G5200,N,"251458712277","1867503715","+42.9896591","-107.5443922",tl_rd22_56_cd118,Harriet Hageman,Wyoming,Wyoming,R,1531 LHOB,(202) 225-2311,select_subcommittee_on_the_weaponization_of_the_fed_govt|natural_resources|judiciary,"0","0","0","0","1","0","0","0","0","0","0","0","0","1","0","1","0","0","0","0","0","0","0","0","0","0","50301",Department of Defense,NG MTCH Camp Guernsey,https://www.nationalguard.mil/,0.010955930710910,0.000005757296533
"56","5600","00",Congressional District (at Large),C1,"118",G5200,N,"251458712277","1867503715","+42.9896591","-107.5443922",tl_rd22_56_cd118,Harriet Hageman,Wyoming,Wyoming,R,1531 LHOB,(202) 225-2311,select_subcommittee_on_the_weaponization_of_the_fed_govt|natural_resources|judiciary,"0","0","0","0","1","0","0","0","0","0","0","0","0","1","0","1","0","0","0","0","0","0","0","0","0","0","50302",Department of Defense,NG MTCH Camp Guernsey,https://www.nationalguard.mil/,0.064120197335098,0.000213215676991
"56","5600","00",Congressional District (at Large),C1,"118",G5200,N,"251458712277","1867503715","+42.9896591","-107.5443922",tl_rd22_56_cd118,Harriet Hageman,Wyoming,Wyoming,R,1531 LHOB,(202) 225-2311,select_subcommittee_on_the_weaponization_of_the_fed_govt|natural_resources|judiciary,"0","0","0","0","1","0","0","0","0","0","0","0","0","1","0","1","0","0","0","0","0","0","0","0","0","0","50303",Department of Defense,NG MTCH Camp Guernsey,https://www.nationalguard.mil/,0.732852543888392,0.011332457579965
"56","5600","00",Congressional District (at Large),C1,"118",G5200,N,"251458712277","1867503715","+42.9896591","-107.5443922",tl_rd22_56_cd118,Harriet Hageman,Wyoming,Wyoming,R,1531 LHOB,(202) 225-2311,select_subcommittee_on_the_weaponization_of_the_fed_govt|natural_resources|judiciary,"0","0","0","0","1","0","0","0","0","0","0","0","0","1","0","1","0","0","0","0","0","0","0","0","0","0","50304",Department of Defense,NG MTCH Camp Guernsey,https://www.nationalguard.mil/,0.020643552335564,0.000026879011153
"56","5600","00",Congressional District (at Large),C1,"118",G5200,N,"251458712277","1867503715","+42.9896591","-107.5443922",tl_rd22_56_cd118,Harriet Hageman,Wyoming,Wyoming,R,1531 LHOB,(202) 225-2311,select_subcommittee_on_the_weaponization_of_the_fed_govt|natural_resources|judiciary,"0","0","0","0","1","0","0","0","0","0","0","0","0","1","0","1","0","0","0","0","0","0","0","0","0","0","50305",Department of Defense,NG MTCH Camp Guernsey,https://www.nationalguard.mil/,0.009197220181924,0.000004428188866
"56","5600","00",Congressional District (at Large),C1,"118",G5200,N,"251458712277","1867503715","+42.9896591","-107.5443922",tl_rd22_56_cd118,Harriet Hageman,Wyoming,Wyoming,R,1531 LHOB,(202) 225-2311,select_subcommittee_on_the_weaponization_of_the_fed_govt|natural_resources|judiciary,"0","0","0","0","1","0","0","0","0","0","0","0","0","1","0","1","0","0","0","0","0","0","0","0","0","0","50306",Department of Defense,NG MTCH Camp Guernsey,https://www.nationalguard.mil/,0.006677300920108,0.000002218790730
"56","5600","00",Congressional District (at Large),C1,"118",G5200,N,"251458712277","1867503715","+42.9896591","-107.5443922",tl_rd22_56_cd118,Harriet Hageman,Wyoming,Wyoming,R,1531 LHOB,(202) 225-2311,select_subcommittee_on_the_weaponization_of_the_fed_govt|natural_resources|judiciary,"0","0","0","0","1","0","0","0","0","0","0","0","0","1","0","1","0","0","0","0","0","0","0","0","0","0","50307",Department of Defense,NG MTCH Camp Guernsey,https://www.nationalguard.mil/,0.011063068045965,0.000006350478227
"56","5600","00",Congressional District (at Large),C1,"118",G5200,N,"251458712277","1867503715","+42.9896591","-107.5443922",tl_rd22_56_cd118,Harriet Hageman,Wyoming,Wyoming,R,1531 LHOB,(202) 225-2311,select_subcommittee_on_the_weaponization_of_the_fed_govt|natural_resources|judiciary,"0","0","0","0","1","0","0","0","0","0","0","0","0","1","0","1","0","0","0","0","0","0","0","0","0","0","50308",Department of Defense,NG MTCH Camp Guernsey,https://www.nationalguard.mil/,0.021248834887636,0.000024125391738
"56","5600","00",Congressional District (at Large),C1,"118",G5200,N,"251458712277","1867503715","+42.9896591","-107.5443922",tl_rd22_56_cd118,Harriet Hageman,Wyoming,Wyoming,R,1531 LHOB,(202) 225-2311,select_subcommittee_on_the_weaponization_of_the_fed_govt|natural_resources|judiciary,"0","0","0","0","1","0","0","0","0","0","0","0","0","1","0","1","0","0","0","0","0","0","0","0","0","0","50309",Department of Defense,NG MTCH Camp Guernsey,https://www.nationalguard.mil/,0.065195882271618,0.000129244535002
"56","5600","00",Congressional District (at Large),C1,"118",G5200,N,"251458712277","1867503715","+42.9896591","-107.5443922",tl_rd22_56_cd118,Harriet Hageman,Wyoming,Wyoming,R,1531 LHOB,(202) 225-2311,select_subcommittee_on_the_weaponization_of_the_fed_govt|natural_resources|judiciary,"0","0","0","0","1","0","0","0","0","0","0","0","0","1","0","1","0","0","0","0","0","0","0","0","0","0","50310",Department of Defense,NG MTCH Camp Guernsey,https://www.nationalguard.mil/,0.017013183494115,0.000017678816463
"56","5600","00",Congressional District (at Large),C1,"118",G5200,N,"251458712277","1867503715","+42.9896591","-107.5443922",tl_rd22_56_cd118,Harriet Hageman,Wyoming,Wyoming,R,1531 LHOB,(202) 225-2311,select_subcommittee_on_the_weaponization_of_the_fed_govt|natural_resources|judiciary,"0","0","0","0","1","0","0","0","0","0","0","0","0","1","0","1","0","0","0","0","0","0","0","0","0","0","50311",Department of Defense,NG MTCH Camp Guernsey,https://www.nationalguard.mil/,0.016988194340344,0.000017628897842
"56","5600","00",Congressional District (at Large),C1,"118",G5200,N,"251458712277","1867503715","+42.9896591","-107.5443922",tl_rd22_56_cd118,Harriet Hageman,Wyoming,Wyoming,R,1531 LHOB,(202) 225-2311,select_subcommittee_on_the_weaponization_of_the_fed_govt|natural_resources|judiciary,"0","0","0","0","1","0","0","0","0","0","0","0","0","1","0","1","0","0","0","0","0","0","0","0","0","0","50312",Department of Defense,NG MTCH Camp Guernsey,https://www.nationalguard.mil/,0.016950192558158,0.000017558857923
"56","5600","00",Congressional District (at Large),C1,"118",G5200,N,"251458712277","1867503715","+42.9896591","-107.5443922",tl_rd22_56_cd118,Harriet Hageman,Wyoming,Wyoming,R,1531 LHOB,(202) 225-2311,select_subcommittee_on_the_weaponization_of_the_fed_govt|natural_resources|judiciary,"0","0","0","0","1","0","0","0","0","0","0","0","0","1","0","1","0","0","0","0","0","0","0","0","0","0","50313",Department of Defense,NG MTCH Camp Guernsey,https://www.nationalguard.mil/,0.035096879002651,0.000056997597436
"56","5600","00",Congressional District (at Large),C1,"118",G5200,N,"251458712277","1867503715","+42.9896591","-107.5443922",tl_rd22_56_cd118,Harriet Hageman,Wyoming,Wyoming,R,1531 LHOB,(202) 225-2311,select_subcommittee_on_the_weaponization_of_the_fed_govt|natural_resources|judiciary,"0","0","0","0","1","0","0","0","0","0","0","0","0","1","0","1","0","0","0","0","0","0","0","0","0","0","50314",Department of Defense,NG MTCH Camp Guernsey,https://www.nationalguard.mil/,0.014467381427217,0.000011450515477
"56","5600","00",Congressional District (at Large),C1,"118",G5200,N,"251458712277","1867503715","+42.9896591","-107.5443922",tl_rd22_56_cd118,Harriet Hageman,Wyoming,Wyoming,R,1531 LHOB,(202) 225-2311,select_subcommittee_on_the_weaponization_of_the_fed_govt|natural_resources|judiciary,"0","0","0","0","1","0","0","0","0","0","0","0","0","1","0","1","0","0","0","0","0","0","0","0","0","0","50315",Department of Defense,NG MTCH Camp Guernsey,https://www.nationalguard.mil/,0.017243183493242,0.000018071123180
"56","5600","00",Congressional District (at Large),C1,"118",G5200,N,"251458712277","1867503715","+42.9896591","-107.5443922",tl_rd22_56_cd118,Harriet Hageman,Wyoming,Wyoming,R,1531 LHOB,(202) 225-2311,select_subcommittee_on_the_weaponization_of_the_fed_govt|natural_resources|judiciary,"0","0","0","0","1","0","0","0","0","0","0","0","0","1","0","1","0","0","0","0","0","0","0","0","0","0","50316",Department of Defense,NG MTCH Camp Guernsey,https://www.nationalguard.mil/,0.026958859862281,0.000035696346271
"56","5600","00",Congressional District (at Large),C1,"118",G5200,N,"251458712277","1867503715","+42.9896591","-107.5443922",tl_rd22_56_cd118,Harriet Hageman,Wyoming,Wyoming,R,1531 LHOB,(202) 225-2311,select_subcommittee_on_the_weaponization_of_the_fed_govt|natural_resources|judiciary,"0","0","0","0","1","0","0","0","0","0","0","0","0","1","0","1","0","0","0","0","0","0","0","0","0","0","50317",Department of Defense,NG MTCH Camp Guernsey,https://www.nationalguard.mil/,0.017276887356679,0.000018256013385
"56","5600","00",Congressional District (at Large),C1,"118",G5200,N,"251458712277","1867503715","+42.9896591","-107.5443922",tl_rd22_56_cd118,Harriet Hageman,Wyoming,Wyoming,R,1531 LHOB,(202) 225-2311,select_subcommittee_on_the_weaponization_of_the_fed_govt|natural_resources|judiciary,"0","0","0","0","1","0","0","0","0","0","0","0","0","1","0","1","0","0","0","0","0","0","0","0","0","0","50318",Department of Defense,NG MTCH Camp Guernsey,https://www.nationalguard.mil/,0.114579135268925,0.000473607388166
"56","5600","00",Congressional District (at Large),C1,"118",G5200,N,"251458712277","1867503715","+42.9896591","-107.5443922",tl_rd22_56_cd118,Harriet Hageman,Wyoming,Wyoming,R,1531 LHOB,(202) 225-2311,select_subcommittee_on_the_weaponization_of_the_fed_govt|natural_resources|judiciary,"0","0","0","0","1","0","0","0","0","0","0","0","0","1","0","1","0","0","0","0","0","0","0","0","0","0","50319",Department of Defense,NG MTCH Camp Guernsey,https://www.nationalguard.mil/,0.043974987308508,0.000052750361902
"56","5600","00",Congressional District (at Large),C1,"118",G5200,N,"251458712277","1867503715","+42.9896591","-107.5443922",tl_rd22_56_cd118,Harriet Hageman,Wyoming,Wyoming,R,1531 LHOB,(202) 225-2311,select_subcommittee_on_the_weaponization_of_the_fed_govt|natural_resources|judiciary,"0","0","0","0","1","0","0","0","0","0","0","0","0","1","0","1","0","0","0","0","0","0","0","0","0","0","50320",Department of Defense,NG MTCH Camp Guernsey,https://www.nationalguard.mil/,0.001136776092977,0.000000077846527
"56","5600","00",Congressional District (at Large),C1,"118",G5200,N,"251458712277","1867503715","+42.9896591","-107.5443922",tl_rd22_56_cd118,Harriet Hageman,Wyoming,Wyoming,R,1531 LHOB,(202) 225-2311,select_subcommittee_on_the_weaponization_of_the_fed_govt|natural_resources|judiciary,"0","0","0","0","1","0","0","0","0","0","0","0","0","1","0","1","0","0","0","0","0","0","0","0","0","0","50321",Department of Defense,NG MTCH Camp Guernsey,https://www.nationalguard.mil/,1.048972336681160,0.022401791511064
"56","5600","00",Congressional District (at Large),C1,"118",G5200,N,"251458712277","1867503715","+42.9896591","-107.5443922",tl_rd22_56_cd118,Harriet Hageman,Wyoming,Wyoming,R,1531 LHOB,(202) 225-2311,select_subcommittee_on_the_weaponization_of_the_fed_govt|natural_resources|judiciary,"0","0","0","0","1","0","0","0","0","0","0","0","0","1","0","1","0","0","0","0","0","0","0","0","0","0","50586",Department of Defense,Francis E. Warren Air Force Base,https://www.af.mil/,0.006441612671706,0.000001134713049
"56","5600","00",Congressional District (at Large),C1,"118",G5200,N,"251458712277","1867503715","+42.9896591","-107.5443922",tl_rd22_56_cd118,Harriet Hageman,Wyoming,Wyoming,R,1531 LHOB,(202) 225-2311,select_subcommittee_on_the_weaponization_of_the_fed_govt|natural_resources|judiciary,"0","0","0","0","1","0","0","0","0","0","0","0","0","1","0","1","0","0","0","0","0","0","0","0","0","0","50587",Department of Defense,Francis E. Warren Air Force Base,https://www.af.mil/,0.008440538912932,0.000001329646208
"56","5600","00",Congressional District (at Large),C1,"118",G5200,N,"251458712277","1867503715","+42.9896591","-107.5443922",tl_rd22_56_cd118,Harriet Hageman,Wyoming,Wyoming,R,1531 LHOB,(202) 225-2311,select_subcommittee_on_the_weaponization_of_the_fed_govt|natural_resources|judiciary,"0","0","0","0","1","0","0","0","0","0","0","0","0","1","0","1","0","0","0","0","0","0","0","0","0","0","50588",Department of Defense,Francis E. Warren Air Force Base,https://www.af.mil/,0.010328609595719,0.000003379364976
"56","5600","00",Congressional District (at Large),C1,"118",G5200,N,"251458712277","1867503715","+42.9896591","-107.5443922",tl_rd22_56_cd118,Harriet Hageman,Wyoming,Wyoming,R,1531 LHOB,(202) 225-2311,select_subcommittee_on_the_weaponization_of_the_fed_govt|natural_resources|judiciary,"0","0","0","0","1","0","0","0","0","0","0","0","0","1","0","1","0","0","0","0","0","0","0","0","0","0","50589",Department of Defense,Francis E. Warren Air Force Base,https://www.af.mil/,0.266716377453195,0.002547973810604
"56","5600","00",Congressional District (at Large),C1,"118",G5200,N,"251458712277","1867503715","+42.9896591","-107.5443922",tl_rd22_56_cd118,Harriet Hageman,Wyoming,Wyoming,R,1531 LHOB,(202) 225-2311,select_subcommittee_on_the_weaponization_of_the_fed_govt|natural_resources|judiciary,"0","0","0","0","1","0","0","0","0","0","0","0","0","1","0","1","0","0","0","0","0","0","0","0","0","0","51349",Department of Defense,Cheyenne Regional Airport,https://www.ang.af.mil/,0.029669899394365,0.000028892953903
"66","6698","98",Delegate District (at Large),C4,"118",G5200,N,"543555847","934337453","+13.4417451","+144.7719021",tl_rd22_66_cd118,James Moylan,Guam,Guam,R,1628 LHOB,(202) 225-1188,armed_services|natural_resources,"0","0","0","1","1","0","0","0","0","0","0","0","0","0","0","0","0","0","0","0","0","0","0","0","0","0","50187",Department of Defense,NG GUARNG Barrigada Complex,https://www.nationalguard.mil/,0.018534156389140,0.000017306643986
"66","6698","98",Delegate District (at Large),C4,"118",G5200,N,"543555847","934337453","+13.4417451","+144.7719021",tl_rd22_66_cd118,James Moylan,Guam,Guam,R,1628 LHOB,(202) 225-1188,armed_services|natural_resources,"0","0","0","1","1","0","0","0","0","0","0","0","0","0","0","0","0","0","0","0","0","0","0","0","0","0","50893",Department of Defense,Naval Base Guam,https://www.navy.mil/,0.029298189999849,0.000053642978897
"66","6698","98",Delegate District (at Large),C4,"118",G5200,N,"543555847","934337453","+13.4417451","+144.7719021",tl_rd22_66_cd118,James Moylan,Guam,Guam,R,1628 LHOB,(202) 225-1188,armed_services|natural_resources,"0","0","0","1","1","0","0","0","0","0","0","0","0","0","0","0","0","0","0","0","0","0","0","0","0","0","50894",Department of Defense,Naval Base Guam,https://www.navy.mil/,0.008108925854930,0.000002956267587
"66","6698","98",Delegate District (at Large),C4,"118",G5200,N,"543555847","934337453","+13.4417451","+144.7719021",tl_rd22_66_cd118,James Moylan,Guam,Guam,R,1628 LHOB,(202) 225-1188,armed_services|natural_resources,"0","0","0","1","1","0","0","0","0","0","0","0","0","0","0","0","0","0","0","0","0","0","0","0","0","0","50895",Department of Defense,Naval Base Guam,https://www.navy.mil/,0.007103758191869,0.000003458304116
"66","6698","98",Delegate District (at Large),C4,"118",G5200,N,"543555847","934337453","+13.4417451","+144.7719021",tl_rd22_66_cd118,James Moylan,Guam,Guam,R,1628 LHOB,(202) 225-1188,armed_services|natural_resources,"0","0","0","1","1","0","0","0","0","0","0","0","0","0","0","0","0","0","0","0","0","0","0","0","0","0","50896",Department of Defense,Naval Base Guam,https://www.navy.mil/,0.260176615703461,0.002917296720386
"66","6698","98",Delegate District (at Large),C4,"118",G5200,N,"543555847","934337453","+13.4417451","+144.7719021",tl_rd22_66_cd118,James Moylan,Guam,Guam,R,1628 LHOB,(202) 225-1188,armed_services|natural_resources,"0","0","0","1","1","0","0","0","0","0","0","0","0","0","0","0","0","0","0","0","0","0","0","0","0","0","50897",Department of Defense,Naval Base Guam,https://www.navy.mil/,0.028273292890977,0.000023507259176
"66","6698","98",Delegate District (at Large),C4,"118",G5200,N,"543555847","934337453","+13.4417451","+144.7719021",tl_rd22_66_cd118,James Moylan,Guam,Guam,R,1628 LHOB,(202) 225-1188,armed_services|natural_resources,"0","0","0","1","1","0","0","0","0","0","0","0","0","0","0","0","0","0","0","0","0","0","0","0","0","0","50898",Department of Defense,Naval Base Guam,https://www.navy.mil/,0.037092953580995,0.000077873845763
"66","6698","98",Delegate District (at Large),C4,"118",G5200,N,"543555847","934337453","+13.4417451","+144.7719021",tl_rd22_66_cd118,James Moylan,Guam,Guam,R,1628 LHOB,(202) 225-1188,armed_services|natural_resources,"0","0","0","1","1","0","0","0","0","0","0","0","0","0","0","0","0","0","0","0","0","0","0","0","0","0","50899",Department of Defense,Naval Base Guam,https://www.navy.mil/,0.347031948802042,0.001139233385169
"66","6698","98",Delegate District (at Large),C4,"118",G5200,N,"543555847","934337453","+13.4417451","+144.7719021",tl_rd22_66_cd118,James Moylan,Guam,Guam,R,1628 LHOB,(202) 225-1188,armed_services|natural_resources,"0","0","0","1","1","0","0","0","0","0","0","0","0","0","0","0","0","0","0","0","0","0","0","0","0","0","50900",Department of Defense,Naval Base Guam,https://www.navy.mil/,0.071845016853876,0.000142142355793
"66","6698","98",Delegate District (at Large),C4,"118",G5200,N,"543555847","934337453","+13.4417451","+144.7719021",tl_rd22_66_cd118,James Moylan,Guam,Guam,R,1628 LHOB,(202) 225-1188,armed_services|natural_resources,"0","0","0","1","1","0","0","0","0","0","0","0","0","0","0","0","0","0","0","0","0","0","0","0","0","0","50901",Department of Defense,Naval Base Guam,https://www.navy.mil/,0.060585882666112,0.000145962077506
"66","6698","98",Delegate District (at Large),C4,"118",G5200,N,"543555847","934337453","+13.4417451","+144.7719021",tl_rd22_66_cd118,James Moylan,Guam,Guam,R,1628 LHOB,(202) 225-1188,armed_services|natural_resources,"0","0","0","1","1","0","0","0","0","0","0","0","0","0","0","0","0","0","0","0","0","0","0","0","0","0","50902",Department of Defense,Naval Base Guam,https://www.navy.mil/,0.021718572440667,0.000023498167436
"66","6698","98",Delegate District (at Large),C4,"118",G5200,N,"543555847","934337453","+13.4417451","+144.7719021",tl_rd22_66_cd118,James Moylan,Guam,Guam,R,1628 LHOB,(202) 225-1188,armed_services|natural_resources,"0","0","0","1","1","0","0","0","0","0","0","0","0","0","0","0","0","0","0","0","0","0","0","0","0","0","50903",Department of Defense,Naval Base Guam,https://www.navy.mil/,0.005938879592546,0.000002006678582
"66","6698","98",Delegate District (at Large),C4,"118",G5200,N,"543555847","934337453","+13.4417451","+144.7719021",tl_rd22_66_cd118,James Moylan,Guam,Guam,R,1628 LHOB,(202) 225-1188,armed_services|natural_resources,"0","0","0","1","1","0","0","0","0","0","0","0","0","0","0","0","0","0","0","0","0","0","0","0","0","0","50904",Department of Defense,Naval Base Guam,https://www.navy.mil/,0.033394300364016,0.000041547108607
"66","6698","98",Delegate District (at Large),C4,"118",G5200,N,"543555847","934337453","+13.4417451","+144.7719021",tl_rd22_66_cd118,James Moylan,Guam,Guam,R,1628 LHOB,(202) 225-1188,armed_services|natural_resources,"0","0","0","1","1","0","0","0","0","0","0","0","0","0","0","0","0","0","0","0","0","0","0","0","0","0","50905",Department of Defense,Naval Base Guam,https://www.navy.mil/,0.135315031789134,0.000461350696288
"66","6698","98",Delegate District (at Large),C4,"118",G5200,N,"543555847","934337453","+13.4417451","+144.7719021",tl_rd22_66_cd118,James Moylan,Guam,Guam,R,1628 LHOB,(202) 225-1188,armed_services|natural_resources,"0","0","0","1","1","0","0","0","0","0","0","0","0","0","0","0","0","0","0","0","0","0","0","0","0","0","50906",Department of Defense,Naval Base Guam,https://www.navy.mil/,0.003016313217508,0.000000546629173
"66","6698","98",Delegate District (at Large),C4,"118",G5200,N,"543555847","934337453","+13.4417451","+144.7719021",tl_rd22_66_cd118,James Moylan,Guam,Guam,R,1628 LHOB,(202) 225-1188,armed_services|natural_resources,"0","0","0","1","1","0","0","0","0","0","0","0","0","0","0","0","0","0","0","0","0","0","0","0","0","0","50907",Department of Defense,Naval Base Guam,https://www.navy.mil/,0.005474783628669,0.000001199835551
"66","6698","98",Delegate District (at Large),C4,"118",G5200,N,"543555847","934337453","+13.4417451","+144.7719021",tl_rd22_66_cd118,James Moylan,Guam,Guam,R,1628 LHOB,(202) 225-1188,armed_services|natural_resources,"0","0","0","1","1","0","0","0","0","0","0","0","0","0","0","0","0","0","0","0","0","0","0","0","0","0","50908",Department of Defense,Naval Base Guam,https://www.navy.mil/,0.007891307299599,0.000002542711196
"66","6698","98",Delegate District (at Large),C4,"118",G5200,N,"543555847","934337453","+13.4417451","+144.7719021",tl_rd22_66_cd118,James Moylan,Guam,Guam,R,1628 LHOB,(202) 225-1188,armed_services|natural_resources,"0","0","0","1","1","0","0","0","0","0","0","0","0","0","0","0","0","0","0","0","0","0","0","0","0","0","50909",Department of Defense,Naval Base Guam,https://www.navy.mil/,0.015033517410166,0.000008156264650
"66","6698","98",Delegate District (at Large),C4,"118",G5200,N,"543555847","934337453","+13.4417451","+144.7719021",tl_rd22_66_cd118,James Moylan,Guam,Guam,R,1628 LHOB,(202) 225-1188,armed_services|natural_resources,"0","0","0","1","1","0","0","0","0","0","0","0","0","0","0","0","0","0","0","0","0","0","0","0","0","0","50910",Department of Defense,Naval Base Guam,https://www.navy.mil/,0.004352109291339,0.000001171764008
"66","6698","98",Delegate District (at Large),C4,"118",G5200,N,"543555847","934337453","+13.4417451","+144.7719021",tl_rd22_66_cd118,James Moylan,Guam,Guam,R,1628 LHOB,(202) 225-1188,armed_services|natural_resources,"0","0","0","1","1","0","0","0","0","0","0","0","0","0","0","0","0","0","0","0","0","0","0","0","0","0","50911",Department of Defense,Naval Base Guam,https://www.navy.mil/,0.008783317212075,0.000003240841421
"66","6698","98",Delegate District (at Large),C4,"118",G5200,N,"543555847","934337453","+13.4417451","+144.7719021",tl_rd22_66_cd118,James Moylan,Guam,Guam,R,1628 LHOB,(202) 225-1188,armed_services|natural_resources,"0","0","0","1","1","0","0","0","0","0","0","0","0","0","0","0","0","0","0","0","0","0","0","0","0","0","50912",Department of Defense,Naval Base Guam,https://www.navy.mil/,0.013409522976028,0.000009804509396
"66","6698","98",Delegate District (at Large),C4,"118",G5200,N,"543555847","934337453","+13.4417451","+144.7719021",tl_rd22_66_cd118,James Moylan,Guam,Guam,R,1628 LHOB,(202) 225-1188,armed_services|natural_resources,"0","0","0","1","1","0","0","0","0","0","0","0","0","0","0","0","0","0","0","0","0","0","0","0","0","0","50913",Department of Defense,Naval Base Guam,https://www.navy.mil/,0.047897919224046,0.000097820823673
"66","6698","98",Delegate District (at Large),C4,"118",G5200,N,"543555847","934337453","+13.4417451","+144.7719021",tl_rd22_66_cd118,James Moylan,Guam,Guam,R,1628 LHOB,(202) 225-1188,armed_services|natural_resources,"0","0","0","1","1","0","0","0","0","0","0","0","0","0","0","0","0","0","0","0","0","0","0","0","0","0","50914",Department of Defense,Naval Base Guam,https://www.navy.mil/,0.010285702083304,0.000006542259903
"66","6698","98",Delegate District (at Large),C4,"118",G5200,N,"543555847","934337453","+13.4417451","+144.7719021",tl_rd22_66_cd118,James Moylan,Guam,Guam,R,1628 LHOB,(202) 225-1188,armed_services|natural_resources,"0","0","0","1","1","0","0","0","0","0","0","0","0","0","0","0","0","0","0","0","0","0","0","0","0","0","50915",Department of Defense,Naval Base Guam,https://www.navy.mil/,0.145584405598722,0.000814881888064
"66","6698","98",Delegate District (at Large),C4,"118",G5200,N,"543555847","934337453","+13.4417451","+144.7719021",tl_rd22_66_cd118,James Moylan,Guam,Guam,R,1628 LHOB,(202) 225-1188,armed_services|natural_resources,"0","0","0","1","1","0","0","0","0","0","0","0","0","0","0","0","0","0","0","0","0","0","0","0","0","0","51152",Department of Defense,Andersen Air Force Base,https://www.navy.mil/,0.125278257210172,0.000680294396799
"66","6698","98",Delegate District (at Large),C4,"118",G5200,N,"543555847","934337453","+13.4417451","+144.7719021",tl_rd22_66_cd118,James Moylan,Guam,Guam,R,1628 LHOB,(202) 225-1188,armed_services|natural_resources,"0","0","0","1","1","0","0","0","0","0","0","0","0","0","0","0","0","0","0","0","0","0","0","0","0","0","51153",Department of Defense,Andersen Air Force Base,https://www.navy.mil/,0.015910006705886,0.000015517724276
"66","6698","98",Delegate District (at Large),C4,"118",G5200,N,"543555847","934337453","+13.4417451","+144.7719021",tl_rd22_66_cd118,James Moylan,Guam,Guam,R,1628 LHOB,(202) 225-1188,armed_services|natural_resources,"0","0","0","1","1","0","0","0","0","0","0","0","0","0","0","0","0","0","0","0","0","0","0","0","0","0","51154",Department of Defense,Andersen Air Force Base,https://www.navy.mil/,0.380005983792390,0.005318850889718
"72","7298","98",Resident Commissioner District (at Large),C3,"118",G5200,N,"8868948653","4922329963","+18.2176480","-066.4107992",tl_rd22_72_cd118,Jenniffer Gonzalez-Colon,Puerto Rico,Puerto rico,R,2338 RHOB,(202) 225-2615,natural_resources|transportation_and_infrastructure,"0","0","0","0","1","0","0","0","0","0","0","1","0","0","0","0","0","0","0","0","0","0","0","0","0","0","50079",Department of Defense,Fort Buchanan,https://www.usar.army.mil/,0.103250632548934,0.000258543077449
"72","7298","98",Resident Commissioner District (at Large),C3,"118",G5200,N,"8868948653","4922329963","+18.2176480","-066.4107992",tl_rd22_72_cd118,Jenniffer Gonzalez-Colon,Puerto Rico,Puerto rico,R,2338 RHOB,(202) 225-2615,natural_resources|transportation_and_infrastructure,"0","0","0","0","1","0","0","0","0","0","0","1","0","0","0","0","0","0","0","0","0","0","0","0","0","0","50174",Department of Defense,NG Ft Allen Rq 177,https://www.nationalguard.mil/,0.129485830254120,0.000258177055315
"72","7298","98",Resident Commissioner District (at Large),C3,"118",G5200,N,"8868948653","4922329963","+18.2176480","-066.4107992",tl_rd22_72_cd118,Jenniffer Gonzalez-Colon,Puerto Rico,Puerto rico,R,2338 RHOB,(202) 225-2615,natural_resources|transportation_and_infrastructure,"0","0","0","0","1","0","0","0","0","0","0","1","0","0","0","0","0","0","0","0","0","0","0","0","0","0","50281",Department of Defense,NG MTA Camp Santiago,https://www.nationalguard.mil/,0.320466726475056,0.004367804296907
"72","7298","98",Resident Commissioner District (at Large),C3,"118",G5200,N,"8868948653","4922329963","+18.2176480","-066.4107992",tl_rd22_72_cd118,Jenniffer Gonzalez-Colon,Puerto Rico,Puerto rico,R,2338 RHOB,(202) 225-2615,natural_resources|transportation_and_infrastructure,"0","0","0","0","1","0","0","0","0","0","0","1","0","0","0","0","0","0","0","0","0","0","0","0","0","0","50613",Department of Defense,Homestead ARB,https://www.afrc.af.mil/,0.048232025139651,0.000085690744187
"72","7298","98",Resident Commissioner District (at Large),C3,"118",G5200,N,"8868948653","4922329963","+18.2176480","-066.4107992",tl_rd22_72_cd118,Jenniffer Gonzalez-Colon,Puerto Rico,Puerto rico,R,2338 RHOB,(202) 225-2615,natural_resources|transportation_and_infrastructure,"0","0","0","0","1","0","0","0","0","0","0","1","0","0","0","0","0","0","0","0","0","0","0","0","0","0","50618",Department of Defense,Isabela Puerto Rico,https://www.af.mil/,0.051851782102233,0.000143449485464
"72","7298","98",Resident Commissioner District (at Large),C3,"118",G5200,N,"8868948653","4922329963","+18.2176480","-066.4107992",tl_rd22_72_cd118,Jenniffer Gonzalez-Colon,Puerto Rico,Puerto rico,R,2338 RHOB,(202) 225-2615,natural_resources|transportation_and_infrastructure,"0","0","0","0","1","0","0","0","0","0","0","1","0","0","0","0","0","0","0","0","0","0","0","0","0","0","50746",Department of Defense,Luis Munoz Marin IAP,https://www.ang.af.mil/,0.027804479773365,0.000033007891205
"72","7298","98",Resident Commissioner District (at Large),C3,"118",G5200,N,"8868948653","4922329963","+18.2176480","-066.4107992",tl_rd22_72_cd118,Jenniffer Gonzalez-Colon,Puerto Rico,Puerto rico,R,2338 RHOB,(202) 225-2615,natural_resources|transportation_and_infrastructure,"0","0","0","0","1","0","0","0","0","0","0","1","0","0","0","0","0","0","0","0","0","0","0","0","0","0","51059",Department of Defense,Vieques West PR,https://www.navy.mil/,0.025841165311067,0.000029863276697
"72","7298","98",Resident Commissioner District (at Large),C3,"118",G5200,N,"8868948653","4922329963","+18.2176480","-066.4107992",tl_rd22_72_cd118,Jenniffer Gonzalez-Colon,Puerto Rico,Puerto rico,R,2338 RHOB,(202) 225-2615,natural_resources|transportation_and_infrastructure,"0","0","0","0","1","0","0","0","0","0","0","1","0","0","0","0","0","0","0","0","0","0","0","0","0","0","51061",Department of Defense,Pico Del Este - AFWTF,https://www.navy.mil/,0.005359184564022,0.000000750167479
"72","7298","98",Resident Commissioner District (at Large),C3,"118",G5200,N,"8868948653","4922329963","+18.2176480","-066.4107992",tl_rd22_72_cd118,Jenniffer Gonzalez-Colon,Puerto Rico,Puerto rico,R,2338 RHOB,(202) 225-2615,natural_resources|transportation_and_infrastructure,"0","0","0","0","1","0","0","0","0","0","0","1","0","0","0","0","0","0","0","0","0","0","0","0","0","0","51062",Department of Defense,NSGA Sabana Seca PR,https://www.navy.mil/,0.002969847830550,0.000000460733968
"72","7298","98",Resident Commissioner District (at Large),C3,"118",G5200,N,"8868948653","4922329963","+18.2176480","-066.4107992",tl_rd22_72_cd118,Jenniffer Gonzalez-Colon,Puerto Rico,Puerto rico,R,2338 RHOB,(202) 225-2615,natural_resources|transportation_and_infrastructure,"0","0","0","0","1","0","0","0","0","0","0","1","0","0","0","0","0","0","0","0","0","0","0","0","0","0","51076",Department of Defense,Pineros Island,https://www.navy.mil/,0.067391372605141,0.000112788261964
"72","7298","98",Resident Commissioner District (at Large),C3,"118",G5200,N,"8868948653","4922329963","+18.2176480","-066.4107992",tl_rd22_72_cd118,Jenniffer Gonzalez-Colon,Puerto Rico,Puerto rico,R,2338 RHOB,(202) 225-2615,natural_resources|transportation_and_infrastructure,"0","0","0","0","1","0","0","0","0","0","0","1","0","0","0","0","0","0","0","0","0","0","0","0","0","0","51077",Department of Defense,Cabeza De Perro,https://www.navy.mil/,0.018812904939810,0.000009780473044
"72","7298","98",Resident Commissioner District (at Large),C3,"118",G5200,N,"8868948653","4922329963","+18.2176480","-066.4107992",tl_rd22_72_cd118,Jenniffer Gonzalez-Colon,Puerto Rico,Puerto rico,R,2338 RHOB,(202) 225-2615,natural_resources|transportation_and_infrastructure,"0","0","0","0","1","0","0","0","0","0","0","1","0","0","0","0","0","0","0","0","0","0","0","0","0","0","51279",Department of Defense,Ramey AF Solar Observatory Research Site,https://www.af.mil/,0.004472456817704,0.000000980791521
